YearMonth,Index,Region,Region_encoded,Close_month_end,stock_ret,stock_ret_lag1,stock_ret_lag2,stock_ret_lag3,Stock_vol12,GPRD,GPRD_ACT,GPRD_THREAT,gprd_ret,gprd_act_ret,gprd_threat_ret,gprd_ret_lead1,gprd_ret_lead2,gprd_ret_lead3,GPR_zscore,GPR_spike,Crisis_dummy,target_gpr_up_lead1
2001-01,000001.SS,China_HK,1,2065.605957,-0.37960844544691064,0.13831720117774005,5.574199529423596,2.6765270417300924,4.178811263131766,47.34544200281943,39.250703688590754,53.58126591097924,2.8989908486964033,-11.863157433402927,14.962542983127358,18.989927506775352,9.558998400811113,-20.567427445911946,-1.1276709843340298,0,0,1
2001-02,000001.SS,China_HK,1,1959.180054,-5.152284860495316,-0.37960844544691064,0.13831720117774005,5.574199529423596,3.632439118348529,56.336307116917204,45.95857455049242,65.78157465798515,18.989927506775352,17.089810453134604,22.769728448140224,9.558998400811113,-20.567427445911946,22.282612275385794,-0.5528914270022299,0,0,1
2001-03,000001.SS,China_HK,1,2112.774902,7.839751516784288,-5.152284860495316,-0.37960844544691064,0.13831720117774005,3.980319674231652,61.72149381329936,57.44915543833086,65.804611175291,9.558998400811113,25.002039336999694,0.035019710953454464,-20.567427445911946,22.282612275385794,18.33193624265337,-0.16449345719586606,0,0,0
2001-04,000001.SS,China_HK,1,2119.184082,0.30335366034182076,7.839751516784288,-5.152284860495316,-0.37960844544691064,3.987706906853758,49.026970354715985,47.12476806640625,50.69535102844238,-20.567427445911946,-17.97134752138766,-22.96079237760469,22.282612275385794,18.33193624265337,-15.444990282835402,-0.9863278333381387,0,0,1
2001-05,000001.SS,China_HK,1,2214.25708,4.4863020068683035,0.30335366034182076,7.839751516784288,-5.152284860495316,4.061980363783851,59.95146006922568,56.56440058062154,60.64858498111848,22.282612275385794,20.031149014703598,19.633425453730236,18.33193624265337,-15.444990282835402,6.919856867837648,-0.08072137279815189,0,0,1
2001-06,000001.SS,China_HK,1,2218.029053,0.17034937063407085,4.4863020068683035,0.30335366034182076,7.839751516784288,4.0743489039766585,70.94172350565593,62.602798779805504,78.85646438598633,18.33193624265337,10.675262421595733,30.02193606089316,-15.444990282835402,6.919856867837648,636.705984061322,0.8917469952324577,0,0,0
2001-07,000001.SS,China_HK,1,1920.317993,-13.422324635348238,0.17034937063407085,4.4863020068683035,0.30335366034182076,5.689367435669296,59.984781203731416,53.3461978666244,62.87733785567745,-15.444990282835402,-14.786241340007166,-20.26355943641387,6.919856867837648,636.705984061322,6.680150322070344,-0.040735325784857314,0,0,1
2001-08,000001.SS,China_HK,1,1834.137939,-4.4878012034541115,-13.422324635348238,0.17034937063407085,4.4863020068683035,5.816377992698692,64.13564220551521,73.31873946036062,56.88255968401509,6.919856867837648,37.43948471017813,-9.534083942011339,636.705984061322,6.680150322070344,-41.24090377218973,0.3121450090099885,0,1,1
2001-09,000001.SS,China_HK,1,1764.866943,-3.7767604348104555,-4.4878012034541115,-13.422324635348238,0.17034937063407085,5.7063556774016195,472.49111404418943,791.8359584172566,249.4176373163859,636.705984061322,979.9912331353685,338.47822373309316,6.680150322070344,-41.24090377218973,-21.93115492388762,4.651889065398863,1,1,1
2001-10,000001.SS,China_HK,1,1689.170044,-4.289099487088077,-3.7767604348104555,-4.4878012034541115,-13.422324635348238,5.707859523225047,504.05423072076616,840.6995652721774,257.8192534908172,6.680150322070344,6.170925472062505,3.368493208751655,-41.24090377218973,-21.93115492388762,-26.483715938044828,3.36038803354654,0,1,0
2001-11,000001.SS,China_HK,1,1747.993042,3.4823609505118647,-4.289099487088077,-3.7767604348104555,-4.4878012034541115,5.514740306474533,296.1777104695638,494.21396484375,141.4245381673177,-41.24090377218973,-41.21396212644078,-45.14585848323587,-21.93115492388762,-26.483715938044828,-15.629290096238414,1.4919838256736058,0,1,0
2001-12,000001.SS,China_HK,1,1645.970947,-5.836527523202806,3.4823609505118647,-4.289099487088077,-3.7767604348104555,5.645455147074114,231.22251793646043,376.6929409888483,121.45619632351783,-21.93115492388762,-23.77938144505022,-14.119432244619079,-26.483715938044828,-15.629290096238414,4.7790402345696315,0.9207024060052467,0,1,0
2002-01,000001.SS,China_HK,1,1491.665039,-9.37476498484029,-5.836527523202806,3.4823609505118647,-4.289099487088077,6.030270233252163,169.9862031013735,259.16573752126385,104.05673919185516,-26.483715938044828,-31.199736092496554,-14.325705611030715,-15.629290096238414,4.7790402345696315,2.5704229747520735,0.4178106412301901,0,1,0
2002-02,000001.SS,China_HK,1,1524.70105,2.2147070646736378,-9.37476498484029,-5.836527523202806,3.4823609505118647,6.11070161926829,143.41856629507882,209.38243239266532,93.08014828818185,-15.629290096238414,-19.20906119950132,-10.548659307337282,4.7790402345696315,2.5704229747520735,3.2632959591828437,0.1896965876609148,0,1,1
2002-03,000001.SS,China_HK,1,1603.905029,5.19472187679022,2.2147070646736378,-9.37476498484029,-5.836527523202806,5.76576899412561,150.27259728216356,217.83082137569303,97.68620583318895,4.7790402345696315,4.034908223429179,4.948485396420366,2.5704229747520735,3.2632959591828437,-7.141906512616192,0.2115393086592408,0,1,1
2002-04,000001.SS,China_HK,1,1667.749023,3.9805345606906295,5.19472187679022,2.2147070646736378,-9.37476498484029,5.998772848751559,154.13523864746094,219.28201649983723,99.5971280415853,2.5704229747520735,0.6662028426368982,1.9561842863049517,3.2632959591828437,-7.141906512616192,-19.228603110713394,0.20906450846680694,0,1,1
2002-05,000001.SS,China_HK,1,1515.733032,-9.115040027218768,3.9805345606906295,5.19472187679022,2.2147070646736378,5.986968496935391,159.16512766192037,205.2949966922883,137.87667772846837,3.2632959591828437,-6.378553075536553,38.434391070895146,-7.141906512616192,-19.228603110713394,6.386640324555559,0.22283561106419553,0,1,0
2002-06,000001.SS,China_HK,1,1732.755005,14.31795497084607,-9.115040027218768,3.9805345606906295,5.19472187679022,7.779441947565291,147.7977030436198,185.49468332926432,127.91307754516602,-7.141906512616192,-9.644810483473298,-7.2264579822009285,-19.228603110713394,6.386640324555559,34.05336231874485,0.10795986852254974,0,1,0
2002-07,000001.SS,China_HK,1,1651.593994,-4.683928816584193,14.31795497084607,-9.115040027218768,3.9805345606906295,6.95362259822539,119.37826931861139,161.98243344214654,92.84361993112871,-19.228603110713394,-12.675430618883077,-27.416631893368603,6.386640324555559,34.05336231874485,-1.1482428597716532,-0.13781889802288977,0,0,1
2002-08,000001.SS,China_HK,1,1666.618042,0.9096695710071767,-4.683928816584193,14.31795497084607,-9.115040027218768,6.8839207728346095,127.00253000567037,157.38569099672378,101.13534890451739,6.386640324555559,-2.8378030553939837,8.930854892925822,34.05336231874485,-1.1482428597716532,-7.277545082473935,-0.10494483165416127,0,0,1
2002-09,000001.SS,China_HK,1,1581.618042,-5.100148795821092,0.9096695710071767,-4.683928816584193,14.31795497084607,6.950048866417967,170.25116170247395,185.25534108479818,167.88976720174153,34.05336231874485,17.707867793810127,66.00503090195247,-1.1482428597716532,-7.277545082473935,12.179669045440855,0.20325984695605837,0,0,0
2002-10,000001.SS,China_HK,1,1507.495972,-4.686470945050091,-5.100148795821092,0.9096695710071767,-4.683928816584193,6.969666618164514,168.296264894547,195.84739069784843,161.10799457180886,-1.1482428597716532,5.717540747287764,-4.039419878272565,-7.277545082473935,12.179669045440855,17.26225132075463,0.15715499103937208,0,0,0
2002-11,000001.SS,China_HK,1,1434.182007,-4.863294254958039,-4.686470945050091,-5.100148795821092,0.9096695710071767,6.92795704833318,156.04842834472657,175.04123814900717,151.88629328409831,-7.277545082473935,-10.623655732508986,-5.723925316195444,12.179669045440855,17.26225132075463,15.061801848864963,0.020633136554032164,0,0,1
2002-12,000001.SS,China_HK,1,1357.654053,-5.336000146876763,-4.863294254958039,-4.686470945050091,-5.100148795821092,6.900402872413184,175.05461046772618,174.67416357224988,183.75799191382623,12.179669045440855,-0.20970748415570784,20.983920234403875,17.26225132075463,15.061801848864963,47.86395462919402,0.13548947851311843,0,0,1
2003-01,000001.SS,China_HK,1,1499.814941,10.471068655956062,-5.336000146876763,-4.863294254958039,-4.686470945050091,7.182187268673698,205.2729772752331,176.48827115951045,244.28261073943108,17.26225132075463,1.0385666375383629,32.93713552006381,15.061801848864963,47.86395462919402,-27.597525181866878,0.3400154865225365,0,0,1
2003-02,000001.SS,China_HK,1,1511.932007,0.8079040732799303,10.471068655956062,-5.336000146876763,-4.863294254958039,7.159097436110971,236.19078636169434,210.63462039402552,291.2838772365025,15.061801848864963,19.34765920147381,19.240528973716554,47.86395462919402,-27.597525181866878,-36.85013674083216,0.547533154274486,0,0,1
2003-03,000001.SS,China_HK,1,1510.578003,-0.08955455627178699,0.8079040732799303,10.471068655956062,-5.336000146876763,6.9814432164744735,349.2410371841923,413.45056693784653,352.7903245495212,47.86395462919402,96.28803952760548,21.115637396943754,-27.597525181866878,-36.85013674083216,-8.741552754206271,1.3891505960157058,1,0,0
2003-04,000001.SS,China_HK,1,1521.44397,0.7193251178304161,-0.08955455627178699,0.8079040732799303,10.471068655956062,6.862887061373037,252.85915400187176,326.76046600341795,210.79934641520182,-27.597525181866878,-20.967464520966683,-40.2479796790425,-36.85013674083216,-8.741552754206271,-8.073495492440319,0.5148805034165131,0,0,0
2003-05,000001.SS,China_HK,1,1576.260986,3.6029598907937332,0.7193251178304161,-0.08955455627178699,0.8079040732799303,6.3860817975124275,159.68020999047064,183.58484895767705,150.55725589875252,-36.85013674083216,-43.81668896391011,-28.577930406763798,-8.741552754206271,-8.073495492440319,2.5679680059377485,-0.33859645096062396,0,0,0
2003-06,000001.SS,China_HK,1,1486.024048,-5.724746016139736,3.6029598907937332,0.7193251178304161,-0.08955455627178699,4.891275348155362,145.7216801961263,176.93343124389648,127.7050184249878,-8.741552754206271,-3.623075516059593,-15.178436494042181,-8.073495492440319,2.5679680059377485,-13.59457280674885,-0.5029181585692353,0,0,0
2003-07,000001.SS,China_HK,1,1476.741943,-0.6246268364561436,-5.724746016139736,3.6029598907937332,0.7193251178304161,4.764468036432451,133.95684691398375,166.529414761451,106.6518937387774,-8.073495492440319,-5.880186920754349,-16.485745780285622,2.5679680059377485,-13.59457280674885,-9.404549940243411,-0.6575022098566479,0,0,1
2003-08,000001.SS,China_HK,1,1421.983032,-3.7080893692744477,-0.6246268364561436,-5.724746016139736,3.6029598907937332,4.7978892574128595,137.39681588449787,179.2770211004442,108.98332251271894,2.5679680059377485,7.654867674430843,2.186017230647508,-13.59457280674885,-9.404549940243411,9.037235190035675,-0.6740441743414888,0,0,0
2003-09,000001.SS,China_HK,1,1367.161011,-3.8553217419826535,-3.7080893692744477,-0.6246268364561436,-5.724746016139736,4.71896476549857,118.71830571492514,145.99144999186197,97.7679594039917,-13.59457280674885,-18.56655744515813,-10.290898506437395,-9.404549940243411,9.037235190035675,12.52368017722989,-0.8383518008892655,0,0,0
2003-10,000001.SS,China_HK,1,1348.302979,-1.3793570653544474,-3.8553217419826535,-3.7080893692744477,-0.6246268364561436,4.585616158233827,107.55338336575416,129.5931615521831,91.48407450029927,-9.404549940243411,-11.232362196959455,-6.4273458728196236,9.037235190035675,12.52368017722989,-13.501723875035932,-1.156165429144045,0,0,1
2003-11,000001.SS,China_HK,1,1397.224976,3.628412735265485,-1.3793570653544474,-3.8553217419826535,-3.7080893692744477,4.562051459803946,117.27323557535807,152.34808400472005,93.18425509134929,9.037235190035675,17.55873703519013,1.85844432524096,12.52368017722989,-13.501723875035932,0.6077524070589702,-0.9411455660729602,0,0,1
2003-12,000001.SS,China_HK,1,1497.043945,7.144087080790906,3.628412735265485,-1.3793570653544474,-3.8553217419826535,4.686695522522843,131.9601605323053,166.63024114793348,112.74830061389554,12.52368017722989,9.374687733369157,20.995011982837084,-13.501723875035932,0.6077524070589702,19.33554692769983,-0.607084009889599,0,0,0
2004-01,000001.SS,China_HK,1,1590.729004,6.25800326790007,7.144087080790906,3.628412735265485,-1.3793570653544474,4.015592445130231,114.1432640321793,127.11111671693864,107.96992640341482,-13.501723875035932,-23.716658008020264,-4.238089784469723,0.6077524070589702,19.33554692769983,8.529074870679644,-0.8844800294625489,0,0,1
2004-02,000001.SS,China_HK,1,1675.067017,5.301846687143197,6.25800326790007,7.144087080790906,3.628412735265485,4.243404671011449,114.83697246683055,130.29377562424233,103.49829351490942,0.6077524070589702,2.503839939028385,-4.141554076639597,19.33554692769983,8.529074870679644,-18.08536449217786,-0.8379888001533916,0,0,1
2004-03,000001.SS,China_HK,1,1741.623047,3.9733353546176353,5.301846687143197,6.25800326790007,7.144087080790906,4.3153178297347194,137.0413291685043,182.14090384206463,107.18084593742124,19.33554692769983,39.792482771660254,3.558080329103519,8.529074870679644,-18.08536449217786,12.444061856436273,-0.41912189126732874,0,0,1
2004-04,000001.SS,China_HK,1,1595.587036,-8.385052738682564,3.9733353546176353,5.301846687143197,6.25800326790007,5.1433662862488205,148.72968673706055,203.51488087972004,120.71956570943196,8.529074870679644,11.734858335933641,12.631659746290346,-18.08536449217786,12.444061856436273,-4.812826861738328,-0.20109534769664494,0,0,0
2004-05,000001.SS,China_HK,1,1555.906006,-2.486923565102217,-8.385052738682564,3.9733353546176353,5.301846687143197,5.111787611290649,121.83138078258884,160.97313985516948,91.7239502937563,-18.08536449217786,-20.903503881710396,-24.018985858073037,12.444061856436273,-4.812826861738328,7.326084232038577,-0.6577450373351099,0,0,1
2004-06,000001.SS,China_HK,1,1399.161987,-10.074131624632344,-2.486923565102217,-8.385052738682564,3.9733353546176353,5.678313626175152,136.9921531677246,177.06919593811034,107.51701380411784,12.444061856436273,9.9992185636826,17.21803679386078,-4.812826861738328,7.326084232038577,9.302013958189859,-0.37433464268107997,0,0,0
2004-07,000001.SS,China_HK,1,1386.202026,-0.9262659449309374,-10.074131624632344,-2.486923565102217,-8.385052738682564,5.680304003895996,130.39895802159464,159.34060545890563,120.38267381729618,-4.812826861738328,-10.012238653526872,11.96616196634508,7.326084232038577,9.302013958189859,-22.82005024743897,-0.5042698226408638,0,0,1
2004-08,000001.SS,China_HK,1,1342.062012,-3.18424105376397,-0.9262659449309374,-10.074131624632344,-2.486923565102217,5.654320130142879,139.9520955239573,177.53836158014113,126.08562567926222,7.326084232038577,11.420664600103292,4.737352711255904,9.302013958189859,-22.82005024743897,5.420373167086323,-0.3422804943272867,0,0,1
2004-09,000001.SS,China_HK,1,1396.699951,4.071193321281497,-3.18424105376397,-0.9262659449309374,-10.074131624632344,5.668295675326078,152.970458984375,188.2974100748698,129.69852345784506,9.302013958189859,6.060126047672232,2.8654319309747045,-22.82005024743897,5.420373167086323,-13.892755620942731,-0.09186768304555457,0,0,0
2004-10,000001.SS,China_HK,1,1320.536011,-5.453135438679491,4.071193321281497,-3.18424105376397,-0.9262659449309374,5.897242437904784,118.0625233804026,147.26095236501385,96.84527255642799,-22.82005024743897,-21.793426523253423,-25.33047410681982,5.420373167086323,-13.892755620942731,-7.26291042543833,-0.6838368102148895,0,0,1
2004-11,000001.SS,China_HK,1,1340.770996,1.532331176995072,-5.453135438679491,4.071193321281497,-3.18424105376397,5.810040398254862,124.46195271809896,154.47430343627929,99.13031984965006,5.420373167086323,4.898346068946902,2.3594825363217,-13.892755620942731,-7.26291042543833,10.283956104618763,-0.5408137756069878,0,0,0
2004-12,000001.SS,China_HK,1,1266.495972,-5.53972484649422,1.532331176995072,-5.453135438679491,4.071193321281497,5.50086197112983,107.17075778592017,141.9146915558846,79.30897829609532,-13.892755620942731,-8.130550907824963,-19.995236153396423,-7.26291042543833,10.283956104618763,-17.45270714392596,-0.7913484165691447,0,0,0
2005-01,000001.SS,China_HK,1,1191.822998,-5.896029332180131,-5.53972484649422,1.532331176995072,-5.453135438679491,5.0984529603736926,99.38704164566532,126.41269216229838,77.36354717131584,-7.26291042543833,-10.923463401589872,-2.4529771616982887,10.283956104618763,-17.45270714392596,-3.9145466707558807,-0.8546164799301317,0,0,1
2005-02,000001.SS,China_HK,1,1306.003052,9.580286182730635,-5.896029332180131,-5.53972484649422,1.532331176995072,5.7791470175370385,109.60796138218471,108.7996129989624,105.78578090667725,10.283956104618763,-13.932999022537196,36.73853484564569,-17.45270714392596,-3.9145466707558807,13.63922143399825,-0.6093248456395398,0,0,0
2005-03,000001.SS,China_HK,1,1181.235962,-9.553353631825978,9.580286182730635,-5.896029332180131,-5.53972484649422,5.848390081037365,90.47840487572455,87.14632021996283,87.85526915519468,-17.45270714392596,-19.901994301400748,-16.94983162935727,-3.9145466707558807,13.63922143399825,-17.244799928592734,-1.3114835862782213,0,0,0
2005-04,000001.SS,China_HK,1,1159.145996,-1.8700722557242977,-9.553353631825978,9.580286182730635,-5.896029332180131,5.6029479481355775,86.93658548990885,102.42798690795898,72.97031523386637,-3.9145466707558807,17.535641951862413,-16.942585304740586,13.63922143399825,-17.244799928592734,101.53634744222848,-1.9681854593802057,0,0,1
2005-05,000001.SS,China_HK,1,1060.738037,-8.489694942620485,-1.8700722557242977,-9.553353631825978,9.580286182730635,5.865126602025011,98.79405889203471,105.33132522336898,90.99365062098349,13.63922143399825,2.834516622902017,24.69954436862878,-17.244799928592734,101.53634744222848,-29.06039521641346,-1.26982662995963,0,0,0
2005-06,000001.SS,China_HK,1,1080.937988,1.9043298435049705,-8.489694942620485,-1.8700722557242977,-9.553353631825978,5.560046979471145,81.75722109476725,95.1893081665039,69.31578687032064,-17.244799928592734,-9.628680770281385,-23.82349054326638,101.53634744222848,-29.06039521641346,-11.224524686306193,-1.9527645530909168,0,0,1
2005-07,000001.SS,China_HK,1,1083.032959,0.19381047046707067,1.9043298435049705,-8.489694942620485,-1.8700722557242977,5.588770504756058,164.77051716466104,237.00151295815743,116.65942007495511,101.53634744222848,148.97913171466425,68.30137165319535,-29.06039521641346,-11.224524686306193,-15.755245474037638,2.096672493283496,1,0,0
2005-08,000001.SS,China_HK,1,1162.797974,7.364966535612161,0.19381047046707067,1.9043298435049705,-8.489694942620485,6.166818607312715,116.88755367648217,143.29871208437027,94.36514368364888,-29.06039521641346,-39.53679438760814,-19.11056679090457,-11.224524686306193,-15.755245474037638,-6.115837148029257,-0.13086161533737817,0,0,0
2005-09,000001.SS,China_HK,1,1155.614014,-0.6178166939255547,7.364966535612161,0.19381047046707067,1.9043298435049705,5.960489543026085,103.76748135884603,130.99529851277669,78.09897527694702,-11.224524686306193,-8.585850767695435,-17.237475376748023,-15.755245474037638,-6.115837148029257,16.183129415888263,-0.7222024783719024,0,0,0
2005-10,000001.SS,China_HK,1,1092.817017,-5.434080604702663,-0.6178166939255547,7.364966535612161,0.19381047046707067,5.959315097649697,87.41865994853359,105.815919445407,73.7711932274603,-15.755245474037638,-19.221589899208325,-5.541406957184714,-6.115837148029257,16.183129415888263,-1.7312131574054201,-1.4009850531265875,0,0,0
2005-11,000001.SS,China_HK,1,1099.260986,0.5896658726718851,-5.434080604702663,-0.6178166939255547,7.364966535612161,5.923221007177973,82.0722770690918,93.67955487569174,70.19666430155436,-6.115837148029257,-11.469318258843575,-4.84542647274867,16.183129415888263,-1.7312131574054201,3.0493001694113175,-1.4956872910468275,0,0,1
2005-12,000001.SS,China_HK,1,1161.057007,5.621596853433686,0.5896658726718851,-5.434080604702663,-0.6178166939255547,6.101523060667232,95.3541398817493,131.53387844947076,69.47696587347215,16.183129415888263,40.40830854075885,-1.0252601533749406,-1.7312131574054201,3.0493001694113175,-4.876761101613781,-0.8501301787759667,0,0,0
2006-01,000001.SS,China_HK,1,1258.046021,8.353510070156279,5.621596853433686,0.5896658726718851,-5.434080604702663,6.348237270812912,93.70335646598569,99.09636282151745,89.04377758887506,-1.7312131574054201,-24.660958842184765,28.163019886385033,3.0493001694113175,-4.876761101613781,-2.7477636832640484,-0.86918062114162,0,0,1
2006-02,000001.SS,China_HK,1,1299.030029,3.2577510930341225,8.353510070156279,5.621596853433686,0.5896658726718851,5.774986400437546,96.56065307344709,102.5961035319737,90.61754550252643,3.0493001694113175,3.5316540494625848,1.7674091960896199,-4.876761101613781,-2.7477636832640484,-5.529103500524313,-0.708329151877598,0,0,0
2006-03,000001.SS,China_HK,1,1298.295044,-0.056579523459199255,3.2577510930341225,8.353510070156279,5.621596853433686,4.91736992087663,91.85162070489699,96.46455383300781,86.54391436423025,-4.876761101613781,-5.976396264459504,-4.495411032935781,-2.7477636832640484,-5.529103500524313,21.25192544792216,-0.831433334170445,0,0,0
2006-04,000001.SS,China_HK,1,1440.223022,10.931873972400364,-0.056579523459199255,3.2577510930341225,8.353510070156279,5.602405396663951,89.32775522867838,92.80472908020019,86.14640655517579,-2.7477636832640484,-3.7939580989958643,-0.45931341559326544,-5.529103500524313,21.25192544792216,34.3204566344385,-0.8681456484447946,0,0,0
2006-05,000001.SS,China_HK,1,1641.300049,13.961520120735859,10.931873972400364,-0.056579523459199255,3.2577510930341225,5.540924796616667,84.38873118738974,80.68312811082409,83.90371753323463,-5.529103500524313,-13.06140440203304,-2.603345991576267,21.25192544792216,34.3204566344385,7.312638981344266,-0.999507531482902,0,0,1
2006-06,000001.SS,China_HK,1,1672.21106,1.8833248082112286,13.961520120735859,10.931873972400364,-0.056579523459199255,5.541594885403799,102.32296142578124,114.45484237670898,90.22701250712076,21.25192544792216,41.857219788872115,7.536370449118013,34.3204566344385,7.312638981344266,-22.965425288660548,-0.17227721348087163,0,0,1
2006-07,000001.SS,China_HK,1,1612.733032,-3.5568493369491305,1.8833248082112286,13.961520120735859,10.931873972400364,5.862278243415547,137.44066902898973,144.67092710925687,133.83614447809035,34.3204566344385,26.40000554375559,48.33267860611912,7.312638981344266,-22.965425288660548,-0.7804776668569935,1.359095430202944,0,0,1
2006-08,000001.SS,China_HK,1,1658.637939,2.8464045870674415,-3.5568493369491305,1.8833248082112286,13.961520120735859,5.736979136365582,147.491208968624,160.77977629630797,141.31128421906502,7.312638981344266,11.134821286439633,5.585292201986869,-22.965425288660548,-0.7804776668569935,-22.11167420803153,1.7460298472526472,0,0,0
2006-09,000001.SS,China_HK,1,1752.42395,5.654399238964958,2.8464045870674415,-3.5568493369491305,1.8833248082112286,5.647686406166413,113.61922556559244,117.84904912312825,111.18667894999186,-22.965425288660548,-26.701571654174238,-21.317904961059643,-0.7804776668569935,-22.11167420803153,4.216522278378543,0.39923758677984533,0,0,0
2006-10,000001.SS,China_HK,1,1837.993042,4.882899026802279,5.654399238964958,2.8464045870674415,-3.5568493369491305,4.866912930863764,112.73245288479713,100.46679675194525,124.12324234747118,-0.7804776668569935,-14.749590684454382,11.634993975580254,-22.11167420803153,4.216522278378543,6.4485592524549995,0.36987798774225267,0,0,0
2006-11,000001.SS,China_HK,1,2099.289063,14.216377049810403,4.882899026802279,5.654399238964958,2.8464045870674415,5.421836083594196,87.80542017618815,84.66829687754313,86.73696505228678,-22.11167420803153,-15.7250956387203,-30.120287375772126,4.216522278378543,6.4485592524549995,-2.420350593251641,-0.7445585542708184,0,0,1
2006-12,000001.SS,China_HK,1,2675.474121,27.446675551036304,14.216377049810403,4.882899026802279,5.654399238964958,8.301398257015236,91.50775527954102,79.05746866041615,96.69359145625945,4.216522278378543,-6.626834865052256,11.479103975992967,6.4485592524549995,-2.420350593251641,-9.379331496809673,-0.5335730533010896,0,0,1
2007-01,000001.SS,China_HK,1,2786.334961,4.14359605012975,27.446675551036304,14.216377049810403,4.882899026802279,8.350176822659156,97.40868709933373,96.73051378803868,95.33105973274478,6.4485592524549995,22.35468125539841,-1.4091230897458562,-2.420350593251641,-9.379331496809673,-12.100478069879417,-0.24936871439441408,0,0,0
2007-02,000001.SS,China_HK,1,2881.072998,3.400095046935747,4.14359605012975,27.446675551036304,14.216377049810403,8.344268333880624,95.05105536324638,89.62849848611015,97.72646740504673,-2.420350593251641,-7.342063040718328,2.5127253164051178,-9.379331496809673,-12.100478069879417,21.277337532296347,-0.3323976887352762,0,0,0
2007-03,000001.SS,China_HK,1,3183.98291,10.513788168861948,3.400095046935747,4.14359605012975,27.446675551036304,8.068151101519145,86.13590178951141,82.20472852645382,85.6678963938067,-9.379331496809673,-8.282823080882917,-12.339104575693804,-12.100478069879417,21.277337532296347,7.364126721593589,-0.7423013756406779,0,0,0
2007-04,000001.SS,China_HK,1,3841.271973,20.643611526168648,10.513788168861948,3.400095046935747,4.14359605012975,8.836526921871316,75.71304588317871,82.1852602005005,68.55693855285645,-12.100478069879417,-0.023682732492769087,-19.973594031412766,21.277337532296347,7.364126721593589,15.619378517191729,-1.1858271590857998,0,0,1
2007-05,000001.SS,China_HK,1,4109.653809,6.986795985455729,20.643611526168648,10.513788168861948,3.400095046935747,8.697049945637428,91.82276621172505,103.15781870195943,82.37121458976499,21.277337532296347,25.518637344815765,20.150077189135175,7.364126721593589,15.619378517191729,-27.075906953096485,-0.4274257163072001,0,0,1
2007-06,000001.SS,China_HK,1,3820.702881,-7.031028437655928,6.986795985455729,20.643611526168648,10.513788168861948,9.622272437248734,98.5847110748291,110.01365140279134,88.00655695597331,7.364126721593589,6.645965169775048,6.841397682763484,15.619378517191729,-27.075906953096485,11.546988654440726,-0.15149908320847785,0,0,1
2007-07,000001.SS,China_HK,1,4471.032227,17.021196524702997,-7.031028437655928,6.986795985455729,20.643611526168648,9.298471572912012,113.9830302576865,129.01673864549207,104.86104534518334,15.619378517191729,17.2733901660304,19.151400727609147,-27.075906953096485,11.546988654440726,8.890282235271773,0.8438942046709289,0,0,0
2007-08,000001.SS,China_HK,1,5218.825195,16.725286914376802,17.021196524702997,-7.031028437655928,6.986795985455729,9.295824067672312,83.12109104279548,100.07418700187436,73.35449858634702,-27.075906953096485,-22.433175685168337,-30.045997210043584,11.546988654440726,8.890282235271773,-11.738998432242253,-0.9018285901965774,0,0,1
2007-09,000001.SS,China_HK,1,5552.300781,6.389859279431165,16.725286914376802,17.021196524702997,-7.031028437655928,9.264179724586219,92.71907399495443,90.46699282328288,93.58469161987304,11.546988654440726,-9.600072172868657,27.578667189324,8.890282235271773,-11.738998432242253,6.2146853340762975,-0.3042948164958451,0,0,1
2007-10,000001.SS,China_HK,1,5954.765137,7.248605071563041,6.389859279431165,16.725286914376802,17.021196524702997,9.159640786052611,100.96206135903635,95.91243030178931,103.74951417984501,8.890282235271773,6.019253330486496,10.861629593502276,-11.738998432242253,6.2146853340762975,-14.642856634877798,0.15333338680998607,0,0,0
2007-11,000001.SS,China_HK,1,4871.777832,-18.186902087386226,7.248605071563041,6.389859279431165,16.725286914376802,12.26126779101721,89.11012655893961,80.4546085993449,95.28441146214803,-11.738998432242253,-16.116598916121973,-8.159173355764459,6.2146853340762975,-14.642856634877798,1.0531282092792749,-0.5828290894031587,0,0,1
2007-12,000001.SS,China_HK,1,5261.562988,8.000881186324182,-18.186902087386226,7.248605071563041,6.389859279431165,10.62491601644937,94.64804052537487,85.06247354322865,97.48771335232642,6.2146853340762975,5.727285265696103,2.3123424454939867,-14.642856634877798,1.0531282092792749,-4.221155249228914,-0.24424836443298129,0,0,0
2008-01,000001.SS,China_HK,1,4383.393066,-16.690286213485127,8.000881186324182,-18.186902087386226,7.248605071563041,12.542283774744341,80.78886364352319,81.53163952981272,76.77330804640248,-14.642856634877798,-4.150871549275559,-21.248221538503877,1.0531282092792749,-4.221155249228914,-8.092695384500992,-1.030238765598614,0,0,1
2008-02,000001.SS,China_HK,1,4348.542969,-0.7950484128452007,-16.690286213485127,8.000881186324182,-18.186902087386226,12.636431294522932,81.6396739565093,88.45064189516265,72.8041961275298,1.0531282092792749,8.48627895287195,-5.169911288013928,-4.221155249228914,-8.092695384500992,1.7020307479039154,-0.924475523282837,0,0,0
2008-03,000001.SS,China_HK,1,3472.712891,-20.140770925885732,-0.7950484128452007,-16.690286213485127,8.000881186324182,14.247661426409001,78.19353657384073,84.13256103761735,72.61432629246866,-4.221155249228914,-4.881910142227531,-0.2607951809928011,-8.092695384500992,1.7020307479039154,18.740602004999385,-1.0661920521595403,0,0,0
2008-04,000001.SS,China_HK,1,3693.105957,6.346423471147822,-20.140770925885732,-0.7950484128452007,-16.690286213485127,13.066634479995374,71.86557184855143,70.36499150594075,69.58370641072591,-8.092695384500992,-16.364139355654284,-4.173583969554883,1.7020307479039154,18.740602004999385,3.0983884950956497,-1.3333965961012133,0,0,1
2008-05,000001.SS,China_HK,1,3433.354004,-7.033428123221331,6.346423471147822,-20.140770925885732,-0.7950484128452007,13.059680157462157,73.08874597857076,75.19145030360067,71.38500275150422,1.7020307479039154,6.85917626701118,2.588675472596913,18.740602004999385,3.0983884950956497,-1.1180904357439236,-1.2102508567294472,0,0,1
2008-06,000001.SS,China_HK,1,2736.103027,-20.308158616550276,-7.033428123221331,6.346423471147822,-20.140770925885732,14.162624610783972,86.7860169728597,80.27725048065186,87.26098276774088,18.740602004999385,6.763801145630577,22.23993752791742,3.0983884950956497,-1.1180904357439236,0.8402831055205118,-0.4430783950807696,0,0,1
2008-07,000001.SS,China_HK,1,2775.717041,1.4478261092176314,-20.308158616550276,-7.033428123221331,6.346423471147822,12.943726211598502,89.47498493809854,87.2099857945596,84.52966382426601,3.0983884950956497,8.635989987697258,-3.130057508915207,-1.1180904357439236,0.8402831055205118,-27.17747676132537,-0.21996002846280854,0,0,0
2008-08,000001.SS,China_HK,1,2397.368896,-13.630645321963131,1.4478261092176314,-20.308158616550276,-7.033428123221331,11.619092277319448,88.47457368912235,105.41860654277187,75.39880838701802,-1.1180904357439236,20.879054826480868,-10.801954040927797,0.8402831055205118,-27.17747676132537,21.79458180831557,-0.18480278958268545,0,1,1
2008-09,000001.SS,China_HK,1,2293.783936,-4.320776838843255,-13.630645321963131,1.4478261092176314,-20.308158616550276,11.00861453188948,89.21801058451335,95.21897468566894,82.42706019083658,0.8402831055205118,-9.675362055715087,9.321436179392805,-27.17747676132537,21.79458180831557,18.90005212057766,-0.03769254696213948,0,1,0
2008-10,000001.SS,China_HK,1,1728.786011,-24.63169769970871,-4.320776838843255,-13.630645321963131,1.4478261092176314,11.23222955990639,64.97080649099043,76.1353960960142,53.63574997071297,-27.17747676132537,-20.041781223387755,-34.929439620272106,21.79458180831557,18.90005212057766,-8.348161215059768,-2.1434157026319185,0,1,1
2008-11,000001.SS,China_HK,1,1871.156006,8.235258389073108,-24.63169769970871,-4.320776838843255,-13.630645321963131,11.873671204315091,79.13092206319173,96.24985440572102,67.7355552037557,21.79458180831557,26.41932575531689,26.288073236119036,18.90005212057766,-8.348161215059768,-22.161447104217558,-0.7595182677418102,0,1,1
2008-12,000001.SS,China_HK,1,1820.805054,-2.6909008034897153,8.235258389073108,-24.63169769970871,-4.320776838843255,11.019383959656569,94.08670757662865,107.55399310204291,87.6594942154423,18.90005212057766,11.744577450134797,29.414299405612443,-8.348161215059768,-22.161447104217558,7.35467474432232,0.6233375017235697,0,1,0
2009-01,000001.SS,China_HK,1,1990.656982,9.328397217860541,-2.6909008034897153,8.235258389073108,-24.63169769970871,11.662996357220097,86.23219754618984,91.03520405677057,87.53845571702526,-8.348161215059768,-15.358601358110413,-0.1380780250905378,-22.161447104217558,7.35467474432232,19.28906303929281,-0.06406076130466869,0,1,0
2009-02,000001.SS,China_HK,1,2082.852051,4.631389025515187,9.328397217860541,-2.6909008034897153,8.235258389073108,11.970869115196486,67.12189470018659,63.14009993416922,65.29873490333557,-22.161447104217558,-30.642106437423532,-25.40565815506419,7.35467474432232,19.28906303929281,6.075574369099579,-1.6713881846745218,0,1,1
2009-03,000001.SS,China_HK,1,2373.212891,13.940540801282308,4.631389025515187,9.328397217860541,-2.6909008034897153,12.153349387544235,72.05849173761183,73.33846209126133,69.22285332218293,7.35467474432232,16.151957579612763,6.0094861327044,19.28906303929281,6.075574369099579,-10.888347911835139,-1.1405010755464262,0,1,1
2009-04,000001.SS,China_HK,1,2477.569092,4.397254093627789,13.940540801282308,4.631389025515187,9.328397217860541,12.038446582906644,85.95789963404337,83.50890401204427,85.18863232930501,19.28906303929281,13.86781455565156,23.06431798298285,6.075574369099579,-10.888347911835139,-0.2073196231979657,0.0329756834210831,0,1,1
2009-05,000001.SS,China_HK,1,2632.929932,6.270696567117162,4.397254093627789,13.940540801282308,4.631389025515187,12.199840602811687,91.18033575242565,93.24943800895444,89.41171313870338,6.075574369099579,11.664066379682492,4.957329040186531,-10.888347911835139,-0.2073196231979657,-9.032432357199339,0.4977999095413013,0,1,0
2009-06,000001.SS,China_HK,1,2959.362061,12.398056060384356,6.270696567117162,4.397254093627789,13.940540801282308,11.216129767281776,81.25230356852214,73.67756567001342,81.75211544036866,-10.888347911835139,-20.988729537503048,-8.566660261226033,-0.2073196231979657,-9.032432357199339,23.549742301368237,-0.3265552025967795,0,1,0
2009-07,000001.SS,China_HK,1,3412.062012,15.297214118066638,12.398056060384356,6.270696567117162,4.397254093627789,11.924962457125574,81.08385159892421,76.3114563111336,80.97563048331968,-0.2073196231979657,3.5748882542032234,-0.9498041156076997,-9.032432357199339,23.549742301368237,-0.8148729801666255,-0.2627382909944407,0,0,0
2009-08,000001.SS,China_HK,1,2667.745117,-21.814283925153934,15.297214118066638,12.398056060384356,6.270696567117162,13.10308904984794,73.76000755063949,78.4546751206921,65.25164118120748,-9.032432357199339,2.8085151472149406,-19.418174589392322,23.549742301368237,-0.8148729801666255,-10.353229076577463,-1.0040004553560047,0,0,1
2009-09,000001.SS,China_HK,1,2779.426025,4.186341014676498,-21.814283925153934,15.297214118066638,12.398056060384356,12.974073915655447,91.13029925028484,75.68046391805014,96.45980974833171,23.549742301368237,-3.5360686898189386,47.82740786619817,-0.8148729801666255,-10.353229076577463,18.25563652218536,0.8816289056537101,0,0,0
2009-10,000001.SS,China_HK,1,2995.8479,7.786567192411598,4.186341014676498,-21.814283925153934,15.297214118066638,9.808499991706222,90.38770306494928,89.20428694448164,89.28504986916819,-0.8148729801666255,17.869635473000866,-7.4380821379212865,-10.353229076577463,18.25563652218536,-2.2371733163945695,0.9151397601578731,0,0,0
2009-11,000001.SS,China_HK,1,3195.301025,6.657651912168161,7.786567192411598,4.186341014676498,-21.814283925153934,9.774102938643951,81.02965710957845,82.64781697591145,73.95016460418701,-10.353229076577463,-7.349949417398238,-17.175199305428855,18.25563652218536,-2.2371733163945695,-13.029217772023905,-0.1425267675173771,0,0,1
2009-12,000001.SS,China_HK,1,3277.138916,2.5611950285654217,6.657651912168161,7.786567192411598,4.186341014676498,9.510867623120024,95.82213678667623,100.3492317199707,92.03632293208953,18.25563652218536,21.41788542245284,24.457225247174776,-2.2371733163945695,-13.029217772023905,-10.73701462694614,1.5908561015288483,0,0,0
2010-01,000001.SS,China_HK,1,2989.291992,-8.783482524791452,2.5611950285654217,6.657651912168161,7.786567192411598,10.251224145917012,93.6784295112856,102.653564453125,87.86365244465489,-2.2371733163945695,2.296313278794848,-4.53372142052385,-13.029217772023905,-10.73701462694614,21.862566984562726,1.2320588451155279,0,0,0
2010-02,000001.SS,China_HK,1,3051.943115,2.095851565108675,-8.783482524791452,2.5611950285654217,6.657651912168161,10.26226965814223,81.47286292484829,81.01815795898438,80.05752774647304,-13.029217772023905,-21.07613759872904,-8.88436171384852,-10.73701462694614,21.862566984562726,-1.6770919748616664,-0.1517539998744288,0,0,0
2010-03,000001.SS,China_HK,1,3109.10498,1.8729662659521695,2.095851565108675,-8.783482524791452,2.5611950285654217,9.751380787395101,72.72510971561555,67.32707777330953,73.52030064982753,-10.73701462694614,-16.898779891547267,-8.165661969162553,21.862566984562726,-1.6770919748616664,10.567262949366473,-1.0941896353363345,0,0,1
2010-04,000001.SS,China_HK,1,2870.611084,-7.67082158801855,1.8729662659521695,2.095851565108675,-8.783482524791452,10.17831230107688,88.62468554178874,79.6067726135254,92.83870468139648,21.862566984562726,18.238865024799743,26.2762854080008,-1.6770919748616664,10.567262949366473,-17.59668875597209,0.607960427043267,0,0,0
2010-05,000001.SS,China_HK,1,2592.145996,-9.700550853164614,-7.67082158801855,1.8729662659521695,2.095851565108675,10.568486724891555,87.13836805282101,83.16650359861312,86.94786573225453,-1.6770919748616664,4.471643389400404,-6.345240349225156,10.567262949366473,-17.59668875597209,2.79697724964445,0.3828726247882139,0,0,1
2010-06,000001.SS,China_HK,1,2398.370117,-7.4755001955530425,-9.700550853164614,-7.67082158801855,1.8729662659521695,10.063734092795833,96.34650853474935,69.67944971720378,111.88416697184245,10.567262949366473,-16.216930251753723,28.67960131002669,-17.59668875597209,2.79697724964445,-11.994283766920088,1.357065673567289,0,0,0
2010-07,000001.SS,China_HK,1,2637.50293,9.970638447543667,-7.4755001955530425,-9.700550853164614,-7.67082158801855,9.360487166053208,79.39271330064342,81.76249122619629,76.34224307152533,-17.59668875597209,17.340896861315503,-31.766714506854075,2.79697724964445,-11.994283766920088,-8.726501270000398,-0.5011396530748392,0,0,1
2010-08,000001.SS,China_HK,1,2638.798096,0.04910576535359645,9.970638447543667,-7.4755001955530425,-9.700550853164614,6.8895931278316125,81.61330942953786,84.75737048733619,74.11711311340332,2.79697724964445,3.6629011863820837,-2.9146772070048788,-11.994283766920088,-8.726501270000398,45.83401536726808,-0.22012562720000922,0,0,0
2010-09,000001.SS,China_HK,1,2655.657959,0.6389220541562768,0.04910576535359645,9.970638447543667,-7.4755001955530425,6.774832509033849,71.82437750498454,70.37432320912679,69.72902139027913,-11.994283766920088,-16.969671422685785,-5.920483865055792,-8.726501270000398,45.83401536726808,2.3956021728043453,-1.2145632690267665,0,0,0
2010-10,000001.SS,China_HK,1,2978.834961,12.169375988528785,0.6389220541562768,0.04910576535359645,9.970638447543667,7.337347313843836,65.55662228984218,74.25972569373346,63.16021014798072,-8.726501270000398,5.521051297446489,-9.4204839123329,45.83401536726808,2.3956021728043453,-19.46454465246935,-1.919177895726568,0,0,1
2010-11,000001.SS,China_HK,1,2820.180908,-5.326043741165831,12.169375988528785,0.6389220541562768,0.04910576535359645,7.192436323422304,95.60385462443034,80.85895284016927,102.02185897827148,45.83401536726808,8.886683979486731,61.528688297965076,2.3956021728043453,-19.46454465246935,12.806536842294957,1.291041578905604,1,0,1
2010-12,000001.SS,China_HK,1,2808.076904,-0.42919246654228305,-5.326043741165831,12.169375988528785,0.6389220541562768,7.116804908380503,97.89414264309791,94.39043466506466,98.9651261606524,2.3956021728043453,16.73467358851721,-2.9961547929352017,-19.46454465246935,12.806536842294957,53.00774228080458,1.4848186772493326,0,0,0
2011-01,000001.SS,China_HK,1,2790.694092,-0.6190290577597346,-0.42919246654228305,-5.326043741165831,12.169375988528785,6.6874837294447875,78.83949353618007,77.48969244187877,77.08557048920662,-19.46454465246935,-17.9051429132163,-22.108349193561573,12.806536842294957,53.00774228080458,-33.36802641662523,-0.4750384228910944,0,1,1
2011-02,000001.SS,China_HK,1,2905.052979,4.097865377929777,-0.6190290577597346,-0.42919246654228305,-5.326043741165831,6.778904249711578,88.93610232216972,84.70568302699498,89.67357962472099,12.806536842294957,9.312194122500305,16.329916293837265,53.00774228080458,-33.36802641662523,15.221272067740333,0.5147852069653104,0,1,1
2011-03,000001.SS,China_HK,1,2928.111084,0.7937240789301248,4.097865377929777,-0.6190290577597346,-0.42919246654228305,6.755995325026523,136.0791222356981,156.13775290212322,126.68266185637444,53.00774228080458,84.32972537670638,41.27088757528632,-33.36802641662523,15.221272067740333,-19.08316741489856,3.6246571728768533,1,1,0
2011-04,000001.SS,China_HK,1,2911.51001,-0.5669550615997054,0.7937240789301248,4.097865377929777,-0.6190290577597346,6.349648743492272,90.67220478057861,111.14294446309408,73.5580285390218,-33.36802641662523,-28.817379271004796,-41.935204501451274,15.221272067740333,-19.08316741489856,-7.395183206081024,0.2582538320621,0,1,1
2011-05,000001.SS,China_HK,1,2743.471924,-5.7715098152796624,-0.5669550615997054,0.7937240789301248,4.097865377929777,5.870284585742417,104.47366776004914,120.63443325411889,96.0221432101342,15.221272067740333,8.53989323107822,30.539310415579468,-19.08316741489856,-7.395183206081024,10.35534745366633,1.1963348470666315,0,1,0
2011-06,000001.SS,China_HK,1,2762.075928,0.6781189862834713,-5.7715098152796624,-0.5669550615997054,0.7937240789301248,5.290339158633114,84.53678283691406,97.33198216756185,72.88245728810628,-19.08316741489856,-19.316583547476828,-24.098281030229863,-7.395183206081024,10.35534745366633,-3.7587201796722147,-0.2381333011797011,0,1,0
2011-07,000001.SS,China_HK,1,2701.729004,-2.184839431394525,0.6781189862834713,-5.7715098152796624,-0.5669550615997054,4.599288298351551,78.2851328695974,99.24549016644877,60.417874859225364,-7.395183206081024,1.9659601667134652,-17.102308144754364,10.35534745366633,-3.7587201796722147,-9.59658500968753,-0.6744404095941262,0,1,1
2011-08,000001.SS,China_HK,1,2567.340088,-4.974181933163269,-2.184839431394525,0.6781189862834713,-5.7715098152796624,4.845618974157768,86.39183038280856,111.57653574789724,62.886020106654016,10.35534745366633,12.424791857813933,4.085124233812376,-3.7587201796722147,-9.59658500968753,10.75561755834511,-0.13693057664267147,0,1,0
2011-09,000001.SS,China_HK,1,2359.218994,-8.106487137126027,-4.974181933163269,-2.184839431394525,0.6781189862834713,5.3516048364723074,83.14460322062175,93.88602275848389,70.98976675669353,-3.7587201796722147,-15.855047722026761,12.886404062931067,-9.59658500968753,10.75561755834511,1.885317306908374,-0.3489112784017622,0,1,0
2011-10,000001.SS,China_HK,1,2468.25,4.621487292077986,-8.106487137126027,-4.974181933163269,-2.184839431394525,3.9389965541077685,75.16556069158739,90.57414713213521,63.65037210526005,-9.59658500968753,-3.5275491804230286,-10.338665679221236,10.75561755834511,1.885317306908374,-8.156193496580155,-0.8690907544536027,0,0,1
2011-11,000001.SS,China_HK,1,2333.414063,-5.462815233465001,4.621487292077986,-8.106487137126027,-4.974181933163269,3.9513084345112497,83.25008093516031,70.99307772318522,95.16603965759278,10.75561755834511,-21.6188283621196,49.51372083137953,1.885317306908374,-8.156193496580155,17.437683308734808,-0.29755002076007414,0,0,1
2011-12,000001.SS,China_HK,1,2199.416992,-5.742532931670263,-5.462815233465001,4.621487292077986,-8.106487137126027,4.115475374320373,84.81960911904612,77.63644483012538,86.84766141829952,1.885317306908374,9.357767433106435,-8.740910380659695,-8.156193496580155,17.437683308734808,-3.722992679209569,-0.15314732600468142,0,0,0
2012-01,000001.SS,China_HK,1,2292.610107,4.237173548216355,-5.742532931670263,-5.462815233465001,4.621487292077986,4.479459374678261,77.90155767625377,61.71806113950668,91.26849322165212,-8.156193496580155,-20.503751460347488,5.090329124764548,17.437683308734808,-3.722992679209569,11.683646516830692,-0.6044036259967932,0,0,1
2012-02,000001.SS,China_HK,1,2428.487061,5.92673623766764,4.237173548216355,-5.742532931670263,-5.462815233465001,4.713412405690361,91.4857845964103,77.98118065143454,103.34518873280493,17.437683308734808,26.350664962022897,13.232053126837195,-3.722992679209569,11.683646516830692,-21.032583801878502,0.3455942766440141,0,0,0
2012-03,000001.SS,China_HK,1,2262.788086,-6.823136003523467,5.92673623766764,4.237173548216355,-5.742532931670263,4.903216143974724,88.0797755333685,86.14695296748992,86.66009946023264,-3.722992679209569,10.47146535592387,-16.145008274851524,11.683646516830692,-21.032583801878502,-0.11563419129990704,0.05496641858514284,0,0,1
2012-04,000001.SS,China_HK,1,2396.315918,5.901031246635258,-6.823136003523467,5.92673623766764,4.237173548216355,5.406438689676563,98.3707051595052,88.1813424428304,104.64068247477213,11.683646516830692,2.3615338735291314,20.748398774675515,-21.032583801878502,-0.11563419129990704,4.661354718603983,0.7745442600702505,0,0,0
2012-05,000001.SS,China_HK,1,2372.233887,-1.0049606072015438,5.901031246635258,-6.823136003523467,5.92673623766764,5.234446562717115,77.68080416033345,69.08255398658014,79.93533497471964,-21.032583801878502,-21.65853674617435,-23.60969645434864,-0.11563419129990704,4.661354718603983,-7.806712344159738,-0.6966679763797997,0,0,0
2012-06,000001.SS,China_HK,1,2225.429932,-6.188426689480131,-1.0049606072015438,5.901031246635258,-6.823136003523467,5.3978021580273925,77.59097859064738,81.92765919367473,70.51085557937623,-0.11563419129990704,18.59384817994694,-11.790129356840751,4.661354718603983,-7.806712344159738,-7.87534886252107,-0.6468544531804323,0,0,1
2012-07,000001.SS,China_HK,1,2103.63501,-5.472871567362381,-6.188426689480131,-1.0049606072015438,5.901031246635258,5.509708721856247,81.20776933239353,89.00009404459307,77.46019707956621,4.661354718603983,8.632536216126097,9.8557044062058,-7.806712344159738,-7.87534886252107,18.802659577001602,-0.3926547006231566,0,0,0
2012-08,000001.SS,China_HK,1,2047.521973,-2.667432170184314,-5.472871567362381,-6.188426689480131,-1.0049606072015438,5.433330030683808,74.8681123795048,78.25724669425718,70.49690803404778,-7.806712344159738,-12.070602245603512,-8.989505976038025,-7.87534886252107,18.802659577001602,-2.6717656381202715,-0.8201291777019274,0,0,0
2012-09,000001.SS,China_HK,1,2086.168945,1.8874997440625707,-2.667432170184314,-5.472871567362381,-6.188426689480131,5.124559968355104,68.97198734283447,65.10240313212077,68.31967938741049,-7.87534886252107,-16.80974493458861,-3.0884030340532886,18.802659577001602,-2.6717656381202715,-5.994197564654025,-1.2202075636257568,0,0,1
2012-10,000001.SS,China_HK,1,2068.879883,-0.8287469737979336,1.8874997440625707,-2.667432170184314,-5.472871567362381,4.823482083311751,81.94055532640026,86.90206847652313,75.07558896464687,18.802659577001602,33.48519301224788,9.888672836016443,-2.6717656381202715,-5.994197564654025,20.367269576878645,-0.3694110124128443,0,0,0
2012-11,000001.SS,China_HK,1,1980.116943,-4.290386345256958,-0.8287469737979336,1.8874997440625707,-2.667432170184314,4.743889529308462,79.75129572550456,87.46022033691406,73.34758491516114,-2.6717656381202715,0.6422768412488677,-2.301685638855866,-5.994197564654025,20.367269576878645,-8.164537558505069,-0.4847113582862031,0,0,0
2012-12,000001.SS,China_HK,1,2269.12793,14.595652444755647,-4.290386345256958,-0.8287469737979336,1.8874997440625707,6.354704521598373,74.97084549934634,85.26028196273312,64.21883093926215,-5.994197564654025,-2.515358829084069,-12.44588214657365,20.367269576878645,-8.164537558505069,-9.751520162523587,-0.7721678806588171,0,0,1
2013-01,000001.SS,China_HK,1,2385.422119,5.125060930346037,14.595652444755647,-4.290386345256958,-0.8287469737979336,6.40789075313757,90.24035970626339,109.75873522604665,83.89209476594002,20.367269576878645,28.73372301773727,30.634727445108332,-8.164537558505069,-9.751520162523587,25.47476088535521,0.33378525699886924,0,0,0
2013-02,000001.SS,China_HK,1,2365.593018,-0.8312617226972185,5.125060930346037,14.595652444755647,-4.290386345256958,6.181856536187973,82.87265164511544,87.37166687420437,78.62591293879917,-8.164537558505069,-20.3966165478642,-6.2773278481525026,-9.751520162523587,25.47476088535521,-11.144978564302333,-0.19920816864343685,0,0,0
2013-03,000001.SS,China_HK,1,2236.621094,-5.451991235121234,-0.8312617226972185,5.125060930346037,14.595652444755647,6.056685701720429,74.79130831072408,70.25588681620937,79.46081779849145,-9.751520162523587,-19.589622895300696,1.0618698447955044,25.47476088535521,-11.144978564302333,-0.965878998260461,-1.013514684973251,0,0,1
2013-04,000001.SS,China_HK,1,2177.912109,-2.62489632944507,-5.451991235121234,-0.8312617226972185,5.125060930346037,5.804597006732814,93.84421526590982,83.1100798924764,99.8020144144694,25.47476088535521,18.296250547507608,25.599027520157392,-11.144978564302333,-0.965878998260461,-6.660023976577866,1.3038201103451614,0,0,0
2013-05,000001.SS,China_HK,1,2300.594971,5.633049262779055,-2.62489632944507,-5.451991235121234,-0.8312617226972185,6.07718032390432,83.38529759068643,96.31220405332503,76.66901059304514,-11.144978564302333,15.885105847484283,-23.178894691799336,-0.965878998260461,-6.660023976577866,15.266434567502763,0.1681061665247437,0,0,0
2013-06,000001.SS,China_HK,1,1979.206055,-13.969817375559234,5.633049262779055,-2.62489632944507,-5.451991235121234,7.113501535537372,82.57989651362101,85.31224797566732,78.08507897059123,-0.965878998260461,-11.421144584716792,1.8469892419278766,-6.660023976577866,15.266434567502763,10.38976028717007,0.06282779852477731,0,0,0
2013-07,000001.SS,China_HK,1,1993.79895,0.7373105474861807,-13.969817375559234,5.633049262779055,-2.62489632944507,6.962276022316625,77.08005560598066,75.28471995938209,75.0804361527966,-6.660023976577866,-11.753913716053145,-3.847909046651865,15.266434567502763,10.38976028717007,-24.991962578693006,-0.7292898821973308,0,0,1
2013-08,000001.SS,China_HK,1,2098.38208,5.245420056019179,0.7373105474861807,-13.969817375559234,5.633049262779055,7.083462788957286,88.84743185966245,104.42809732498661,78.84740774093136,15.266434567502763,38.71087968624718,5.017247875956099,10.38976028717007,-24.991962578693006,4.327385501849101,0.9539072115700641,0,0,1
2013-09,000001.SS,China_HK,1,2174.665039,3.6353226481995238,5.245420056019179,0.7373105474861807,-13.969817375559234,7.133822281305589,98.07846705118816,97.374010403951,98.14722569783528,10.38976028717007,-6.754970263494176,24.47742863064981,-24.991962578693006,4.327385501849101,-8.47958052592066,1.985063817732131,0,0,0
2013-10,000001.SS,China_HK,1,2141.614014,-1.5198214165064283,3.6353226481995238,5.245420056019179,0.7373105474861807,7.149012659142094,73.56673326799947,80.33374651016727,65.35439909658125,-24.991962578693006,-17.499807005065403,-33.411873201809016,4.327385501849101,-8.47958052592066,11.926947066993353,-1.1842847482493826,0,0,1
2013-11,000001.SS,China_HK,1,2220.503906,3.683665286288118,-1.5198214165064283,3.6353226481995238,5.245420056019179,7.030481502702532,76.75024941762288,52.19944121042887,91.32140051523844,4.327385501849101,-35.02177667784688,39.732599148043505,-8.47958052592066,11.926947066993353,-10.628031863710918,-0.7302356457466846,0,0,0
2013-12,000001.SS,China_HK,1,2115.978027,-4.707304441913451,3.683665286288118,-1.5198214165064283,3.6353226481995238,5.781230945699376,70.2421502144106,68.61865160542149,68.88867827384702,-8.47958052592066,31.45476276039567,-24.564584111528333,11.926947066993353,-10.628031863710918,70.12768145517792,-1.4153214775509915,0,0,1
2014-01,000001.SS,China_HK,1,2033.083008,-3.917574660145562,-4.707304441913451,3.683665286288118,-1.5198214165064283,5.578466990025287,78.61989428920131,86.78251980197045,68.41249278283888,11.926947066993353,26.4707448654002,-0.6912391164121345,-10.628031863710918,70.12768145517792,-22.3830484610423,-0.400710165838595,0,0,0
2014-02,000001.SS,China_HK,1,2056.302002,1.1420583374429416,-3.917574660145562,-4.707304441913451,3.683665286288118,5.618430368090061,70.26414687292916,61.49816117967878,73.86041593551636,-10.628031863710918,-29.135312825656822,7.963345481315476,70.12768145517792,-22.3830484610423,-10.343908404842095,-1.3004457666171292,0,1,1
2014-03,000001.SS,China_HK,1,2033.30603,-1.1183168609296468,1.1420583374429416,-3.917574660145562,-4.707304441913451,5.443476728627435,119.53876396917528,75.00083989481772,150.81426780454575,70.12768145517792,21.956231627297342,104.18821894560378,-22.3830484610423,-10.343908404842095,18.018621331537332,3.2754976148498836,1,1,0
2014-04,000001.SS,China_HK,1,2026.358032,-0.34170940810124284,-1.1183168609296468,1.1420583374429416,-3.917574660145562,5.407898073305628,92.7823445002238,61.30099623998006,112.3606637954712,-22.3830484610423,-18.266253650026478,-25.49732500038402,-10.343908404842095,18.018621331537332,38.660193810520525,0.9648550951925742,0,1,0
2014-05,000001.SS,China_HK,1,2039.212036,0.6343402200899906,-0.34170940810124284,-1.1183168609296468,1.1420583374429416,5.078543226399216,83.18502376925561,75.96359517497402,92.24833537686256,-10.343908404842095,23.919022257963118,-17.89979494533681,18.018621331537332,38.660193810520525,-2.7048677246242936,0.07732757889483634,0,1,1
2014-06,000001.SS,China_HK,1,2048.326904,0.4469799039573896,0.6343402200899906,-0.34170940810124284,-1.1183168609296468,2.9642120073573333,98.1738182067871,105.45366484324137,96.13338797887167,18.018621331537332,38.82131908098889,4.211515130476329,38.660193810520525,-2.7048677246242936,-1.419314844118058,1.3100368914918,0,1,1
2014-07,000001.SS,China_HK,1,2201.562012,7.48098888418447,0.4469799039573896,0.6343402200899906,-0.34170940810124284,3.6165980562854516,136.12800659671908,115.96761592741936,161.79567853866084,38.660193810520525,9.970209285573105,68.30331473828896,-2.7048677246242936,-1.419314844118058,-38.12192153075063,3.222536139713079,0,1,0
2014-08,000001.SS,China_HK,1,2217.199951,0.7103110843466043,7.48098888418447,0.4469799039573896,0.6343402200899906,3.3468330943104765,132.44592408211,107.58255644767515,154.04245942638767,-2.7048677246242936,-7.230518117223495,-4.791981579669047,-1.419314844118058,-38.12192153075063,4.1467635433172,2.445848791870672,0,1,0
2014-09,000001.SS,China_HK,1,2363.870117,6.615107759399352,0.7103110843466043,7.48098888418447,0.4469799039573896,3.692431352136479,130.56609942118328,121.00510635375977,142.43847586313885,-1.419314844118058,12.476511387431977,-7.53297734044166,-38.12192153075063,4.1467635433172,1.5573648683008257,2.034635004614549,0,1,0
2014-10,000001.SS,China_HK,1,2420.177979,2.3820201285619236,6.615107759399352,0.7103110843466043,7.48098888418447,3.6450033161904645,80.79179345407793,74.09397866649013,83.08987451368763,-38.12192153075063,-38.76789096000993,-41.66613058010812,4.1467635433172,1.5573648683008257,26.783666844919374,-0.48645379517397036,0,0,1
2014-11,000001.SS,China_HK,1,2682.918945,10.856266286191163,2.3820201285619236,6.615107759399352,0.7103110843466043,4.578558905606228,84.14203809102376,77.99142316182454,87.09242757161458,4.1467635433172,5.26013660688609,4.817136963262114,1.5573648683008257,26.783666844919374,3.8473610430540095,-0.32739728608346297,0,0,1
2014-12,000001.SS,China_HK,1,3234.677002,20.565588014810498,10.856266286191163,2.3820201285619236,6.615107759399352,6.695580766981043,85.45243663172567,94.30592924548733,80.33614915417087,1.5573648683008257,20.918333609340344,-7.7575957012888885,26.783666844919374,3.8473610430540095,-8.025303643352133,-0.2865574549034715,0,0,1
2015-01,000001.SS,China_HK,1,3210.363037,-0.7516659309404483,20.565588014810498,10.856266286191163,2.3820201285619236,6.421103177176513,108.33973257003292,146.6483586834323,81.6583960748488,26.783666844919374,55.50279802841731,1.6458928323044741,3.8473610430540095,-8.025303643352133,-3.786405996924136,0.8398251083784557,0,0,1
2015-02,000001.SS,China_HK,1,3310.302979,3.113041760329738,-0.7516659309404483,20.565588014810498,10.856266286191163,6.3648683789295415,112.50795323508126,110.62664944784981,116.82035664149693,3.8473610430540095,-24.56332246673284,43.05982269651534,-8.025303643352133,-3.786405996924136,-25.261601602650142,0.9715915138357889,0,0,0
2015-03,000001.SS,China_HK,1,3747.898926,13.219211346394388,3.113041760329738,-0.7516659309404483,20.565588014810498,6.613328518519177,103.47884836504537,80.65029876462874,119.2300068024666,-8.025303643352133,-27.096862132981926,2.0626971447831766,-3.786405996924136,-25.261601602650142,14.61646704169861,0.4687794836747721,0,0,0
2015-04,000001.SS,China_HK,1,4441.654785,18.510527436779654,13.219211346394388,3.113041760329738,-0.7516659309404483,7.323615277985588,99.56071904500325,92.08395849863687,107.84801419576009,-3.786405996924136,14.17683493941706,-9.546248391618018,-25.261601602650142,14.61646704169861,24.558055668202016,0.25841467982350513,0,0,0
2015-05,000001.SS,China_HK,1,4611.744141,3.829414131292075,18.510527436779654,13.219211346394388,3.113041760329738,7.1273145285584105,74.41008684712071,71.70904147240424,75.1276002699329,-25.261601602650142,-22.126456506031122,-30.339375434799198,14.61646704169861,24.558055668202016,-23.96457036562888,-0.976620995350697,0,0,1
2015-06,000001.SS,China_HK,1,4277.222168,-7.253697576714712,3.829414131292075,18.510527436779654,13.219211346394388,8.078538853800204,85.28621266682943,88.44556840260823,80.42666390736898,14.61646704169861,23.33949330035976,7.053417942802098,24.558055668202016,-23.96457036562888,19.18166619724222,-0.44308919114331674,0,0,1
2015-07,000001.SS,China_HK,1,3663.726074,-14.34333008441473,-7.253697576714712,3.829414131292075,18.510527436779654,10.073937449836095,106.23084825085056,89.69054517438335,118.30285398421749,24.558055668202016,1.4076191653921155,47.09407084256565,-23.96457036562888,19.18166619724222,-10.263558111944526,0.5456361334795071,0,0,0
2015-08,000001.SS,China_HK,1,3205.986084,-12.493837714789812,-14.34333008441473,-7.253697576714712,3.829414131292075,11.216159436913921,80.77308187177104,72.6687409493231,83.29964871560374,-23.96457036562888,-18.978370788097155,-29.58779445277242,19.18166619724222,-10.263558111944526,69.33668679688365,-0.7123350831475163,0,0,1
2015-09,000001.SS,China_HK,1,3052.781006,-4.778719370136852,-12.493837714789812,-14.34333008441473,-7.253697576714712,11.426085363673478,96.26670481363932,79.88457260131835,111.3503412882487,19.18166619724222,9.929760111059792,33.674442815976114,-10.263558111944526,69.33668679688365,-3.9551845660048213,0.0642386706420011,0,0,0
2015-10,000001.SS,China_HK,1,3382.561035,10.802610090663013,-4.778719370136852,-12.493837714789812,-14.34333008441473,11.658448771535403,86.38631562263735,101.0595084159605,75.2390812904604,-10.263558111944526,26.506915071474868,-32.43030922043458,69.33668679688365,-3.9551845660048213,-17.462244964117836,-0.46539997130577987,0,0,1
2015-11,000001.SS,China_HK,1,3445.405029,1.85788204114401,10.802610090663013,-4.778719370136852,-12.493837714789812,11.425097310853792,146.2837247212728,206.72467168172201,112.25876941680909,69.33668679688365,104.55736914021405,49.20273811350009,-3.9551845660048213,-17.462244964117836,-12.711604183681224,2.2021073610924744,1,0,0
2015-12,000001.SS,China_HK,1,3539.181885,2.7217948313965845,1.85788204114401,10.802610090663013,-4.778719370136852,9.953452736706563,140.49793341852003,194.36913816390498,108.1629870014806,-3.9551845660048213,-5.976806453387384,-3.648518896658426,-17.462244964117836,-12.711604183681224,4.015245447232085,1.7405500614050073,0,0,0
2016-01,000001.SS,China_HK,1,2737.600098,-22.648787574250374,2.7217948313965845,1.85788204114401,10.802610090663013,12.116492841027956,115.96384011545489,110.91858869983304,120.46343551143524,-17.462244964117836,-42.934053344261315,11.37214203393464,-12.711604183681224,4.015245447232085,-20.571703453499047,0.5901208640110405,0,0,0
2016-02,000001.SS,China_HK,1,2687.979004,-1.8125764254703136,-22.648787574250374,2.7217948313965845,1.85788204114401,12.061767554426432,101.22297576378132,113.22725730106748,90.85711604151233,-12.711604183681224,2.0814082006417767,-24.57701736981631,4.015245447232085,-20.571703453499047,1.2679298080407353,-0.14074225534914356,0,0,1
2016-03,000001.SS,China_HK,1,3003.915039,11.753664538668396,-1.8125764254703136,-22.648787574250374,2.7217948313965845,11.910821907211629,105.2873266896894,122.04758010372039,93.74349009606146,4.015245447232085,7.78992886774601,3.1768277272089085,-20.571703453499047,1.2679298080407353,4.556577350732516,0.08165049546770788,0,0,0
2016-04,000001.SS,China_HK,1,2938.323975,-2.183519278955215,11.753664538668396,-1.8125764254703136,-22.648787574250374,10.17661952708124,83.62793006896973,90.3290501912435,79.78639167149862,-20.571703453499047,-25.98865941096199,-14.888605502377427,1.2679298080407353,4.556577350732516,26.501697966147653,-0.929113059578285,0,0,1
2016-05,000001.SS,China_HK,1,2916.615967,-0.7387887851951214,-2.183519278955215,11.753664538668396,-1.8125764254703136,9.986523827489455,84.68827352216167,88.0693675010435,82.82368420016381,1.2679298080407353,-2.5016123665817624,3.806780160168821,4.556577350732516,26.501697966147653,-11.965066413420121,-0.8842870925696081,0,0,1
2016-06,000001.SS,China_HK,1,2929.605957,0.4453788276199244,-0.7387887851951214,-2.183519278955215,11.753664538668396,9.953867890298032,88.54716021219889,97.87790400187174,80.03160365422566,4.556577350732516,11.137285050573364,-3.3711136770858907,26.501697966147653,-11.965066413420121,5.177677420867943,-0.675385337292379,0,0,1
2016-07,000001.SS,China_HK,1,2979.339111,1.6976055732398798,0.4453788276199244,-0.7387887851951214,-2.183519278955215,9.29114317189409,112.01366116923671,143.21993846278036,94.82303280984202,26.501697966147653,46.32509750110867,18.481985216143258,-11.965066413420121,5.177677420867943,-16.921676258939698,0.504740816275006,0,0,0
2016-08,000001.SS,China_HK,1,3085.490967,3.5629329876574856,1.6976055732398798,0.4453788276199244,-0.7387887851951214,8.664682168932705,98.61115221823415,123.22047128985005,80.60763149876749,-11.965066413420121,-13.964164059550777,-14.991506693929601,5.177677420867943,-16.921676258939698,-3.0021981619094418,-0.09695177493770867,0,0,1
2016-09,000001.SS,China_HK,1,3004.702881,-2.6183219093507737,3.5629329876574856,1.6976055732398798,0.4453788276199244,8.57708224802374,103.71691958109538,119.65013109842936,94.2956667582194,5.177677420867943,-2.897521940994874,16.98106619056434,-16.921676258939698,-3.0021981619094418,21.584843002401332,0.24419612754655895,0,0,0
2016-10,000001.SS,China_HK,1,3100.491943,3.1879711836306557,-2.6183219093507737,3.5629329876574856,1.6976055732398798,7.9856047994631005,86.16627822383758,100.4282025367983,80.40413419661984,-16.921676258939698,-16.065112829519823,-14.731888578950725,-3.0021981619094418,21.584843002401332,3.2171336265169437,-0.755613313542009,0,0,0
2016-11,000001.SS,China_HK,1,3250.033936,4.823169863015497,3.1879711836306557,-2.6183219093507737,3.5629329876574856,8.106714276246475,83.57939580281575,85.52786210378011,80.94508310953776,-3.0021981619094418,-14.836808841180337,0.6727874360229924,21.584843002401332,3.2171336265169437,7.91479544055298,-0.8991235723515687,0,0,1
2016-12,000001.SS,China_HK,1,3103.636963,-4.504475211116688,4.823169863015497,3.1879711836306557,-2.6183219093507737,8.142248038260822,101.61987716920915,112.50576536117062,94.95736854307113,21.584843002401332,31.54282428415589,17.310854341296356,3.2171336265169437,7.91479544055298,-12.981087348955,0.08052018995459746,0,0,1
2017-01,000001.SS,China_HK,1,3159.166016,1.7891607060358528,-4.504475211116688,4.823169863015497,3.1879711836306557,4.333028458171369,104.88912440884498,102.22949655594364,108.44574915978217,3.2171336265169437,-9.133993064477785,14.204669762508138,7.91479544055298,-12.981087348955,16.858108837707487,0.2764772290213544,0,0,1
2017-02,000001.SS,China_HK,1,3241.73291,2.613566162139924,1.7891607060358528,-4.504475211116688,4.823169863015497,4.232742158607342,113.19088404519218,94.91658476420811,125.99899278368268,7.91479544055298,-7.153426396591556,16.186197946807358,-12.981087348955,16.858108837707487,-11.924009642381684,0.7499284136946149,0,0,0
2017-03,000001.SS,China_HK,1,3222.513916,-0.5928617357930377,2.613566162139924,1.7891607060358528,-4.504475211116688,2.8184268135828012,98.49747651623142,99.26259293094758,97.23793039014262,-12.981087348955,4.578765847439437,-22.826422464279194,16.858108837707487,-11.924009642381684,25.21966237763813,-0.07970292612513222,0,0,1
2017-04,000001.SS,China_HK,1,3154.657959,-2.1056839091707413,-0.5928617357930377,2.613566162139924,1.7891607060358528,2.8114605038269964,115.10228830973307,101.26866887410482,124.87095286051432,16.858108837707487,2.0209787835713477,28.417945918327536,-11.924009642381684,25.21966237763813,-19.96658607237466,0.8218982347521404,0,0,0
2017-05,000001.SS,China_HK,1,3117.177979,-1.1880837950457468,-2.1056839091707413,-0.5928617357930377,2.613566162139924,2.8342452845459936,101.37748035307854,98.86025521063036,100.89005654858005,-11.924009642381684,-2.378241651885993,-19.204543380654638,25.21966237763813,-19.96658607237466,34.9537634693037,-0.016757352017186686,0,0,1
2017-06,000001.SS,China_HK,1,3192.427002,2.41401111861248,-1.1880837950457468,-2.1056839091707413,-0.5928617357930377,2.8815335350267963,126.94453862508138,146.7019323984782,113.13888193766276,25.21966237763813,48.393236580177735,12.140765708843393,-19.96658607237466,34.9537634693037,-13.40475581527194,1.3684569567814138,0,0,0
2017-07,000001.SS,China_HK,1,3273.028076,2.5247585598513256,2.41401111861248,-1.1880837950457468,-2.1056839091707413,2.9157799126340334,101.59804805632561,69.98286450293756,124.43094007430538,-19.96658607237466,-52.29588093437852,9.980705079677499,34.9537634693037,-13.40475581527194,-22.585571348701183,-0.09325574279342158,0,0,1
2017-08,000001.SS,China_HK,1,3360.810059,2.6819807518204675,2.5247585598513256,2.41401111861248,-1.1880837950457468,2.850961990496164,137.11038946336316,109.75087941077447,156.3583743187689,34.9537634693037,56.82536030826179,25.658758364597812,-13.40475581527194,-22.585571348701183,1.45640671502556,1.769125616283447,0,0,0
2017-09,000001.SS,China_HK,1,3348.943115,-0.3530977291686277,2.6819807518204675,2.5247585598513256,2.41401111861248,2.677209280995328,118.73107655843098,86.45641419092814,146.35588200887045,-13.40475581527194,-21.22485518558812,-6.397158037411099,-22.585571348701183,1.45640671502556,-9.265018521286283,0.6833153665668898,0,0,0
2017-10,000001.SS,China_HK,1,3393.342041,1.3257593358673603,-0.3530977291686277,2.6819807518204675,2.5247585598513256,2.5875862288284353,91.91498454924553,71.24007597277242,109.52413552807224,-22.585571348701183,-17.60001078063723,-25.16588057497128,1.45640671502556,-9.265018521286283,8.729366354164325,-0.8369177242663346,0,0,1
2017-11,000001.SS,China_HK,1,3317.187988,-2.244219771537015,1.3257593358673603,-0.3530977291686277,2.6819807518204675,2.3811440066470277,93.25364055633545,80.09026870727538,105.41860446929931,1.45640671502556,12.423053476087631,-3.748517200321233,-9.265018521286283,8.729366354164325,-28.45406203269154,-0.7153023093285192,0,0,0
2017-12,000001.SS,China_HK,1,3307.172119,-0.30193854060225345,-2.244219771537015,1.3257593358673603,-0.3530977291686277,1.883995755985655,84.61367348701724,64.52695954230524,98.77827345940375,-9.265018521286283,-19.432209950316203,-6.29901244028458,8.729366354164325,-28.45406203269154,65.97083380479091,-1.2336645984463541,0,0,1
2018-01,000001.SS,China_HK,1,3480.833008,5.251038734945279,-0.30193854060225345,-2.244219771537015,1.3257593358673603,2.3086894165332756,91.99991103141538,75.9898567199707,106.7695834867416,8.729366354164325,17.76450844572981,8.09014953133611,-28.45406203269154,65.97083380479091,11.699680256456425,-0.6525128056178033,0,0,0
2018-02,000001.SS,China_HK,1,3259.407959,-6.361266067378091,5.251038734945279,-0.30193854060225345,-2.244219771537015,3.023378355280021,65.82219927651542,53.66386883599417,76.22563787869045,-28.45406203269154,-29.380221055357104,-28.60734734611382,65.97083380479091,11.699680256456425,0.0402988402496085,-2.142949409571251,0,0,1
2018-03,000001.SS,China_HK,1,3168.896973,-2.7769149225422285,-6.361266067378091,5.251038734945279,-0.30193854060225345,3.1318539580757867,109.2456529678837,64.72115756619361,142.5100219480453,65.97083380479091,20.60471779251023,86.95812316433921,11.699680256456425,0.0402988402496085,-15.333763880707775,0.5900008957372371,1,0,1
2018-04,000001.SS,China_HK,1,3082.231934,-2.734864520317748,-2.7769149225422285,-6.361266067378091,5.251038734945279,3.1735743037241013,122.0270450592041,94.80569979349772,144.06638272603354,11.699680256456425,46.483319147274415,1.092106194858089,0.0402988402496085,-15.333763880707775,5.999256123072527,1.2755117361317614,0,0,1
2018-05,000001.SS,China_HK,1,3095.474121,0.4296298034526913,-2.734864520317748,-2.7769149225422285,-6.361266067378091,3.159654213245103,122.07622054315382,62.3412499273977,166.9032696139428,0.0402988402496085,-34.24314143222706,15.851641761102208,-15.333763880707775,5.999256123072527,3.182714359079064,1.1736073459445548,0,0,0
2018-06,000001.SS,China_HK,1,2847.417969,-8.013510767774246,0.4296298034526913,-2.734864520317748,-2.7769149225422285,3.800635756241867,103.35734113057454,56.24654754002889,136.8462231318156,-15.333763880707775,-9.776355774814693,-18.008662473569824,5.999256123072527,3.182714359079064,-34.571624462700555,-0.01799698964290039,0,0,1
2018-07,000001.SS,China_HK,1,2876.400879,1.017866372817,-8.013510767774246,0.4296298034526913,-2.734864520317748,3.7014771838967806,109.5580127469955,85.10936841657085,127.5609563396823,5.999256123072527,51.3148311120806,-6.7851830906501265,3.182714359079064,-34.571624462700555,25.17349771161239,0.37867626972426766,0,0,1
2018-08,000001.SS,China_HK,1,2725.25,-5.254861382623011,1.017866372817,-8.013510767774246,0.4296298034526913,3.6915439258215725,113.04493135021579,67.86267332876882,146.81783097790134,3.182714359079064,-20.264155883976787,15.096213755986486,-34.571624462700555,25.17349771161239,-13.771045076727717,0.557552855944708,0,0,0
2018-09,000001.SS,China_HK,1,2821.350098,3.5262855884781175,-5.254861382623011,1.017866372817,-8.013510767774246,3.9760671257882243,73.96346220970153,49.602893877029416,88.1794579188029,-34.571624462700555,-26.906955703436154,-39.939544582922316,25.17349771161239,-13.771045076727717,8.45156427798377,-1.6910069748655194,0,0,1
2018-10,000001.SS,China_HK,1,2602.782959,-7.746898874937136,3.5262855884781175,-5.254861382623011,1.017866372817,4.273562239572853,92.58265267649004,61.918164991563366,115.57533417978594,25.17349771161239,24.8277270779095,31.06832011397669,-13.771045076727717,8.45156427798377,1.0709526807535674,-0.6268948726858339,0,0,0
2018-11,000001.SS,China_HK,1,2588.187988,-0.5607448346598765,-7.746898874937136,3.5262855884781175,-5.254861382623011,4.295999389625459,79.83305384318034,48.951593685150144,103.46333103179931,-13.771045076727717,-20.94146573655724,-10.479747459908284,8.45156427798377,1.0709526807535674,12.624990293825844,-1.3560584289494768,0,0,1
2018-12,000001.SS,China_HK,1,2493.895996,-3.643166278383947,-0.5607448346598765,-7.746898874937136,3.5262855884781175,4.286997690623667,86.58019570381411,64.75931516770393,99.9929014944261,8.45156427798377,32.292557386848046,-3.3542603961847828,1.0709526807535674,12.624990293825844,-19.17630273940678,-0.9074144937294559,0,0,1
2019-01,000001.SS,China_HK,1,2584.572021,3.6359184643399933,-3.643166278383947,-0.5607448346598765,-7.746898874937136,4.0492266717963545,87.5074286307058,54.891605531015706,113.59607076644897,1.0709526807535674,-15.237513879098808,13.60413496230144,12.624990293825844,-19.17630273940678,-0.8685045212788456,-0.801073848206824,0,0,1
2019-02,000001.SS,China_HK,1,2940.954102,13.788823762864698,3.6359184643399933,-3.643166278383947,-0.5607448346598765,5.968426741746641,98.55523300170898,57.736959321158274,130.96962765284948,12.624990293825844,5.183586383777472,15.294153018831214,-19.17630273940678,-0.8685045212788456,33.10270858929771,-0.14271946978709077,0,0,0
2019-03,000001.SS,China_HK,1,3090.758057,5.093719582299006,13.788823762864698,3.6359184643399933,-3.643166278383947,6.148510827522909,79.65598315577353,67.75160512616557,85.8987022830594,-19.17630273940678,17.345294803804002,-34.41326525662569,-0.8685045212788456,33.10270858929771,-1.685648374379367,-1.1424746158846457,0,0,0
2019-04,000001.SS,China_HK,1,3086.398926,-0.14103760047240455,5.093719582299006,13.788823762864698,3.6359184643399933,6.090420384475081,78.96416734059652,57.763711071014406,93.91384995778402,-0.8685045212788456,-14.741929783880291,9.330929876347316,33.10270858929771,-1.685648374379367,-9.939817225846037,-1.0844430097283153,0,0,1
2019-05,000001.SS,China_HK,1,2898.696045,-6.081614382987888,-0.14103760047240455,5.093719582299006,13.788823762864698,6.350429761314338,105.10344554531959,63.40447973435925,133.1031727944651,33.10270858929771,9.765246309071296,41.729013190596916,-1.685648374379367,-9.939817225846037,13.921162899248628,0.33804429903187627,0,0,0
2019-06,000001.SS,China_HK,1,2978.87793,2.766136350801829,-6.081614382987888,-0.14103760047240455,5.093719582299006,5.9178239052800645,103.3317710240682,51.50454092025757,138.8043354034424,-1.685648374379367,-18.768293445444108,4.283265747376963,-9.939817225846037,13.921162899248628,-12.699931906120154,0.3113759427556039,0,0,0
2019-07,000001.SS,China_HK,1,2932.51001,-1.556556565579048,2.766136350801829,-6.081614382987888,-0.14103760047240455,5.9452638422532935,93.06078184804609,47.329337519984094,126.32542345600743,-9.939817225846037,-8.10647629446455,-8.990289756558633,13.921162899248628,-12.699931906120154,2.8698387190764008,-0.2605231431616406,0,0,1
2019-08,000001.SS,China_HK,1,2886.23999,-1.5778299082430003,-1.556556565579048,2.766136350801829,-6.081614382987888,5.722462332698665,106.01592488442698,74.11447860348609,125.86253258489793,13.921162899248628,56.593103742879094,-0.3664273259061712,-12.699931906120154,2.8698387190764008,-22.581225044357122,0.6360280812730083,0,0,0
2019-09,000001.SS,China_HK,1,2905.189941,0.6565618613024737,-1.5778299082430003,-1.556556565579048,2.766136350801829,5.64970667206215,92.55197461446126,70.08315865198772,112.63771381378174,-12.699931906120154,-5.439314999523937,-10.507351552135392,2.8698387190764008,-22.581225044357122,-1.8944804802661475,-0.18151693898220844,0,0,1
2019-10,000001.SS,China_HK,1,2929.060059,0.8216370868950218,0.6565618613024737,-1.5778299082430003,-1.556556565579048,5.036562549088509,95.20806701721683,69.20361838802215,118.00913903021043,2.8698387190764008,-1.2549951812718674,4.768762641355617,-22.581225044357122,-1.8944804802661475,93.42482713456963,-0.008370969890582997,0,0,0
2019-11,000001.SS,China_HK,1,2871.97998,-1.9487507203757137,0.8216370868950218,0.6565618613024737,-1.5778299082430003,5.093786532923413,73.70891914367675,52.628954823811846,86.17964719136556,-22.581225044357122,-23.95057361202817,-26.972056656303966,-1.8944804802661475,93.42482713456963,-45.859153499296525,-1.3702344917470703,0,0,0
2019-12,000001.SS,China_HK,1,3050.124023,6.202830250926739,-1.9487507203757137,0.8216370868950218,0.6565618613024737,5.073555070973197,72.31251805828464,60.52569272441249,79.17934866874448,-1.8944804802661475,15.004550113215975,-8.122913879046889,93.42482713456963,-45.859153499296525,9.297101316181845,-1.3788146832098769,0,0,1
2020-01,000001.SS,China_HK,1,2976.528076,-2.4128837530879577,6.202830250926739,-1.9487507203757137,0.8216370868950218,5.174585523572897,139.8703630508915,84.9525350447624,191.54257983546103,93.42482713456963,40.35780710775339,141.90976947385673,-45.859153499296525,9.297101316181845,-15.71040369340041,2.3984234895573473,1,1,0
2020-02,000001.SS,China_HK,1,2880.303955,-3.232763761775459,-2.4128837530879577,6.202830250926739,-1.9487507203757137,3.5032671574250998,75.72699855935984,56.10202249987372,87.16311290346343,-45.859153499296525,-33.960743525413385,-54.49413233426306,9.297101316181845,-15.71040369340041,-0.37686680923350035,-1.1696176844696133,0,1,1
2020-03,000001.SS,China_HK,1,2750.295898,-4.513692271064496,-3.232763761775459,-2.4128837530879577,6.202830250926739,3.2957084873195313,82.76741433912709,64.03543063132993,98.19669649677891,9.297101316181845,14.141037663079015,12.658546976787765,-15.71040369340041,-0.37686680923350035,3.027754065969246,-0.7094840570068491,0,1,0
2020-04,000001.SS,China_HK,1,2860.082031,3.991793504103902,-4.513692271064496,-3.232763761775459,-2.4128837530879577,3.587339291484908,69.76431941986084,47.72460098266602,82.26346549987792,-15.71040369340041,-25.47157017272198,-16.225831993669605,-0.37686680923350035,3.027754065969246,-4.293498750492198,-1.3384281588774083,0,1,0
2020-05,000001.SS,China_HK,1,2852.351074,-0.2703054288724971,3.991793504103902,-4.513692271064496,-3.232763761775459,3.1406483961270752,69.50140085527974,42.106849024372714,85.36720494301089,-0.37686680923350035,-11.771186856719284,3.772925714073616,3.027754065969246,-4.293498750492198,-5.254596548829982,-1.2641225588871834,0,1,1
2020-06,000001.SS,China_HK,1,2984.674072,4.639085251677533,-0.2703054288724971,3.991793504103902,-4.513692271064496,3.3359320909552914,71.60573234558106,51.320197105407715,86.46775321960449,3.027754065969246,21.88087756388999,1.289193288369117,-4.293498750492198,-5.254596548829982,27.892667765632396,-1.0480468176075706,0,1,0
2020-07,000001.SS,China_HK,1,3310.00708,10.900118409980951,4.639085251677533,-0.2703054288724971,3.991793504103902,4.5147513901248395,68.53134112204275,36.44394225458945,92.3572107745755,-4.293498750492198,-28.98713506548618,6.811160618471734,-5.254596548829982,27.892667765632396,-7.62341761045866,-1.1294147111936224,0,0,0
2020-08,000001.SS,China_HK,1,3395.677979,2.588239146606308,10.900118409980951,4.639085251677533,-0.2703054288724971,4.449430759463751,64.93029563657699,27.294767964270807,89.9976692199707,-5.254596548829982,-25.104787584187527,-2.5547994951514386,27.892667765632396,-7.62341761045866,-8.272171743840929,-1.2409867889200987,0,0,1
2020-09,000001.SS,China_HK,1,3218.052002,-5.230942925050552,2.588239146606308,10.900118409980951,4.639085251677533,4.851523934514364,83.04108727773031,49.94818175633748,105.76334724426269,27.892667765632396,82.9954437484879,17.517873697104093,-7.62341761045866,-8.272171743840929,-11.477018729790899,-0.19368612145326036,0,0,0
2020-10,000001.SS,China_HK,1,3224.532959,0.20139379338719454,-5.230942925050552,2.588239146606308,10.900118409980951,4.8564474006241785,76.71051840628347,43.048690057569935,98.63585779743809,-7.62341761045866,-13.813299015418378,-6.739092164285898,-8.272171743840929,-11.477018729790899,20.377331218205175,-0.5310391234579444,0,0,0
2020-11,000001.SS,China_HK,1,3391.76001,5.18608595806882,0.20139379338719454,-5.230942925050552,2.588239146606308,4.91114856808939,70.364892578125,62.07505849202474,79.94887498219808,-8.272171743840929,44.197322633999846,-18.94542535800341,-11.477018729790899,20.377331218205175,-3.544024808415902,-0.8727351360468183,0,0,0
2020-12,000001.SS,China_HK,1,3473.069092,2.3972533952955066,5.18608595806882,0.20139379338719454,-5.230942925050552,4.698411903249104,62.28910067773634,29.27726056498866,85.56250313789614,-11.477018729790899,-52.8357100642118,7.021522387836021,20.377331218205175,-3.544024808415902,7.229044395559336,-1.241929193326495,0,0,1
2021-01,000001.SS,China_HK,1,3483.069092,0.28792977436107314,2.3972533952955066,5.18608595806882,0.20139379338719454,4.573315836270575,74.98195703567997,47.25387308674474,95.04665202479208,20.377331218205175,61.40127926877659,11.084468708928341,-3.544024808415902,7.229044395559336,9.128842161979843,-0.4909869325486777,0,0,0
2021-02,000001.SS,China_HK,1,3509.080078,0.746783520882266,0.28792977436107314,2.3972533952955066,5.18608595806882,4.344444889751554,72.32457787649972,46.01375893184117,91.39712776456561,-3.544024808415902,-2.6243651025749215,-3.8397188985410335,7.229044395559336,9.128842161979843,6.3745163092844725,-0.5840812846265266,0,0,1
2001-01,399001.SZ,China_HK,1,4743.370117,-0.19735696175897655,-1.6270753003107319,5.644592559818373,1.09557432015015,4.832989731605692,47.34544200281943,39.250703688590754,53.58126591097924,2.8989908486964033,-11.863157433402927,14.962542983127358,18.989927506775352,9.558998400811113,-20.567427445911946,-1.1276709843340298,0,0,1
2001-02,399001.SZ,China_HK,1,4453.140137,-6.118645031721859,-0.19735696175897655,-1.6270753003107319,5.644592559818373,3.635982055617918,56.336307116917204,45.95857455049242,65.78157465798515,18.989927506775352,17.089810453134604,22.769728448140224,9.558998400811113,-20.567427445911946,22.282612275385794,-0.5528914270022299,0,0,1
2001-03,399001.SZ,China_HK,1,4965.990234,11.516594610146203,-6.118645031721859,-0.19735696175897655,-1.6270753003107319,4.933601126554711,61.72149381329936,57.44915543833086,65.804611175291,9.558998400811113,25.002039336999694,0.035019710953454464,-20.567427445911946,22.282612275385794,18.33193624265337,-0.16449345719586606,0,0,0
2001-04,399001.SZ,China_HK,1,4802.589844,-3.290388871111094,11.516594610146203,-6.118645031721859,-0.19735696175897655,5.0036900854896915,49.026970354715985,47.12476806640625,50.69535102844238,-20.567427445911946,-17.97134752138766,-22.96079237760469,22.282612275385794,18.33193624265337,-15.444990282835402,-0.9863278333381387,0,0,1
2001-05,399001.SZ,China_HK,1,4857.470215,1.1427245045413148,-3.290388871111094,11.516594610146203,-6.118645031721859,4.9942092082158664,59.95146006922568,56.56440058062154,60.64858498111848,22.282612275385794,20.031149014703598,19.633425453730236,18.33193624265337,-15.444990282835402,6.919856867837648,-0.08072137279815189,0,0,1
2001-06,399001.SZ,China_HK,1,4716.899902,-2.893899638662023,1.1427245045413148,-3.290388871111094,11.516594610146203,4.946963076714369,70.94172350565593,62.602798779805504,78.85646438598633,18.33193624265337,10.675262421595733,30.02193606089316,-15.444990282835402,6.919856867837648,636.705984061322,0.8917469952324577,0,0,0
2001-07,399001.SZ,China_HK,1,4059.01001,-13.947505897274814,-2.893899638662023,1.1427245045413148,-3.290388871111094,6.3236339076226304,59.984781203731416,53.3461978666244,62.87733785567745,-15.444990282835402,-14.786241340007166,-20.26355943641387,6.919856867837648,636.705984061322,6.680150322070344,-0.040735325784857314,0,0,1
2001-08,399001.SZ,China_HK,1,3860.219971,-4.897500585370573,-13.947505897274814,-2.893899638662023,1.1427245045413148,6.405611549682097,64.13564220551521,73.31873946036062,56.88255968401509,6.919856867837648,37.43948471017813,-9.534083942011339,636.705984061322,6.680150322070344,-41.24090377218973,0.3121450090099885,0,1,1
2001-09,399001.SZ,China_HK,1,3498.629883,-9.36708505516407,-4.897500585370573,-13.947505897274814,-2.893899638662023,6.6655977377796995,472.49111404418943,791.8359584172566,249.4176373163859,636.705984061322,979.9912331353685,338.47822373309316,6.680150322070344,-41.24090377218973,-21.93115492388762,4.651889065398863,1,1,1
2001-10,399001.SZ,China_HK,1,3438.530029,-1.7178111435001475,-9.36708505516407,-4.897500585370573,-13.947505897274814,6.599356893278141,504.05423072076616,840.6995652721774,257.8192534908172,6.680150322070344,6.170925472062505,3.368493208751655,-41.24090377218973,-21.93115492388762,-26.483715938044828,3.36038803354654,0,1,0
2001-11,399001.SZ,China_HK,1,3513.75,2.187561846649788,-1.7178111435001475,-9.36708505516407,-4.897500585370573,6.2968704186640325,296.1777104695638,494.21396484375,141.4245381673177,-41.24090377218973,-41.21396212644078,-45.14585848323587,-21.93115492388762,-26.483715938044828,-15.629290096238414,1.4919838256736058,0,1,0
2001-12,399001.SZ,China_HK,1,3325.659912,-5.352972977588044,2.187561846649788,-1.7178111435001475,-9.36708505516407,6.3451289940821844,231.22251793646043,376.6929409888483,121.45619632351783,-21.93115492388762,-23.77938144505022,-14.119432244619079,-26.483715938044828,-15.629290096238414,4.7790402345696315,0.9207024060052467,0,1,0
2002-01,399001.SZ,China_HK,1,2982.699951,-10.312538566030016,-5.352972977588044,2.187561846649788,-1.7178111435001475,6.640949348680475,169.9862031013735,259.16573752126385,104.05673919185516,-26.483715938044828,-31.199736092496554,-14.325705611030715,-15.629290096238414,4.7790402345696315,2.5704229747520735,0.4178106412301901,0,1,0
2002-02,399001.SZ,China_HK,1,3029.48999,1.5687142444318791,-10.312538566030016,-5.352972977588044,2.187561846649788,6.744569504793526,143.41856629507882,209.38243239266532,93.08014828818185,-15.629290096238414,-19.20906119950132,-10.548659307337282,4.7790402345696315,2.5704229747520735,3.2632959591828437,0.1896965876609148,0,1,1
2002-03,399001.SZ,China_HK,1,3173.899902,4.766806045792538,1.5687142444318791,-10.312538566030016,-5.352972977588044,5.615658889662272,150.27259728216356,217.83082137569303,97.68620583318895,4.7790402345696315,4.034908223429179,4.948485396420366,2.5704229747520735,3.2632959591828437,-7.141906512616192,0.2115393086592408,0,1,1
2002-04,399001.SZ,China_HK,1,3253.459961,2.506697169304739,4.766806045792538,1.5687142444318791,-10.312538566030016,5.879377467838465,154.13523864746094,219.28201649983723,99.5971280415853,2.5704229747520735,0.6662028426368982,1.9561842863049517,3.2632959591828437,-7.141906512616192,-19.228603110713394,0.20906450846680694,0,1,1
2002-05,399001.SZ,China_HK,1,3037.0,-6.653223448106238,2.506697169304739,4.766806045792538,1.5687142444318791,5.807091087809792,159.16512766192037,205.2949966922883,137.87667772846837,3.2632959591828437,-6.378553075536553,38.434391070895146,-7.141906512616192,-19.228603110713394,6.386640324555559,0.22283561106419553,0,1,0
2002-06,399001.SZ,China_HK,1,3551.330078,16.935465195917022,-6.653223448106238,2.506697169304739,4.766806045792538,8.32521756083014,147.7977030436198,185.49468332926432,127.91307754516602,-7.141906512616192,-9.644810483473298,-7.2264579822009285,-19.228603110713394,6.386640324555559,34.05336231874485,0.10795986852254974,0,1,0
2002-07,399001.SZ,China_HK,1,3405.699951,-4.100720682151127,16.935465195917022,-6.653223448106238,2.506697169304739,7.486090165932875,119.37826931861139,161.98243344214654,92.84361993112871,-19.228603110713394,-12.675430618883077,-27.416631893368603,6.386640324555559,34.05336231874485,-1.1482428597716532,-0.13781889802288977,0,0,1
2002-08,399001.SZ,China_HK,1,3436.840088,0.9143535087656973,-4.100720682151127,16.935465195917022,-6.653223448106238,7.412990084328088,127.00253000567037,157.38569099672378,101.13534890451739,6.386640324555559,-2.8378030553939837,8.930854892925822,34.05336231874485,-1.1482428597716532,-7.277545082473935,-0.10494483165416127,0,0,1
2002-09,399001.SZ,China_HK,1,3243.929932,-5.613009365014133,0.9143535087656973,-4.100720682151127,16.935465195917022,7.086877371754834,170.25116170247395,185.25534108479818,167.88976720174153,34.05336231874485,17.707867793810127,66.00503090195247,-1.1482428597716532,-7.277545082473935,12.179669045440855,0.20325984695605837,0,0,0
2002-10,399001.SZ,China_HK,1,3036.179932,-6.404269030309006,-5.613009365014133,0.9143535087656973,-4.100720682151127,7.29190905550175,168.296264894547,195.84739069784843,161.10799457180886,-1.1482428597716532,5.717540747287764,-4.039419878272565,-7.277545082473935,12.179669045440855,17.26225132075463,0.15715499103937208,0,0,0
2002-11,399001.SZ,China_HK,1,2920.719971,-3.8028036409536448,-6.404269030309006,-5.613009365014133,0.9143535087656973,7.274082511462668,156.04842834472657,175.04123814900717,151.88629328409831,-7.277545082473935,-10.623655732508986,-5.723925316195444,12.179669045440855,17.26225132075463,15.061801848864963,0.020633136554032164,0,0,1
2002-12,399001.SZ,China_HK,1,2759.300049,-5.526716823343147,-3.8028036409536448,-6.404269030309006,-5.613009365014133,7.283059983799265,175.05461046772618,174.67416357224988,183.75799191382623,12.179669045440855,-0.20970748415570784,20.983920234403875,17.26225132075463,15.061801848864963,47.86395462919402,0.13548947851311843,0,0,1
2003-01,399001.SZ,China_HK,1,3051.219971,10.57949178472979,-5.526716823343147,-3.8028036409536448,-6.404269030309006,7.431004844867335,205.2729772752331,176.48827115951045,244.28261073943108,17.26225132075463,1.0385666375383629,32.93713552006381,15.061801848864963,47.86395462919402,-27.597525181866878,0.3400154865225365,0,0,1
2003-02,399001.SZ,China_HK,1,3057.23999,0.19729875450529288,10.57949178472979,-5.526716823343147,-3.8028036409536448,7.422455953475942,236.19078636169434,210.63462039402552,291.2838772365025,15.061801848864963,19.34765920147381,19.240528973716554,47.86395462919402,-27.597525181866878,-36.85013674083216,0.547533154274486,0,0,1
2003-03,399001.SZ,China_HK,1,3101.860107,1.4594901658341763,0.19729875450529288,10.57949178472979,-5.526716823343147,7.302625962910109,349.2410371841923,413.45056693784653,352.7903245495212,47.86395462919402,96.28803952760548,21.115637396943754,-27.597525181866878,-36.85013674083216,-8.741552754206271,1.3891505960157058,1,0,0
2003-04,399001.SZ,China_HK,1,3260.75,5.122406798470114,1.4594901658341763,0.19729875450529288,10.57949178472979,7.4209938886491384,252.85915400187176,326.76046600341795,210.79934641520182,-27.597525181866878,-20.967464520966683,-40.2479796790425,-36.85013674083216,-8.741552754206271,-8.073495492440319,0.5148805034165131,0,0,0
2003-05,399001.SZ,China_HK,1,3503.689941,7.450431373150357,5.122406798470114,1.4594901658341763,0.19729875450529288,7.343178480029512,159.68020999047064,183.58484895767705,150.55725589875252,-36.85013674083216,-43.81668896391011,-28.577930406763798,-8.741552754206271,-8.073495492440319,2.5679680059377485,-0.33859645096062396,0,0,0
2003-06,399001.SZ,China_HK,1,3224.810059,-7.959605064836417,7.450431373150357,5.122406798470114,1.4594901658341763,5.950221565224058,145.7216801961263,176.93343124389648,127.7050184249878,-8.741552754206271,-3.623075516059593,-15.178436494042181,-8.073495492440319,2.5679680059377485,-13.59457280674885,-0.5029181585692353,0,0,0
2003-07,399001.SZ,China_HK,1,3318.419922,2.902802375561553,-7.959605064836417,7.450431373150357,5.122406798470114,5.923360401662092,133.95684691398375,166.529414761451,106.6518937387774,-8.073495492440319,-5.880186920754349,-16.485745780285622,2.5679680059377485,-13.59457280674885,-9.404549940243411,-0.6575022098566479,0,0,1
2003-08,399001.SZ,China_HK,1,3192.370117,-3.7984886772265525,2.902802375561553,-7.959605064836417,7.450431373150357,6.008747611620612,137.39681588449787,179.2770211004442,108.98332251271894,2.5679680059377485,7.654867674430843,2.186017230647508,-13.59457280674885,-9.404549940243411,9.037235190035675,-0.6740441743414888,0,0,0
2003-09,399001.SZ,China_HK,1,3054.899902,-4.306211684790052,-3.7984886772265525,2.902802375561553,-7.959605064836417,5.917811238996135,118.71830571492514,145.99144999186197,97.7679594039917,-13.59457280674885,-18.56655744515813,-10.290898506437395,-9.404549940243411,9.037235190035675,12.52368017722989,-0.8383518008892655,0,0,0
2003-10,399001.SZ,China_HK,1,3167.340088,3.6806504175926236,-4.306211684790052,-3.7984886772265525,2.902802375561553,5.690107600114501,107.55338336575416,129.5931615521831,91.48407450029927,-9.404549940243411,-11.232362196959455,-6.4273458728196236,9.037235190035675,12.52368017722989,-13.501723875035932,-1.156165429144045,0,0,1
2003-11,399001.SZ,China_HK,1,3267.939941,3.176162022548179,3.6806504175926236,-4.306211684790052,-3.7984886772265525,5.565648881755841,117.27323557535807,152.34808400472005,93.18425509134929,9.037235190035675,17.55873703519013,1.85844432524096,12.52368017722989,-13.501723875035932,0.6077524070589702,-0.9411455660729602,0,0,1
2003-12,399001.SZ,China_HK,1,3479.800049,6.48298658558486,3.176162022548179,3.6806504175926236,-4.306211684790052,5.344747743795694,131.9601605323053,166.63024114793348,112.74830061389554,12.52368017722989,9.374687733369157,20.995011982837084,-13.501723875035932,0.6077524070589702,19.33554692769983,-0.607084009889599,0,0,0
2004-01,399001.SZ,China_HK,1,3716.870117,6.812749717275501,6.48298658558486,3.176162022548179,3.6806504175926236,4.8917557808027565,114.1432640321793,127.11111671693864,107.96992640341482,-13.501723875035932,-23.716658008020264,-4.238089784469723,0.6077524070589702,19.33554692769983,8.529074870679644,-0.8844800294625489,0,0,1
2004-02,399001.SZ,China_HK,1,3919.919922,5.462924412432457,6.812749717275501,6.48298658558486,3.176162022548179,4.973499921564264,114.83697246683055,130.29377562424233,103.49829351490942,0.6077524070589702,2.503839939028385,-4.141554076639597,19.33554692769983,8.529074870679644,-18.08536449217786,-0.8379888001533916,0,0,1
2004-03,399001.SZ,China_HK,1,4060.139893,3.5771131500170528,5.462924412432457,6.812749717275501,6.48298658558486,4.98211939319687,137.0413291685043,182.14090384206463,107.18084593742124,19.33554692769983,39.792482771660254,3.558080329103519,8.529074870679644,-18.08536449217786,12.444061856436273,-0.41912189126732874,0,0,1
2004-04,399001.SZ,China_HK,1,3613.169922,-11.008733264846649,3.5771131500170528,5.462924412432457,6.812749717275501,6.202694751508568,148.72968673706055,203.51488087972004,120.71956570943196,8.529074870679644,11.734858335933641,12.631659746290346,-18.08536449217786,12.444061856436273,-4.812826861738328,-0.20109534769664494,0,0,0
2004-05,399001.SZ,China_HK,1,3577.649902,-0.9830708426892487,-11.008733264846649,3.5771131500170528,5.462924412432457,5.879623412448376,121.83138078258884,160.97313985516948,91.7239502937563,-18.08536449217786,-20.903503881710396,-24.018985858073037,12.444061856436273,-4.812826861738328,7.326084232038577,-0.6577450373351099,0,0,1
2004-06,399001.SZ,China_HK,1,3275.850098,-8.435699754503268,-0.9830708426892487,-11.008733264846649,3.5771131500170528,5.941969585717041,136.9921531677246,177.06919593811034,107.51701380411784,12.444061856436273,9.9992185636826,17.21803679386078,-4.812826861738328,7.326084232038577,9.302013958189859,-0.37433464268107997,0,0,0
2004-07,399001.SZ,China_HK,1,3283.370117,0.22955931361423598,-8.435699754503268,-0.9830708426892487,-11.008733264846649,5.885231809466063,130.39895802159464,159.34060545890563,120.38267381729618,-4.812826861738328,-10.012238653526872,11.96616196634508,7.326084232038577,9.302013958189859,-22.82005024743897,-0.5042698226408638,0,0,1
2004-08,399001.SZ,China_HK,1,3175.790039,-3.276513891717314,0.22955931361423598,-8.435699754503268,-0.9830708426892487,5.85586255618641,139.9520955239573,177.53836158014113,126.08562567926222,7.326084232038577,11.420664600103292,4.737352711255904,9.302013958189859,-22.82005024743897,5.420373167086323,-0.3422804943272867,0,0,1
2004-09,399001.SZ,China_HK,1,3453.909912,8.757501899828846,-3.276513891717314,0.22955931361423598,-8.435699754503268,6.164833603996776,152.970458984375,188.2974100748698,129.69852345784506,9.302013958189859,6.060126047672232,2.8654319309747045,-22.82005024743897,5.420373167086323,-13.892755620942731,-0.09186768304555457,0,0,0
2004-10,399001.SZ,China_HK,1,3216.350098,-6.877996822518173,8.757501899828846,-3.276513891717314,0.22955931361423598,6.522687575093165,118.0625233804026,147.26095236501385,96.84527255642799,-22.82005024743897,-21.793426523253423,-25.33047410681982,5.420373167086323,-13.892755620942731,-7.26291042543833,-0.6838368102148895,0,0,1
2004-11,399001.SZ,China_HK,1,3226.01001,0.3003377028516496,-6.877996822518173,8.757501899828846,-3.276513891717314,6.461004785647102,124.46195271809896,154.47430343627929,99.13031984965006,5.420373167086323,4.898346068946902,2.3594825363217,-13.892755620942731,-7.26291042543833,10.283956104618763,-0.5408137756069878,0,0,0
2004-12,399001.SZ,China_HK,1,3067.570068,-4.911328281960293,0.3003377028516496,-6.877996822518173,8.757501899828846,6.269989522928937,107.17075778592017,141.9146915558846,79.30897829609532,-13.892755620942731,-8.130550907824963,-19.995236153396423,-7.26291042543833,10.283956104618763,-17.45270714392596,-0.7913484165691447,0,0,0
2005-01,399001.SZ,China_HK,1,3045.47998,-0.7201168191865337,-4.911328281960293,0.3003377028516496,-6.877996822518173,5.79042024879698,99.38704164566532,126.41269216229838,77.36354717131584,-7.26291042543833,-10.923463401589872,-2.4529771616982887,10.283956104618763,-17.45270714392596,-3.9145466707558807,-0.8546164799301317,0,0,1
2005-02,399001.SZ,China_HK,1,3376.320068,10.863315148110075,-0.7201168191865337,-4.911328281960293,0.3003377028516496,6.54116294980007,109.60796138218471,108.7996129989624,105.78578090667725,10.283956104618763,-13.932999022537196,36.73853484564569,-17.45270714392596,-3.9145466707558807,13.63922143399825,-0.6093248456395398,0,0,0
2005-03,399001.SZ,China_HK,1,3170.350098,-6.100427857895852,10.863315148110075,-0.7201168191865337,-4.911328281960293,6.516632461101185,90.47840487572455,87.14632021996283,87.85526915519468,-17.45270714392596,-19.901994301400748,-16.94983162935727,-3.9145466707558807,13.63922143399825,-17.244799928592734,-1.3114835862782213,0,0,0
2005-04,399001.SZ,China_HK,1,3156.669922,-0.43150363767805455,-6.100427857895852,10.863315148110075,-0.7201168191865337,5.8455356123874616,86.93658548990885,102.42798690795898,72.97031523386637,-3.9145466707558807,17.535641951862413,-16.942585304740586,13.63922143399825,-17.244799928592734,101.53634744222848,-1.9681854593802057,0,0,1
2005-05,399001.SZ,China_HK,1,2801.659912,-11.246345635500365,-0.43150363767805455,-6.100427857895852,10.863315148110075,6.5559884218900235,98.79405889203471,105.33132522336898,90.99365062098349,13.63922143399825,2.834516622902017,24.69954436862878,-17.244799928592734,101.53634744222848,-29.06039521641346,-1.26982662995963,0,0,0
2005-06,399001.SZ,China_HK,1,2760.22998,-1.4787637793776565,-11.246345635500365,-0.43150363767805455,-6.100427857895852,6.216672797487722,81.75722109476725,95.1893081665039,69.31578687032064,-17.244799928592734,-9.628680770281385,-23.82349054326638,101.53634744222848,-29.06039521641346,-11.224524686306193,-1.9527645530909168,0,0,1
2005-07,399001.SZ,China_HK,1,2887.570068,4.613386888870763,-1.4787637793776565,-11.246345635500365,-0.43150363767805455,6.4358882957094545,164.77051716466104,237.00151295815743,116.65942007495511,101.53634744222848,148.97913171466425,68.30137165319535,-29.06039521641346,-11.224524686306193,-15.755245474037638,2.096672493283496,1,0,0
2005-08,399001.SZ,China_HK,1,2950.429932,2.1769121621190157,4.613386888870763,-1.4787637793776565,-11.246345635500365,6.4434850968787,116.88755367648217,143.29871208437027,94.36514368364888,-29.06039521641346,-39.53679438760814,-19.11056679090457,-11.224524686306193,-15.755245474037638,-6.115837148029257,-0.13086161533737817,0,0,0
2005-09,399001.SZ,China_HK,1,2903.110107,-1.6038281230397966,2.1769121621190157,4.613386888870763,-1.4787637793776565,5.759624566257882,103.76748135884603,130.99529851277669,78.09897527694702,-11.224524686306193,-8.585850767695435,-17.237475376748023,-15.755245474037638,-6.115837148029257,16.183129415888263,-0.7222024783719024,0,0,0
2005-10,399001.SZ,China_HK,1,2662.290039,-8.295244035675154,-1.6038281230397966,2.1769121621190157,4.613386888870763,5.89762211032049,87.41865994853359,105.815919445407,73.7711932274603,-15.755245474037638,-19.221589899208325,-5.541406957184714,-6.115837148029257,16.183129415888263,-1.7312131574054201,-1.4009850531265875,0,0,0
2005-11,399001.SZ,China_HK,1,2676.850098,0.5468998038045791,-8.295244035675154,-1.6038281230397966,2.1769121621190157,5.904520591675764,82.0722770690918,93.67955487569174,70.19666430155436,-6.115837148029257,-11.469318258843575,-4.84542647274867,16.183129415888263,-1.7312131574054201,3.0493001694113175,-1.4956872910468275,0,0,1
2005-12,399001.SZ,China_HK,1,2863.610107,6.976857207638831,0.5468998038045791,-8.295244035675154,-1.6038281230397966,6.246016563598022,95.3541398817493,131.53387844947076,69.47696587347215,16.183129415888263,40.40830854075885,-1.0252601533749406,-1.7312131574054201,3.0493001694113175,-4.876761101613781,-0.8501301787759667,0,0,0
2006-01,399001.SZ,China_HK,1,3242.350098,13.225962224193255,6.976857207638831,0.5468998038045791,-8.295244035675154,7.374781822728907,93.70335646598569,99.09636282151745,89.04377758887506,-1.7312131574054201,-24.660958842184765,28.163019886385033,3.0493001694113175,-4.876761101613781,-2.7477636832640484,-0.86918062114162,0,0,1
2006-02,399001.SZ,China_HK,1,3351.639893,3.3706969234264417,13.225962224193255,6.976857207638831,0.5468998038045791,6.731748586308077,96.56065307344709,102.5961035319737,90.61754550252643,3.0493001694113175,3.5316540494625848,1.7674091960896199,-4.876761101613781,-2.7477636832640484,-5.529103500524313,-0.708329151877598,0,0,0
2006-03,399001.SZ,China_HK,1,3516.399902,4.915802838607641,3.3706969234264417,13.225962224193255,6.976857207638831,6.551169904287241,91.85162070489699,96.46455383300781,86.54391436423025,-4.876761101613781,-5.976396264459504,-4.495411032935781,-2.7477636832640484,-5.529103500524313,21.25192544792216,-0.831433334170445,0,0,0
2006-04,399001.SZ,China_HK,1,3848.100098,9.432948619164193,4.915802838607641,3.3706969234264417,13.225962224193255,6.952993202392241,89.32775522867838,92.80472908020019,86.14640655517579,-2.7477636832640484,-3.7939580989958643,-0.45931341559326544,-5.529103500524313,21.25192544792216,34.3204566344385,-0.8681456484447946,0,0,0
2006-05,399001.SZ,China_HK,1,4292.100098,11.538161396341096,9.432948619164193,4.915802838607641,3.3706969234264417,6.099309613161931,84.38873118738974,80.68312811082409,83.90371753323463,-5.529103500524313,-13.06140440203304,-2.603345991576267,21.25192544792216,34.3204566344385,7.312638981344266,-0.999507531482902,0,0,1
2006-06,399001.SZ,China_HK,1,4301.660156,0.22273613806105264,11.538161396341096,9.432948619164193,4.915802838607641,5.984515401346218,102.32296142578124,114.45484237670898,90.22701250712076,21.25192544792216,41.857219788872115,7.536370449118013,34.3204566344385,7.312638981344266,-22.965425288660548,-0.17227721348087163,0,0,1
2006-07,399001.SZ,China_HK,1,3946.899902,-8.247054419331024,0.22273613806105264,11.538161396341096,9.432948619164193,6.927591481298458,137.44066902898973,144.67092710925687,133.83614447809035,34.3204566344385,26.40000554375559,48.33267860611912,7.312638981344266,-22.965425288660548,-0.7804776668569935,1.359095430202944,0,0,1
2006-08,399001.SZ,China_HK,1,4178.839844,5.876509355671011,-8.247054419331024,0.22273613806105264,11.538161396341096,6.976814636594129,147.491208968624,160.77977629630797,141.31128421906502,7.312638981344266,11.134821286439633,5.585292201986869,-22.965425288660548,-0.7804776668569935,-22.11167420803153,1.7460298472526472,0,0,0
2006-09,399001.SZ,China_HK,1,4326.779785,3.540215622582732,5.876509355671011,-8.247054419331024,0.22273613806105264,6.813396538174371,113.61922556559244,117.84904912312825,111.18667894999186,-22.965425288660548,-26.701571654174238,-21.317904961059643,-0.7804776668569935,-22.11167420803153,4.216522278378543,0.39923758677984533,0,0,0
2006-10,399001.SZ,China_HK,1,4621.97998,6.822630447322386,3.540215622582732,5.876509355671011,-8.247054419331024,5.7265681905783365,112.73245288479713,100.46679675194525,124.12324234747118,-0.7804776668569935,-14.749590684454382,11.634993975580254,-22.11167420803153,4.216522278378543,6.4485592524549995,0.36987798774225267,0,0,0
2006-11,399001.SZ,China_HK,1,5667.0,22.60979113977035,6.822630447322386,3.540215622582732,5.876509355671011,7.48924330133381,87.80542017618815,84.66829687754313,86.73696505228678,-22.11167420803153,-15.7250956387203,-30.120287375772126,4.216522278378543,6.4485592524549995,-2.420350593251641,-0.7445585542708184,0,0,1
2006-12,399001.SZ,China_HK,1,6647.140137,17.295573266278463,22.60979113977035,6.822630447322386,3.540215622582732,8.093152443545993,91.50775527954102,79.05746866041615,96.69359145625945,4.216522278378543,-6.626834865052256,11.479103975992967,6.4485592524549995,-2.420350593251641,-9.379331496809673,-0.5335730533010896,0,0,1
2007-01,399001.SZ,China_HK,1,7632.939941,14.830435099641392,17.295573266278463,22.60979113977035,6.822630447322386,8.207883565901819,97.40868709933373,96.73051378803868,95.33105973274478,6.4485592524549995,22.35468125539841,-1.4091230897458562,-2.420350593251641,-9.379331496809673,-12.100478069879417,-0.24936871439441408,0,0,0
2007-02,399001.SZ,China_HK,1,8039.700195,5.329011588511334,14.830435099641392,17.295573266278463,22.60979113977035,8.133458043495907,95.05105536324638,89.62849848611015,97.72646740504673,-2.420350593251641,-7.342063040718328,2.5127253164051178,-9.379331496809673,-12.100478069879417,21.277337532296347,-0.3323976887352762,0,0,0
2007-03,399001.SZ,China_HK,1,8549.200195,6.337300989368533,5.329011588511334,14.830435099641392,17.295573266278463,8.09715308707837,86.13590178951141,82.20472852645382,85.6678963938067,-9.379331496809673,-8.282823080882917,-12.339104575693804,-12.100478069879417,21.277337532296347,7.364126721593589,-0.7423013756406779,0,0,0
2007-04,399001.SZ,China_HK,1,10865.87988,27.0982037168215,6.337300989368533,5.329011588511334,14.830435099641392,9.812320458175913,75.71304588317871,82.1852602005005,68.55693855285645,-12.100478069879417,-0.023682732492769087,-19.973594031412766,21.277337532296347,7.364126721593589,15.619378517191729,-1.1858271590857998,0,0,1
2007-05,399001.SZ,China_HK,1,12944.23047,19.127310562538625,27.0982037168215,6.337300989368533,5.329011588511334,10.197029723718984,91.82276621172505,103.15781870195943,82.37121458976499,21.277337532296347,25.518637344815765,20.150077189135175,7.364126721593589,15.619378517191729,-27.075906953096485,-0.4274257163072001,0,0,1
2007-06,399001.SZ,China_HK,1,12546.4502,-3.073031424478345,19.127310562538625,27.0982037168215,6.337300989368533,10.525469222564181,98.5847110748291,110.01365140279134,88.00655695597331,7.364126721593589,6.645965169775048,6.841397682763484,15.619378517191729,-27.075906953096485,11.546988654440726,-0.15149908320847785,0,0,1
2007-07,399001.SZ,China_HK,1,15199.55957,21.146294989478378,-3.073031424478345,19.127310562538625,27.0982037168215,9.29293719053884,113.9830302576865,129.01673864549207,104.86104534518334,15.619378517191729,17.2733901660304,19.151400727609147,-27.075906953096485,11.546988654440726,8.890282235271773,0.8438942046709289,0,0,0
2007-08,399001.SZ,China_HK,1,17872.10938,17.583074020611257,21.146294989478378,-3.073031424478345,19.127310562538625,9.177353924779228,83.12109104279548,100.07418700187436,73.35449858634702,-27.075906953096485,-22.433175685168337,-30.045997210043584,11.546988654440726,8.890282235271773,-11.738998432242253,-0.9018285901965774,0,0,1
2007-09,399001.SZ,China_HK,1,18864.55078,5.553017715472364,17.583074020611257,21.146294989478378,-3.073031424478345,9.001043214959457,92.71907399495443,90.46699282328288,93.58469161987304,11.546988654440726,-9.600072172868657,27.578667189324,8.890282235271773,-11.738998432242253,6.2146853340762975,-0.3042948164958451,0,0,1
2007-10,399001.SZ,China_HK,1,19531.15039,3.5336097730284566,5.553017715472364,17.583074020611257,21.146294989478378,9.265341118925656,100.96206135903635,95.91243030178931,103.74951417984501,8.890282235271773,6.019253330486496,10.861629593502276,-11.738998432242253,6.2146853340762975,-14.642856634877798,0.15333338680998607,0,0,0
2007-11,399001.SZ,China_HK,1,15637.66016,-19.934771645573303,3.5336097730284566,5.553017715472364,17.583074020611257,12.776202977830698,89.11012655893961,80.4546085993449,95.28441146214803,-11.738998432242253,-16.116598916121973,-8.159173355764459,6.2146853340762975,-14.642856634877798,1.0531282092792749,-0.5828290894031587,0,0,1
2007-12,399001.SZ,China_HK,1,17700.61914,13.192248449527622,-19.934771645573303,3.5336097730284566,5.553017715472364,12.60435901631155,94.64804052537487,85.06247354322865,97.48771335232642,6.2146853340762975,5.727285265696103,2.3123424454939867,-14.642856634877798,1.0531282092792749,-4.221155249228914,-0.24424836443298129,0,0,0
2008-01,399001.SZ,China_HK,1,15857.70996,-10.411552078624064,13.192248449527622,-19.934771645573303,3.5336097730284566,13.647313505659016,80.78886364352319,81.53163952981272,76.77330804640248,-14.642856634877798,-4.150871549275559,-21.248221538503877,1.0531282092792749,-4.221155249228914,-8.092695384500992,-1.030238765598614,0,0,1
2008-02,399001.SZ,China_HK,1,15823.87988,-0.2133352172875802,-10.411552078624064,13.192248449527622,-19.934771645573303,13.806417484613654,81.6396739565093,88.45064189516265,72.8041961275298,1.0531282092792749,8.48627895287195,-5.169911288013928,-4.221155249228914,-8.092695384500992,1.7020307479039154,-0.924475523282837,0,0,0
2008-03,399001.SZ,China_HK,1,13302.13965,-15.936295327843464,-0.2133352172875802,-10.411552078624064,13.192248449527622,15.273276320773029,78.19353657384073,84.13256103761735,72.61432629246866,-4.221155249228914,-4.881910142227531,-0.2607951809928011,-8.092695384500992,1.7020307479039154,18.740602004999385,-1.0661920521595403,0,0,0
2008-04,399001.SZ,China_HK,1,13504.88965,1.5241908845844865,-15.936295327843464,-0.2133352172875802,-10.411552078624064,13.569006385351852,71.86557184855143,70.36499150594075,69.58370641072591,-8.092695384500992,-16.364139355654284,-4.173583969554883,1.7020307479039154,18.740602004999385,3.0983884950956497,-1.3333965961012133,0,0,1
2008-05,399001.SZ,China_HK,1,12048.24023,-10.786089022208333,1.5241908845844865,-15.936295327843464,-0.2133352172875802,13.007710950639089,73.08874597857076,75.19145030360067,71.38500275150422,1.7020307479039154,6.85917626701118,2.588675472596913,18.740602004999385,3.0983884950956497,-1.1180904357439236,-1.2102508567294472,0,0,1
2008-06,399001.SZ,China_HK,1,9370.780273,-22.22283010537215,-10.786089022208333,1.5241908845844865,-15.936295327843464,14.528987994952896,86.7860169728597,80.27725048065186,87.26098276774088,18.740602004999385,6.763801145630577,22.23993752791742,3.0983884950956497,-1.1180904357439236,0.8402831055205118,-0.4430783950807696,0,0,1
2008-07,399001.SZ,China_HK,1,9470.330078,1.0623427516151862,-22.22283010537215,-10.786089022208333,1.5241908845844865,12.740569281253203,89.47498493809854,87.2099857945596,84.52966382426601,3.0983884950956497,8.635989987697258,-3.130057508915207,-1.1180904357439236,0.8402831055205118,-27.17747676132537,-0.21996002846280854,0,0,0
2008-08,399001.SZ,China_HK,1,8004.240234,-15.48087375967806,1.0623427516151862,-22.22283010537215,-10.786089022208333,11.364734044555423,88.47457368912235,105.41860654277187,75.39880838701802,-1.1180904357439236,20.879054826480868,-10.801954040927797,0.8402831055205118,-27.17747676132537,21.79458180831557,-0.18480278958268545,0,1,1
2008-09,399001.SZ,China_HK,1,7559.27002,-5.5591811463863605,-15.48087375967806,1.0623427516151862,-22.22283010537215,10.789903524157136,89.21801058451335,95.21897468566894,82.42706019083658,0.8402831055205118,-9.675362055715087,9.321436179392805,-27.17747676132537,21.79458180831557,18.90005212057766,-0.03769254696213948,0,1,0
2008-10,399001.SZ,China_HK,1,5839.330078,-22.752725295557042,-5.5591811463863605,-15.48087375967806,1.0623427516151862,11.16967110891669,64.97080649099043,76.1353960960142,53.63574997071297,-27.17747676132537,-20.041781223387755,-34.929439620272106,21.79458180831557,18.90005212057766,-8.348161215059768,-2.1434157026319185,0,1,1
2008-11,399001.SZ,China_HK,1,6658.509766,14.028658716970032,-22.752725295557042,-5.5591811463863605,-15.48087375967806,12.374009755467894,79.13092206319173,96.24985440572102,67.7355552037557,21.79458180831557,26.41932575531689,26.288073236119036,18.90005212057766,-8.348161215059768,-22.161447104217558,-0.7595182677418102,0,1,1
2008-12,399001.SZ,China_HK,1,6485.509766,-2.5981789631575047,14.028658716970032,-22.752725295557042,-5.5591811463863605,10.882160676767983,94.08670757662865,107.55399310204291,87.6594942154423,18.90005212057766,11.744577450134797,29.414299405612443,-8.348161215059768,-22.161447104217558,7.35467474432232,0.6233375017235697,0,1,0
2009-01,399001.SZ,China_HK,1,7015.240234,8.167907953467113,-2.5981789631575047,14.028658716970032,-22.752725295557042,11.711881712297382,86.23219754618984,91.03520405677057,87.53845571702526,-8.348161215059768,-15.358601358110413,-0.1380780250905378,-22.161447104217558,7.35467474432232,19.28906303929281,-0.06406076130466869,0,1,0
2009-02,399001.SZ,China_HK,1,7608.220215,8.452739481765281,8.167907953467113,-2.5981789631575047,14.028658716970032,12.344325004672626,67.12189470018659,63.14009993416922,65.29873490333557,-22.161447104217558,-30.642106437423532,-25.40565815506419,7.35467474432232,19.28906303929281,6.075574369099579,-1.6713881846745218,0,1,1
2009-03,399001.SZ,China_HK,1,8981.950195,18.055865119303704,8.452739481765281,8.167907953467113,-2.5981789631575047,13.496755677651391,72.05849173761183,73.33846209126133,69.22285332218293,7.35467474432232,16.151957579612763,6.0094861327044,19.28906303929281,6.075574369099579,-10.888347911835139,-1.1405010755464262,0,1,1
2009-04,399001.SZ,China_HK,1,9502.519531,5.79572726076556,18.055865119303704,8.452739481765281,8.167907953467113,13.663302523277348,85.95789963404337,83.50890401204427,85.18863232930501,19.28906303929281,13.86781455565156,23.06431798298285,6.075574369099579,-10.888347911835139,-0.2073196231979657,0.0329756834210831,0,1,1
2009-05,399001.SZ,China_HK,1,10127.91992,6.581416507061744,5.79572726076556,18.055865119303704,8.452739481765281,13.565936020586793,91.18033575242565,93.24943800895444,89.41171313870338,6.075574369099579,11.664066379682492,4.957329040186531,-10.888347911835139,-0.2073196231979657,-9.032432357199339,0.4977999095413013,0,1,0
2009-06,399001.SZ,China_HK,1,11566.61035,14.205191602660317,6.581416507061744,5.79572726076556,18.055865119303704,12.288231589984155,81.25230356852214,73.67756567001342,81.75211544036866,-10.888347911835139,-20.988729537503048,-8.566660261226033,-0.2073196231979657,-9.032432357199339,23.549742301368237,-0.3265552025967795,0,1,0
2009-07,399001.SZ,China_HK,1,13670.71973,18.191235948395203,14.205191602660317,6.581416507061744,5.79572726076556,13.076079703581932,81.08385159892421,76.3114563111336,80.97563048331968,-0.2073196231979657,3.5748882542032234,-0.9498041156076997,-9.032432357199339,23.549742301368237,-0.8148729801666255,-0.2627382909944407,0,0,0
2009-08,399001.SZ,China_HK,1,10585.08984,-22.57108587508143,18.191235948395203,14.205191602660317,6.581416507061744,14.148798212840358,73.76000755063949,78.4546751206921,65.25164118120748,-9.032432357199339,2.8085151472149406,-19.418174589392322,23.549742301368237,-0.8148729801666255,-10.353229076577463,-1.0040004553560047,0,0,1
2009-09,399001.SZ,China_HK,1,11206.84961,5.8739205750567125,-22.57108587508143,18.191235948395203,14.205191602660317,13.877918407684094,91.13029925028484,75.68046391805014,96.45980974833171,23.549742301368237,-3.5360686898189386,47.82740786619817,-0.8148729801666255,-10.353229076577463,18.25563652218536,0.8816289056537101,0,0,0
2009-10,399001.SZ,China_HK,1,12297.16016,9.728965658886901,5.8739205750567125,-22.57108587508143,18.191235948395203,10.992483045713321,90.38770306494928,89.20428694448164,89.28504986916819,-0.8148729801666255,17.869635473000866,-7.4380821379212865,-10.353229076577463,18.25563652218536,-2.2371733163945695,0.9151397601578731,0,0,0
2009-11,399001.SZ,China_HK,1,13486.76953,9.673854406398164,9.728965658886901,5.8739205750567125,-22.57108587508143,10.809444550147091,81.02965710957845,82.64781697591145,73.95016460418701,-10.353229076577463,-7.349949417398238,-17.175199305428855,18.25563652218536,-2.2371733163945695,-13.029217772023905,-0.1425267675173771,0,0,1
2009-12,399001.SZ,China_HK,1,13699.96973,1.5808099895661343,9.673854406398164,9.728965658886901,5.8739205750567125,10.549305921679817,95.82213678667623,100.3492317199707,92.03632293208953,18.25563652218536,21.41788542245284,24.457225247174776,-2.2371733163945695,-13.029217772023905,-10.73701462694614,1.5908561015288483,0,0,0
2010-01,399001.SZ,China_HK,1,12137.2002,-11.407102065180997,1.5808099895661343,9.673854406398164,9.728965658886901,11.78918049891199,93.6784295112856,102.653564453125,87.86365244465489,-2.2371733163945695,2.296313278794848,-4.53372142052385,-13.029217772023905,-10.73701462694614,21.862566984562726,1.2320588451155279,0,0,0
2010-02,399001.SZ,China_HK,1,12436.66016,2.467290273419076,-11.407102065180997,1.5808099895661343,9.673854406398164,11.77243210101316,81.47286292484829,81.01815795898438,80.05752774647304,-13.029217772023905,-21.07613759872904,-8.88436171384852,-10.73701462694614,21.862566984562726,-1.6770919748616664,-0.1517539998744288,0,0,0
2010-03,399001.SZ,China_HK,1,12494.34961,0.4638660963459218,2.467290273419076,-11.407102065180997,1.5808099895661343,11.051429588178781,72.72510971561555,67.32707777330953,73.52030064982753,-10.73701462694614,-16.898779891547267,-8.165661969162553,21.862566984562726,-1.6770919748616664,10.567262949366473,-1.0941896353363345,0,0,1
2010-04,399001.SZ,China_HK,1,11162.54004,-10.659294893862025,0.4638660963459218,2.467290273419076,-11.407102065180997,11.72504392985737,88.62468554178874,79.6067726135254,92.83870468139648,21.862566984562726,18.238865024799743,26.2762854080008,-1.6770919748616664,10.567262949366473,-17.59668875597209,0.607960427043267,0,0,0
2010-05,399001.SZ,China_HK,1,10204.16992,-8.585591778983659,-10.659294893862025,0.4638660963459218,2.467290273419076,12.00176123793074,87.13836805282101,83.16650359861312,86.94786573225453,-1.6770919748616664,4.471643389400404,-6.345240349225156,10.567262949366473,-17.59668875597209,2.79697724964445,0.3828726247882139,0,0,1
2010-06,399001.SZ,China_HK,1,9386.94043,-8.008779708756553,-8.585591778983659,-10.659294893862025,0.4638660963459218,11.437088254536308,96.34650853474935,69.67944971720378,111.88416697184245,10.567262949366473,-16.216930251753723,28.67960131002669,-17.59668875597209,2.79697724964445,-11.994283766920088,1.357065673567289,0,0,0
2010-07,399001.SZ,China_HK,1,10785.34961,14.897390586721748,-8.008779708756553,-8.585591778983659,-10.659294893862025,10.961540080158791,79.39271330064342,81.76249122619629,76.34224307152533,-17.59668875597209,17.340896861315503,-31.766714506854075,2.79697724964445,-11.994283766920088,-8.726501270000398,-0.5011396530748392,0,0,1
2010-08,399001.SZ,China_HK,1,11338.70996,5.130666784198956,14.897390586721748,-8.008779708756553,-8.585591778983659,8.795768331883572,81.61330942953786,84.75737048733619,74.11711311340332,2.79697724964445,3.6629011863820837,-2.9146772070048788,-11.994283766920088,-8.726501270000398,45.83401536726808,-0.22012562720000922,0,0,0
2010-09,399001.SZ,China_HK,1,11468.54004,1.1450163242380018,5.130666784198956,14.897390586721748,-8.008779708756553,8.658984440577392,71.82437750498454,70.37432320912679,69.72902139027913,-11.994283766920088,-16.969671422685785,-5.920483865055792,-8.726501270000398,45.83401536726808,2.3956021728043453,-1.2145632690267665,0,0,0
2010-10,399001.SZ,China_HK,1,13367.24023,16.555727087996463,1.1450163242380018,5.130666784198956,14.897390586721748,9.50120101193404,65.55662228984218,74.25972569373346,63.16021014798072,-8.726501270000398,5.521051297446489,-9.4204839123329,45.83401536726808,2.3956021728043453,-19.46454465246935,-1.919177895726568,0,0,1
2010-11,399001.SZ,China_HK,1,12336.29004,-7.712513370458063,16.555727087996463,1.1450163242380018,5.130666784198956,9.400754367621156,95.60385462443034,80.85895284016927,102.02185897827148,45.83401536726808,8.886683979486731,61.528688297965076,2.3956021728043453,-19.46454465246935,12.806536842294957,1.291041578905604,1,0,1
2010-12,399001.SZ,China_HK,1,12458.54981,0.9910578431892914,-7.712513370458063,16.555727087996463,1.1450163242380018,9.391311592539608,97.89414264309791,94.39043466506466,98.9651261606524,2.3956021728043453,16.73467358851721,-2.9961547929352017,-19.46454465246935,12.806536842294957,53.00774228080458,1.4848186772493326,0,0,0
2011-01,399001.SZ,China_HK,1,11994.67969,-3.7233075042784614,0.9910578431892914,-7.712513370458063,16.555727087996463,8.816474964195747,78.83949353618007,77.48969244187877,77.08557048920662,-19.46454465246935,-17.9051429132163,-22.108349193561573,12.806536842294957,53.00774228080458,-33.36802641662523,-0.4750384228910944,0,1,1
2011-02,399001.SZ,China_HK,1,12902.44043,7.568028188004083,-3.7233075042784614,0.9910578431892914,-7.712513370458063,9.053047091353875,88.93610232216972,84.70568302699498,89.67357962472099,12.806536842294957,9.312194122500305,16.329916293837265,53.00774228080458,-33.36802641662523,15.221272067740333,0.5147852069653104,0,1,1
2011-03,399001.SZ,China_HK,1,12562.90039,-2.6315954864672086,7.568028188004083,-3.7233075042784614,0.9910578431892914,9.103472446718177,136.0791222356981,156.13775290212322,126.68266185637444,53.00774228080458,84.32972537670638,41.27088757528632,-33.36802641662523,15.221272067740333,-19.08316741489856,3.6246571728768533,1,1,0
2011-04,399001.SZ,China_HK,1,12312.99023,-1.9892712052300254,-2.6315954864672086,7.568028188004083,-3.7233075042784614,8.466515801783823,90.67220478057861,111.14294446309408,73.5580285390218,-33.36802641662523,-28.817379271004796,-41.935204501451274,15.221272067740333,-19.08316741489856,-7.395183206081024,0.2582538320621,0,1,1
2011-05,399001.SZ,China_HK,1,11665.13965,-5.26152110818332,-1.9892712052300254,-2.6315954864672086,7.568028188004083,8.16865548002527,104.47366776004914,120.63443325411889,96.0221432101342,15.221272067740333,8.53989323107822,30.539310415579468,-19.08316741489856,-7.395183206081024,10.35534745366633,1.1963348470666315,0,1,0
2011-06,399001.SZ,China_HK,1,12110.92969,3.821557678480092,-5.26152110818332,-1.9892712052300254,-2.6315954864672086,7.6238545558037165,84.53678283691406,97.33198216756185,72.88245728810628,-19.08316741489856,-19.316583547476828,-24.098281030229863,-7.395183206081024,10.35534745366633,-3.7587201796722147,-0.2381333011797011,0,1,0
2011-07,399001.SZ,China_HK,1,11990.42969,-0.9949690328026284,3.821557678480092,-5.26152110818332,-1.9892712052300254,6.561771605618626,78.2851328695974,99.24549016644877,60.417874859225364,-7.395183206081024,1.9659601667134652,-17.102308144754364,10.35534745366633,-3.7587201796722147,-9.59658500968753,-0.6744404095941262,0,1,1
2011-08,399001.SZ,China_HK,1,11397.48047,-4.945187414713914,-0.9949690328026284,3.821557678480092,-5.26152110818332,6.639807037139922,86.39183038280856,111.57653574789724,62.886020106654016,10.35534745366633,12.424791857813933,4.085124233812376,-3.7587201796722147,-9.59658500968753,10.75561755834511,-0.13693057664267147,0,1,0
2011-09,399001.SZ,China_HK,1,10292.33008,-9.696444691516993,-4.945187414713914,-0.9949690328026284,3.821557678480092,7.217236714646833,83.14460322062175,93.88602275848389,70.98976675669353,-3.7587201796722147,-15.855047722026761,12.886404062931067,-9.59658500968753,10.75561755834511,1.885317306908374,-0.3489112784017622,0,1,0
2011-10,399001.SZ,China_HK,1,10480.91016,1.8322389442838372,-9.696444691516993,-4.945187414713914,-0.9949690328026284,4.903587802089306,75.16556069158739,90.57414713213521,63.65037210526005,-9.59658500968753,-3.5275491804230286,-10.338665679221236,10.75561755834511,1.885317306908374,-8.156193496580155,-0.8690907544536027,0,0,1
2011-11,399001.SZ,China_HK,1,9693.389648,-7.513856143959153,1.8322389442838372,-9.696444691516993,-4.945187414713914,4.8824524788893005,83.25008093516031,70.99307772318522,95.16603965759278,10.75561755834511,-21.6188283621196,49.51372083137953,1.885317306908374,-8.156193496580155,17.437683308734808,-0.29755002076007414,0,0,1
2011-12,399001.SZ,China_HK,1,8918.820313,-7.990696372757633,-7.513856143959153,1.8322389442838372,-9.696444691516993,5.086718771594409,84.81960911904612,77.63644483012538,86.84766141829952,1.885317306908374,9.357767433106435,-8.740910380659695,-8.156193496580155,17.437683308734808,-3.722992679209569,-0.15314732600468142,0,0,0
2012-01,399001.SZ,China_HK,1,9303.650391,4.314809184338797,-7.990696372757633,-7.513856143959153,1.8322389442838372,5.445813291478632,77.90155767625377,61.71806113950668,91.26849322165212,-8.156193496580155,-20.503751460347488,5.090329124764548,17.437683308734808,-3.722992679209569,11.683646516830692,-0.6044036259967932,0,0,1
2012-02,399001.SZ,China_HK,1,10054.83984,8.074136682163747,4.314809184338797,-7.990696372757633,-7.513856143959153,5.527634274348708,91.4857845964103,77.98118065143454,103.34518873280493,17.437683308734808,26.350664962022897,13.232053126837195,-3.722992679209569,11.683646516830692,-21.032583801878502,0.3455942766440141,0,0,0
2012-03,399001.SZ,China_HK,1,9410.259766,-6.410644866124504,8.074136682163747,4.314809184338797,-7.990696372757633,5.677778507999186,88.0797755333685,86.14695296748992,86.66009946023264,-3.722992679209569,10.47146535592387,-16.145008274851524,11.683646516830692,-21.032583801878502,-0.11563419129990704,0.05496641858514284,0,0,1
2012-04,399001.SZ,China_HK,1,10180.38965,8.183938628161357,-6.410644866124504,8.074136682163747,4.314809184338797,6.42704689985677,98.3707051595052,88.1813424428304,104.64068247477213,11.683646516830692,2.3615338735291314,20.748398774675515,-21.032583801878502,-0.11563419129990704,4.661354718603983,0.7745442600702505,0,0,0
2012-05,399001.SZ,China_HK,1,10141.41016,-0.382887996826331,8.183938628161357,-6.410644866124504,8.074136682163747,6.312631743250514,77.68080416033345,69.08255398658014,79.93533497471964,-21.032583801878502,-21.65853674617435,-23.60969645434864,-0.11563419129990704,4.661354718603983,-7.806712344159738,-0.6966679763797997,0,0,0
2012-06,399001.SZ,China_HK,1,9500.320313,-6.321505953172091,-0.382887996826331,8.183938628161357,-6.410644866124504,6.290928993354819,77.59097859064738,81.92765919367473,70.51085557937623,-0.11563419129990704,18.59384817994694,-11.790129356840751,4.661354718603983,-7.806712344159738,-7.87534886252107,-0.6468544531804323,0,0,1
2012-07,399001.SZ,China_HK,1,9059.219727,-4.64300751414044,-6.321505953172091,-0.382887996826331,8.183938628161357,6.33537409013883,81.20776933239353,89.00009404459307,77.46019707956621,4.661354718603983,8.632536216126097,9.8557044062058,-7.806712344159738,-7.87534886252107,18.802659577001602,-0.3926547006231566,0,0,0
2012-08,399001.SZ,China_HK,1,8210.990234,-9.363162817123694,-4.64300751414044,-6.321505953172091,-0.382887996826331,6.635430193199699,74.8681123795048,78.25724669425718,70.49690803404778,-7.806712344159738,-12.070602245603512,-8.989505976038025,-7.87534886252107,18.802659577001602,-2.6717656381202715,-0.8201291777019274,0,0,0
2012-09,399001.SZ,China_HK,1,8679.219727,5.702472901029143,-9.363162817123694,-4.64300751414044,-6.321505953172091,6.604658528257842,68.97198734283447,65.10240313212077,68.31967938741049,-7.87534886252107,-16.80974493458861,-3.0884030340532886,18.802659577001602,-2.6717656381202715,-5.994197564654025,-1.2202075636257568,0,0,1
2012-10,399001.SZ,China_HK,1,8469.799805,-2.4128888147458616,5.702472901029143,-9.363162817123694,-4.64300751414044,6.540280225172976,81.94055532640026,86.90206847652313,75.07558896464687,18.802659577001602,33.48519301224788,9.888672836016443,-2.6717656381202715,-5.994197564654025,20.367269576878645,-0.3694110124128443,0,0,0
2012-11,399001.SZ,China_HK,1,7903.25,-6.6890578058946275,-2.4128888147458616,5.702472901029143,-9.363162817123694,6.476081945224503,79.75129572550456,87.46022033691406,73.34758491516114,-2.6717656381202715,0.6422768412488677,-2.301685638855866,-5.994197564654025,20.367269576878645,-8.164537558505069,-0.4847113582862031,0,0,0
2012-12,399001.SZ,China_HK,1,9116.480469,15.351032410717114,-6.6890578058946275,-2.4128888147458616,5.702472901029143,7.731410940840849,74.97084549934634,85.26028196273312,64.21883093926215,-5.994197564654025,-2.515358829084069,-12.44588214657365,20.367269576878645,-8.164537558505069,-9.751520162523587,-0.7721678806588171,0,0,1
2013-01,399001.SZ,China_HK,1,9667.669922,6.04607726495201,15.351032410717114,-6.6890578058946275,-2.4128888147458616,7.825659948701603,90.24035970626339,109.75873522604665,83.89209476594002,20.367269576878645,28.73372301773727,30.634727445108332,-8.164537558505069,-9.751520162523587,25.47476088535521,0.33378525699886924,0,0,0
2013-02,399001.SZ,China_HK,1,9641.44043,-0.2713114143492845,6.04607726495201,15.351032410717114,-6.6890578058946275,7.462950778476468,82.87265164511544,87.37166687420437,78.62591293879917,-8.164537558505069,-20.3966165478642,-6.2773278481525026,-9.751520162523587,25.47476088535521,-11.144978564302333,-0.19920816864343685,0,0,0
2013-03,399001.SZ,China_HK,1,8889.769531,-7.796251031755852,-0.2713114143492845,6.04607726495201,15.351032410717114,7.5792629710014925,74.79130831072408,70.25588681620937,79.46081779849145,-9.751520162523587,-19.589622895300696,1.0618698447955044,25.47476088535521,-11.144978564302333,-0.965878998260461,-1.013514684973251,0,0,1
2013-04,399001.SZ,China_HK,1,8691.389648,-2.2315525988409246,-7.796251031755852,-0.2713114143492845,6.04607726495201,7.111788391723625,93.84421526590982,83.1100798924764,99.8020144144694,25.47476088535521,18.296250547507608,25.599027520157392,-11.144978564302333,-0.965878998260461,-6.660023976577866,1.3038201103451614,0,0,0
2013-05,399001.SZ,China_HK,1,9257.950195,6.518641666587488,-2.2315525988409246,-7.796251031755852,-0.2713114143492845,7.444930363453148,83.38529759068643,96.31220405332503,76.66901059304514,-11.144978564302333,15.885105847484283,-23.178894691799336,-0.965878998260461,-6.660023976577866,15.266434567502763,0.1681061665247437,0,0,0
2013-06,399001.SZ,China_HK,1,7694.470215,-16.887971387493504,6.518641666587488,-2.2315525988409246,-7.796251031755852,8.711923584999376,82.57989651362101,85.31224797566732,78.08507897059123,-0.965878998260461,-11.421144584716792,1.8469892419278766,-6.660023976577866,15.266434567502763,10.38976028717007,0.06282779852477731,0,0,0
2013-07,399001.SZ,China_HK,1,7765.399902,0.921826779727164,-16.887971387493504,6.518641666587488,-2.2315525988409246,8.671021783183509,77.08005560598066,75.28471995938209,75.0804361527966,-6.660023976577866,-11.753913716053145,-3.847909046651865,15.266434567502763,10.38976028717007,-24.991962578693006,-0.7292898821973308,0,0,1
2013-08,399001.SZ,China_HK,1,8202.480469,5.6285648197902605,0.921826779727164,-16.887971387493504,6.518641666587488,8.421295771092211,88.84743185966245,104.42809732498661,78.84740774093136,15.266434567502763,38.71087968624718,5.017247875956099,10.38976028717007,-24.991962578693006,4.327385501849101,0.9539072115700641,0,0,1
2013-09,399001.SZ,China_HK,1,8514.570313,3.8048227628154185,5.6285648197902605,0.921826779727164,-16.887971387493504,8.328406219032642,98.07846705118816,97.374010403951,98.14722569783528,10.38976028717007,-6.754970263494176,24.47742863064981,-24.991962578693006,4.327385501849101,-8.47958052592066,1.985063817732131,0,0,0
2013-10,399001.SZ,China_HK,1,8444.410156,-0.8240011465156405,3.8048227628154185,5.6285648197902605,0.921826779727164,8.296261874748764,73.56673326799947,80.33374651016727,65.35439909658125,-24.991962578693006,-17.499807005065403,-33.411873201809016,4.327385501849101,-8.47958052592066,11.926947066993353,-1.1842847482493826,0,0,1
2013-11,399001.SZ,China_HK,1,8542.610352,1.1629017798268082,-0.8240011465156405,3.8048227628154185,5.6285648197902605,7.9994639385154755,76.75024941762288,52.19944121042887,91.32140051523844,4.327385501849101,-35.02177667784688,39.732599148043505,-8.47958052592066,11.926947066993353,-10.628031863710918,-0.7302356457466846,0,0,0
2013-12,399001.SZ,China_HK,1,8121.790039,-4.9261325948394274,1.1629017798268082,-0.8240011465156405,3.8048227628154185,6.72078338944164,70.2421502144106,68.61865160542149,68.88867827384702,-8.47958052592066,31.45476276039567,-24.564584111528333,11.926947066993353,-10.628031863710918,70.12768145517792,-1.4153214775509915,0,0,1
2014-01,399001.SZ,China_HK,1,7572.629883,-6.7615655337430525,-4.9261325948394274,1.1629017798268082,-0.8240011465156405,6.560568606086242,78.61989428920131,86.78251980197045,68.41249278283888,11.926947066993353,26.4707448654002,-0.6912391164121345,-10.628031863710918,70.12768145517792,-22.3830484610423,-0.400710165838595,0,0,0
2014-02,399001.SZ,China_HK,1,7365.930176,-2.7295630473638477,-6.7615655337430525,-4.9261325948394274,1.1629017798268082,6.546684564555973,70.26414687292916,61.49816117967878,73.86041593551636,-10.628031863710918,-29.135312825656822,7.963345481315476,70.12768145517792,-22.3830484610423,-10.343908404842095,-1.3004457666171292,0,1,1
2014-03,399001.SZ,China_HK,1,7189.580078,-2.394132089041401,-2.7295630473638477,-6.7615655337430525,-4.9261325948394274,6.293467517844672,119.53876396917528,75.00083989481772,150.81426780454575,70.12768145517792,21.956231627297342,104.18821894560378,-22.3830484610423,-10.343908404842095,18.018621331537332,3.2754976148498836,1,1,0
2014-04,399001.SZ,China_HK,1,7312.859863,1.714700770594857,-2.394132089041401,-2.7295630473638477,-6.7615655337430525,6.35794990440042,92.7823445002238,61.30099623998006,112.3606637954712,-22.3830484610423,-18.266253650026478,-25.49732500038402,-10.343908404842095,18.018621331537332,38.660193810520525,0.9648550951925742,0,1,0
2014-05,399001.SZ,China_HK,1,7364.830078,0.7106688214134627,1.714700770594857,-2.394132089041401,-2.7295630473638477,5.920388291963651,83.18502376925561,75.96359517497402,92.24833537686256,-10.343908404842095,23.919022257963118,-17.89979494533681,18.018621331537332,38.660193810520525,-2.7048677246242936,0.07732757889483634,0,1,1
2014-06,399001.SZ,China_HK,1,7343.279785,-0.29261086504052125,0.7106688214134627,1.714700770594857,-2.394132089041401,3.495637176438575,98.1738182067871,105.45366484324137,96.13338797887167,18.018621331537332,38.82131908098889,4.211515130476329,38.660193810520525,-2.7048677246242936,-1.419314844118058,1.3100368914918,0,1,1
2014-07,399001.SZ,China_HK,1,7956.910156,8.356352869101524,-0.29261086504052125,0.7106688214134627,1.714700770594857,4.30353232142997,136.12800659671908,115.96761592741936,161.79567853866084,38.660193810520525,9.970209285573105,68.30331473828896,-2.7048677246242936,-1.419314844118058,-38.12192153075063,3.222536139713079,0,1,0
2014-08,399001.SZ,China_HK,1,7841.700195,-1.447923361471215,8.356352869101524,-0.29261086504052125,0.7106688214134627,3.9776188209422485,132.44592408211,107.58255644767515,154.04245942638767,-2.7048677246242936,-7.230518117223495,-4.791981579669047,-1.419314844118058,-38.12192153075063,4.1467635433172,2.445848791870672,0,1,0
2014-09,399001.SZ,China_HK,1,8080.350098,3.043343880350924,-1.447923361471215,8.356352869101524,-0.29261086504052125,3.9116685931820943,130.56609942118328,121.00510635375977,142.43847586313885,-1.419314844118058,12.476511387431977,-7.53297734044166,-38.12192153075063,4.1467635433172,1.5573648683008257,2.034635004614549,0,1,0
2014-10,399001.SZ,China_HK,1,8225.610352,1.7976975284270669,3.043343880350924,-1.447923361471215,8.356352869101524,3.9566967923926204,80.79179345407793,74.09397866649013,83.08987451368763,-38.12192153075063,-38.76789096000993,-41.66613058010812,4.1467635433172,1.5573648683008257,26.783666844919374,-0.48645379517397036,0,0,1
2014-11,399001.SZ,China_HK,1,9002.230469,9.44148924840782,1.7976975284270669,3.043343880350924,-1.447923361471215,4.831008721191703,84.14203809102376,77.99142316182454,87.09242757161458,4.1467635433172,5.26013660688609,4.817136963262114,1.5573648683008257,26.783666844919374,3.8473610430540095,-0.32739728608346297,0,0,1
2014-12,399001.SZ,China_HK,1,11014.62012,22.354344936289362,9.44148924840782,1.7976975284270669,3.043343880350924,7.630956430057509,85.45243663172567,94.30592924548733,80.33614915417087,1.5573648683008257,20.918333609340344,-7.7575957012888885,26.783666844919374,3.8473610430540095,-8.025303643352133,-0.2865574549034715,0,0,1
2015-01,399001.SZ,China_HK,1,11150.69043,1.235360897766502,22.354344936289362,9.44148924840782,1.7976975284270669,7.045209902899911,108.33973257003292,146.6483586834323,81.6583960748488,26.783666844919374,55.50279802841731,1.6458928323044741,3.8473610430540095,-8.025303643352133,-3.786405996924136,0.8398251083784557,0,0,1
2015-02,399001.SZ,China_HK,1,11757.67969,5.4435127924181925,1.235360897766502,22.354344936289362,9.44148924840782,6.780147646288283,112.50795323508126,110.62664944784981,116.82035664149693,3.8473610430540095,-24.56332246673284,43.05982269651534,-8.025303643352133,-3.786405996924136,-25.261601602650142,0.9715915138357889,0,0,0
2015-03,399001.SZ,China_HK,1,13160.66016,11.932460374756126,5.4435127924181925,1.235360897766502,22.354344936289362,6.781810134502106,103.47884836504537,80.65029876462874,119.2300068024666,-8.025303643352133,-27.096862132981926,2.0626971447831766,-3.786405996924136,-25.261601602650142,14.61646704169861,0.4687794836747721,0,0,0
2015-04,399001.SZ,China_HK,1,14818.63965,12.597996375890009,11.932460374756126,5.4435127924181925,1.235360897766502,6.97533198382534,99.56071904500325,92.08395849863687,107.84801419576009,-3.786405996924136,14.17683493941706,-9.546248391618018,-25.261601602650142,14.61646704169861,24.558055668202016,0.25841467982350513,0,0,0
2015-05,399001.SZ,China_HK,1,16100.4502,8.649987989956953,12.597996375890009,11.932460374756126,5.4435127924181925,6.774298539361301,74.41008684712071,71.70904147240424,75.1276002699329,-25.261601602650142,-22.126456506031122,-30.339375434799198,14.61646704169861,24.558055668202016,-23.96457036562888,-0.976620995350697,0,0,1
2015-06,399001.SZ,China_HK,1,14337.96973,-10.946777562778953,8.649987989956953,12.597996375890009,11.932460374756126,8.326687177379002,85.28621266682943,88.44556840260823,80.42666390736898,14.61646704169861,23.33949330035976,7.053417942802098,24.558055668202016,-23.96457036562888,19.18166619724222,-0.44308919114331674,0,0,1
2015-07,399001.SZ,China_HK,1,12374.25,-13.695939989963978,-10.946777562778953,8.649987989956953,12.597996375890009,10.028169520713268,106.23084825085056,89.69054517438335,118.30285398421749,24.558055668202016,1.4076191653921155,47.09407084256565,-23.96457036562888,19.18166619724222,-10.263558111944526,0.5456361334795071,0,0,0
2015-08,399001.SZ,China_HK,1,10549.16016,-14.749094611794655,-13.695939989963978,-10.946777562778953,8.649987989956953,11.35639208218011,80.77308187177104,72.6687409493231,83.29964871560374,-23.96457036562888,-18.978370788097155,-29.58779445277242,19.18166619724222,-10.263558111944526,69.33668679688365,-0.7123350831475163,0,0,1
2015-09,399001.SZ,China_HK,1,9988.25,-5.31710725301946,-14.749094611794655,-13.695939989963978,-10.946777562778953,11.613199934471819,96.26670481363932,79.88457260131835,111.3503412882487,19.18166619724222,9.929760111059792,33.674442815976114,-10.263558111944526,69.33668679688365,-3.9551845660048213,0.0642386706420011,0,0,0
2015-10,399001.SZ,China_HK,1,11546.04981,15.596323780442024,-5.31710725301946,-14.749094611794655,-13.695939989963978,12.216132548635509,86.38631562263735,101.0595084159605,75.2390812904604,-10.263558111944526,26.506915071474868,-32.43030922043458,69.33668679688365,-3.9551845660048213,-17.462244964117836,-0.46539997130577987,0,0,1
2015-11,399001.SZ,China_HK,1,12037.86035,4.259556715007795,15.596323780442024,-5.31710725301946,-14.749094611794655,12.079582138429439,146.2837247212728,206.72467168172201,112.25876941680909,69.33668679688365,104.55736914021405,49.20273811350009,-3.9551845660048213,-17.462244964117836,-12.711604183681224,2.2021073610924744,1,0,0
2015-12,399001.SZ,China_HK,1,12664.88965,5.2088102185036345,4.259556715007795,15.596323780442024,-5.31710725301946,10.508689843856697,140.49793341852003,194.36913816390498,108.1629870014806,-3.9551845660048213,-5.976806453387384,-3.648518896658426,-17.462244964117836,-12.711604183681224,4.015245447232085,1.7405500614050073,0,0,0
2016-01,399001.SZ,China_HK,1,9418.200195,-25.635355259490954,5.2088102185036345,4.259556715007795,15.596323780442024,13.145224555532696,115.96384011545489,110.91858869983304,120.46343551143524,-17.462244964117836,-42.934053344261315,11.37214203393464,-12.711604183681224,4.015245447232085,-20.571703453499047,0.5901208640110405,0,0,0
2016-02,399001.SZ,China_HK,1,9097.360352,-3.4065940026453245,-25.635355259490954,5.2088102185036345,4.259556715007795,13.025831210518563,101.22297576378132,113.22725730106748,90.85711604151233,-12.711604183681224,2.0814082006417767,-24.57701736981631,4.015245447232085,-20.571703453499047,1.2679298080407353,-0.14074225534914356,0,0,1
2016-03,399001.SZ,China_HK,1,10455.37012,14.927514305855215,-3.4065940026453245,-25.635355259490954,5.2088102185036345,13.327465469568923,105.2873266896894,122.04758010372039,93.74349009606146,4.015245447232085,7.78992886774601,3.1768277272089085,-20.571703453499047,1.2679298080407353,4.556577350732516,0.08165049546770788,0,0,0
2016-04,399001.SZ,China_HK,1,10141.54004,-3.0016161685149423,14.927514305855215,-3.4065940026453245,-25.635355259490954,12.617912701251866,83.62793006896973,90.3290501912435,79.78639167149862,-20.571703453499047,-25.98865941096199,-14.888605502377427,1.2679298080407353,4.556577350732516,26.501697966147653,-0.929113059578285,0,0,1
2016-05,399001.SZ,China_HK,1,10159.92969,0.181329955090348,-3.0016161685149423,14.927514305855215,-3.4065940026453245,12.176306835759206,84.68827352216167,88.0693675010435,82.82368420016381,1.2679298080407353,-2.5016123665817624,3.806780160168821,4.556577350732516,26.501697966147653,-11.965066413420121,-0.8842870925696081,0,0,1
2016-06,399001.SZ,China_HK,1,10489.99023,3.2486498437569233,0.181329955090348,-3.0016161685149423,14.927514305855215,12.02784083948681,88.54716021219889,97.87790400187174,80.03160365422566,4.556577350732516,11.137285050573364,-3.3711136770858907,26.501697966147653,-11.965066413420121,5.177677420867943,-0.675385337292379,0,0,1
2016-07,399001.SZ,China_HK,1,10329.44043,-1.5305047619667667,3.2486498437569233,0.181329955090348,-3.0016161685149423,11.438266098514864,112.01366116923671,143.21993846278036,94.82303280984202,26.501697966147653,46.32509750110867,18.481985216143258,-11.965066413420121,5.177677420867943,-16.921676258939698,0.504740816275006,0,0,0
2016-08,399001.SZ,China_HK,1,10757.87988,4.1477508186762435,-1.5305047619667667,3.2486498437569233,0.181329955090348,10.622725760112134,98.61115221823415,123.22047128985005,80.60763149876749,-11.965066413420121,-13.964164059550777,-14.991506693929601,5.177677420867943,-16.921676258939698,-3.0021981619094418,-0.09695177493770867,0,0,1
2016-09,399001.SZ,China_HK,1,10567.58008,-1.7689340476257587,4.1477508186762435,-1.5305047619667667,3.2486498437569233,10.487834550483717,103.71691958109538,119.65013109842936,94.2956667582194,5.177677420867943,-2.897521940994874,16.98106619056434,-16.921676258939698,-3.0021981619094418,21.584843002401332,0.24419612754655895,0,0,0
2016-10,399001.SZ,China_HK,1,10704.29981,1.2937657341130837,-1.7689340476257587,4.1477508186762435,-1.5305047619667667,9.441056657455226,86.16627822383758,100.4282025367983,80.40413419661984,-16.921676258939698,-16.065112829519823,-14.731888578950725,-3.0021981619094418,21.584843002401332,3.2171336265169437,-0.755613313542009,0,0,0
2016-11,399001.SZ,China_HK,1,11012.19043,2.876326574040533,1.2937657341130837,-1.7689340476257587,4.1477508186762435,9.390326428130122,83.57939580281575,85.52786210378011,80.94508310953776,-3.0021981619094418,-14.836808841180337,0.6727874360229924,21.584843002401332,3.2171336265169437,7.91479544055298,-0.8991235723515687,0,0,1
2016-12,399001.SZ,China_HK,1,10177.13965,-7.582967124552365,2.876326574040533,1.2937657341130837,-1.7689340476257587,9.435524119927392,101.61987716920915,112.50576536117062,94.95736854307113,21.584843002401332,31.54282428415589,17.310854341296356,3.2171336265169437,7.91479544055298,-12.981087348955,0.08052018995459746,0,0,1
2017-01,399001.SZ,China_HK,1,10052.04981,-1.229125710189094,-7.582967124552365,2.876326574040533,1.2937657341130837,5.560605712222169,104.88912440884498,102.22949655594364,108.44574915978217,3.2171336265169437,-9.133993064477785,14.204669762508138,7.91479544055298,-12.981087348955,16.858108837707487,0.2764772290213544,0,0,1
2017-02,399001.SZ,China_HK,1,10391.33984,3.3753317623084866,-1.229125710189094,-7.582967124552365,2.876326574040533,5.451107974876289,113.19088404519218,94.91658476420811,125.99899278368268,7.91479544055298,-7.153426396591556,16.186197946807358,-12.981087348955,16.858108837707487,-11.924009642381684,0.7499284136946149,0,0,0
2017-03,399001.SZ,China_HK,1,10428.71973,0.3597215621426564,3.3753317623084866,-1.229125710189094,-7.582967124552365,3.340411142382994,98.49747651623142,99.26259293094758,97.23793039014262,-12.981087348955,4.578765847439437,-22.826422464279194,16.858108837707487,-11.924009642381684,25.21966237763813,-0.07970292612513222,0,0,1
2017-04,399001.SZ,China_HK,1,10234.65039,-1.860912413263216,0.3597215621426564,3.3753317623084866,-1.229125710189094,3.261572159449072,115.10228830973307,101.26866887410482,124.87095286051432,16.858108837707487,2.0209787835713477,28.417945918327536,-11.924009642381684,25.21966237763813,-19.96658607237466,0.8218982347521404,0,0,0
2017-05,399001.SZ,China_HK,1,9864.839844,-3.6133187935890043,-1.860912413263216,0.3597215621426564,3.3753317623084866,3.4350451626000345,101.37748035307854,98.86025521063036,100.89005654858005,-11.924009642381684,-2.378241651885993,-19.204543380654638,25.21966237763813,-19.96658607237466,34.9537634693037,-0.016757352017186686,0,0,1
2017-06,399001.SZ,China_HK,1,10529.61035,6.73878660487659,-3.6133187935890043,-1.860912413263216,0.3597215621426564,3.8725845711765556,126.94453862508138,146.7019323984782,113.13888193766276,25.21966237763813,48.393236580177735,12.140765708843393,-19.96658607237466,34.9537634693037,-13.40475581527194,1.3684569567814138,0,0,0
2017-07,399001.SZ,China_HK,1,10505.04004,-0.2333449119510944,6.73878660487659,-3.6133187935890043,-1.860912413263216,3.8408935794253853,101.59804805632561,69.98286450293756,124.43094007430538,-19.96658607237466,-52.29588093437852,9.980705079677499,34.9537634693037,-13.40475581527194,-22.585571348701183,-0.09325574279342158,0,0,1
2017-08,399001.SZ,China_HK,1,10816.63965,2.966191550089503,-0.2333449119510944,6.73878660487659,-3.6133187935890043,3.744670595363428,137.11038946336316,109.75087941077447,156.3583743187689,34.9537634693037,56.82536030826179,25.658758364597812,-13.40475581527194,-22.585571348701183,1.45640671502556,1.769125616283447,0,0,0
2017-09,399001.SZ,China_HK,1,11087.19043,2.5012461240677686,2.966191550089503,-0.2333449119510944,6.73878660487659,3.75275877333455,118.73107655843098,86.45641419092814,146.35588200887045,-13.40475581527194,-21.22485518558812,-6.397158037411099,-22.585571348701183,1.45640671502556,-9.265018521286283,0.6833153665668898,0,0,0
2017-10,399001.SZ,China_HK,1,11367.62012,2.529312468929956,2.5012461240677686,2.966191550089503,-0.2333449119510944,3.7942551273860974,91.91498454924553,71.24007597277242,109.52413552807224,-22.585571348701183,-17.60001078063723,-25.16588057497128,1.45640671502556,-9.265018521286283,8.729366354164325,-0.8369177242663346,0,0,1
2017-11,399001.SZ,China_HK,1,10944.09961,-3.7256743762475453,2.529312468929956,2.5012461240677686,2.966191550089503,3.906259948056834,93.25364055633545,80.09026870727538,105.41860446929931,1.45640671502556,12.423053476087631,-3.748517200321233,-9.265018521286283,8.729366354164325,-28.45406203269154,-0.7153023093285192,0,0,0
2017-12,399001.SZ,China_HK,1,11040.4502,0.8803884598415079,-3.7256743762475453,2.529312468929956,2.5012461240677686,3.08713565146593,84.61367348701724,64.52695954230524,98.77827345940375,-9.265018521286283,-19.432209950316203,-6.29901244028458,8.729366354164325,-28.45406203269154,65.97083380479091,-1.2336645984463541,0,0,1
2018-01,399001.SZ,China_HK,1,11159.67969,1.0799332259114003,0.8803884598415079,-3.7256743762475453,2.529312468929956,3.0256767190760807,91.99991103141538,75.9898567199707,106.7695834867416,8.729366354164325,17.76450844572981,8.09014953133611,-28.45406203269154,65.97083380479091,11.699680256456425,-0.6525128056178033,0,0,0
2018-02,399001.SZ,China_HK,1,10828.73047,-2.965579919794281,1.0799332259114003,0.8803884598415079,-3.7256743762475453,3.1097449739072167,65.82219927651542,53.66386883599417,76.22563787869045,-28.45406203269154,-29.380221055357104,-28.60734734611382,65.97083380479091,11.699680256456425,0.0402988402496085,-2.142949409571251,0,0,1
2018-03,399001.SZ,China_HK,1,10868.65039,0.36864820036470736,-2.965579919794281,1.0799332259114003,0.8803884598415079,3.109738645794741,109.2456529678837,64.72115756619361,142.5100219480453,65.97083380479091,20.60471779251023,86.95812316433921,11.699680256456425,0.0402988402496085,-15.333763880707775,0.5900008957372371,1,0,1
2018-04,399001.SZ,China_HK,1,10324.46973,-5.006883471941359,0.36864820036470736,-2.965579919794281,1.0799332259114003,3.4325009685365533,122.0270450592041,94.80569979349772,144.06638272603354,11.699680256456425,46.483319147274415,1.092106194858089,0.0402988402496085,-15.333763880707775,5.999256123072527,1.2755117361317614,0,0,1
2018-05,399001.SZ,China_HK,1,10295.73047,-0.278360639835018,-5.006883471941359,0.36864820036470736,-2.965579919794281,3.231275892398162,122.07622054315382,62.3412499273977,166.9032696139428,0.0402988402496085,-34.24314143222706,15.851641761102208,-15.333763880707775,5.999256123072527,3.182714359079064,1.1736073459445548,0,0,0
2018-06,399001.SZ,China_HK,1,9379.469727,-8.899424335843175,-0.278360639835018,-5.006883471941359,0.36864820036470736,3.579165250544479,103.35734113057454,56.24654754002889,136.8462231318156,-15.333763880707775,-9.776355774814693,-18.008662473569824,5.999256123072527,3.182714359079064,-34.571624462700555,-0.01799698964290039,0,0,1
2018-07,399001.SZ,China_HK,1,9178.780273,-2.1396673782345,-8.899424335843175,-0.278360639835018,-5.006883471941359,3.5892440008764837,109.5580127469955,85.10936841657085,127.5609563396823,5.999256123072527,51.3148311120806,-6.7851830906501265,3.182714359079064,-34.571624462700555,25.17349771161239,0.37867626972426766,0,0,1
2018-08,399001.SZ,China_HK,1,8465.469727,-7.771299941651854,-2.1396673782345,-8.899424335843175,-0.278360639835018,3.825593663110438,113.04493135021579,67.86267332876882,146.81783097790134,3.182714359079064,-20.264155883976787,15.096213755986486,-34.571624462700555,25.17349771161239,-13.771045076727717,0.557552855944708,0,0,0
2018-09,399001.SZ,China_HK,1,8401.089844,-0.7604998313875511,-7.771299941651854,-2.1396673782345,-8.899424335843175,3.588956515549854,73.96346220970153,49.602893877029416,88.1794579188029,-34.571624462700555,-26.906955703436154,-39.939544582922316,25.17349771161239,-13.771045076727717,8.45156427798377,-1.6910069748655194,0,0,1
2018-10,399001.SZ,China_HK,1,7482.830078,-10.930245754434054,-0.7604998313875511,-7.771299941651854,-2.1396673782345,4.04286471889288,92.58265267649004,61.918164991563366,115.57533417978594,25.17349771161239,24.8277270779095,31.06832011397669,-13.771045076727717,8.45156427798377,1.0709526807535674,-0.6268948726858339,0,0,0
2018-11,399001.SZ,China_HK,1,7681.75,2.6583514516096862,-10.930245754434054,-0.7604998313875511,-7.771299941651854,4.393181980868213,79.83305384318034,48.951593685150144,103.46333103179931,-13.771045076727717,-20.94146573655724,-10.479747459908284,8.45156427798377,1.0709526807535674,12.624990293825844,-1.3560584289494768,0,0,1
2018-12,399001.SZ,China_HK,1,7239.790039,-5.753376001562138,2.6583514516096862,-10.930245754434054,-0.7604998313875511,4.302519677651607,86.58019570381411,64.75931516770393,99.9929014944261,8.45156427798377,32.292557386848046,-3.3542603961847828,1.0709526807535674,12.624990293825844,-19.17630273940678,-0.9074144937294559,0,0,1
2019-01,399001.SZ,China_HK,1,7479.220215,3.3071425374246344,-5.753376001562138,2.6583514516096862,-10.930245754434054,4.5525412080755405,87.5074286307058,54.891605531015706,113.59607076644897,1.0709526807535674,-15.237513879098808,13.60413496230144,12.624990293825844,-19.17630273940678,-0.8685045212788456,-0.801073848206824,0,0,1
2019-02,399001.SZ,China_HK,1,9031.929688,20.76031228343769,3.3071425374246344,-5.753376001562138,2.6583514516096862,8.280365390757703,98.55523300170898,57.736959321158274,130.96962765284948,12.624990293825844,5.183586383777472,15.294153018831214,-19.17630273940678,-0.8685045212788456,33.10270858929771,-0.14271946978709077,0,0,0
2019-03,399001.SZ,China_HK,1,9906.860352,9.68708453479714,20.76031228343769,3.3071425374246344,-5.753376001562138,8.85802752293325,79.65598315577353,67.75160512616557,85.8987022830594,-19.17630273940678,17.345294803804002,-34.41326525662569,-0.8685045212788456,33.10270858929771,-1.685648374379367,-1.1424746158846457,0,0,0
2019-04,399001.SZ,China_HK,1,9780.820313,-1.2722500824850602,9.68708453479714,20.76031228343769,3.3071425374246344,8.747414040511204,78.96416734059652,57.763711071014406,93.91384995778402,-0.8685045212788456,-14.741929783880291,9.330929876347316,33.10270858929771,-1.685648374379367,-9.939817225846037,-1.0844430097283153,0,0,1
2019-05,399001.SZ,China_HK,1,8922.69043,-8.77359828254315,-1.2722500824850602,9.68708453479714,20.76031228343769,9.098466427866452,105.10344554531959,63.40447973435925,133.1031727944651,33.10270858929771,9.765246309071296,41.729013190596916,-1.685648374379367,-9.939817225846037,13.921162899248628,0.33804429903187627,0,0,0
2019-06,399001.SZ,China_HK,1,9178.30957,2.864821345146673,-8.77359828254315,-1.2722500824850602,9.68708453479714,8.777366393172706,103.3317710240682,51.50454092025757,138.8043354034424,-1.685648374379367,-18.768293445444108,4.283265747376963,-9.939817225846037,13.921162899248628,-12.699931906120154,0.3113759427556039,0,0,0
2019-07,399001.SZ,China_HK,1,9326.610352,1.6157744611789093,2.864821345146673,-8.77359828254315,-1.2722500824850602,8.754979644427806,93.06078184804609,47.329337519984094,126.32542345600743,-9.939817225846037,-8.10647629446455,-8.990289756558633,13.921162899248628,-12.699931906120154,2.8698387190764008,-0.2605231431616406,0,0,1
2019-08,399001.SZ,China_HK,1,9365.679688,0.41890177165622156,1.6157744611789093,2.864821345146673,-8.77359828254315,8.364701889574242,106.01592488442698,74.11447860348609,125.86253258489793,13.921162899248628,56.593103742879094,-0.3664273259061712,-12.699931906120154,2.8698387190764008,-22.581225044357122,0.6360280812730083,0,0,0
2019-09,399001.SZ,China_HK,1,9446.240234,0.860167640616849,0.41890177165622156,1.6157744611789093,2.864821345146673,8.344076135914678,92.55197461446126,70.08315865198772,112.63771381378174,-12.699931906120154,-5.439314999523937,-10.507351552135392,2.8698387190764008,-22.581225044357122,-1.8944804802661475,-0.18151693898220844,0,0,1
2019-10,399001.SZ,China_HK,1,9635.330078,2.0017471429469413,0.860167640616849,0.41890177165622156,1.6157744611789093,7.405004708053968,95.20806701721683,69.20361838802215,118.00913903021043,2.8698387190764008,-1.2549951812718674,4.768762641355617,-22.581225044357122,-1.8944804802661475,93.42482713456963,-0.008370969890582997,0,0,0
2019-11,399001.SZ,China_HK,1,9582.160156,-0.5518225278177247,2.0017471429469413,0.860167640616849,0.41890177165622156,7.451268589422849,73.70891914367675,52.628954823811846,86.17964719136556,-22.581225044357122,-23.95057361202817,-26.972056656303966,-1.8944804802661475,93.42482713456963,-45.859153499296525,-1.3702344917470703,0,0,0
2019-12,399001.SZ,China_HK,1,10430.76953,8.85613849261986,-0.5518225278177247,2.0017471429469413,0.860167640616849,7.242577977250901,72.31251805828464,60.52569272441249,79.17934866874448,-1.8944804802661475,15.004550113215975,-8.122913879046889,93.42482713456963,-45.859153499296525,9.297101316181845,-1.3788146832098769,0,0,1
2020-01,399001.SZ,China_HK,1,10681.90039,2.4075966713455133,8.85613849261986,-0.5518225278177247,2.0017471429469413,7.247315138011375,139.8703630508915,84.9525350447624,191.54257983546103,93.42482713456963,40.35780710775339,141.90976947385673,-45.859153499296525,9.297101316181845,-15.71040369340041,2.3984234895573473,1,1,0
2020-02,399001.SZ,China_HK,1,10980.76953,2.797902330935309,2.4075966713455133,8.85613849261986,-0.5518225278177247,4.710633585141009,75.72699855935984,56.10202249987372,87.16311290346343,-45.859153499296525,-33.960743525413385,-54.49413233426306,9.297101316181845,-15.71040369340041,-0.37686680923350035,-1.1696176844696133,0,1,1
2020-03,399001.SZ,China_HK,1,9962.299805,-9.275030517829286,2.797902330935309,2.4075966713455133,8.85613849261986,4.976349642176196,82.76741433912709,64.03543063132993,98.19669649677891,9.297101316181845,14.141037663079015,12.658546976787765,-15.71040369340041,-0.37686680923350035,3.027754065969246,-0.7094840570068491,0,1,0
2020-04,399001.SZ,China_HK,1,10721.78027,7.623545565440848,-9.275030517829286,2.797902330935309,2.4075966713455133,5.388693479158555,69.76431941986084,47.72460098266602,82.26346549987792,-15.71040369340041,-25.47157017272198,-16.225831993669605,-0.37686680923350035,3.027754065969246,-4.293498750492198,-1.3384281588774083,0,1,0
2020-05,399001.SZ,China_HK,1,10746.08008,0.2266396940440174,7.623545565440848,-9.275030517829286,2.797902330935309,4.466781706663826,69.50140085527974,42.106849024372714,85.36720494301089,-0.37686680923350035,-11.771186856719284,3.772925714073616,3.027754065969246,-4.293498750492198,-5.254596548829982,-1.2641225588871834,0,1,1
2020-06,399001.SZ,China_HK,1,11992.34961,11.597433861669115,0.2266396940440174,7.623545565440848,-9.275030517829286,5.313163700644261,71.60573234558106,51.320197105407715,86.46775321960449,3.027754065969246,21.88087756388999,1.289193288369117,-4.293498750492198,-5.254596548829982,27.892667765632396,-1.0480468176075706,0,1,0
2020-07,399001.SZ,China_HK,1,13637.87988,13.721500152295851,11.597433861669115,0.2266396940440174,7.623545565440848,6.225473124675738,68.53134112204275,36.44394225458945,92.3572107745755,-4.293498750492198,-28.98713506548618,6.811160618471734,-5.254596548829982,27.892667765632396,-7.62341761045866,-1.1294147111936224,0,0,0
2020-08,399001.SZ,China_HK,1,13758.23047,0.8824728701159357,13.721500152295851,11.597433861669115,0.2266396940440174,6.206768055434728,64.93029563657699,27.294767964270807,89.9976692199707,-5.254596548829982,-25.104787584187527,-2.5547994951514386,27.892667765632396,-7.62341761045866,-8.272171743840929,-1.2409867889200987,0,0,1
2020-09,399001.SZ,China_HK,1,12907.4502,-6.18379138113101,0.8824728701159357,13.721500152295851,11.597433861669115,6.778549638799516,83.04108727773031,49.94818175633748,105.76334724426269,27.892667765632396,82.9954437484879,17.517873697104093,-7.62341761045866,-8.272171743840929,-11.477018729790899,-0.19368612145326036,0,0,0
2020-10,399001.SZ,China_HK,1,13236.59961,2.550073057806568,-6.18379138113101,0.8824728701159357,13.721500152295851,6.774217152060428,76.71051840628347,43.048690057569935,98.63585779743809,-7.62341761045866,-13.813299015418378,-6.739092164285898,-8.272171743840929,-11.477018729790899,20.377331218205175,-0.5310391234579444,0,0,0
2020-11,399001.SZ,China_HK,1,13670.11035,3.2750914341512116,2.550073057806568,-6.18379138113101,0.8824728701159357,6.687093071559157,70.364892578125,62.07505849202474,79.94887498219808,-8.272171743840929,44.197322633999846,-18.94542535800341,-11.477018729790899,20.377331218205175,-3.544024808415902,-0.8727351360468183,0,0,0
2020-12,399001.SZ,China_HK,1,14470.67969,5.856348774829012,3.2750914341512116,2.550073057806568,-6.18379138113101,6.510435859273518,62.28910067773634,29.27726056498866,85.56250313789614,-11.477018729790899,-52.8357100642118,7.021522387836021,20.377331218205175,-3.544024808415902,7.229044395559336,-1.241929193326495,0,0,1
2021-01,399001.SZ,China_HK,1,14821.99023,2.4277404208094877,5.856348774829012,3.2750914341512116,2.550073057806568,6.51028401757627,74.98195703567997,47.25387308674474,95.04665202479208,20.377331218205175,61.40127926877659,11.084468708928341,-3.544024808415902,7.229044395559336,9.128842161979843,-0.4909869325486777,0,0,0
2021-02,399001.SZ,China_HK,1,14507.4502,-2.1221173750564537,2.4277404208094877,5.856348774829012,3.2750914341512116,6.67416826656756,72.32457787649972,46.01375893184117,91.39712776456561,-3.544024808415902,-2.6243651025749215,-3.8397188985410335,7.229044395559336,9.128842161979843,6.3745163092844725,-0.5840812846265266,0,0,1
2021-03,399001.SZ,China_HK,1,13778.66992,-5.023489792851398,-2.1221173750564537,2.4277404208094877,5.856348774829012,6.0754654261437615,77.55295372009277,49.825385385943996,99.19816903145083,7.229044395559336,8.283666760954866,8.535324312357284,9.128842161979843,6.3745163092844725,-18.213102955042736,-0.28148404781734077,0,0,1
2001-01,GDAXI,Europa,2,6795.140137,5.619400021116894,0.961654281085722,-9.962781300555578,4.1087803568152115,5.817378108589258,47.34544200281943,39.250703688590754,53.58126591097924,2.8989908486964033,-11.863157433402927,14.962542983127358,18.989927506775352,9.558998400811113,-20.567427445911946,-1.1276709843340298,0,0,1
2001-02,GDAXI,Europa,2,6208.240234,-8.637053705548926,5.619400021116894,0.961654281085722,-9.962781300555578,5.01053767867644,56.336307116917204,45.95857455049242,65.78157465798515,18.989927506775352,17.089810453134604,22.769728448140224,9.558998400811113,-20.567427445911946,22.282612275385794,-0.5528914270022299,0,0,1
2001-03,GDAXI,Europa,2,5829.950195,-6.093353748269259,-8.637053705548926,5.619400021116894,0.961654281085722,5.159212345807826,61.72149381329936,57.44915543833086,65.804611175291,9.558998400811113,25.002039336999694,0.035019710953454464,-20.567427445911946,22.282612275385794,18.33193624265337,-0.16449345719586606,0,0,0
2001-04,GDAXI,Europa,2,6264.509766,7.453915667627764,-6.093353748269259,-8.637053705548926,5.619400021116894,5.838964898776386,49.026970354715985,47.12476806640625,50.69535102844238,-20.567427445911946,-17.97134752138766,-22.96079237760469,22.282612275385794,18.33193624265337,-15.444990282835402,-0.9863278333381387,0,0,1
2001-05,GDAXI,Europa,2,6123.259766,-2.25476542101698,7.453915667627764,-6.093353748269259,-8.637053705548926,5.780054118162738,59.95146006922568,56.56440058062154,60.64858498111848,22.282612275385794,20.031149014703598,19.633425453730236,18.33193624265337,-15.444990282835402,6.919856867837648,-0.08072137279815189,0,0,1
2001-06,GDAXI,Europa,2,6058.379883,-1.0595644391938497,-2.25476542101698,7.453915667627764,-6.093353748269259,5.749399295775506,70.94172350565593,62.602798779805504,78.85646438598633,18.33193624265337,10.675262421595733,30.02193606089316,-15.444990282835402,6.919856867837648,636.705984061322,0.8917469952324577,0,0,0
2001-07,GDAXI,Europa,2,5861.189941,-3.2548296047483105,-1.0595644391938497,-2.25476542101698,7.453915667627764,5.541433468076103,59.984781203731416,53.3461978666244,62.87733785567745,-15.444990282835402,-14.786241340007166,-20.26355943641387,6.919856867837648,636.705984061322,6.680150322070344,-0.040735325784857314,0,0,1
2001-08,GDAXI,Europa,2,5188.169922,-11.482651573737822,-3.2548296047483105,-1.0595644391938497,-2.25476542101698,6.187832252350548,64.13564220551521,73.31873946036062,56.88255968401509,6.919856867837648,37.43948471017813,-9.534083942011339,636.705984061322,6.680150322070344,-41.24090377218973,0.3121450090099885,0,1,1
2001-09,GDAXI,Europa,2,4308.149902,-16.962050843175913,-11.482651573737822,-3.2548296047483105,-1.0595644391938497,7.436605160570771,472.49111404418943,791.8359584172566,249.4176373163859,636.705984061322,979.9912331353685,338.47822373309316,6.680150322070344,-41.24090377218973,-21.93115492388762,4.651889065398863,1,1,1
2001-10,GDAXI,Europa,2,4559.129883,5.8257021391824315,-16.962050843175913,-11.482651573737822,-3.2548296047483105,7.61003300927399,504.05423072076616,840.6995652721774,257.8192534908172,6.680150322070344,6.170925472062505,3.368493208751655,-41.24090377218973,-21.93115492388762,-26.483715938044828,3.36038803354654,0,1,0
2001-11,GDAXI,Europa,2,4989.910156,9.448738773735887,5.8257021391824315,-16.962050843175913,-11.482651573737822,8.116049287498877,296.1777104695638,494.21396484375,141.4245381673177,-41.24090377218973,-41.21396212644078,-45.14585848323587,-21.93115492388762,-26.483715938044828,-15.629290096238414,1.4919838256736058,0,1,0
2001-12,GDAXI,Europa,2,5160.100098,3.410681488831191,9.448738773735887,5.8257021391824315,-16.962050843175913,8.219278309418236,231.22251793646043,376.6929409888483,121.45619632351783,-21.93115492388762,-23.77938144505022,-14.119432244619079,-26.483715938044828,-15.629290096238414,4.7790402345696315,0.9207024060052467,0,1,0
2002-01,GDAXI,Europa,2,5107.609863,-1.0172328831439703,3.410681488831191,9.448738773735887,5.8257021391824315,7.914396357528929,169.9862031013735,259.16573752126385,104.05673919185516,-26.483715938044828,-31.199736092496554,-14.325705611030715,-15.629290096238414,4.7790402345696315,2.5704229747520735,0.4178106412301901,0,1,0
2002-02,GDAXI,Europa,2,5039.080078,-1.341719254957896,-1.0172328831439703,3.410681488831191,9.448738773735887,7.6379370550372725,143.41856629507882,209.38243239266532,93.08014828818185,-15.629290096238414,-19.20906119950132,-10.548659307337282,4.7790402345696315,2.5704229747520735,3.2632959591828437,0.1896965876609148,0,1,1
2002-03,GDAXI,Europa,2,5397.290039,7.108637994539935,-1.341719254957896,-1.0172328831439703,3.410681488831191,7.855072109481906,150.27259728216356,217.83082137569303,97.68620583318895,4.7790402345696315,4.034908223429179,4.948485396420366,2.5704229747520735,3.2632959591828437,-7.141906512616192,0.2115393086592408,0,1,1
2002-04,GDAXI,Europa,2,5041.200195,-6.597567324100595,7.108637994539935,-1.341719254957896,-1.0172328831439703,7.631134630790697,154.13523864746094,219.28201649983723,99.5971280415853,2.5704229747520735,0.6662028426368982,1.9561842863049517,3.2632959591828437,-7.141906512616192,-19.228603110713394,0.20906450846680694,0,1,1
2002-05,GDAXI,Europa,2,4818.299805,-4.421573858960793,-6.597567324100595,7.108637994539935,-1.341719254957896,7.675742530843664,159.16512766192037,205.2949966922883,137.87667772846837,3.2632959591828437,-6.378553075536553,38.434391070895146,-7.141906512616192,-19.228603110713394,6.386640324555559,0.22283561106419553,0,1,0
2002-06,GDAXI,Europa,2,4382.560059,-9.04343365159278,-4.421573858960793,-6.597567324100595,7.108637994539935,7.956509888039466,147.7977030436198,185.49468332926432,127.91307754516602,-7.141906512616192,-9.644810483473298,-7.2264579822009285,-19.228603110713394,6.386640324555559,34.05336231874485,0.10795986852254974,0,1,0
2002-07,GDAXI,Europa,2,3700.139893,-15.571267862001935,-9.04343365159278,-4.421573858960793,-6.597567324100595,8.82891541272509,119.37826931861139,161.98243344214654,92.84361993112871,-19.228603110713394,-12.675430618883077,-27.416631893368603,6.386640324555559,34.05336231874485,-1.1482428597716532,-0.13781889802288977,0,0,1
2002-08,GDAXI,Europa,2,3712.939941,0.3459341638464952,-15.571267862001935,-9.04343365159278,-4.421573858960793,8.496963656969449,127.00253000567037,157.38569099672378,101.13534890451739,6.386640324555559,-2.8378030553939837,8.930854892925822,34.05336231874485,-1.1482428597716532,-7.277545082473935,-0.10494483165416127,0,0,1
2002-09,GDAXI,Europa,2,2769.030029,-25.42217022087835,0.3459341638464952,-15.571267862001935,-9.04343365159278,10.02797664031175,170.25116170247395,185.25534108479818,167.88976720174153,34.05336231874485,17.707867793810127,66.00503090195247,-1.1482428597716532,-7.277545082473935,12.179669045440855,0.20325984695605837,0,0,0
2002-10,GDAXI,Europa,2,3152.850098,13.861173948287275,-25.42217022087835,0.3459341638464952,-15.571267862001935,10.908282113047717,168.296264894547,195.84739069784843,161.10799457180886,-1.1482428597716532,5.717540747287764,-4.039419878272565,-7.277545082473935,12.179669045440855,17.26225132075463,0.15715499103937208,0,0,0
2002-11,GDAXI,Europa,2,3320.320068,5.3117009941650695,13.861173948287275,-25.42217022087835,0.3459341638464952,10.558258405664956,156.04842834472657,175.04123814900717,151.88629328409831,-7.277545082473935,-10.623655732508986,-5.723925316195444,12.179669045440855,17.26225132075463,15.061801848864963,0.020633136554032164,0,0,1
2002-12,GDAXI,Europa,2,2892.629883,-12.880992682660853,5.3117009941650695,13.861173948287275,-25.42217022087835,10.735610266498496,175.05461046772618,174.67416357224988,183.75799191382623,12.179669045440855,-0.20970748415570784,20.983920234403875,17.26225132075463,15.061801848864963,47.86395462919402,0.13548947851311843,0,0,1
2003-01,GDAXI,Europa,2,2747.830078,-5.005818609943469,-12.880992682660853,5.3117009941650695,13.861173948287275,10.691825578355468,205.2729772752331,176.48827115951045,244.28261073943108,17.26225132075463,1.0385666375383629,32.93713552006381,15.061801848864963,47.86395462919402,-27.597525181866878,0.3400154865225365,0,0,1
2003-02,GDAXI,Europa,2,2547.050049,-7.306857531239242,-5.005818609943469,-12.880992682660853,5.3117009941650695,10.671737780556045,236.19078636169434,210.63462039402552,291.2838772365025,15.061801848864963,19.34765920147381,19.240528973716554,47.86395462919402,-27.597525181866878,-36.85013674083216,0.547533154274486,0,0,1
2003-03,GDAXI,Europa,2,2423.870117,-4.836180272482737,-7.306857531239242,-5.005818609943469,-12.880992682660853,9.97731859035753,349.2410371841923,413.45056693784653,352.7903245495212,47.86395462919402,96.28803952760548,21.115637396943754,-27.597525181866878,-36.85013674083216,-8.741552754206271,1.3891505960157058,1,0,0
2003-04,GDAXI,Europa,2,2942.040039,21.377792414113905,-4.836180272482737,-7.306857531239242,-5.005818609943469,12.709928623414761,252.85915400187176,326.76046600341795,210.79934641520182,-27.597525181866878,-20.967464520966683,-40.2479796790425,-36.85013674083216,-8.741552754206271,-8.073495492440319,0.5148805034165131,0,0,0
2003-05,GDAXI,Europa,2,2982.679932,1.3813507790945367,21.377792414113905,-4.836180272482737,-7.306857531239242,12.787339904533592,159.68020999047064,183.58484895767705,150.55725589875252,-36.85013674083216,-43.81668896391011,-28.577930406763798,-8.741552754206271,-8.073495492440319,2.5679680059377485,-0.33859645096062396,0,0,0
2003-06,GDAXI,Europa,2,3220.580078,7.97605346278234,1.3813507790945367,21.377792414113905,-4.836180272482737,13.015943887762809,145.7216801961263,176.93343124389648,127.7050184249878,-8.741552754206271,-3.623075516059593,-15.178436494042181,-8.073495492440319,2.5679680059377485,-13.59457280674885,-0.5029181585692353,0,0,0
2003-07,GDAXI,Europa,2,3487.860107,8.299126943801461,7.97605346278234,1.3813507790945367,21.377792414113905,12.523139983741023,133.95684691398375,166.529414761451,106.6518937387774,-8.073495492440319,-5.880186920754349,-16.485745780285622,2.5679680059377485,-13.59457280674885,-9.404549940243411,-0.6575022098566479,0,0,1
2003-08,GDAXI,Europa,2,3484.580078,-0.09404130037833358,8.299126943801461,7.97605346278234,1.3813507790945367,12.523504554756059,137.39681588449787,179.2770211004442,108.98332251271894,2.5679680059377485,7.654867674430843,2.186017230647508,-13.59457280674885,-9.404549940243411,9.037235190035675,-0.6740441743414888,0,0,0
2003-09,GDAXI,Europa,2,3256.780029,-6.537374487050029,-0.09404130037833358,8.299126943801461,7.97605346278234,9.925059602572306,118.71830571492514,145.99144999186197,97.7679594039917,-13.59457280674885,-18.56655744515813,-10.290898506437395,-9.404549940243411,9.037235190035675,12.52368017722989,-0.8383518008892655,0,0,0
2003-10,GDAXI,Europa,2,3655.98999,12.257811625140015,-6.537374487050029,-0.09404130037833358,8.299126943801461,9.75723562450272,107.55338336575416,129.5931615521831,91.48407450029927,-9.404549940243411,-11.232362196959455,-6.4273458728196236,9.037235190035675,12.52368017722989,-13.501723875035932,-1.156165429144045,0,0,1
2003-11,GDAXI,Europa,2,3745.949951,2.4606183618133937,12.257811625140015,-6.537374487050029,-0.09404130037833358,9.694794869001475,117.27323557535807,152.34808400472005,93.18425509134929,9.037235190035675,17.55873703519013,1.85844432524096,12.52368017722989,-13.501723875035932,0.6077524070589702,-0.9411455660729602,0,0,1
2003-12,GDAXI,Europa,2,3965.159912,5.851919109102899,2.4606183618133937,12.257811625140015,-6.537374487050029,8.631858454237484,131.9601605323053,166.63024114793348,112.74830061389554,12.52368017722989,9.374687733369157,20.995011982837084,-13.501723875035932,0.6077524070589702,19.33554692769983,-0.607084009889599,0,0,0
2004-01,GDAXI,Europa,2,4058.600098,2.3565300788302768,5.851919109102899,2.4606183618133937,12.257811625140015,8.266131127485563,114.1432640321793,127.11111671693864,107.96992640341482,-13.501723875035932,-23.716658008020264,-4.238089784469723,0.6077524070589702,19.33554692769983,8.529074870679644,-0.8844800294625489,0,0,1
2004-02,GDAXI,Europa,2,4018.159912,-0.9964072592401507,2.3565300788302768,5.851919109102899,2.4606183618133937,7.689905041503844,114.83697246683055,130.29377562424233,103.49829351490942,0.6077524070589702,2.503839939028385,-4.141554076639597,19.33554692769983,8.529074870679644,-18.08536449217786,-0.8379888001533916,0,0,1
2004-03,GDAXI,Europa,2,3856.699951,-4.018256230116912,-0.9964072592401507,2.3565300788302768,5.851919109102899,7.6064299173795025,137.0413291685043,182.14090384206463,107.18084593742124,19.33554692769983,39.792482771660254,3.558080329103519,8.529074870679644,-18.08536449217786,12.444061856436273,-0.41912189126732874,0,0,1
2004-04,GDAXI,Europa,2,3985.209961,3.3321236194866266,-4.018256230116912,-0.9964072592401507,2.3565300788302768,5.348914404977242,148.72968673706055,203.51488087972004,120.71956570943196,8.529074870679644,11.734858335933641,12.631659746290346,-18.08536449217786,12.444061856436273,-4.812826861738328,-0.20109534769664494,0,0,0
2004-05,GDAXI,Europa,2,3921.409912,-1.600920644692727,3.3321236194866266,-4.018256230116912,-0.9964072592401507,5.482805952428989,121.83138078258884,160.97313985516948,91.7239502937563,-18.08536449217786,-20.903503881710396,-24.018985858073037,12.444061856436273,-4.812826861738328,7.326084232038577,-0.6577450373351099,0,0,1
2004-06,GDAXI,Europa,2,4052.72998,3.348797267996506,-1.600920644692727,3.3321236194866266,-4.018256230116912,5.214246610952807,136.9921531677246,177.06919593811034,107.51701380411784,12.444061856436273,9.9992185636826,17.21803679386078,-4.812826861738328,7.326084232038577,9.302013958189859,-0.37433464268107997,0,0,0
2004-07,GDAXI,Europa,2,3895.610107,-3.876889745316814,3.348797267996506,-1.600920644692727,3.3321236194866266,5.071448389201167,130.39895802159464,159.34060545890563,120.38267381729618,-4.812826861738328,-10.012238653526872,11.96616196634508,7.326084232038577,9.302013958189859,-22.82005024743897,-0.5042698226408638,0,0,1
2004-08,GDAXI,Europa,2,3785.209961,-2.8339629215362816,-3.876889745316814,3.348797267996506,-1.600920644692727,5.187513010800823,139.9520955239573,177.53836158014113,126.08562567926222,7.326084232038577,11.420664600103292,4.737352711255904,9.302013958189859,-22.82005024743897,5.420373167086323,-0.3422804943272867,0,0,1
2004-09,GDAXI,Europa,2,3892.899902,2.8450189582495344,-2.8339629215362816,-3.876889745316814,3.348797267996506,4.65927526878551,152.970458984375,188.2974100748698,129.69852345784506,9.302013958189859,6.060126047672232,2.8654319309747045,-22.82005024743897,5.420373167086323,-13.892755620942731,-0.09186768304555457,0,0,0
2004-10,GDAXI,Europa,2,3960.25,1.7300752574038292,2.8450189582495344,-2.8339629215362816,-3.876889745316814,3.24541639135806,118.0625233804026,147.26095236501385,96.84527255642799,-22.82005024743897,-21.793426523253423,-25.33047410681982,5.420373167086323,-13.892755620942731,-7.26291042543833,-0.6838368102148895,0,0,1
2004-11,GDAXI,Europa,2,4126.0,4.1853418344801385,1.7300752574038292,2.8450189582495344,-2.8339629215362816,3.3656397877728157,124.46195271809896,154.47430343627929,99.13031984965006,5.420373167086323,4.898346068946902,2.3594825363217,-13.892755620942731,-7.26291042543833,10.283956104618763,-0.5408137756069878,0,0,0
2004-12,GDAXI,Europa,2,4256.080078,3.152692147358205,4.1853418344801385,1.7300752574038292,2.8450189582495344,3.079763678383152,107.17075778592017,141.9146915558846,79.30897829609532,-13.892755620942731,-8.130550907824963,-19.995236153396423,-7.26291042543833,10.283956104618763,-17.45270714392596,-0.7913484165691447,0,0,0
2005-01,GDAXI,Europa,2,4254.850098,-0.028899362264300787,3.152692147358205,4.1853418344801385,1.7300752574038292,3.035231628573175,99.38704164566532,126.41269216229838,77.36354717131584,-7.26291042543833,-10.923463401589872,-2.4529771616982887,10.283956104618763,-17.45270714392596,-3.9145466707558807,-0.8546164799301317,0,0,1
2005-02,GDAXI,Europa,2,4350.490234,2.2477909631870574,-0.028899362264300787,3.152692147358205,4.1853418344801385,3.040470047157239,109.60796138218471,108.7996129989624,105.78578090667725,10.283956104618763,-13.932999022537196,36.73853484564569,-17.45270714392596,-3.9145466707558807,13.63922143399825,-0.6093248456395398,0,0,0
2005-03,GDAXI,Europa,2,4348.77002,-0.03954069328914178,2.2477909631870574,-0.028899362264300787,3.152692147358205,2.6730958617709004,90.47840487572455,87.14632021996283,87.85526915519468,-17.45270714392596,-19.901994301400748,-16.94983162935727,-3.9145466707558807,13.63922143399825,-17.244799928592734,-1.3114835862782213,0,0,0
2005-04,GDAXI,Europa,2,4184.839844,-3.7695756557850735,-0.03954069328914178,2.2477909631870574,-0.028899362264300787,2.895976084512721,86.93658548990885,102.42798690795898,72.97031523386637,-3.9145466707558807,17.535641951862413,-16.942585304740586,13.63922143399825,-17.244799928592734,101.53634744222848,-1.9681854593802057,0,0,1
2005-05,GDAXI,Europa,2,4460.629883,6.590217291001288,-3.7695756557850735,-0.03954069328914178,2.2477909631870574,3.3058202598340385,98.79405889203471,105.33132522336898,90.99365062098349,13.63922143399825,2.834516622902017,24.69954436862878,-17.244799928592734,101.53634744222848,-29.06039521641346,-1.26982662995963,0,0,0
2005-06,GDAXI,Europa,2,4586.279785,2.8168645526692737,6.590217291001288,-3.7695756557850735,-0.03954069328914178,3.2767917058972538,81.75722109476725,95.1893081665039,69.31578687032064,-17.244799928592734,-9.628680770281385,-23.82349054326638,101.53634744222848,-29.06039521641346,-11.224524686306193,-1.9527645530909168,0,0,1
2005-07,GDAXI,Europa,2,4886.5,6.546051027717681,2.8168645526692737,6.590217291001288,-3.7695756557850735,3.2229587870424075,164.77051716466104,237.00151295815743,116.65942007495511,101.53634744222848,148.97913171466425,68.30137165319535,-29.06039521641346,-11.224524686306193,-15.755245474037638,2.096672493283496,1,0,0
2005-08,GDAXI,Europa,2,4829.689941,-1.1625920188273908,6.546051027717681,2.8168645526692737,6.590217291001288,3.0274428830787623,116.88755367648217,143.29871208437027,94.36514368364888,-29.06039521641346,-39.53679438760814,-19.11056679090457,-11.224524686306193,-15.755245474037638,-6.115837148029257,-0.13086161533737817,0,0,0
2005-09,GDAXI,Europa,2,5044.120117,4.439833169820462,-1.1625920188273908,6.546051027717681,2.8168645526692737,3.097657979534411,103.76748135884603,130.99529851277669,78.09897527694702,-11.224524686306193,-8.585850767695435,-17.237475376748023,-15.755245474037638,-6.115837148029257,16.183129415888263,-0.7222024783719024,0,0,0
2005-10,GDAXI,Europa,2,4929.069824,-2.2808793274420758,4.439833169820462,-1.1625920188273908,6.546051027717681,3.361184949553379,87.41865994853359,105.815919445407,73.7711932274603,-15.755245474037638,-19.221589899208325,-5.541406957184714,-6.115837148029257,16.183129415888263,-1.7312131574054201,-1.4009850531265875,0,0,0
2005-11,GDAXI,Europa,2,5193.399902,5.362676680150846,-2.2808793274420758,4.439833169820462,-1.1625920188273908,3.4502330738921088,82.0722770690918,93.67955487569174,70.19666430155436,-6.115837148029257,-11.469318258843575,-4.84542647274867,16.183129415888263,-1.7312131574054201,3.0493001694113175,-1.4956872910468275,0,0,1
2005-12,GDAXI,Europa,2,5408.259766,4.137171564956055,5.362676680150846,-2.2808793274420758,4.439833169820462,3.4918580184552153,95.3541398817493,131.53387844947076,69.47696587347215,16.183129415888263,40.40830854075885,-1.0252601533749406,-1.7312131574054201,3.0493001694113175,-4.876761101613781,-0.8501301787759667,0,0,0
2006-01,GDAXI,Europa,2,5674.149902,4.916371393097019,4.137171564956055,5.362676680150846,-2.2808793274420758,3.5131766967683684,93.70335646598569,99.09636282151745,89.04377758887506,-1.7312131574054201,-24.660958842184765,28.163019886385033,3.0493001694113175,-4.876761101613781,-2.7477636832640484,-0.86918062114162,0,0,1
2006-02,GDAXI,Europa,2,5796.040039,2.1481656125622806,4.916371393097019,4.137171564956055,5.362676680150846,3.5139024989964223,96.56065307344709,102.5961035319737,90.61754550252643,3.0493001694113175,3.5316540494625848,1.7674091960896199,-4.876761101613781,-2.7477636832640484,-5.529103500524313,-0.708329151877598,0,0,0
2006-03,GDAXI,Europa,2,5970.080078,3.002740454326247,2.1481656125622806,4.916371393097019,4.137171564956055,3.4245704265549124,91.85162070489699,96.46455383300781,86.54391436423025,-4.876761101613781,-5.976396264459504,-4.495411032935781,-2.7477636832640484,-5.529103500524313,21.25192544792216,-0.831433334170445,0,0,0
2006-04,GDAXI,Europa,2,6009.890137,0.666826214722005,3.002740454326247,2.1481656125622806,4.916371393097019,2.8506163877445148,89.32775522867838,92.80472908020019,86.14640655517579,-2.7477636832640484,-3.7939580989958643,-0.45931341559326544,-5.529103500524313,21.25192544792216,34.3204566344385,-0.8681456484447946,0,0,0
2006-05,GDAXI,Europa,2,5692.859863,-5.27514258618802,0.666826214722005,3.002740454326247,2.1481656125622806,3.510796109681546,84.38873118738974,80.68312811082409,83.90371753323463,-5.529103500524313,-13.06140440203304,-2.603345991576267,21.25192544792216,34.3204566344385,7.312638981344266,-0.999507531482902,0,0,1
2006-06,GDAXI,Europa,2,5683.310059,-0.16775055472675326,-5.27514258618802,0.666826214722005,3.002740454326247,3.5615087922681994,102.32296142578124,114.45484237670898,90.22701250712076,21.25192544792216,41.857219788872115,7.536370449118013,34.3204566344385,7.312638981344266,-22.965425288660548,-0.17227721348087163,0,0,1
2006-07,GDAXI,Europa,2,5681.970215,-0.023575064286318614,-0.16775055472675326,-5.27514258618802,0.666826214722005,3.2687870902186638,137.44066902898973,144.67092710925687,133.83614447809035,34.3204566344385,26.40000554375559,48.33267860611912,7.312638981344266,-22.965425288660548,-0.7804776668569935,1.359095430202944,0,0,1
2006-08,GDAXI,Europa,2,5859.569824,3.125669482236093,-0.023575064286318614,-0.16775055472675326,-5.27514258618802,3.2072904841861436,147.491208968624,160.77977629630797,141.31128421906502,7.312638981344266,11.134821286439633,5.585292201986869,-22.965425288660548,-0.7804776668569935,-22.11167420803153,1.7460298472526472,0,0,0
2006-09,GDAXI,Europa,2,6004.330078,2.470492857804696,3.125669482236093,-0.023575064286318614,-0.16775055472675326,3.1013696361091396,113.61922556559244,117.84904912312825,111.18667894999186,-22.965425288660548,-26.701571654174238,-21.317904961059643,-0.7804776668569935,-22.11167420803153,4.216522278378543,0.39923758677984533,0,0,0
2006-10,GDAXI,Europa,2,6268.919922,4.406650543238166,2.470492857804696,3.125669482236093,-0.023575064286318614,2.9563156826203927,112.73245288479713,100.46679675194525,124.12324234747118,-0.7804776668569935,-14.749590684454382,11.634993975580254,-22.11167420803153,4.216522278378543,6.4485592524549995,0.36987798774225267,0,0,0
2006-11,GDAXI,Europa,2,6309.189941,0.6423757122606899,4.406650543238166,2.470492857804696,3.125669482236093,2.7866991065289155,87.80542017618815,84.66829687754313,86.73696505228678,-22.11167420803153,-15.7250956387203,-30.120287375772126,4.216522278378543,6.4485592524549995,-2.420350593251641,-0.7445585542708184,0,0,1
2006-12,GDAXI,Europa,2,6596.919922,4.560490073855594,0.6423757122606899,4.406650543238166,2.470492857804696,2.82319886128366,91.50775527954102,79.05746866041615,96.69359145625945,4.216522278378543,-6.626834865052256,11.479103975992967,6.4485592524549995,-2.420350593251641,-9.379331496809673,-0.5335730533010896,0,0,1
2007-01,GDAXI,Europa,2,6789.109863,2.9133283907095464,4.560490073855594,0.6423757122606899,4.406650543238166,2.6712648952910145,97.40868709933373,96.73051378803868,95.33105973274478,6.4485592524549995,22.35468125539841,-1.4091230897458562,-2.420350593251641,-9.379331496809673,-12.100478069879417,-0.24936871439441408,0,0,0
2007-02,GDAXI,Europa,2,6715.439941,-1.0851190139298583,2.9133283907095464,4.560490073855594,0.6423757122606899,2.765652673587939,95.05105536324638,89.62849848611015,97.72646740504673,-2.420350593251641,-7.342063040718328,2.5127253164051178,-9.379331496809673,-12.100478069879417,21.277337532296347,-0.3323976887352762,0,0,0
2007-03,GDAXI,Europa,2,6917.029785,3.001885889399847,-1.0851190139298583,2.9133283907095464,4.560490073855594,2.765604004092025,86.13590178951141,82.20472852645382,85.6678963938067,-9.379331496809673,-8.282823080882917,-12.339104575693804,-12.100478069879417,21.277337532296347,7.364126721593589,-0.7423013756406779,0,0,0
2007-04,GDAXI,Europa,2,7408.870117,7.110571260898513,3.001885889399847,-1.0851190139298583,2.9133283907095464,3.2252790515202583,75.71304588317871,82.1852602005005,68.55693855285645,-12.100478069879417,-0.023682732492769087,-19.973594031412766,21.277337532296347,7.364126721593589,15.619378517191729,-1.1858271590857998,0,0,1
2007-05,GDAXI,Europa,2,7883.040039,6.400030159956449,7.110571260898513,3.001885889399847,-1.0851190139298583,2.5939569910676625,91.82276621172505,103.15781870195943,82.37121458976499,21.277337532296347,25.518637344815765,20.150077189135175,7.364126721593589,15.619378517191729,-27.075906953096485,-0.4274257163072001,0,0,1
2007-06,GDAXI,Europa,2,8007.319824,1.5765464133779217,6.400030159956449,7.110571260898513,3.001885889399847,2.4591517430865686,98.5847110748291,110.01365140279134,88.00655695597331,7.364126721593589,6.645965169775048,6.841397682763484,15.619378517191729,-27.075906953096485,11.546988654440726,-0.15149908320847785,0,0,1
2007-07,GDAXI,Europa,2,7584.140137,-5.2849105106507865,1.5765464133779217,6.400030159956449,7.110571260898513,3.342873815960564,113.9830302576865,129.01673864549207,104.86104534518334,15.619378517191729,17.2733901660304,19.151400727609147,-27.075906953096485,11.546988654440726,8.890282235271773,0.8438942046709289,0,0,0
2007-08,GDAXI,Europa,2,7638.169922,0.7124048873571098,-5.2849105106507865,1.5765464133779217,6.400030159956449,3.3733773030169587,83.12109104279548,100.07418700187436,73.35449858634702,-27.075906953096485,-22.433175685168337,-30.045997210043584,11.546988654440726,8.890282235271773,-11.738998432242253,-0.9018285901965774,0,0,1
2007-09,GDAXI,Europa,2,7861.509766,2.923996798719042,0.7124048873571098,-5.2849105106507865,1.5765464133779217,3.3781763562280194,92.71907399495443,90.46699282328288,93.58469161987304,11.546988654440726,-9.600072172868657,27.578667189324,8.890282235271773,-11.738998432242253,6.2146853340762975,-0.3042948164958451,0,0,1
2007-10,GDAXI,Europa,2,8019.220215,2.006108924294381,2.923996798719042,0.7124048873571098,-5.2849105106507865,3.31405182617481,100.96206135903635,95.91243030178931,103.74951417984501,8.890282235271773,6.019253330486496,10.861629593502276,-11.738998432242253,6.2146853340762975,-14.642856634877798,0.15333338680998607,0,0,0
2007-11,GDAXI,Europa,2,7870.52002,-1.8542974380707955,2.006108924294381,2.923996798719042,0.7124048873571098,3.4892073111688293,89.11012655893961,80.4546085993449,95.28441146214803,-11.738998432242253,-16.116598916121973,-8.159173355764459,6.2146853340762975,-14.642856634877798,1.0531282092792749,-0.5828290894031587,0,0,1
2007-12,GDAXI,Europa,2,8067.319824,2.5004676120498504,-1.8542974380707955,2.006108924294381,2.923996798719042,3.396671010013922,94.64804052537487,85.06247354322865,97.48771335232642,6.2146853340762975,5.727285265696103,2.3123424454939867,-14.642856634877798,1.0531282092792749,-4.221155249228914,-0.24424836443298129,0,0,0
2008-01,GDAXI,Europa,2,6851.75,-15.067827364222275,2.5004676120498504,-1.8542974380707955,2.006108924294381,5.886941551205501,80.78886364352319,81.53163952981272,76.77330804640248,-14.642856634877798,-4.150871549275559,-21.248221538503877,1.0531282092792749,-4.221155249228914,-8.092695384500992,-1.030238765598614,0,0,1
2008-02,GDAXI,Europa,2,6748.129883,-1.51231607983362,-15.067827364222275,2.5004676120498504,-1.8542974380707955,5.896999345314949,81.6396739565093,88.45064189516265,72.8041961275298,1.0531282092792749,8.48627895287195,-5.169911288013928,-4.221155249228914,-8.092695384500992,1.7020307479039154,-0.924475523282837,0,0,0
2008-03,GDAXI,Europa,2,6534.970215,-3.158796165690214,-1.51231607983362,-15.067827364222275,2.5004676120498504,5.899956896889442,78.19353657384073,84.13256103761735,72.61432629246866,-4.221155249228914,-4.881910142227531,-0.2607951809928011,-8.092695384500992,1.7020307479039154,18.740602004999385,-1.0661920521595403,0,0,0
2008-04,GDAXI,Europa,2,6948.819824,6.332846139835091,-3.158796165690214,-1.51231607983362,-15.067827364222275,5.814760664608882,71.86557184855143,70.36499150594075,69.58370641072591,-8.092695384500992,-16.364139355654284,-4.173583969554883,1.7020307479039154,18.740602004999385,3.0983884950956497,-1.3333965961012133,0,0,1
2008-05,GDAXI,Europa,2,7096.790039,2.1294294390672874,6.332846139835091,-3.158796165690214,-1.51231607983362,5.484109323653897,73.08874597857076,75.19145030360067,71.38500275150422,1.7020307479039154,6.85917626701118,2.588675472596913,18.740602004999385,3.0983884950956497,-1.1180904357439236,-1.2102508567294472,0,0,1
2008-06,GDAXI,Europa,2,6418.319824,-9.560240774653138,2.1294294390672874,6.332846139835091,-3.158796165690214,5.979248053980986,86.7860169728597,80.27725048065186,87.26098276774088,18.740602004999385,6.763801145630577,22.23993752791742,3.0983884950956497,-1.1180904357439236,0.8402831055205118,-0.4430783950807696,0,0,1
2008-07,GDAXI,Europa,2,6479.560059,0.9541474510354586,-9.560240774653138,2.1294294390672874,6.332846139835091,5.905506860582945,89.47498493809854,87.2099857945596,84.52966382426601,3.0983884950956497,8.635989987697258,-3.130057508915207,-1.1180904357439236,0.8402831055205118,-27.17747676132537,-0.21996002846280854,0,0,0
2008-08,GDAXI,Europa,2,6422.299805,-0.8837058917366969,0.9541474510354586,-9.560240774653138,2.1294294390672874,5.878079205736646,88.47457368912235,105.41860654277187,75.39880838701802,-1.1180904357439236,20.879054826480868,-10.801954040927797,0.8402831055205118,-27.17747676132537,21.79458180831557,-0.18480278958268545,0,1,1
2008-09,GDAXI,Europa,2,5831.02002,-9.206667439281901,-0.8837058917366969,0.9541474510354586,-9.560240774653138,6.129726424152445,89.21801058451335,95.21897468566894,82.42706019083658,0.8402831055205118,-9.675362055715087,9.321436179392805,-27.17747676132537,21.79458180831557,18.90005212057766,-0.03769254696213948,0,1,0
2008-10,GDAXI,Europa,2,4987.970215,-14.45801595790096,-9.206667439281901,-0.8837058917366969,0.9541474510354586,6.880544526059358,64.97080649099043,76.1353960960142,53.63574997071297,-27.17747676132537,-20.041781223387755,-34.929439620272106,21.79458180831557,18.90005212057766,-8.348161215059768,-2.1434157026319185,0,1,1
2008-11,GDAXI,Europa,2,4669.439941,-6.385969848859663,-14.45801595790096,-9.206667439281901,-0.8837058917366969,6.897442313171742,79.13092206319173,96.24985440572102,67.7355552037557,21.79458180831557,26.41932575531689,26.288073236119036,18.90005212057766,-8.348161215059768,-22.161447104217558,-0.7595182677418102,0,1,1
2008-12,GDAXI,Europa,2,4810.200195,3.014499721134767,-6.385969848859663,-14.45801595790096,-9.206667439281901,6.943106791669937,94.08670757662865,107.55399310204291,87.6594942154423,18.90005212057766,11.744577450134797,29.414299405612443,-8.348161215059768,-22.161447104217558,7.35467474432232,0.6233375017235697,0,1,0
2009-01,GDAXI,Europa,2,4338.350098,-9.809365054919517,3.014499721134767,-6.385969848859663,-14.45801595790096,6.317714609105507,86.23219754618984,91.03520405677057,87.53845571702526,-8.348161215059768,-15.358601358110413,-0.1380780250905378,-22.161447104217558,7.35467474432232,19.28906303929281,-0.06406076130466869,0,1,0
2009-02,GDAXI,Europa,2,3843.73999,-11.400880445956108,-9.809365054919517,3.014499721134767,-6.385969848859663,6.663852702994462,67.12189470018659,63.14009993416922,65.29873490333557,-22.161447104217558,-30.642106437423532,-25.40565815506419,7.35467474432232,19.28906303929281,6.075574369099579,-1.6713881846745218,0,1,1
2009-03,GDAXI,Europa,2,4084.76001,6.270455874409953,-11.400880445956108,-9.809365054919517,3.014499721134767,7.341091523387111,72.05849173761183,73.33846209126133,69.22285332218293,7.35467474432232,16.151957579612763,6.0094861327044,19.28906303929281,6.075574369099579,-10.888347911835139,-1.1405010755464262,0,1,1
2009-04,GDAXI,Europa,2,4769.450195,16.7620663961602,6.270455874409953,-11.400880445956108,-9.809365054919517,9.042096097314241,85.95789963404337,83.50890401204427,85.18863232930501,19.28906303929281,13.86781455565156,23.06431798298285,6.075574369099579,-10.888347911835139,-0.2073196231979657,0.0329756834210831,0,1,1
2009-05,GDAXI,Europa,2,4940.819824,3.5930688442800562,16.7620663961602,6.270455874409953,-11.400880445956108,9.1228874645115,91.18033575242565,93.24943800895444,89.41171313870338,6.075574369099579,11.664066379682492,4.957329040186531,-10.888347911835139,-0.2073196231979657,-9.032432357199339,0.4977999095413013,0,1,0
2009-06,GDAXI,Europa,2,4808.640137,-2.675258190107188,3.5930688442800562,16.7620663961602,6.270455874409953,8.857486396554757,81.25230356852214,73.67756567001342,81.75211544036866,-10.888347911835139,-20.988729537503048,-8.566660261226033,-0.2073196231979657,-9.032432357199339,23.549742301368237,-0.3265552025967795,0,1,0
2009-07,GDAXI,Europa,2,5332.140137,10.886653712594097,-2.675258190107188,3.5930688442800562,16.7620663961602,9.594017331547999,81.08385159892421,76.3114563111336,80.97563048331968,-0.2073196231979657,3.5748882542032234,-0.9498041156076997,-9.032432357199339,23.549742301368237,-0.8148729801666255,-0.2627382909944407,0,0,0
2009-08,GDAXI,Europa,2,5464.609863,2.4843631749432937,10.886653712594097,-2.675258190107188,3.5930688442800562,9.65291299686213,73.76000755063949,78.4546751206921,65.25164118120748,-9.032432357199339,2.8085151472149406,-19.418174589392322,23.549742301368237,-0.8148729801666255,-10.353229076577463,-1.0040004553560047,0,0,1
2009-09,GDAXI,Europa,2,5675.160156,3.852979412594526,2.4843631749432937,10.886653712594097,-2.675258190107188,9.364417325761325,91.13029925028484,75.68046391805014,96.45980974833171,23.549742301368237,-3.5360686898189386,47.82740786619817,-0.8148729801666255,-10.353229076577463,18.25563652218536,0.8816289056537101,0,0,0
2009-10,GDAXI,Europa,2,5414.959961,-4.584896070728616,3.852979412594526,2.4843631749432937,10.886653712594097,8.339210480453584,90.38770306494928,89.20428694448164,89.28504986916819,-0.8148729801666255,17.869635473000866,-7.4380821379212865,-10.353229076577463,18.25563652218536,-2.2371733163945695,0.9151397601578731,0,0,0
2009-11,GDAXI,Europa,2,5625.950195,3.89643202386738,-4.584896070728616,3.852979412594526,2.4843631749432937,8.033903380872387,81.02965710957845,82.64781697591145,73.95016460418701,-10.353229076577463,-7.349949417398238,-17.175199305428855,18.25563652218536,-2.2371733163945695,-13.029217772023905,-0.1425267675173771,0,0,1
2009-12,GDAXI,Europa,2,5957.430176,5.891982145426722,3.89643202386738,-4.584896070728616,3.852979412594526,8.11411781649326,95.82213678667623,100.3492317199707,92.03632293208953,18.25563652218536,21.41788542245284,24.457225247174776,-2.2371733163945695,-13.029217772023905,-10.73701462694614,1.5908561015288483,0,0,0
2010-01,GDAXI,Europa,2,5608.790039,-5.852190066860119,5.891982145426722,3.89643202386738,-4.584896070728616,7.653571772073727,93.6784295112856,102.653564453125,87.86365244465489,-2.2371733163945695,2.296313278794848,-4.53372142052385,-13.029217772023905,-10.73701462694614,21.862566984562726,1.2320588451155279,0,0,0
2010-02,GDAXI,Europa,2,5598.459961,-0.18417658582638996,-5.852190066860119,5.891982145426722,3.89643202386738,6.392259138100283,81.47286292484829,81.01815795898438,80.05752774647304,-13.029217772023905,-21.07613759872904,-8.88436171384852,-10.73701462694614,21.862566984562726,-1.6770919748616664,-0.1517539998744288,0,0,0
2010-03,GDAXI,Europa,2,6153.549805,9.915045349379437,-0.18417658582638996,-5.852190066860119,5.891982145426722,6.6253551843215455,72.72510971561555,67.32707777330953,73.52030064982753,-10.73701462694614,-16.898779891547267,-8.165661969162553,21.862566984562726,-1.6770919748616664,10.567262949366473,-1.0941896353363345,0,0,1
2010-04,GDAXI,Europa,2,6135.700195,-0.2900701313166554,9.915045349379437,-0.18417658582638996,-5.852190066860119,5.246159179822645,88.62468554178874,79.6067726135254,92.83870468139648,21.862566984562726,18.238865024799743,26.2762854080008,-1.6770919748616664,10.567262949366473,-17.59668875597209,0.607960427043267,0,0,0
2010-05,GDAXI,Europa,2,5964.330078,-2.793000172004012,-0.2900701313166554,9.915045349379437,-0.18417658582638996,5.418010848947582,87.13836805282101,83.16650359861312,86.94786573225453,-1.6770919748616664,4.471643389400404,-6.345240349225156,10.567262949366473,-17.59668875597209,2.79697724964445,0.3828726247882139,0,0,1
2010-06,GDAXI,Europa,2,5965.52002,0.019950974953397704,-2.793000172004012,-0.2900701313166554,9.915045349379437,5.273528839288583,96.34650853474935,69.67944971720378,111.88416697184245,10.567262949366473,-16.216930251753723,28.67960131002669,-17.59668875597209,2.79697724964445,-11.994283766920088,1.357065673567289,0,0,0
2010-07,GDAXI,Europa,2,6147.970215,3.058412248862097,0.019950974953397704,-2.793000172004012,-0.2900701313166554,4.492058099205354,79.39271330064342,81.76249122619629,76.34224307152533,-17.59668875597209,17.340896861315503,-31.766714506854075,2.79697724964445,-11.994283766920088,-8.726501270000398,-0.5011396530748392,0,0,1
2010-08,GDAXI,Europa,2,5925.220215,-3.6231470259326826,3.058412248862097,0.019950974953397704,-2.793000172004012,4.685588612853096,81.61330942953786,84.75737048733619,74.11711311340332,2.79697724964445,3.6629011863820837,-2.9146772070048788,-11.994283766920088,-8.726501270000398,45.83401536726808,-0.22012562720000922,0,0,0
2010-09,GDAXI,Europa,2,6229.02002,5.127232304900908,-3.6231470259326826,3.058412248862097,0.019950974953397704,4.775251072296834,71.82437750498454,70.37432320912679,69.72902139027913,-11.994283766920088,-16.969671422685785,-5.920483865055792,-8.726501270000398,45.83401536726808,2.3956021728043453,-1.2145632690267665,0,0,0
2010-10,GDAXI,Europa,2,6601.370117,5.9776673666879665,5.127232304900908,-3.6231470259326826,3.058412248862097,4.6477666283717545,65.55662228984218,74.25972569373346,63.16021014798072,-8.726501270000398,5.521051297446489,-9.4204839123329,45.83401536726808,2.3956021728043453,-19.46454465246935,-1.919177895726568,0,0,1
2010-11,GDAXI,Europa,2,6688.490234,1.3197278058330042,5.9776673666879665,5.127232304900908,-3.6231470259326826,4.599463025080734,95.60385462443034,80.85895284016927,102.02185897827148,45.83401536726808,8.886683979486731,61.528688297965076,2.3956021728043453,-19.46454465246935,12.806536842294957,1.291041578905604,1,0,1
2010-12,GDAXI,Europa,2,6914.189941,3.3744492270121995,1.3197278058330042,5.9776673666879665,5.127232304900908,4.437849999186382,97.89414264309791,94.39043466506466,98.9651261606524,2.3956021728043453,16.73467358851721,-2.9961547929352017,-19.46454465246935,12.806536842294957,53.00774228080458,1.4848186772493326,0,0,0
2011-01,GDAXI,Europa,2,7077.47998,2.3616655080838544,3.3744492270121995,1.3197278058330042,5.9776673666879665,3.818314244157479,78.83949353618007,77.48969244187877,77.08557048920662,-19.46454465246935,-17.9051429132163,-22.108349193561573,12.806536842294957,53.00774228080458,-33.36802641662523,-0.4750384228910944,0,1,1
2011-02,GDAXI,Europa,2,7272.319824,2.7529550708810246,2.3616655080838544,3.3744492270121995,1.3197278058330042,3.75769591331093,88.93610232216972,84.70568302699498,89.67357962472099,12.806536842294957,9.312194122500305,16.329916293837265,53.00774228080458,-33.36802641662523,15.221272067740333,0.5147852069653104,0,1,1
2011-03,GDAXI,Europa,2,7041.310059,-3.1765622331078602,2.7529550708810246,2.3616655080838544,3.3744492270121995,3.1933671553555656,136.0791222356981,156.13775290212322,126.68266185637444,53.00774228080458,84.32972537670638,41.27088757528632,-33.36802641662523,15.221272067740333,-19.08316741489856,3.6246571728768533,1,1,0
2011-04,GDAXI,Europa,2,7514.459961,6.719628847975989,-3.1765622331078602,2.7529550708810246,2.3616655080838544,3.5247760835406683,90.67220478057861,111.14294446309408,73.5580285390218,-33.36802641662523,-28.817379271004796,-41.935204501451274,15.221272067740333,-19.08316741489856,-7.395183206081024,0.2582538320621,0,1,1
2011-05,GDAXI,Europa,2,7293.689941,-2.9379359414488215,6.719628847975989,-3.1765622331078602,2.7529550708810246,3.5420015810457874,104.47366776004914,120.63443325411889,96.0221432101342,15.221272067740333,8.53989323107822,30.539310415579468,-19.08316741489856,-7.395183206081024,10.35534745366633,1.1963348470666315,0,1,0
2011-06,GDAXI,Europa,2,7376.240234,1.1318042536461626,-2.9379359414488215,6.719628847975989,-3.1765622331078602,3.5070632010664955,84.53678283691406,97.33198216756185,72.88245728810628,-19.08316741489856,-19.316583547476828,-24.098281030229863,-7.395183206081024,10.35534745366633,-3.7587201796722147,-0.2381333011797011,0,1,0
2011-07,GDAXI,Europa,2,7158.77002,-2.948252864617862,1.1318042536461626,-2.9379359414488215,6.719628847975989,3.7384548037376395,78.2851328695974,99.24549016644877,60.417874859225364,-7.395183206081024,1.9659601667134652,-17.102308144754364,10.35534745366633,-3.7587201796722147,-9.59658500968753,-0.6744404095941262,0,1,1
2011-08,GDAXI,Europa,2,5784.850098,-19.192122643437003,-2.948252864617862,1.1318042536461626,-2.9379359414488215,6.944391527412384,86.39183038280856,111.57653574789724,62.886020106654016,10.35534745366633,12.424791857813933,4.085124233812376,-3.7587201796722147,-9.59658500968753,10.75561755834511,-0.13693057664267147,0,1,0
2011-09,GDAXI,Europa,2,5502.02002,-4.8891513731320835,-19.192122643437003,-2.948252864617862,1.1318042536461626,6.879328454975241,83.14460322062175,93.88602275848389,70.98976675669353,-3.7587201796722147,-15.855047722026761,12.886404062931067,-9.59658500968753,10.75561755834511,1.885317306908374,-0.3489112784017622,0,1,0
2011-10,GDAXI,Europa,2,6141.339844,11.61972914813203,-4.8891513731320835,-19.192122643437003,-2.948252864617862,7.544707029410024,75.16556069158739,90.57414713213521,63.65037210526005,-9.59658500968753,-3.5275491804230286,-10.338665679221236,10.75561755834511,1.885317306908374,-8.156193496580155,-0.8690907544536027,0,0,1
2011-11,GDAXI,Europa,2,6088.839844,-0.8548623156116597,11.61972914813203,-4.8891513731320835,-19.192122643437003,7.527786249521972,83.25008093516031,70.99307772318522,95.16603965759278,10.75561755834511,-21.6188283621196,49.51372083137953,1.885317306908374,-8.156193496580155,17.437683308734808,-0.29755002076007414,0,0,1
2011-12,GDAXI,Europa,2,5898.350098,-3.1285064294754084,-0.8548623156116597,11.61972914813203,-4.8891513731320835,7.4569978213517505,84.81960911904612,77.63644483012538,86.84766141829952,1.885317306908374,9.357767433106435,-8.740910380659695,-8.156193496580155,17.437683308734808,-3.722992679209569,-0.15314732600468142,0,0,0
2012-01,GDAXI,Europa,2,6458.910156,9.503675581923732,-3.1285064294754084,-0.8548623156116597,11.61972914813203,8.017568173051076,77.90155767625377,61.71806113950668,91.26849322165212,-8.156193496580155,-20.503751460347488,5.090329124764548,17.437683308734808,-3.722992679209569,11.683646516830692,-0.6044036259967932,0,0,1
2012-02,GDAXI,Europa,2,6856.080078,6.149178613841677,9.503675581923732,-3.1285064294754084,-0.8548623156116597,8.198803739017011,91.4857845964103,77.98118065143454,103.34518873280493,17.437683308734808,26.350664962022897,13.232053126837195,-3.722992679209569,11.683646516830692,-21.032583801878502,0.3455942766440141,0,0,0
2012-03,GDAXI,Europa,2,6946.830078,1.3236426495542464,6.149178613841677,9.503675581923732,-3.1285064294754084,8.151411702964877,88.0797755333685,86.14695296748992,86.66009946023264,-3.722992679209569,10.47146535592387,-16.145008274851524,11.683646516830692,-21.032583801878502,-0.11563419129990704,0.05496641858514284,0,0,1
2012-04,GDAXI,Europa,2,6761.189941,-2.6722999543044246,1.3236426495542464,6.149178613841677,9.503675581923732,7.9168752978413055,98.3707051595052,88.1813424428304,104.64068247477213,11.683646516830692,2.3615338735291314,20.748398774675515,-21.032583801878502,-0.11563419129990704,4.661354718603983,0.7745442600702505,0,0,0
2012-05,GDAXI,Europa,2,6264.379883,-7.347967773946618,-2.6722999543044246,1.3236426495542464,6.149178613841677,8.135883411231907,77.68080416033345,69.08255398658014,79.93533497471964,-21.032583801878502,-21.65853674617435,-23.60969645434864,-0.11563419129990704,4.661354718603983,-7.806712344159738,-0.6966679763797997,0,0,0
2012-06,GDAXI,Europa,2,6416.279785,2.4248194527956235,-7.347967773946618,-2.6722999543044246,1.3236426495542464,8.174318525947372,77.59097859064738,81.92765919367473,70.51085557937623,-0.11563419129990704,18.59384817994694,-11.790129356840751,4.661354718603983,-7.806712344159738,-7.87534886252107,-0.6468544531804323,0,0,1
2012-07,GDAXI,Europa,2,6772.259766,5.548074475059694,2.4248194527956235,-7.347967773946618,-2.6722999543044246,8.34083779360019,81.20776933239353,89.00009404459307,77.46019707956621,4.661354718603983,8.632536216126097,9.8557044062058,-7.806712344159738,-7.87534886252107,18.802659577001602,-0.3926547006231566,0,0,0
2012-08,GDAXI,Europa,2,6970.790039,2.931521823730354,5.548074475059694,2.4248194527956235,-7.347967773946618,5.8022154047021015,74.8681123795048,78.25724669425718,70.49690803404778,-7.806712344159738,-12.070602245603512,-8.989505976038025,-7.87534886252107,18.802659577001602,-2.6717656381202715,-0.8201291777019274,0,0,0
2012-09,GDAXI,Europa,2,7216.149902,3.5198286223981246,2.931521823730354,5.548074475059694,2.4248194527956235,5.427486566839265,68.97198734283447,65.10240313212077,68.31967938741049,-7.87534886252107,-16.80974493458861,-3.0884030340532886,18.802659577001602,-2.6717656381202715,-5.994197564654025,-1.2202075636257568,0,0,1
2012-10,GDAXI,Europa,2,7260.629883,0.6163949142419023,3.5198286223981246,2.931521823730354,5.548074475059694,4.597625460073014,81.94055532640026,86.90206847652313,75.07558896464687,18.802659577001602,33.48519301224788,9.888672836016443,-2.6717656381202715,-5.994197564654025,20.367269576878645,-0.3694110124128443,0,0,0
2012-11,GDAXI,Europa,2,7405.5,1.9952830447837355,0.6163949142419023,3.5198286223981246,2.931521823730354,4.53808460433965,79.75129572550456,87.46022033691406,73.34758491516114,-2.6717656381202715,0.6422768412488677,-2.301685638855866,-5.994197564654025,20.367269576878645,-8.164537558505069,-0.4847113582862031,0,0,0
2012-12,GDAXI,Europa,2,7612.390137,2.7937362365809237,1.9952830447837355,0.6163949142419023,3.5198286223981246,4.275062278651699,74.97084549934634,85.26028196273312,64.21883093926215,-5.994197564654025,-2.515358829084069,-12.44588214657365,20.367269576878645,-8.164537558505069,-9.751520162523587,-0.7721678806588171,0,0,1
2013-01,GDAXI,Europa,2,7776.049805,2.149911723579856,2.7937362365809237,1.9952830447837355,0.6163949142419023,3.6139003326742647,90.24035970626339,109.75873522604665,83.89209476594002,20.367269576878645,28.73372301773727,30.634727445108332,-8.164537558505069,-9.751520162523587,25.47476088535521,0.33378525699886924,0,0,0
2013-02,GDAXI,Europa,2,7741.700195,-0.44173598242532863,2.149911723579856,2.7937362365809237,1.9952830447837355,3.3543955329684745,82.87265164511544,87.37166687420437,78.62591293879917,-8.164537558505069,-20.3966165478642,-6.2773278481525026,-9.751520162523587,25.47476088535521,-11.144978564302333,-0.19920816864343685,0,0,0
2013-03,GDAXI,Europa,2,7795.310059,0.6924817888791956,-0.44173598242532863,2.149911723579856,2.7937362365809237,3.3550068271749405,74.79130831072408,70.25588681620937,79.46081779849145,-9.751520162523587,-19.589622895300696,1.0618698447955044,25.47476088535521,-11.144978564302333,-0.965878998260461,-1.013514684973251,0,0,1
2013-04,GDAXI,Europa,2,7913.709961,1.5188607137351928,0.6924817888791956,-0.44173598242532863,2.149911723579856,3.147721614832356,93.84421526590982,83.1100798924764,99.8020144144694,25.47476088535521,18.296250547507608,25.599027520157392,-11.144978564302333,-0.965878998260461,-6.660023976577866,1.3038201103451614,0,0,0
2013-05,GDAXI,Europa,2,8348.839844,5.49843101584957,1.5188607137351928,0.6924817888791956,-0.44173598242532863,1.818120976998427,83.38529759068643,96.31220405332503,76.66901059304514,-11.144978564302333,15.885105847484283,-23.178894691799336,-0.965878998260461,-6.660023976577866,15.266434567502763,0.1681061665247437,0,0,0
2013-06,GDAXI,Europa,2,7959.220215,-4.66675174371688,5.49843101584957,1.5188607137351928,0.6924817888791956,2.7408980322370793,82.57989651362101,85.31224797566732,78.08507897059123,-0.965878998260461,-11.421144584716792,1.8469892419278766,-6.660023976577866,15.266434567502763,10.38976028717007,0.06282779852477731,0,0,0
2013-07,GDAXI,Europa,2,8275.969727,3.979655084841749,-4.66675174371688,5.49843101584957,1.5188607137351928,2.5810662190214817,77.08005560598066,75.28471995938209,75.0804361527966,-6.660023976577866,-11.753913716053145,-3.847909046651865,15.266434567502763,10.38976028717007,-24.991962578693006,-0.7292898821973308,0,0,1
2013-08,GDAXI,Europa,2,8103.149902,-2.0882123871983516,3.979655084841749,-4.66675174371688,5.49843101584957,2.7662247329383565,88.84743185966245,104.42809732498661,78.84740774093136,15.266434567502763,38.71087968624718,5.017247875956099,10.38976028717007,-24.991962578693006,4.327385501849101,0.9539072115700641,0,0,1
2013-09,GDAXI,Europa,2,8594.400391,6.062463300583265,-2.0882123871983516,3.979655084841749,-4.66675174371688,3.0361499335402438,98.07846705118816,97.374010403951,98.14722569783528,10.38976028717007,-6.754970263494176,24.47742863064981,-24.991962578693006,4.327385501849101,-8.47958052592066,1.985063817732131,0,0,0
2013-10,GDAXI,Europa,2,9033.919922,5.1140220492899235,6.062463300583265,-2.0882123871983516,3.979655084841749,3.1896437908551514,73.56673326799947,80.33374651016727,65.35439909658125,-24.991962578693006,-17.499807005065403,-33.411873201809016,4.327385501849101,-8.47958052592066,11.926947066993353,-1.1842847482493826,0,0,1
2013-11,GDAXI,Europa,2,9405.299805,4.110949468298841,5.1140220492899235,6.062463300583265,-2.0882123871983516,3.25417169856389,76.75024941762288,52.19944121042887,91.32140051523844,4.327385501849101,-35.02177667784688,39.732599148043505,-8.47958052592066,11.926947066993353,-10.628031863710918,-0.7302356457466846,0,0,0
2013-12,GDAXI,Europa,2,9552.160156,1.5614637921688157,4.110949468298841,5.1140220492899235,6.062463300583265,3.2483615287874317,70.2421502144106,68.61865160542149,68.88867827384702,-8.47958052592066,31.45476276039567,-24.564584111528333,11.926947066993353,-10.628031863710918,70.12768145517792,-1.4153214775509915,0,0,1
2014-01,GDAXI,Europa,2,9306.480469,-2.571980400115892,1.5614637921688157,4.110949468298841,5.1140220492899235,3.4992562610678,78.61989428920131,86.78251980197045,68.41249278283888,11.926947066993353,26.4707448654002,-0.6912391164121345,-10.628031863710918,70.12768145517792,-22.3830484610423,-0.400710165838595,0,0,0
2014-02,GDAXI,Europa,2,9692.080078,4.143345169900026,-2.571980400115892,1.5614637921688157,4.110949468298841,3.5106281539411075,70.26414687292916,61.49816117967878,73.86041593551636,-10.628031863710918,-29.135312825656822,7.963345481315476,70.12768145517792,-22.3830484610423,-10.343908404842095,-1.3004457666171292,0,1,1
2014-03,GDAXI,Europa,2,9555.910156,-1.404960760787488,4.143345169900026,-2.571980400115892,1.5614637921688157,3.6289441070201116,119.53876396917528,75.00083989481772,150.81426780454575,70.12768145517792,21.956231627297342,104.18821894560378,-22.3830484610423,-10.343908404842095,18.018621331537332,3.2754976148498836,1,1,0
2014-04,GDAXI,Europa,2,9603.230469,0.49519420157260186,-1.404960760787488,4.143345169900026,-2.571980400115892,3.647405954550198,92.7823445002238,61.30099623998006,112.3606637954712,-22.3830484610423,-18.266253650026478,-25.49732500038402,-10.343908404842095,18.018621331537332,38.660193810520525,0.9648550951925742,0,1,0
2014-05,GDAXI,Europa,2,9943.269531,3.540882030246739,0.49519420157260186,-1.404960760787488,4.143345169900026,3.502290474430021,83.18502376925561,75.96359517497402,92.24833537686256,-10.343908404842095,23.919022257963118,-17.89979494533681,18.018621331537332,38.660193810520525,-2.7048677246242936,0.07732757889483634,0,1,1
2014-06,GDAXI,Europa,2,9833.070313,-1.1082795015908253,3.540882030246739,0.49519420157260186,-1.404960760787488,3.0522981051345566,98.1738182067871,105.45366484324137,96.13338797887167,18.018621331537332,38.82131908098889,4.211515130476329,38.660193810520525,-2.7048677246242936,-1.419314844118058,1.3100368914918,0,1,1
2014-07,GDAXI,Europa,2,9407.480469,-4.328148080435678,-1.1082795015908253,3.540882030246739,0.49519420157260186,3.4358826526400676,136.12800659671908,115.96761592741936,161.79567853866084,38.660193810520525,9.970209285573105,68.30331473828896,-2.7048677246242936,-1.419314844118058,-38.12192153075063,3.222536139713079,0,1,0
2014-08,GDAXI,Europa,2,9470.169922,0.6663787738552918,-4.328148080435678,-1.1082795015908253,3.540882030246739,3.2904710226558653,132.44592408211,107.58255644767515,154.04245942638767,-2.7048677246242936,-7.230518117223495,-4.791981579669047,-1.419314844118058,-38.12192153075063,4.1467635433172,2.445848791870672,0,1,0
2014-09,GDAXI,Europa,2,9474.299805,0.04360938646315038,0.6663787738552918,-4.328148080435678,-1.1082795015908253,2.9489789173914294,130.56609942118328,121.00510635375977,142.43847586313885,-1.419314844118058,12.476511387431977,-7.53297734044166,-38.12192153075063,4.1467635433172,1.5573648683008257,2.034635004614549,0,1,0
2014-10,GDAXI,Europa,2,9326.870117,-1.556101147677369,0.04360938646315038,0.6663787738552918,-4.328148080435678,2.690565850043238,80.79179345407793,74.09397866649013,83.08987451368763,-38.12192153075063,-38.76789096000993,-41.66613058010812,4.1467635433172,1.5573648683008257,26.783666844919374,-0.48645379517397036,0,0,1
2014-11,GDAXI,Europa,2,9980.849609,7.011778697421733,-1.556101147677369,0.04360938646315038,0.6663787738552918,3.154472883727765,84.14203809102376,77.99142316182454,87.09242757161458,4.1467635433172,5.26013660688609,4.817136963262114,1.5573648683008257,26.783666844919374,3.8473610430540095,-0.32739728608346297,0,0,1
2014-12,GDAXI,Europa,2,9805.549805,-1.756361541024798,7.011778697421733,-1.556101147677369,0.04360938646315038,3.201953067394902,85.45243663172567,94.30592924548733,80.33614915417087,1.5573648683008257,20.918333609340344,-7.7575957012888885,26.783666844919374,3.8473610430540095,-8.025303643352133,-0.2865574549034715,0,0,1
2015-01,GDAXI,Europa,2,10694.32031,9.063953808554427,-1.756361541024798,7.011778697421733,-1.556101147677369,3.941351396106605,108.33973257003292,146.6483586834323,81.6583960748488,26.783666844919374,55.50279802841731,1.6458928323044741,3.8473610430540095,-8.025303643352133,-3.786405996924136,0.8398251083784557,0,0,1
2015-02,GDAXI,Europa,2,11401.66016,6.614163682179819,9.063953808554427,-1.756361541024798,7.011778697421733,4.1653170831016535,112.50795323508126,110.62664944784981,116.82035664149693,3.8473610430540095,-24.56332246673284,43.05982269651534,-8.025303643352133,-3.786405996924136,-25.261601602650142,0.9715915138357889,0,0,0
2015-03,GDAXI,Europa,2,11966.16992,4.9511189780980125,6.614163682179819,9.063953808554427,-1.756361541024798,4.174748818042351,103.47884836504537,80.65029876462874,119.2300068024666,-8.025303643352133,-27.096862132981926,2.0626971447831766,-3.786405996924136,-25.261601602650142,14.61646704169861,0.4687794836747721,0,0,0
2015-04,GDAXI,Europa,2,11454.37988,-4.276974532549504,4.9511189780980125,6.614163682179819,9.063953808554427,4.53936522987396,99.56071904500325,92.08395849863687,107.84801419576009,-3.786405996924136,14.17683493941706,-9.546248391618018,-25.261601602650142,14.61646704169861,24.558055668202016,0.25841467982350513,0,0,0
2015-05,GDAXI,Europa,2,11413.82031,-0.3540966025652792,-4.276974532549504,4.9511189780980125,6.614163682179819,4.525027661610746,74.41008684712071,71.70904147240424,75.1276002699329,-25.261601602650142,-22.126456506031122,-30.339375434799198,14.61646704169861,24.558055668202016,-23.96457036562888,-0.976620995350697,0,0,1
2015-06,GDAXI,Europa,2,10944.96973,-4.1077445348357555,-0.3540966025652792,-4.276974532549504,4.9511189780980125,4.7445122751212025,85.28621266682943,88.44556840260823,80.42666390736898,14.61646704169861,23.33949330035976,7.053417942802098,24.558055668202016,-23.96457036562888,19.18166619724222,-0.44308919114331674,0,0,1
2015-07,GDAXI,Europa,2,11308.99023,3.3259160050687298,-4.1077445348357555,-0.3540966025652792,-4.276974532549504,4.469993776154757,106.23084825085056,89.69054517438335,118.30285398421749,24.558055668202016,1.4076191653921155,47.09407084256565,-23.96457036562888,19.18166619724222,-10.263558111944526,0.5456361334795071,0,0,0
2015-08,GDAXI,Europa,2,10259.45996,-9.280494974837373,3.3259160050687298,-4.1077445348357555,-0.3540966025652792,5.475261872581297,80.77308187177104,72.6687409493231,83.29964871560374,-23.96457036562888,-18.978370788097155,-29.58779445277242,19.18166619724222,-10.263558111944526,69.33668679688365,-0.7123350831475163,0,0,1
2015-09,GDAXI,Europa,2,9660.44043,-5.838704301546882,-9.280494974837373,3.3259160050687298,-4.1077445348357555,5.803270557062538,96.26670481363932,79.88457260131835,111.3503412882487,19.18166619724222,9.929760111059792,33.674442815976114,-10.263558111944526,69.33668679688365,-3.9551845660048213,0.0642386706420011,0,0,0
2015-10,GDAXI,Europa,2,10850.13965,12.315165427711229,-5.838704301546882,-9.280494974837373,3.3259160050687298,6.70744509413353,86.38631562263735,101.0595084159605,75.2390812904604,-10.263558111944526,26.506915071474868,-32.43030922043458,69.33668679688365,-3.9551845660048213,-17.462244964117836,-0.46539997130577987,0,0,1
2015-11,GDAXI,Europa,2,11382.23047,4.903999737920439,12.315165427711229,-5.838704301546882,-9.280494974837373,6.5754956257534465,146.2837247212728,206.72467168172201,112.25876941680909,69.33668679688365,104.55736914021405,49.20273811350009,-3.9551845660048213,-17.462244964117836,-12.711604183681224,2.2021073610924744,1,0,0
2015-12,GDAXI,Europa,2,10743.00977,-5.615952880982212,4.903999737920439,12.315165427711229,-5.838704301546882,6.827953835943453,140.49793341852003,194.36913816390498,108.1629870014806,-3.9551845660048213,-5.976806453387384,-3.648518896658426,-17.462244964117836,-12.711604183681224,4.015245447232085,1.7405500614050073,0,0,0
2016-01,GDAXI,Europa,2,9798.110352,-8.795481324411014,-5.615952880982212,4.903999737920439,12.315165427711229,6.850897156508644,115.96384011545489,110.91858869983304,120.46343551143524,-17.462244964117836,-42.934053344261315,11.37214203393464,-12.711604183681224,4.015245447232085,-20.571703453499047,0.5901208640110405,0,0,0
2016-02,GDAXI,Europa,2,9495.400391,-3.0894728690028628,-8.795481324411014,-5.615952880982212,4.903999737920439,6.496661781254287,101.22297576378132,113.22725730106748,90.85711604151233,-12.711604183681224,2.0814082006417767,-24.57701736981631,4.015245447232085,-20.571703453499047,1.2679298080407353,-0.14074225534914356,0,0,1
2016-03,GDAXI,Europa,2,9965.509766,4.950916819111528,-3.0894728690028628,-8.795481324411014,-5.615952880982212,6.496644036073119,105.2873266896894,122.04758010372039,93.74349009606146,4.015245447232085,7.78992886774601,3.1768277272089085,-20.571703453499047,1.2679298080407353,4.556577350732516,0.08165049546770788,0,0,0
2016-04,GDAXI,Europa,2,10038.96973,0.7371420602148238,4.950916819111528,-3.0894728690028628,-8.795481324411014,6.450386878055254,83.62793006896973,90.3290501912435,79.78639167149862,-20.571703453499047,-25.98865941096199,-14.888605502377427,1.2679298080407353,4.556577350732516,26.501697966147653,-0.929113059578285,0,0,1
2016-05,GDAXI,Europa,2,10262.74023,2.229018574797492,0.7371420602148238,4.950916819111528,-3.0894728690028628,6.513204200759077,84.68827352216167,88.0693675010435,82.82368420016381,1.2679298080407353,-2.5016123665817624,3.806780160168821,4.556577350732516,26.501697966147653,-11.965066413420121,-0.8842870925696081,0,0,1
2016-06,GDAXI,Europa,2,9680.089844,-5.677337367429391,2.229018574797492,0.7371420602148238,4.950916819111528,6.603243803150326,88.54716021219889,97.87790400187174,80.03160365422566,4.556577350732516,11.137285050573364,-3.3711136770858907,26.501697966147653,-11.965066413420121,5.177677420867943,-0.675385337292379,0,0,1
2016-07,GDAXI,Europa,2,10337.5,6.791364198003613,-5.677337367429391,2.229018574797492,0.7371420602148238,6.871362578828119,112.01366116923671,143.21993846278036,94.82303280984202,26.501697966147653,46.32509750110867,18.481985216143258,-11.965066413420121,5.177677420867943,-16.921676258939698,0.504740816275006,0,0,0
2016-08,GDAXI,Europa,2,10592.69043,2.4685894074969905,6.791364198003613,-5.677337367429391,2.229018574797492,6.326769129711113,98.61115221823415,123.22047128985005,80.60763149876749,-11.965066413420121,-13.964164059550777,-14.991506693929601,5.177677420867943,-16.921676258939698,-3.0021981619094418,-0.09695177493770867,0,0,1
2016-09,GDAXI,Europa,2,10511.01953,-0.7710118646410913,2.4685894074969905,6.791364198003613,-5.677337367429391,6.03119582860055,103.71691958109538,119.65013109842936,94.2956667582194,5.177677420867943,-2.897521940994874,16.98106619056434,-16.921676258939698,-3.0021981619094418,21.584843002401332,0.24419612754655895,0,0,0
2016-10,GDAXI,Europa,2,10665.00977,1.4650361895008457,-0.7710118646410913,2.4685894074969905,6.791364198003613,4.85885245100329,86.16627822383758,100.4282025367983,80.40413419661984,-16.921676258939698,-16.065112829519823,-14.731888578950725,-3.0021981619094418,21.584843002401332,3.2171336265169437,-0.755613313542009,0,0,0
2016-11,GDAXI,Europa,2,10640.29981,-0.2316918646385835,1.4650361895008457,-0.7710118646410913,2.4685894074969905,4.603894921043011,83.57939580281575,85.52786210378011,80.94508310953776,-3.0021981619094418,-14.836808841180337,0.6727874360229924,21.584843002401332,3.2171336265169437,7.91479544055298,-0.8991235723515687,0,0,1
2016-12,GDAXI,Europa,2,11481.05957,7.901654793691382,-0.2316918646385835,1.4650361895008457,-0.7710118646410913,4.87389286300715,101.61987716920915,112.50576536117062,94.95736854307113,21.584843002401332,31.54282428415589,17.310854341296356,3.2171336265169437,7.91479544055298,-12.981087348955,0.08052018995459746,0,0,1
2017-01,GDAXI,Europa,2,11535.30957,0.47251736365652164,7.901654793691382,-0.2316918646385835,1.4650361895008457,3.8692667164360195,104.88912440884498,102.22949655594364,108.44574915978217,3.2171336265169437,-9.133993064477785,14.204669762508138,7.91479544055298,-12.981087348955,16.858108837707487,0.2764772290213544,0,0,1
2017-02,GDAXI,Europa,2,11834.41016,2.592913421048304,0.47251736365652164,7.901654793691382,-0.2316918646385835,3.6034993012887435,113.19088404519218,94.91658476420811,125.99899278368268,7.91479544055298,-7.153426396591556,16.186197946807358,-12.981087348955,16.858108837707487,-11.924009642381684,0.7499284136946149,0,0,0
2017-03,GDAXI,Europa,2,12312.87012,4.042955698942929,2.592913421048304,0.47251736365652164,7.901654793691382,3.542883823706313,98.49747651623142,99.26259293094758,97.23793039014262,-12.981087348955,4.578765847439437,-22.826422464279194,16.858108837707487,-11.924009642381684,25.21966237763813,-0.07970292612513222,0,0,1
2017-04,GDAXI,Europa,2,12438.00977,1.016332088135452,4.042955698942929,2.592913421048304,0.47251736365652164,3.5359280591702453,115.10228830973307,101.26866887410482,124.87095286051432,16.858108837707487,2.0209787835713477,28.417945918327536,-11.924009642381684,25.21966237763813,-19.96658607237466,0.8218982347521404,0,0,0
2017-05,GDAXI,Europa,2,12615.05957,1.4234576373065355,1.016332088135452,4.042955698942929,2.592913421048304,3.535898205602037,101.37748035307854,98.86025521063036,100.89005654858005,-11.924009642381684,-2.378241651885993,-19.204543380654638,25.21966237763813,-19.96658607237466,34.9537634693037,-0.016757352017186686,0,0,1
2017-06,GDAXI,Europa,2,12325.12012,-2.298359737353184,1.4234576373065355,1.016332088135452,4.042955698942929,2.977523596455099,126.94453862508138,146.7019323984782,113.13888193766276,25.21966237763813,48.393236580177735,12.140765708843393,-19.96658607237466,34.9537634693037,-13.40475581527194,1.3684569567814138,0,0,0
2017-07,GDAXI,Europa,2,12118.25,-1.6784430333000255,-2.298359737353184,1.4234576373065355,1.016332088135452,2.7527040677208237,101.59804805632561,69.98286450293756,124.43094007430538,-19.96658607237466,-52.29588093437852,9.980705079677499,34.9537634693037,-13.40475581527194,-22.585571348701183,-0.09325574279342158,0,0,1
2017-08,GDAXI,Europa,2,12055.83984,-0.5150096754894418,-1.6784430333000255,-2.298359737353184,1.4234576373065355,2.778779832847374,137.11038946336316,109.75087941077447,156.3583743187689,34.9537634693037,56.82536030826179,25.658758364597812,-13.40475581527194,-22.585571348701183,1.45640671502556,1.769125616283447,0,0,0
2017-09,GDAXI,Europa,2,12828.86035,6.412000493198322,-0.5150096754894418,-1.6784430333000255,-2.298359737353184,3.090910700924859,118.73107655843098,86.45641419092814,146.35588200887045,-13.40475581527194,-21.22485518558812,-6.397158037411099,-22.585571348701183,1.45640671502556,-9.265018521286283,0.6833153665668898,0,0,0
2017-10,GDAXI,Europa,2,13229.57031,3.123503951775408,6.412000493198322,-0.5150096754894418,-1.6784430333000255,3.1156022697665042,91.91498454924553,71.24007597277242,109.52413552807224,-22.585571348701183,-17.60001078063723,-25.16588057497128,1.45640671502556,-9.265018521286283,8.729366354164325,-0.8369177242663346,0,0,1
2017-11,GDAXI,Europa,2,13023.98047,-1.554017516688333,3.123503951775408,6.412000493198322,-0.5150096754894418,3.2178276338659053,93.25364055633545,80.09026870727538,105.41860446929931,1.45640671502556,12.423053476087631,-3.748517200321233,-9.265018521286283,8.729366354164325,-28.45406203269154,-0.7153023093285192,0,0,0
2017-12,GDAXI,Europa,2,12917.63965,-0.8165001494355062,-1.554017516688333,3.123503951775408,6.412000493198322,2.6323317624445157,84.61367348701724,64.52695954230524,98.77827345940375,-9.265018521286283,-19.432209950316203,-6.29901244028458,8.729366354164325,-28.45406203269154,65.97083380479091,-1.2336645984463541,0,0,1
2018-01,GDAXI,Europa,2,13189.48047,2.104415569449647,-0.8165001494355062,-1.554017516688333,3.123503951775408,2.64369306939562,91.99991103141538,75.9898567199707,106.7695834867416,8.729366354164325,17.76450844572981,8.09014953133611,-28.45406203269154,65.97083380479091,11.699680256456425,-0.6525128056178033,0,0,0
2018-02,GDAXI,Europa,2,12435.84961,-5.713878281363427,2.104415569449647,-0.8165001494355062,-1.554017516688333,3.250658088539251,65.82219927651542,53.66386883599417,76.22563787869045,-28.45406203269154,-29.380221055357104,-28.60734734611382,65.97083380479091,11.699680256456425,0.0402988402496085,-2.142949409571251,0,0,1
2018-03,GDAXI,Europa,2,12096.73047,-2.726947901712351,-5.713878281363427,2.104415569449647,-0.8165001494355062,3.1588861077554227,109.2456529678837,64.72115756619361,142.5100219480453,65.97083380479091,20.60471779251023,86.95812316433921,11.699680256456425,0.0402988402496085,-15.333763880707775,0.5900008957372371,1,0,1
2018-04,GDAXI,Europa,2,12612.11035,4.2604890741192225,-2.726947901712351,-5.713878281363427,2.104415569449647,3.3934090483808976,122.0270450592041,94.80569979349772,144.06638272603354,11.699680256456425,46.483319147274415,1.092106194858089,0.0402988402496085,-15.333763880707775,5.999256123072527,1.2755117361317614,0,0,1
2018-05,GDAXI,Europa,2,12604.88965,-0.057252115622363764,4.2604890741192225,-2.726947901712351,-5.713878281363427,3.370466562229586,122.07622054315382,62.3412499273977,166.9032696139428,0.0402988402496085,-34.24314143222706,15.851641761102208,-15.333763880707775,5.999256123072527,3.182714359079064,1.1736073459445548,0,0,0
2018-06,GDAXI,Europa,2,12306.0,-2.371219886086029,-0.057252115622363764,4.2604890741192225,-2.726947901712351,3.3751341336610503,103.35734113057454,56.24654754002889,136.8462231318156,-15.333763880707775,-9.776355774814693,-18.008662473569824,5.999256123072527,3.182714359079064,-34.571624462700555,-0.01799698964290039,0,0,1
2018-07,GDAXI,Europa,2,12805.5,4.058995611896643,-2.371219886086029,-0.057252115622363764,4.2604890741192225,3.513289408058037,109.5580127469955,85.10936841657085,127.5609563396823,5.999256123072527,51.3148311120806,-6.7851830906501265,3.182714359079064,-34.571624462700555,25.17349771161239,0.37867626972426766,0,0,1
2018-08,GDAXI,Europa,2,12364.05957,-3.447272109640398,4.058995611896643,-2.371219886086029,-0.057252115622363764,3.6891660300245266,113.04493135021579,67.86267332876882,146.81783097790134,3.182714359079064,-20.264155883976787,15.096213755986486,-34.571624462700555,25.17349771161239,-13.771045076727717,0.557552855944708,0,0,0
2018-09,GDAXI,Europa,2,12246.73047,-0.948952885059573,-3.447272109640398,4.058995611896643,-2.371219886086029,3.147804807418943,73.96346220970153,49.602893877029416,88.1794579188029,-34.571624462700555,-26.906955703436154,-39.939544582922316,25.17349771161239,-13.771045076727717,8.45156427798377,-1.6910069748655194,0,0,1
2018-10,GDAXI,Europa,2,11447.50977,-6.525992402280734,-0.948952885059573,-3.447272109640398,4.058995611896643,3.4044460281773974,92.58265267649004,61.918164991563366,115.57533417978594,25.17349771161239,24.8277270779095,31.06832011397669,-13.771045076727717,8.45156427798377,1.0709526807535674,-0.6268948726858339,0,0,0
2018-11,GDAXI,Europa,2,11257.24023,-1.6621041940373171,-6.525992402280734,-0.948952885059573,-3.447272109640398,3.405769727940617,79.83305384318034,48.951593685150144,103.46333103179931,-13.771045076727717,-20.94146573655724,-10.479747459908284,8.45156427798377,1.0709526807535674,12.624990293825844,-1.3560584289494768,0,0,1
2018-12,GDAXI,Europa,2,10558.95996,-6.202943667659467,-1.6621041940373171,-6.525992402280734,-0.948952885059573,3.6995534330122823,86.58019570381411,64.75931516770393,99.9929014944261,8.45156427798377,32.292557386848046,-3.3542603961847828,1.0709526807535674,12.624990293825844,-19.17630273940678,-0.9074144937294559,0,0,1
2019-01,GDAXI,Europa,2,11173.09961,5.816289220969817,-6.202943667659467,-1.6621041940373171,-6.525992402280734,4.163743317010877,87.5074286307058,54.891605531015706,113.59607076644897,1.0709526807535674,-15.237513879098808,13.60413496230144,12.624990293825844,-19.17630273940678,-0.8685045212788456,-0.801073848206824,0,0,1
2019-02,GDAXI,Europa,2,11515.63965,3.0657566114726587,5.816289220969817,-6.202943667659467,-1.6621041940373171,4.087035447661685,98.55523300170898,57.736959321158274,130.96962765284948,12.624990293825844,5.183586383777472,15.294153018831214,-19.17630273940678,-0.8685045212788456,33.10270858929771,-0.14271946978709077,0,0,0
2019-03,GDAXI,Europa,2,11526.04004,0.09031534778878303,3.0657566114726587,5.816289220969817,-6.202943667659467,4.031897948966017,79.65598315577353,67.75160512616557,85.8987022830594,-19.17630273940678,17.345294803804002,-34.41326525662569,-0.8685045212788456,33.10270858929771,-1.685648374379367,-1.1424746158846457,0,0,0
2019-04,GDAXI,Europa,2,12344.08008,7.097320824507558,0.09031534778878303,3.0657566114726587,5.816289220969817,4.392379864333229,78.96416734059652,57.763711071014406,93.91384995778402,-0.8685045212788456,-14.741929783880291,9.330929876347316,33.10270858929771,-1.685648374379367,-9.939817225846037,-1.0844430097283153,0,0,1
2019-05,GDAXI,Europa,2,11726.83984,-5.00029354961864,7.097320824507558,0.09031534778878303,3.0657566114726587,4.615103324769829,105.10344554531959,63.40447973435925,133.1031727944651,33.10270858929771,9.765246309071296,41.729013190596916,-1.685648374379367,-9.939817225846037,13.921162899248628,0.33804429903187627,0,0,0
2019-06,GDAXI,Europa,2,12398.79981,5.730102731581255,-5.00029354961864,7.097320824507558,0.09031534778878303,4.900603295662035,103.3317710240682,51.50454092025757,138.8043354034424,-1.685648374379367,-18.768293445444108,4.283265747376963,-9.939817225846037,13.921162899248628,-12.699931906120154,0.3113759427556039,0,0,0
2019-07,GDAXI,Europa,2,12189.04004,-1.691774794450851,5.730102731581255,-5.00029354961864,7.097320824507558,4.7653191799454575,93.06078184804609,47.329337519984094,126.32542345600743,-9.939817225846037,-8.10647629446455,-8.990289756558633,13.921162899248628,-12.699931906120154,2.8698387190764008,-0.2605231431616406,0,0,1
2019-08,GDAXI,Europa,2,11939.28027,-2.049052010497787,-1.691774794450851,5.730102731581255,-5.00029354961864,4.698166145853363,106.01592488442698,74.11447860348609,125.86253258489793,13.921162899248628,56.593103742879094,-0.3664273259061712,-12.699931906120154,2.8698387190764008,-22.581225044357122,0.6360280812730083,0,0,0
2019-09,GDAXI,Europa,2,12428.08008,4.094047538428391,-2.049052010497787,-1.691774794450851,5.730102731581255,4.847297897960525,92.55197461446126,70.08315865198772,112.63771381378174,-12.699931906120154,-5.439314999523937,-10.507351552135392,2.8698387190764008,-22.581225044357122,-1.8944804802661475,-0.18151693898220844,0,0,1
2019-10,GDAXI,Europa,2,12866.79004,3.5299898067602475,4.094047538428391,-2.049052010497787,-1.691774794450851,4.4238615951053095,95.20806701721683,69.20361838802215,118.00913903021043,2.8698387190764008,-1.2549951812718674,4.768762641355617,-22.581225044357122,-1.8944804802661475,93.42482713456963,-0.008370969890582997,0,0,0
2019-11,GDAXI,Europa,2,13236.37988,2.8724323537652197,3.5299898067602475,4.094047538428391,-2.049052010497787,4.362691215093492,73.70891914367675,52.628954823811846,86.17964719136556,-22.581225044357122,-23.95057361202817,-26.972056656303966,-1.8944804802661475,93.42482713456963,-45.859153499296525,-1.3702344917470703,0,0,0
2019-12,GDAXI,Europa,2,13249.00977,0.09541800790322519,2.8724323537652197,3.5299898067602475,4.094047538428391,3.68505055648579,72.31251805828464,60.52569272441249,79.17934866874448,-1.8944804802661475,15.004550113215975,-8.122913879046889,93.42482713456963,-45.859153499296525,9.297101316181845,-1.3788146832098769,0,0,1
2020-01,GDAXI,Europa,2,12981.96973,-2.015547158887787,0.09541800790322519,2.8724323537652197,3.5299898067602475,3.635288171337041,139.8703630508915,84.9525350447624,191.54257983546103,93.42482713456963,40.35780710775339,141.90976947385673,-45.859153499296525,9.297101316181845,-15.71040369340041,2.3984234895573473,1,1,0
2020-02,GDAXI,Europa,2,11890.34961,-8.408740296762351,-2.015547158887787,0.09541800790322519,2.8724323537652197,4.532273476866633,75.72699855935984,56.10202249987372,87.16311290346343,-45.859153499296525,-33.960743525413385,-54.49413233426306,9.297101316181845,-15.71040369340041,-0.37686680923350035,-1.1696176844696133,0,1,1
2020-03,GDAXI,Europa,2,9935.839844,-16.437782151974922,-8.408740296762351,-2.015547158887787,0.09541800790322519,6.642502048970409,82.76741433912709,64.03543063132993,98.19669649677891,9.297101316181845,14.141037663079015,12.658546976787765,-15.71040369340041,-0.37686680923350035,3.027754065969246,-0.7094840570068491,0,1,0
2020-04,GDAXI,Europa,2,10861.63965,9.317781088823264,-16.437782151974922,-8.408740296762351,-2.015547158887787,6.914400974165508,69.76431941986084,47.72460098266602,82.26346549987792,-15.71040369340041,-25.47157017272198,-16.225831993669605,-0.37686680923350035,3.027754065969246,-4.293498750492198,-1.3384281588774083,0,1,0
2020-05,GDAXI,Europa,2,11586.84961,6.6768000354348045,9.317781088823264,-16.437782151974922,-8.408740296762351,7.093549081641471,69.50140085527974,42.106849024372714,85.36720494301089,-0.37686680923350035,-11.771186856719284,3.772925714073616,3.027754065969246,-4.293498750492198,-5.254596548829982,-1.2641225588871834,0,1,1
2020-06,GDAXI,Europa,2,12310.92969,6.249154035580862,6.6768000354348045,9.317781088823264,-16.437782151974922,7.132193175471075,71.60573234558106,51.320197105407715,86.46775321960449,3.027754065969246,21.88087756388999,1.289193288369117,-4.293498750492198,-5.254596548829982,27.892667765632396,-1.0480468176075706,0,1,0
2020-07,GDAXI,Europa,2,12313.36035,0.01974391911256923,6.249154035580862,6.6768000354348045,9.317781088823264,7.10830028316115,68.53134112204275,36.44394225458945,92.3572107745755,-4.293498750492198,-28.98713506548618,6.811160618471734,-5.254596548829982,27.892667765632396,-7.62341761045866,-1.1294147111936224,0,0,0
2020-08,GDAXI,Europa,2,12945.37988,5.132794883242409,0.01974391911256923,6.249154035580862,6.6768000354348045,7.19175554931299,64.93029563657699,27.294767964270807,89.9976692199707,-5.254596548829982,-25.104787584187527,-2.5547994951514386,27.892667765632396,-7.62341761045866,-8.272171743840929,-1.2409867889200987,0,0,1
2020-09,GDAXI,Europa,2,12760.73047,-1.426373051325247,5.132794883242409,0.01974391911256923,6.249154035580862,7.147188507541726,83.04108727773031,49.94818175633748,105.76334724426269,27.892667765632396,82.9954437484879,17.517873697104093,-7.62341761045866,-8.272171743840929,-11.477018729790899,-0.19368612145326036,0,0,0
2020-10,GDAXI,Europa,2,11556.48047,-9.437155677185928,-1.426373051325247,5.132794883242409,0.01974391911256923,7.60745511250497,76.71051840628347,43.048690057569935,98.63585779743809,-7.62341761045866,-13.813299015418378,-6.739092164285898,-8.272171743840929,-11.477018729790899,20.377331218205175,-0.5310391234579444,0,0,0
2020-11,GDAXI,Europa,2,13291.16016,15.010449716962992,-9.437155677185928,-1.426373051325247,5.132794883242409,8.822927262944242,70.364892578125,62.07505849202474,79.94887498219808,-8.272171743840929,44.197322633999846,-18.94542535800341,-11.477018729790899,20.377331218205175,-3.544024808415902,-0.8727351360468183,0,0,0
2020-12,GDAXI,Europa,2,13718.78027,3.2173271923013225,15.010449716962992,-9.437155677185928,-1.426373051325247,8.859145631490616,62.28910067773634,29.27726056498866,85.56250313789614,-11.477018729790899,-52.8357100642118,7.021522387836021,20.377331218205175,-3.544024808415902,7.229044395559336,-1.241929193326495,0,0,1
2021-01,GDAXI,Europa,2,13432.87012,-2.084078499494768,3.2173271923013225,15.010449716962992,-9.437155677185928,8.861047810194165,74.98195703567997,47.25387308674474,95.04665202479208,20.377331218205175,61.40127926877659,11.084468708928341,-3.544024808415902,7.229044395559336,9.128842161979843,-0.4909869325486777,0,0,0
2021-02,GDAXI,Europa,2,13786.29004,2.631008242042032,-2.084078499494768,3.2173271923013225,15.010449716962992,8.395626989797211,72.32457787649972,46.01375893184117,91.39712776456561,-3.544024808415902,-2.6243651025749215,-3.8397188985410335,7.229044395559336,9.128842161979843,6.3745163092844725,-0.5840812846265266,0,0,1
2001-01,GSPTSE,Nordamerika,4,9321.900391,4.345346133478567,1.2902617825040652,-8.503457106607314,-7.1141633013881656,6.32307639044845,47.34544200281943,39.250703688590754,53.58126591097924,2.8989908486964033,-11.863157433402927,14.962542983127358,18.989927506775352,9.558998400811113,-20.567427445911946,-1.1276709843340298,0,0,1
2001-02,GSPTSE,Nordamerika,4,8078.700195,-13.3363385560338,4.345346133478567,1.2902617825040652,-8.503457106607314,7.157326170433927,56.336307116917204,45.95857455049242,65.78157465798515,18.989927506775352,17.089810453134604,22.769728448140224,9.558998400811113,-20.567427445911946,22.282612275385794,-0.5528914270022299,0,0,1
2001-03,GSPTSE,Nordamerika,4,7608.0,-5.826434743689612,-13.3363385560338,4.345346133478567,1.2902617825040652,7.14751290066007,61.72149381329936,57.44915543833086,65.804611175291,9.558998400811113,25.002039336999694,0.035019710953454464,-20.567427445911946,22.282612275385794,18.33193624265337,-0.16449345719586606,0,0,0
2001-04,GSPTSE,Nordamerika,4,7946.600098,4.450579626708717,-5.826434743689612,-13.3363385560338,4.345346133478567,7.35669310876328,49.026970354715985,47.12476806640625,50.69535102844238,-20.567427445911946,-17.97134752138766,-22.96079237760469,22.282612275385794,18.33193624265337,-15.444990282835402,-0.9863278333381387,0,0,1
2001-05,GSPTSE,Nordamerika,4,8161.899902,2.709332309979806,4.450579626708717,-5.826434743689612,-13.3363385560338,7.438302283354965,59.95146006922568,56.56440058062154,60.64858498111848,22.282612275385794,20.031149014703598,19.633425453730236,18.33193624265337,-15.444990282835402,6.919856867837648,-0.08072137279815189,0,0,1
2001-06,GSPTSE,Nordamerika,4,7736.399902,-5.213246978142127,2.709332309979806,4.450579626708717,-5.826434743689612,6.660221997311719,70.94172350565593,62.602798779805504,78.85646438598633,18.33193624265337,10.675262421595733,30.02193606089316,-15.444990282835402,6.919856867837648,636.705984061322,0.8917469952324577,0,0,0
2001-07,GSPTSE,Nordamerika,4,7689.700195,-0.6036361562427373,-5.213246978142127,2.709332309979806,4.450579626708717,6.553332507895489,59.984781203731416,53.3461978666244,62.87733785567745,-15.444990282835402,-14.786241340007166,-20.26355943641387,6.919856867837648,636.705984061322,6.680150322070344,-0.040735325784857314,0,0,1
2001-08,GSPTSE,Nordamerika,4,7399.200195,-3.7777805718471225,-0.6036361562427373,-5.213246978142127,2.709332309979806,5.682987072555211,64.13564220551521,73.31873946036062,56.88255968401509,6.919856867837648,37.43948471017813,-9.534083942011339,636.705984061322,6.680150322070344,-41.24090377218973,0.3121450090099885,0,1,1
2001-09,GSPTSE,Nordamerika,4,6838.600098,-7.576495867469912,-3.7777805718471225,-0.6036361562427373,-5.213246978142127,5.671870858575928,472.49111404418943,791.8359584172566,249.4176373163859,636.705984061322,979.9912331353685,338.47822373309316,6.680150322070344,-41.24090377218973,-21.93115492388762,4.651889065398863,1,1,1
2001-10,GSPTSE,Nordamerika,4,6885.700195,0.6887388694328811,-7.576495867469912,-3.7777805718471225,-0.6036361562427373,5.637394309977329,504.05423072076616,840.6995652721774,257.8192534908172,6.680150322070344,6.170925472062505,3.368493208751655,-41.24090377218973,-21.93115492388762,-26.483715938044828,3.36038803354654,0,1,0
2001-11,GSPTSE,Nordamerika,4,7425.700195,7.842339699775436,0.6887388694328811,-7.576495867469912,-3.7777805718471225,6.044725468603369,296.1777104695638,494.21396484375,141.4245381673177,-41.24090377218973,-41.21396212644078,-45.14585848323587,-21.93115492388762,-26.483715938044828,-15.629290096238414,1.4919838256736058,0,1,0
2001-12,GSPTSE,Nordamerika,4,7688.399902,3.5377095775679823,7.842339699775436,0.6887388694328811,-7.576495867469912,6.164243135783698,231.22251793646043,376.6929409888483,121.45619632351783,-21.93115492388762,-23.77938144505022,-14.119432244619079,-26.483715938044828,-15.629290096238414,4.7790402345696315,0.9207024060052467,0,1,0
2002-01,GSPTSE,Nordamerika,4,7648.5,-0.5189623654932474,3.5377095775679823,7.842339699775436,0.6887388694328811,5.93179150036692,169.9862031013735,259.16573752126385,104.05673919185516,-26.483715938044828,-31.199736092496554,-14.325705611030715,-15.629290096238414,4.7790402345696315,2.5704229747520735,0.4178106412301901,0,1,0
2002-02,GSPTSE,Nordamerika,4,7637.5,-0.14381904948682633,-0.5189623654932474,3.5377095775679823,7.842339699775436,4.6068932649226495,143.41856629507882,209.38243239266532,93.08014828818185,-15.629290096238414,-19.20906119950132,-10.548659307337282,4.7790402345696315,2.5704229747520735,3.2632959591828437,0.1896965876609148,0,1,1
2002-03,GSPTSE,Nordamerika,4,7851.5,2.8019639934533602,-0.14381904948682633,-0.5189623654932474,3.5377095775679823,4.343550288484903,150.27259728216356,217.83082137569303,97.68620583318895,4.7790402345696315,4.034908223429179,4.948485396420366,2.5704229747520735,3.2632959591828437,-7.141906512616192,0.2115393086592408,0,1,1
2002-04,GSPTSE,Nordamerika,4,7663.399902,-2.3957218111188894,2.8019639934533602,-0.14381904948682633,-0.5189623654932474,4.203302047357949,154.13523864746094,219.28201649983723,99.5971280415853,2.5704229747520735,0.6662028426368982,1.9561842863049517,3.2632959591828437,-7.141906512616192,-19.228603110713394,0.20906450846680694,0,1,1
2002-05,GSPTSE,Nordamerika,4,7656.100098,-0.09525542309354318,-2.3957218111188894,2.8019639934533602,-0.14381904948682633,4.102325829132728,159.16512766192037,205.2949966922883,137.87667772846837,3.2632959591828437,-6.378553075536553,38.434391070895146,-7.141906512616192,-19.228603110713394,6.386640324555559,0.22283561106419553,0,1,0
2002-06,GSPTSE,Nordamerika,4,7145.600098,-6.667885652818962,-0.09525542309354318,-2.3957218111188894,2.8019639934533602,4.273639776756312,147.7977030436198,185.49468332926432,127.91307754516602,-7.141906512616192,-9.644810483473298,-7.2264579822009285,-19.228603110713394,6.386640324555559,34.05336231874485,0.10795986852254974,0,1,0
2002-07,GSPTSE,Nordamerika,4,6605.399902,-7.559899638816869,-6.667885652818962,-0.09525542309354318,-2.3957218111188894,4.72564853127477,119.37826931861139,161.98243344214654,92.84361993112871,-19.228603110713394,-12.675430618883077,-27.416631893368603,6.386640324555559,34.05336231874485,-1.1482428597716532,-0.13781889802288977,0,0,1
2002-08,GSPTSE,Nordamerika,4,6612.0,0.09991973382263986,-7.559899638816869,-6.667885652818962,-0.09525542309354318,4.662182174823624,127.00253000567037,157.38569099672378,101.13534890451739,6.386640324555559,-2.8378030553939837,8.930854892925822,34.05336231874485,-1.1482428597716532,-7.277545082473935,-0.10494483165416127,0,0,1
2002-09,GSPTSE,Nordamerika,4,6180.399902,-6.527527192982452,0.09991973382263986,-7.559899638816869,-6.667885652818962,4.532258805158196,170.25116170247395,185.25534108479818,167.88976720174153,34.05336231874485,17.707867793810127,66.00503090195247,-1.1482428597716532,-7.277545082473935,12.179669045440855,0.20325984695605837,0,0,0
2002-10,GSPTSE,Nordamerika,4,6248.799805,1.1067229319233096,-6.527527192982452,0.09991973382263986,-7.559899638816869,4.545863940092194,168.296264894547,195.84739069784843,161.10799457180886,-1.1482428597716532,5.717540747287764,-4.039419878272565,-7.277545082473935,12.179669045440855,17.26225132075463,0.15715499103937208,0,0,0
2002-11,GSPTSE,Nordamerika,4,6570.399902,5.1465898578263225,1.1067229319233096,-6.527527192982452,0.09991973382263986,4.13263094192501,156.04842834472657,175.04123814900717,151.88629328409831,-7.277545082473935,-10.623655732508986,-5.723925316195444,12.179669045440855,17.26225132075463,15.061801848864963,0.020633136554032164,0,0,1
2002-12,GSPTSE,Nordamerika,4,6614.5,0.6711935142117653,5.1465898578263225,1.1067229319233096,-6.527527192982452,3.928414432225975,175.05461046772618,174.67416357224988,183.75799191382623,12.179669045440855,-0.20970748415570784,20.983920234403875,17.26225132075463,15.061801848864963,47.86395462919402,0.13548947851311843,0,0,1
2003-01,GSPTSE,Nordamerika,4,6569.5,-0.6803235316350409,0.6711935142117653,5.1465898578263225,1.1067229319233096,3.92624566076866,205.2729772752331,176.48827115951045,244.28261073943108,17.26225132075463,1.0385666375383629,32.93713552006381,15.061801848864963,47.86395462919402,-27.597525181866878,0.3400154865225365,0,0,1
2003-02,GSPTSE,Nordamerika,4,6555.100098,-0.21919327193850036,-0.6803235316350409,0.6711935142117653,5.1465898578263225,3.924484960680405,236.19078636169434,210.63462039402552,291.2838772365025,15.061801848864963,19.34765920147381,19.240528973716554,47.86395462919402,-27.597525181866878,-36.85013674083216,0.547533154274486,0,0,1
2003-03,GSPTSE,Nordamerika,4,6343.299805,-3.2310764112453705,-0.21919327193850036,-0.6803235316350409,0.6711935142117653,3.7486343663674684,349.2410371841923,413.45056693784653,352.7903245495212,47.86395462919402,96.28803952760548,21.115637396943754,-27.597525181866878,-36.85013674083216,-8.741552754206271,1.3891505960157058,1,0,0
2003-04,GSPTSE,Nordamerika,4,6586.100098,3.8276654180623204,-3.2310764112453705,-0.21919327193850036,-0.6803235316350409,4.060553622880716,252.85915400187176,326.76046600341795,210.79934641520182,-27.597525181866878,-20.967464520966683,-40.2479796790425,-36.85013674083216,-8.741552754206271,-8.073495492440319,0.5148805034165131,0,0,0
2003-05,GSPTSE,Nordamerika,4,6859.799805,4.155717388551605,3.8276654180623204,-3.2310764112453705,-0.21919327193850036,4.3394014117203055,159.68020999047064,183.58484895767705,150.55725589875252,-36.85013674083216,-43.81668896391011,-28.577930406763798,-8.741552754206271,-8.073495492440319,2.5679680059377485,-0.33859645096062396,0,0,0
2003-06,GSPTSE,Nordamerika,4,6983.100098,1.7974328188138822,4.155717388551605,3.8276654180623204,-3.2310764112453705,3.97571706074322,145.7216801961263,176.93343124389648,127.7050184249878,-8.741552754206271,-3.623075516059593,-15.178436494042181,-8.073495492440319,2.5679680059377485,-13.59457280674885,-0.5029181585692353,0,0,0
2003-07,GSPTSE,Nordamerika,4,7257.899902,3.93521215711492,1.7974328188138822,4.155717388551605,3.8276654180623204,3.356115283628613,133.95684691398375,166.529414761451,106.6518937387774,-8.073495492440319,-5.880186920754349,-16.485745780285622,2.5679680059377485,-13.59457280674885,-9.404549940243411,-0.6575022098566479,0,0,1
2003-08,GSPTSE,Nordamerika,4,7510.299805,3.4775886469645023,3.93521215711492,1.7974328188138822,4.155717388551605,3.429229023444124,137.39681588449787,179.2770211004442,108.98332251271894,2.5679680059377485,7.654867674430843,2.186017230647508,-13.59457280674885,-9.404549940243411,9.037235190035675,-0.6740441743414888,0,0,0
2003-09,GSPTSE,Nordamerika,4,7421.100098,-1.187698351810329,3.4775886469645023,3.93521215711492,1.7974328188138822,2.590236545757521,118.71830571492514,145.99144999186197,97.7679594039917,-13.59457280674885,-18.56655744515813,-10.290898506437395,-9.404549940243411,9.037235190035675,12.52368017722989,-0.8383518008892655,0,0,0
2003-10,GSPTSE,Nordamerika,4,7772.700195,4.737843343398063,-1.187698351810329,3.4775886469645023,3.93521215711492,2.739421662433494,107.55338336575416,129.5931615521831,91.48407450029927,-9.404549940243411,-11.232362196959455,-6.4273458728196236,9.037235190035675,12.52368017722989,-13.501723875035932,-1.156165429144045,0,0,1
2003-11,GSPTSE,Nordamerika,4,7859.399902,1.1154387127368048,4.737843343398063,-1.187698351810329,3.4775886469645023,2.540969790556861,117.27323557535807,152.34808400472005,93.18425509134929,9.037235190035675,17.55873703519013,1.85844432524096,12.52368017722989,-13.501723875035932,0.6077524070589702,-0.9411455660729602,0,0,1
2003-12,GSPTSE,Nordamerika,4,8220.900391,4.599594033992438,1.1154387127368048,4.737843343398063,-1.187698351810329,2.669602881053593,131.9601605323053,166.63024114793348,112.74830061389554,12.52368017722989,9.374687733369157,20.995011982837084,-13.501723875035932,0.6077524070589702,19.33554692769983,-0.607084009889599,0,0,0
2004-01,GSPTSE,Nordamerika,4,8521.400391,3.6553173704546804,4.599594033992438,1.1154387127368048,4.737843343398063,2.5865401229260003,114.1432640321793,127.11111671693864,107.96992640341482,-13.501723875035932,-23.716658008020264,-4.238089784469723,0.6077524070589702,19.33554692769983,8.529074870679644,-0.8844800294625489,0,0,1
2004-02,GSPTSE,Nordamerika,4,8788.5,3.13445674119599,3.6553173704546804,4.599594033992438,1.1154387127368048,2.4776836987651136,114.83697246683055,130.29377562424233,103.49829351490942,0.6077524070589702,2.503839939028385,-4.141554076639597,19.33554692769983,8.529074870679644,-18.08536449217786,-0.8379888001533916,0,0,1
2004-03,GSPTSE,Nordamerika,4,8585.900391,-2.30528086704217,3.13445674119599,3.6553173704546804,4.599594033992438,2.290284723015669,137.0413291685043,182.14090384206463,107.18084593742124,19.33554692769983,39.792482771660254,3.558080329103519,8.529074870679644,-18.08536449217786,12.444061856436273,-0.41912189126732874,0,0,1
2004-04,GSPTSE,Nordamerika,4,8244.0,-3.9821145765724153,-2.30528086704217,3.13445674119599,3.6553173704546804,2.9248099921012343,148.72968673706055,203.51488087972004,120.71956570943196,8.529074870679644,11.734858335933641,12.631659746290346,-18.08536449217786,12.444061856436273,-4.812826861738328,-0.20109534769664494,0,0,0
2004-05,GSPTSE,Nordamerika,4,8417.299805,2.1021325206210584,-3.9821145765724153,-2.30528086704217,3.13445674119599,2.841493819753414,121.83138078258884,160.97313985516948,91.7239502937563,-18.08536449217786,-20.903503881710396,-24.018985858073037,12.444061856436273,-4.812826861738328,7.326084232038577,-0.6577450373351099,0,0,1
2004-06,GSPTSE,Nordamerika,4,8545.599609,1.5242394469992426,2.1021325206210584,-3.9821145765724153,-2.30528086704217,2.842231771304438,136.9921531677246,177.06919593811034,107.51701380411784,12.444061856436273,9.9992185636826,17.21803679386078,-4.812826861738328,7.326084232038577,9.302013958189859,-0.37433464268107997,0,0,0
2004-07,GSPTSE,Nordamerika,4,8458.099609,-1.0239187886575851,1.5242394469992426,2.1021325206210584,-3.9821145765724153,2.8535689233588295,130.39895802159464,159.34060545890563,120.38267381729618,-4.812826861738328,-10.012238653526872,11.96616196634508,7.326084232038577,9.302013958189859,-22.82005024743897,-0.5042698226408638,0,0,1
2004-08,GSPTSE,Nordamerika,4,8377.0,-0.958839606401718,-1.0239187886575851,1.5242394469992426,2.1021325206210584,2.8360470726999387,139.9520955239573,177.53836158014113,126.08562567926222,7.326084232038577,11.420664600103292,4.737352711255904,9.302013958189859,-22.82005024743897,5.420373167086323,-0.3422804943272867,0,0,1
2004-09,GSPTSE,Nordamerika,4,8668.299805,3.477376208666594,-0.958839606401718,-1.0239187886575851,1.5242394469992426,2.835976787352493,152.970458984375,188.2974100748698,129.69852345784506,9.302013958189859,6.060126047672232,2.8654319309747045,-22.82005024743897,5.420373167086323,-13.892755620942731,-0.09186768304555457,0,0,0
2004-10,GSPTSE,Nordamerika,4,8871.0,2.3384077565369754,3.477376208666594,-0.958839606401718,-1.0239187886575851,2.6533102873785883,118.0625233804026,147.26095236501385,96.84527255642799,-22.82005024743897,-21.793426523253423,-25.33047410681982,5.420373167086323,-13.892755620942731,-7.26291042543833,-0.6838368102148895,0,0,1
2004-11,GSPTSE,Nordamerika,4,9030.099609,1.7934799797091783,2.3384077565369754,3.477376208666594,-0.958839606401718,2.6599571436439966,124.46195271809896,154.47430343627929,99.13031984965006,5.420373167086323,4.898346068946902,2.3594825363217,-13.892755620942731,-7.26291042543833,10.283956104618763,-0.5408137756069878,0,0,0
2004-12,GSPTSE,Nordamerika,4,9246.700195,2.3986511265514654,1.7934799797091783,2.3384077565369754,3.477376208666594,2.473282247586009,107.17075778592017,141.9146915558846,79.30897829609532,-13.892755620942731,-8.130550907824963,-19.995236153396423,-7.26291042543833,10.283956104618763,-17.45270714392596,-0.7913484165691447,0,0,0
2005-01,GSPTSE,Nordamerika,4,9204.099609,-0.4607112278068093,2.3986511265514654,1.7934799797091783,2.3384077565369754,2.3561354399032015,99.38704164566532,126.41269216229838,77.36354717131584,-7.26291042543833,-10.923463401589872,-2.4529771616982887,10.283956104618763,-17.45270714392596,-3.9145466707558807,-0.8546164799301317,0,0,1
2005-02,GSPTSE,Nordamerika,4,9668.299805,5.04340691343772,-0.4607112278068093,2.3986511265514654,1.7934799797091783,2.590459032664767,109.60796138218471,108.7996129989624,105.78578090667725,10.283956104618763,-13.932999022537196,36.73853484564569,-17.45270714392596,-3.9145466707558807,13.63922143399825,-0.6093248456395398,0,0,0
2005-03,GSPTSE,Nordamerika,4,9612.400391,-0.578172120511744,5.04340691343772,-0.4607112278068093,2.3986511265514654,2.4443522388626837,90.47840487572455,87.14632021996283,87.85526915519468,-17.45270714392596,-19.901994301400748,-16.94983162935727,-3.9145466707558807,13.63922143399825,-17.244799928592734,-1.3114835862782213,0,0,0
2005-04,GSPTSE,Nordamerika,4,9369.299805,-2.5290310027827334,-0.578172120511744,5.04340691343772,-0.4607112278068093,2.2003934021013944,86.93658548990885,102.42798690795898,72.97031523386637,-3.9145466707558807,17.535641951862413,-16.942585304740586,13.63922143399825,-17.244799928592734,101.53634744222848,-1.9681854593802057,0,0,1
2005-05,GSPTSE,Nordamerika,4,9607.299805,2.540211167893136,-2.5290310027827334,-0.578172120511744,5.04340691343772,2.2221675873739524,98.79405889203471,105.33132522336898,90.99365062098349,13.63922143399825,2.834516622902017,24.69954436862878,-17.244799928592734,101.53634744222848,-29.06039521641346,-1.26982662995963,0,0,0
2005-06,GSPTSE,Nordamerika,4,9902.799805,3.0757861833999423,2.540211167893136,-2.5290310027827334,-0.578172120511744,2.2912293027765758,81.75722109476725,95.1893081665039,69.31578687032064,-17.244799928592734,-9.628680770281385,-23.82349054326638,101.53634744222848,-29.06039521641346,-11.224524686306193,-1.9527645530909168,0,0,1
2005-07,GSPTSE,Nordamerika,4,10422.90039,5.252055936114131,3.0757861833999423,2.540211167893136,-2.5290310027827334,2.4343836358481243,164.77051716466104,237.00151295815743,116.65942007495511,101.53634744222848,148.97913171466425,68.30137165319535,-29.06039521641346,-11.224524686306193,-15.755245474037638,2.096672493283496,1,0,0
2005-08,GSPTSE,Nordamerika,4,10668.90039,2.360187575389472,5.252055936114131,3.0757861833999423,2.540211167893136,2.2781131645042736,116.88755367648217,143.29871208437027,94.36514368364888,-29.06039521641346,-39.53679438760814,-19.11056679090457,-11.224524686306193,-15.755245474037638,-6.115837148029257,-0.13086161533737817,0,0,0
2005-09,GSPTSE,Nordamerika,4,11011.79981,3.214009011850938,2.360187575389472,5.252055936114131,3.0757861833999423,2.2644371205130867,103.76748135884603,130.99529851277669,78.09897527694702,-11.224524686306193,-8.585850767695435,-17.237475376748023,-15.755245474037638,-6.115837148029257,16.183129415888263,-0.7222024783719024,0,0,0
2005-10,GSPTSE,Nordamerika,4,10383.29981,-5.70751385644741,3.214009011850938,2.360187575389472,5.252055936114131,3.175217697918006,87.41865994853359,105.815919445407,73.7711932274603,-15.755245474037638,-19.221589899208325,-5.541406957184714,-6.115837148029257,16.183129415888263,-1.7312131574054201,-1.4009850531265875,0,0,0
2005-11,GSPTSE,Nordamerika,4,10824.09961,4.245276627527139,-5.70751385644741,3.214009011850938,2.360187575389472,3.282244256388933,82.0722770690918,93.67955487569174,70.19666430155436,-6.115837148029257,-11.469318258843575,-4.84542647274867,16.183129415888263,-1.7312131574054201,3.0493001694113175,-1.4956872910468275,0,0,1
2005-12,GSPTSE,Nordamerika,4,11272.29981,4.140761967729167,4.245276627527139,-5.70751385644741,3.214009011850938,3.3597826298354945,95.3541398817493,131.53387844947076,69.47696587347215,16.183129415888263,40.40830854075885,-1.0252601533749406,-1.7312131574054201,3.0493001694113175,-4.876761101613781,-0.8501301787759667,0,0,0
2006-01,GSPTSE,Nordamerika,4,11945.59961,5.9730473048871024,4.140761967729167,4.245276627527139,-5.70751385644741,3.491546927758153,93.70335646598569,99.09636282151745,89.04377758887506,-1.7312131574054201,-24.660958842184765,28.163019886385033,3.0493001694113175,-4.876761101613781,-2.7477636832640484,-0.86918062114162,0,0,1
2006-02,GSPTSE,Nordamerika,4,11688.29981,-2.1539295506322387,5.9730473048871024,4.140761967729167,4.245276627527139,3.5854578243485893,96.56065307344709,102.5961035319737,90.61754550252643,3.0493001694113175,3.5316540494625848,1.7674091960896199,-4.876761101613781,-2.7477636832640484,-5.529103500524313,-0.708329151877598,0,0,0
2006-03,GSPTSE,Nordamerika,4,12110.59961,3.6130130717445974,-2.1539295506322387,5.9730473048871024,4.140761967729167,3.55236905174026,91.85162070489699,96.46455383300781,86.54391436423025,-4.876761101613781,-5.976396264459504,-4.495411032935781,-2.7477636832640484,-5.529103500524313,21.25192544792216,-0.831433334170445,0,0,0
2006-04,GSPTSE,Nordamerika,4,12204.2002,0.7728815501646391,3.6130130717445974,-2.1539295506322387,5.9730473048871024,3.2875051577400374,89.32775522867838,92.80472908020019,86.14640655517579,-2.7477636832640484,-3.7939580989958643,-0.45931341559326544,-5.529103500524313,21.25192544792216,34.3204566344385,-0.8681456484447946,0,0,0
2006-05,GSPTSE,Nordamerika,4,11744.5,-3.766737618742111,0.7728815501646391,3.6130130717445974,-2.1539295506322387,3.717637987021961,84.38873118738974,80.68312811082409,83.90371753323463,-5.529103500524313,-13.06140440203304,-2.603345991576267,21.25192544792216,34.3204566344385,7.312638981344266,-0.999507531482902,0,0,1
2006-06,GSPTSE,Nordamerika,4,11612.90039,-1.1205211801268655,-3.766737618742111,0.7728815501646391,3.6130130717445974,3.7786132127475,102.32296142578124,114.45484237670898,90.22701250712076,21.25192544792216,41.857219788872115,7.536370449118013,34.3204566344385,7.312638981344266,-22.965425288660548,-0.17227721348087163,0,0,1
2006-07,GSPTSE,Nordamerika,4,11831.0,1.8780804336167911,-1.1205211801268655,-3.766737618742111,0.7728815501646391,3.5867350193018406,137.44066902898973,144.67092710925687,133.83614447809035,34.3204566344385,26.40000554375559,48.33267860611912,7.312638981344266,-22.965425288660548,-0.7804776668569935,1.359095430202944,0,0,1
2006-08,GSPTSE,Nordamerika,4,12073.79981,2.052234046149959,1.8780804336167911,-1.1205211801268655,-3.766737618742111,3.578151888893155,147.491208968624,160.77977629630797,141.31128421906502,7.312638981344266,11.134821286439633,5.585292201986869,-22.965425288660548,-0.7804776668569935,-22.11167420803153,1.7460298472526472,0,0,0
2006-09,GSPTSE,Nordamerika,4,11761.29981,-2.5882489764421535,2.052234046149959,1.8780804336167911,-1.1205211801268655,3.6569494199868084,113.61922556559244,117.84904912312825,111.18667894999186,-22.965425288660548,-26.701571654174238,-21.317904961059643,-0.7804776668569935,-22.11167420803153,4.216522278378543,0.39923758677984533,0,0,0
2006-10,GSPTSE,Nordamerika,4,12344.59961,4.9594841507573095,-2.5882489764421535,2.052234046149959,1.8780804336167911,3.255742031424429,112.73245288479713,100.46679675194525,124.12324234747118,-0.7804776668569935,-14.749590684454382,11.634993975580254,-22.11167420803153,4.216522278378543,6.4485592524549995,0.36987798774225267,0,0,0
2006-11,GSPTSE,Nordamerika,4,12752.40039,3.3034751460845557,4.9594841507573095,-2.5882489764421535,2.052234046149959,3.194331903716148,87.80542017618815,84.66829687754313,86.73696505228678,-22.11167420803153,-15.7250956387203,-30.120287375772126,4.216522278378543,6.4485592524549995,-2.420350593251641,-0.7445585542708184,0,0,1
2006-12,GSPTSE,Nordamerika,4,12908.40039,1.2232991062790743,3.3034751460845557,4.9594841507573095,-2.5882489764421535,3.0774784866950764,91.50775527954102,79.05746866041615,96.69359145625945,4.216522278378543,-6.626834865052256,11.479103975992967,6.4485592524549995,-2.420350593251641,-9.379331496809673,-0.5335730533010896,0,0,1
2007-01,GSPTSE,Nordamerika,4,13034.09961,0.9737784404129313,1.2232991062790743,3.3034751460845557,4.9594841507573095,2.6825109092876094,97.40868709933373,96.73051378803868,95.33105973274478,6.4485592524549995,22.35468125539841,-1.4091230897458562,-2.420350593251641,-9.379331496809673,-12.100478069879417,-0.24936871439441408,0,0,0
2007-02,GSPTSE,Nordamerika,4,13045.0,0.08362978898548423,0.9737784404129313,1.2232991062790743,3.3034751460845557,2.535095183855626,95.05105536324638,89.62849848611015,97.72646740504673,-2.420350593251641,-7.342063040718328,2.5127253164051178,-9.379331496809673,-12.100478069879417,21.277337532296347,-0.3323976887352762,0,0,0
2007-03,GSPTSE,Nordamerika,4,13165.5,0.9237255653507193,0.08362978898548423,0.9737784404129313,1.2232991062790743,2.393041802983763,86.13590178951141,82.20472852645382,85.6678963938067,-9.379331496809673,-8.282823080882917,-12.339104575693804,-12.100478069879417,21.277337532296347,7.364126721593589,-0.7423013756406779,0,0,0
2007-04,GSPTSE,Nordamerika,4,13416.7002,1.9080186851999414,0.9237255653507193,0.08362978898548423,0.9737784404129313,2.4174354000273226,75.71304588317871,82.1852602005005,68.55693855285645,-12.100478069879417,-0.023682732492769087,-19.973594031412766,21.277337532296347,7.364126721593589,15.619378517191729,-1.1858271590857998,0,0,1
2007-05,GSPTSE,Nordamerika,4,14056.79981,4.770916845857531,1.9080186851999414,0.9237255653507193,0.08362978898548423,2.190789386221098,91.82276621172505,103.15781870195943,82.37121458976499,21.277337532296347,25.518637344815765,20.150077189135175,7.364126721593589,15.619378517191729,-27.075906953096485,-0.4274257163072001,0,0,1
2007-06,GSPTSE,Nordamerika,4,13906.59961,-1.0685234337131866,4.770916845857531,1.9080186851999414,0.9237255653507193,2.185113008446992,98.5847110748291,110.01365140279134,88.00655695597331,7.364126721593589,6.645965169775048,6.841397682763484,15.619378517191729,-27.075906953096485,11.546988654440726,-0.15149908320847785,0,0,1
2007-07,GSPTSE,Nordamerika,4,13868.59961,-0.2732515572870464,-1.0685234337131866,4.770916845857531,1.9080186851999414,2.2419197233352435,113.9830302576865,129.01673864549207,104.86104534518334,15.619378517191729,17.2733901660304,19.151400727609147,-27.075906953096485,11.546988654440726,8.890282235271773,0.8438942046709289,0,0,0
2007-08,GSPTSE,Nordamerika,4,13660.5,-1.5005091779414337,-0.2732515572870464,-1.0685234337131866,4.770916845857531,2.3723648588751454,83.12109104279548,100.07418700187436,73.35449858634702,-27.075906953096485,-22.433175685168337,-30.045997210043584,11.546988654440726,8.890282235271773,-11.738998432242253,-0.9018285901965774,0,0,1
2007-09,GSPTSE,Nordamerika,4,14098.90039,3.2092558105486724,-1.5005091779414337,-0.2732515572870464,-1.0685234337131866,2.140985051092622,92.71907399495443,90.46699282328288,93.58469161987304,11.546988654440726,-9.600072172868657,27.578667189324,8.890282235271773,-11.738998432242253,6.2146853340762975,-0.3042948164958451,0,0,1
2007-10,GSPTSE,Nordamerika,4,14625.0,3.7314939140441705,3.2092558105486724,-1.5005091779414337,-0.2732515572870464,1.986612294125979,100.96206135903635,95.91243030178931,103.74951417984501,8.890282235271773,6.019253330486496,10.861629593502276,-11.738998432242253,6.2146853340762975,-14.642856634877798,0.15333338680998607,0,0,0
2007-11,GSPTSE,Nordamerika,4,13689.09961,-6.399318905982909,3.7314939140441705,3.2092558105486724,-1.5005091779414337,2.916388306634173,89.11012655893961,80.4546085993449,95.28441146214803,-11.738998432242253,-16.116598916121973,-8.159173355764459,6.2146853340762975,-14.642856634877798,1.0531282092792749,-0.5828290894031587,0,0,1
2007-12,GSPTSE,Nordamerika,4,13833.09961,1.0519318589427673,-6.399318905982909,3.7314939140441705,3.2092558105486724,2.913647305042874,94.64804052537487,85.06247354322865,97.48771335232642,6.2146853340762975,5.727285265696103,2.3123424454939867,-14.642856634877798,1.0531282092792749,-4.221155249228914,-0.24424836443298129,0,0,0
2008-01,GSPTSE,Nordamerika,4,13155.09961,-4.9012876297794605,1.0519318589427673,-6.399318905982909,3.7314939140441705,3.3143981564179867,80.78886364352319,81.53163952981272,76.77330804640248,-14.642856634877798,-4.150871549275559,-21.248221538503877,1.0531282092792749,-4.221155249228914,-8.092695384500992,-1.030238765598614,0,0,1
2008-02,GSPTSE,Nordamerika,4,13582.7002,3.250454976980599,-4.9012876297794605,1.0519318589427673,-6.399318905982909,3.4344454088463547,81.6396739565093,88.45064189516265,72.8041961275298,1.0531282092792749,8.48627895287195,-5.169911288013928,-4.221155249228914,-8.092695384500992,1.7020307479039154,-0.924475523282837,0,0,0
2008-03,GSPTSE,Nordamerika,4,13350.09961,-1.7124768019248449,3.250454976980599,-4.9012876297794605,1.0519318589427673,3.4813274371367138,78.19353657384073,84.13256103761735,72.61432629246866,-4.221155249228914,-4.881910142227531,-0.2607951809928011,-8.092695384500992,1.7020307479039154,18.740602004999385,-1.0661920521595403,0,0,0
2008-04,GSPTSE,Nordamerika,4,13937.0,4.3962248009024485,-1.7124768019248449,3.250454976980599,-4.9012876297794605,3.663447331569832,71.86557184855143,70.36499150594075,69.58370641072591,-8.092695384500992,-16.364139355654284,-4.173583969554883,1.7020307479039154,18.740602004999385,3.0983884950956497,-1.3333965961012133,0,0,1
2008-05,GSPTSE,Nordamerika,4,14714.7002,5.580111932266618,4.3962248009024485,-1.7124768019248449,3.250454976980599,3.7578577456980296,73.08874597857076,75.19145030360067,71.38500275150422,1.7020307479039154,6.85917626701118,2.588675472596913,18.740602004999385,3.0983884950956497,-1.1180904357439236,-1.2102508567294472,0,0,1
2008-06,GSPTSE,Nordamerika,4,14467.0,-1.683351999247662,5.580111932266618,4.3962248009024485,-1.7124768019248449,3.7844963785066374,86.7860169728597,80.27725048065186,87.26098276774088,18.740602004999385,6.763801145630577,22.23993752791742,3.0983884950956497,-1.1180904357439236,0.8402831055205118,-0.4430783950807696,0,0,1
2008-07,GSPTSE,Nordamerika,4,13592.90039,-6.042023985622446,-1.683351999247662,5.580111932266618,4.3962248009024485,4.2186916393630804,89.47498493809854,87.2099857945596,84.52966382426601,3.0983884950956497,8.635989987697258,-3.130057508915207,-1.1180904357439236,0.8402831055205118,-27.17747676132537,-0.21996002846280854,0,0,0
2008-08,GSPTSE,Nordamerika,4,13771.29981,1.3124455773342092,-6.042023985622446,-1.683351999247662,5.580111932266618,4.211029986355004,88.47457368912235,105.41860654277187,75.39880838701802,-1.1180904357439236,20.879054826480868,-10.801954040927797,0.8402831055205118,-27.17747676132537,21.79458180831557,-0.18480278958268545,0,1,1
2008-09,GSPTSE,Nordamerika,4,11752.90039,-14.65656436100784,1.3124455773342092,-6.042023985622446,-1.683351999247662,5.8645109469256145,89.21801058451335,95.21897468566894,82.42706019083658,0.8402831055205118,-9.675362055715087,9.321436179392805,-27.17747676132537,21.79458180831557,18.90005212057766,-0.03769254696213948,0,1,0
2008-10,GSPTSE,Nordamerika,4,9762.799805,-16.932846522661627,-14.65656436100784,1.3124455773342092,-6.042023985622446,7.136181288754398,64.97080649099043,76.1353960960142,53.63574997071297,-27.17747676132537,-20.041781223387755,-34.929439620272106,21.79458180831557,18.90005212057766,-8.348161215059768,-2.1434157026319185,0,1,1
2008-11,GSPTSE,Nordamerika,4,9270.599609,-5.041588538442843,-16.932846522661627,-14.65656436100784,1.3124455773342092,7.08905506954153,79.13092206319173,96.24985440572102,67.7355552037557,21.79458180831557,26.41932575531689,26.288073236119036,18.90005212057766,-8.348161215059768,-22.161447104217558,-0.7595182677418102,0,1,1
2008-12,GSPTSE,Nordamerika,4,8987.700195,-3.051576229496089,-5.041588538442843,-16.932846522661627,-14.65656436100784,6.976634572012748,94.08670757662865,107.55399310204291,87.6594942154423,18.90005212057766,11.744577450134797,29.414299405612443,-8.348161215059768,-22.161447104217558,7.35467474432232,0.6233375017235697,0,1,0
2009-01,GSPTSE,Nordamerika,4,8694.900391,-3.2577833889351315,-3.051576229496089,-5.041588538442843,-16.932846522661627,6.958239761398727,86.23219754618984,91.03520405677057,87.53845571702526,-8.348161215059768,-15.358601358110413,-0.1380780250905378,-22.161447104217558,7.35467474432232,19.28906303929281,-0.06406076130466869,0,1,0
2009-02,GSPTSE,Nordamerika,4,8123.0,-6.5774231478484495,-3.2577833889351315,-3.051576229496089,-5.041588538442843,6.709943367840852,67.12189470018659,63.14009993416922,65.29873490333557,-22.161447104217558,-30.642106437423532,-25.40565815506419,7.35467474432232,19.28906303929281,6.075574369099579,-1.6713881846745218,0,1,1
2009-03,GSPTSE,Nordamerika,4,8720.400391,7.3544305182814185,-6.5774231478484495,-3.2577833889351315,-3.051576229496089,7.4564974715591354,72.05849173761183,73.33846209126133,69.22285332218293,7.35467474432232,16.151957579612763,6.0094861327044,19.28906303929281,6.075574369099579,-10.888347911835139,-1.1405010755464262,0,1,1
2009-04,GSPTSE,Nordamerika,4,9324.799805,6.930867699879695,7.3544305182814185,-6.5774231478484495,-3.2577833889351315,7.722893041448253,85.95789963404337,83.50890401204427,85.18863232930501,19.28906303929281,13.86781455565156,23.06431798298285,6.075574369099579,-10.888347911835139,-0.2073196231979657,0.0329756834210831,0,1,1
2009-05,GSPTSE,Nordamerika,4,10370.09961,11.209890044390058,6.930867699879695,7.3544305182814185,-6.5774231478484495,8.43044576327818,91.18033575242565,93.24943800895444,89.41171313870338,6.075574369099579,11.664066379682492,4.957329040186531,-10.888347911835139,-0.2073196231979657,-9.032432357199339,0.4977999095413013,0,1,0
2009-06,GSPTSE,Nordamerika,4,10374.90039,0.046294444417593894,11.209890044390058,6.930867699879695,7.3544305182814185,8.461084816549288,81.25230356852214,73.67756567001342,81.75211544036866,-10.888347911835139,-20.988729537503048,-8.566660261226033,-0.2073196231979657,-9.032432357199339,23.549742301368237,-0.3265552025967795,0,1,0
2009-07,GSPTSE,Nordamerika,4,10787.2002,3.9740122266368916,0.046294444417593894,11.209890044390058,6.930867699879695,8.561733090416027,81.08385159892421,76.3114563111336,80.97563048331968,-0.2073196231979657,3.5748882542032234,-0.9498041156076997,-9.032432357199339,23.549742301368237,-0.8148729801666255,-0.2627382909944407,0,0,0
2009-08,GSPTSE,Nordamerika,4,10868.2002,0.7508899297150373,3.9740122266368916,0.046294444417593894,11.209890044390058,8.54614118751616,73.76000755063949,78.4546751206921,65.25164118120748,-9.032432357199339,2.8085151472149406,-19.418174589392322,23.549742301368237,-0.8148729801666255,-10.353229076577463,-1.0040004553560047,0,0,1
2009-09,GSPTSE,Nordamerika,4,11395.0,4.847166874971642,0.7508899297150373,3.9740122266368916,0.046294444417593894,7.645327477135749,91.13029925028484,75.68046391805014,96.45980974833171,23.549742301368237,-3.5360686898189386,47.82740786619817,-0.8148729801666255,-10.353229076577463,18.25563652218536,0.8816289056537101,0,0,0
2009-10,GSPTSE,Nordamerika,4,10910.79981,-4.249233786748574,4.847166874971642,0.7508899297150373,3.9740122266368916,5.723607127394029,90.38770306494928,89.20428694448164,89.28504986916819,-0.8148729801666255,17.869635473000866,-7.4380821379212865,-10.353229076577463,18.25563652218536,-2.2371733163945695,0.9151397601578731,0,0,0
2009-11,GSPTSE,Nordamerika,4,11447.2002,4.9162334507171,-4.249233786748574,4.847166874971642,0.7508899297150373,5.472044987755896,81.02965710957845,82.64781697591145,73.95016460418701,-10.353229076577463,-7.349949417398238,-17.175199305428855,18.25563652218536,-2.2371733163945695,-13.029217772023905,-0.1425267675173771,0,0,1
2009-12,GSPTSE,Nordamerika,4,11746.09961,2.6111136765127885,4.9162334507171,-4.249233786748574,4.847166874971642,5.244936491515167,95.82213678667623,100.3492317199707,92.03632293208953,18.25563652218536,21.41788542245284,24.457225247174776,-2.2371733163945695,-13.029217772023905,-10.73701462694614,1.5908561015288483,0,0,0
2010-01,GSPTSE,Nordamerika,4,11094.29981,-5.549074345028471,2.6111136765127885,4.9162334507171,-4.249233786748574,5.504128298775243,93.6784295112856,102.653564453125,87.86365244465489,-2.2371733163945695,2.296313278794848,-4.53372142052385,-13.029217772023905,-10.73701462694614,21.862566984562726,1.2320588451155279,0,0,0
2010-02,GSPTSE,Nordamerika,4,11629.59961,4.824998505245892,-5.549074345028471,2.6111136765127885,4.9162334507171,4.791268630977628,81.47286292484829,81.01815795898438,80.05752774647304,-13.029217772023905,-21.07613759872904,-8.88436171384852,-10.73701462694614,21.862566984562726,-1.6770919748616664,-0.1517539998744288,0,0,0
2010-03,GSPTSE,Nordamerika,4,12037.7002,3.509154258836955,4.824998505245892,-5.549074345028471,2.6111136765127885,4.608820825160419,72.72510971561555,67.32707777330953,73.52030064982753,-10.73701462694614,-16.898779891547267,-8.165661969162553,21.862566984562726,-1.6770919748616664,10.567262949366473,-1.0941896353363345,0,0,1
2010-04,GSPTSE,Nordamerika,4,12210.7002,1.4371515914642918,3.509154258836955,4.824998505245892,-5.549074345028471,4.4326812006201814,88.62468554178874,79.6067726135254,92.83870468139648,21.862566984562726,18.238865024799743,26.2762854080008,-1.6770919748616664,10.567262949366473,-17.59668875597209,0.607960427043267,0,0,0
2010-05,GSPTSE,Nordamerika,4,11763.0,-3.6664580463616647,1.4371515914642918,3.509154258836955,4.824998505245892,3.7623989241377567,87.13836805282101,83.16650359861312,86.94786573225453,-1.6770919748616664,4.471643389400404,-6.345240349225156,10.567262949366473,-17.59668875597209,2.79697724964445,0.3828726247882139,0,0,1
2010-06,GSPTSE,Nordamerika,4,11294.40039,-3.983674317776076,-3.6664580463616647,1.4371515914642918,3.509154258836955,4.036893381520644,96.34650853474935,69.67944971720378,111.88416697184245,10.567262949366473,-16.216930251753723,28.67960131002669,-17.59668875597209,2.79697724964445,-11.994283766920088,1.357065673567289,0,0,0
2010-07,GSPTSE,Nordamerika,4,11713.40039,3.709802960155195,-3.983674317776076,-3.6664580463616647,1.4371515914642918,4.018599331681008,79.39271330064342,81.76249122619629,76.34224307152533,-17.59668875597209,17.340896861315503,-31.766714506854075,2.79697724964445,-11.994283766920088,-8.726501270000398,-0.5011396530748392,0,0,1
2010-08,GSPTSE,Nordamerika,4,11913.90039,1.7117147311994207,3.709802960155195,-3.983674317776076,-3.6664580463616647,4.0278936050766205,81.61330942953786,84.75737048733619,74.11711311340332,2.79697724964445,3.6629011863820837,-2.9146772070048788,-11.994283766920088,-8.726501270000398,45.83401536726808,-0.22012562720000922,0,0,0
2010-09,GSPTSE,Nordamerika,4,12368.7002,3.817388051873727,1.7117147311994207,3.709802960155195,-3.983674317776076,3.9449502168424115,71.82437750498454,70.37432320912679,69.72902139027913,-11.994283766920088,-16.969671422685785,-5.920483865055792,-8.726501270000398,45.83401536726808,2.3956021728043453,-1.2145632690267665,0,0,0
2010-10,GSPTSE,Nordamerika,4,12676.2002,2.4861141027575417,3.817388051873727,1.7117147311994207,3.709802960155195,3.6348097375181943,65.55662228984218,74.25972569373346,63.16021014798072,-8.726501270000398,5.521051297446489,-9.4204839123329,45.83401536726808,2.3956021728043453,-19.46454465246935,-1.919177895726568,0,0,1
2010-11,GSPTSE,Nordamerika,4,12952.90039,2.182832281238367,2.4861141027575417,3.817388051873727,1.7117147311994207,3.470815252939542,95.60385462443034,80.85895284016927,102.02185897827148,45.83401536726808,8.886683979486731,61.528688297965076,2.3956021728043453,-19.46454465246935,12.806536842294957,1.291041578905604,1,0,1
2010-12,GSPTSE,Nordamerika,4,13443.2002,3.7852511425049196,2.182832281238367,2.4861141027575417,3.817388051873727,3.5335494309471187,97.89414264309791,94.39043466506466,98.9651261606524,2.3956021728043453,16.73467358851721,-2.9961547929352017,-19.46454465246935,12.806536842294957,53.00774228080458,1.4848186772493326,0,0,0
2011-01,GSPTSE,Nordamerika,4,13552.0,0.809329611858356,3.7852511425049196,2.182832281238367,2.4861141027575417,2.8400071861733966,78.83949353618007,77.48969244187877,77.08557048920662,-19.46454465246935,-17.9051429132163,-22.108349193561573,12.806536842294957,53.00774228080458,-33.36802641662523,-0.4750384228910944,0,1,1
2011-02,GSPTSE,Nordamerika,4,14136.5,4.313016528925617,0.809329611858356,3.7852511425049196,2.182832281238367,2.7925473089092114,88.93610232216972,84.70568302699498,89.67357962472099,12.806536842294957,9.312194122500305,16.329916293837265,53.00774228080458,-33.36802641662523,15.221272067740333,0.5147852069653104,0,1,1
2011-03,GSPTSE,Nordamerika,4,14116.09961,-0.14431004845613105,4.313016528925617,0.809329611858356,3.7852511425049196,2.7736102650117567,136.0791222356981,156.13775290212322,126.68266185637444,53.00774228080458,84.32972537670638,41.27088757528632,-33.36802641662523,15.221272067740333,-19.08316741489856,3.6246571728768533,1,1,0
2011-04,GSPTSE,Nordamerika,4,13944.79981,-1.2135065969543612,-0.14431004845613105,4.313016528925617,0.809329611858356,2.871720625980851,90.67220478057861,111.14294446309408,73.5580285390218,-33.36802641662523,-28.817379271004796,-41.935204501451274,15.221272067740333,-19.08316741489856,-7.395183206081024,0.2582538320621,0,1,1
2011-05,GSPTSE,Nordamerika,4,13802.90039,-1.0175794700060248,-1.2135065969543612,-0.14431004845613105,4.313016528925617,2.551767321948812,104.47366776004914,120.63443325411889,96.0221432101342,15.221272067740333,8.53989323107822,30.539310415579468,-19.08316741489856,-7.395183206081024,10.35534745366633,1.1963348470666315,0,1,0
2011-06,GSPTSE,Nordamerika,4,13300.90039,-3.636916777025301,-1.0175794700060248,-1.2135065969543612,-0.14431004845613105,2.4867485411362873,84.53678283691406,97.33198216756185,72.88245728810628,-19.08316741489856,-19.316583547476828,-24.098281030229863,-7.395183206081024,10.35534745366633,-3.7587201796722147,-0.2381333011797011,0,1,0
2011-07,GSPTSE,Nordamerika,4,12945.59961,-2.6712535962386985,-3.636916777025301,-1.0175794700060248,-1.2135065969543612,2.626321248853357,78.2851328695974,99.24549016644877,60.417874859225364,-7.395183206081024,1.9659601667134652,-17.102308144754364,10.35534745366633,-3.7587201796722147,-9.59658500968753,-0.6744404095941262,0,1,1
2011-08,GSPTSE,Nordamerika,4,12768.7002,-1.3664829388308264,-2.6712535962386985,-3.636916777025301,-1.0175794700060248,2.6861220203941802,86.39183038280856,111.57653574789724,62.886020106654016,10.35534745366633,12.424791857813933,4.085124233812376,-3.7587201796722147,-9.59658500968753,10.75561755834511,-0.13693057664267147,0,1,0
2011-09,GSPTSE,Nordamerika,4,11623.79981,-8.966459953378802,-1.3664829388308264,-2.6712535962386985,-3.636916777025301,3.6583776934703987,83.14460322062175,93.88602275848389,70.98976675669353,-3.7587201796722147,-15.855047722026761,12.886404062931067,-9.59658500968753,10.75561755834511,1.885317306908374,-0.3489112784017622,0,1,0
2011-10,GSPTSE,Nordamerika,4,12252.09961,5.405287515872992,-8.966459953378802,-1.3664829388308264,-2.6712535962386985,3.9565129281270917,75.16556069158739,90.57414713213521,63.65037210526005,-9.59658500968753,-3.5275491804230286,-10.338665679221236,10.75561755834511,1.885317306908374,-8.156193496580155,-0.8690907544536027,0,0,1
2011-11,GSPTSE,Nordamerika,4,12204.09961,-0.3917695866659687,5.405287515872992,-8.966459953378802,-1.3664829388308264,3.8841006061237575,83.25008093516031,70.99307772318522,95.16603965759278,10.75561755834511,-21.6188283621196,49.51372083137953,1.885317306908374,-8.156193496580155,17.437683308734808,-0.29755002076007414,0,0,1
2011-12,GSPTSE,Nordamerika,4,11955.09961,-2.0402979978627056,-0.3917695866659687,5.405287515872992,-8.966459953378802,3.668142610572712,84.81960911904612,77.63644483012538,86.84766141829952,1.885317306908374,9.357767433106435,-8.740910380659695,-8.156193496580155,17.437683308734808,-3.722992679209569,-0.15314732600468142,0,0,0
2012-01,GSPTSE,Nordamerika,4,12452.2002,4.1580631380452315,-2.0402979978627056,-0.3917695866659687,5.405287515872992,3.928950439455266,77.90155767625377,61.71806113950668,91.26849322165212,-8.156193496580155,-20.503751460347488,5.090329124764548,17.437683308734808,-3.722992679209569,11.683646516830692,-0.6044036259967932,0,0,1
2012-02,GSPTSE,Nordamerika,4,12644.0,1.5402884383436177,4.1580631380452315,-2.0402979978627056,-0.3917695866659687,3.68576618147825,91.4857845964103,77.98118065143454,103.34518873280493,17.437683308734808,26.350664962022897,13.232053126837195,-3.722992679209569,11.683646516830692,-21.032583801878502,0.3455942766440141,0,0,0
2012-03,GSPTSE,Nordamerika,4,12392.2002,-1.9914568174628333,1.5402884383436177,4.1580631380452315,-2.0402979978627056,3.6916314652652327,88.0797755333685,86.14695296748992,86.66009946023264,-3.722992679209569,10.47146535592387,-16.145008274851524,11.683646516830692,-21.032583801878502,-0.11563419129990704,0.05496641858514284,0,0,1
2012-04,GSPTSE,Nordamerika,4,12292.7002,-0.8029244072412567,-1.9914568174628333,1.5402884383436177,4.1580631380452315,3.691537270675387,98.3707051595052,88.1813424428304,104.64068247477213,11.683646516830692,2.3615338735291314,20.748398774675515,-21.032583801878502,-0.11563419129990704,4.661354718603983,0.7745442600702505,0,0,0
2012-05,GSPTSE,Nordamerika,4,11513.2002,-6.3411617245818785,-0.8029244072412567,-1.9914568174628333,1.5402884383436177,4.002973615554089,77.68080416033345,69.08255398658014,79.93533497471964,-21.032583801878502,-21.65853674617435,-23.60969645434864,-0.11563419129990704,4.661354718603983,-7.806712344159738,-0.6966679763797997,0,0,0
2012-06,GSPTSE,Nordamerika,4,11596.59961,0.7243807851095907,-6.3411617245818785,-0.8029244072412567,-1.9914568174628333,3.981864079045167,77.59097859064738,81.92765919367473,70.51085557937623,-0.11563419129990704,18.59384817994694,-11.790129356840751,4.661354718603983,-7.806712344159738,-7.87534886252107,-0.6468544531804323,0,0,1
2012-07,GSPTSE,Nordamerika,4,11664.7002,0.5872461953525976,0.7243807851095907,-6.3411617245818785,-0.8029244072412567,3.9732404779756485,81.20776933239353,89.00009404459307,77.46019707956621,4.661354718603983,8.632536216126097,9.8557044062058,-7.806712344159738,-7.87534886252107,18.802659577001602,-0.3926547006231566,0,0,0
2012-08,GSPTSE,Nordamerika,4,11949.29981,2.4398364734654843,0.5872461953525976,0.7243807851095907,-6.3411617245818785,4.073735890832734,74.8681123795048,78.25724669425718,70.49690803404778,-7.806712344159738,-12.070602245603512,-8.989505976038025,-7.87534886252107,18.802659577001602,-2.6717656381202715,-0.8201291777019274,0,0,0
2012-09,GSPTSE,Nordamerika,4,12317.5,3.081353684772936,2.4398364734654843,0.5872461953525976,0.7243807851095907,3.175950467221709,68.97198734283447,65.10240313212077,68.31967938741049,-7.87534886252107,-16.80974493458861,-3.0884030340532886,18.802659577001602,-2.6717656381202715,-5.994197564654025,-1.2202075636257568,0,0,1
2012-10,GSPTSE,Nordamerika,4,12422.90039,0.8556962857722894,3.081353684772936,2.4398364734654843,0.5872461953525976,2.789146721943117,81.94055532640026,86.90206847652313,75.07558896464687,18.802659577001602,33.48519301224788,9.888672836016443,-2.6717656381202715,-5.994197564654025,20.367269576878645,-0.3694110124128443,0,0,0
2012-11,GSPTSE,Nordamerika,4,12239.40039,-1.477110773163015,0.8556962857722894,3.081353684772936,2.4398364734654843,2.8257264253208088,79.75129572550456,87.46022033691406,73.34758491516114,-2.6717656381202715,0.6422768412488677,-2.301685638855866,-5.994197564654025,20.367269576878645,-8.164537558505069,-0.4847113582862031,0,0,0
2012-12,GSPTSE,Nordamerika,4,12433.5,1.5858588150983621,-1.477110773163015,0.8556962857722894,3.081353684772936,2.773984037716772,74.97084549934634,85.26028196273312,64.21883093926215,-5.994197564654025,-2.515358829084069,-12.44588214657365,20.367269576878645,-8.164537558505069,-9.751520162523587,-0.7721678806588171,0,0,1
2013-01,GSPTSE,Nordamerika,4,12685.2002,2.0243712550769954,1.5858588150983621,-1.477110773163015,0.8556962857722894,2.5694812478808124,90.24035970626339,109.75873522604665,83.89209476594002,20.367269576878645,28.73372301773727,30.634727445108332,-8.164537558505069,-9.751520162523587,25.47476088535521,0.33378525699886924,0,0,0
2013-02,GSPTSE,Nordamerika,4,12821.79981,1.0768423662718574,2.0243712550769954,1.5858588150983621,-1.477110773163015,2.5506816006728172,82.87265164511544,87.37166687420437,78.62591293879917,-8.164537558505069,-20.3966165478642,-6.2773278481525026,-9.751520162523587,25.47476088535521,-11.144978564302333,-0.19920816864343685,0,0,0
2013-03,GSPTSE,Nordamerika,4,12749.90039,-0.5607591840883663,1.0768423662718574,2.0243712550769954,1.5858588150983621,2.473924897783593,74.79130831072408,70.25588681620937,79.46081779849145,-9.751520162523587,-19.589622895300696,1.0618698447955044,25.47476088535521,-11.144978564302333,-0.965878998260461,-1.013514684973251,0,0,1
2013-04,GSPTSE,Nordamerika,4,12456.5,-2.301197507630104,-0.5607591840883663,1.0768423662718574,2.0243712550769954,2.5687738586137114,93.84421526590982,83.1100798924764,99.8020144144694,25.47476088535521,18.296250547507608,25.599027520157392,-11.144978564302333,-0.965878998260461,-6.660023976577866,1.3038201103451614,0,0,0
2013-05,GSPTSE,Nordamerika,4,12650.40039,1.556620158150368,-2.301197507630104,-0.5607591840883663,1.0768423662718574,1.577334308066088,83.38529759068643,96.31220405332503,76.66901059304514,-11.144978564302333,15.885105847484283,-23.178894691799336,-0.965878998260461,-6.660023976577866,15.266434567502763,0.1681061665247437,0,0,0
2013-06,GSPTSE,Nordamerika,4,12129.09961,-4.120824352817198,1.556620158150368,-2.301197507630104,-0.5607591840883663,2.123777455910666,82.57989651362101,85.31224797566732,78.08507897059123,-0.965878998260461,-11.421144584716792,1.8469892419278766,-6.660023976577866,15.266434567502763,10.38976028717007,0.06282779852477731,0,0,0
2013-07,GSPTSE,Nordamerika,4,12486.59961,2.9474570371675,-4.120824352817198,1.556620158150368,-2.301197507630104,2.2487466975576145,77.08005560598066,75.28471995938209,75.0804361527966,-6.660023976577866,-11.753913716053145,-3.847909046651865,15.266434567502763,10.38976028717007,-24.991962578693006,-0.7292898821973308,0,0,1
2013-08,GSPTSE,Nordamerika,4,12653.90039,1.3398425930628566,2.9474570371675,-4.120824352817198,1.556620158150368,2.1881950902695833,88.84743185966245,104.42809732498661,78.84740774093136,15.266434567502763,38.71087968624718,5.017247875956099,10.38976028717007,-24.991962578693006,4.327385501849101,0.9539072115700641,0,0,1
2013-09,GSPTSE,Nordamerika,4,12787.2002,1.0534286337937404,1.3398425930628566,2.9474570371675,-4.120824352817198,2.044351858810367,98.07846705118816,97.374010403951,98.14722569783528,10.38976028717007,-6.754970263494176,24.47742863064981,-24.991962578693006,4.327385501849101,-8.47958052592066,1.985063817732131,0,0,0
2013-10,GSPTSE,Nordamerika,4,13361.29981,4.48964277575008,1.0534286337937404,1.3398425930628566,2.9474570371675,2.371932040181778,73.56673326799947,80.33374651016727,65.35439909658125,-24.991962578693006,-17.499807005065403,-33.411873201809016,4.327385501849101,-8.47958052592066,11.926947066993353,-1.1842847482493826,0,0,1
2013-11,GSPTSE,Nordamerika,4,13395.40039,0.2552190317178349,4.48964277575008,1.0534286337937404,1.3398425930628566,2.2827714710203577,76.75024941762288,52.19944121042887,91.32140051523844,4.327385501849101,-35.02177667784688,39.732599148043505,-8.47958052592066,11.926947066993353,-10.628031863710918,-0.7302356457466846,0,0,0
2013-12,GSPTSE,Nordamerika,4,13621.59961,1.6886335116109041,0.2552190317178349,4.48964277575008,1.0534286337937404,2.286264497979526,70.2421502144106,68.61865160542149,68.88867827384702,-8.47958052592066,31.45476276039567,-24.564584111528333,11.926947066993353,-10.628031863710918,70.12768145517792,-1.4153214775509915,0,0,1
2014-01,GSPTSE,Nordamerika,4,13694.90039,0.5381216751238815,1.6886335116109041,0.2552190317178349,4.48964277575008,2.253182406691506,78.61989428920131,86.78251980197045,68.41249278283888,11.926947066993353,26.4707448654002,-0.6912391164121345,-10.628031863710918,70.12768145517792,-22.3830484610423,-0.400710165838595,0,0,0
2014-02,GSPTSE,Nordamerika,4,14209.59961,3.758327591603594,0.5381216751238815,1.6886335116109041,0.2552190317178349,2.4243572843578405,70.26414687292916,61.49816117967878,73.86041593551636,-10.628031863710918,-29.135312825656822,7.963345481315476,70.12768145517792,-22.3830484610423,-10.343908404842095,-1.3004457666171292,0,1,1
2014-03,GSPTSE,Nordamerika,4,14335.29981,0.8846146510105735,3.758327591603594,0.5381216751238815,1.6886335116109041,2.3814123815785533,119.53876396917528,75.00083989481772,150.81426780454575,70.12768145517792,21.956231627297342,104.18821894560378,-22.3830484610423,-10.343908404842095,18.018621331537332,3.2754976148498836,1,1,0
2014-04,GSPTSE,Nordamerika,4,14651.90039,2.2085382530970588,0.8846146510105735,3.758327591603594,0.5381216751238815,2.157074282195397,92.7823445002238,61.30099623998006,112.3606637954712,-22.3830484610423,-18.266253650026478,-25.49732500038402,-10.343908404842095,18.018621331537332,38.660193810520525,0.9648550951925742,0,1,0
2014-05,GSPTSE,Nordamerika,4,14604.2002,-0.3255563355628377,2.2085382530970588,0.8846146510105735,3.758327591603594,2.2110796460574242,83.18502376925561,75.96359517497402,92.24833537686256,-10.343908404842095,23.919022257963118,-17.89979494533681,18.018621331537332,38.660193810520525,-2.7048677246242936,0.07732757889483634,0,1,1
2014-06,GSPTSE,Nordamerika,4,15146.0,3.7098902547227475,-0.3255563355628377,2.2085382530970588,0.8846146510105735,1.5445408640071931,98.1738182067871,105.45366484324137,96.13338797887167,18.018621331537332,38.82131908098889,4.211515130476329,38.660193810520525,-2.7048677246242936,-1.419314844118058,1.3100368914918,0,1,1
2014-07,GSPTSE,Nordamerika,4,15330.7002,1.2194652053347355,3.7098902547227475,-0.3255563355628377,2.2085382530970588,1.5161636194275396,136.12800659671908,115.96761592741936,161.79567853866084,38.660193810520525,9.970209285573105,68.30331473828896,-2.7048677246242936,-1.419314844118058,-38.12192153075063,3.222536139713079,0,1,0
2014-08,GSPTSE,Nordamerika,4,15625.7002,1.9242434862825064,1.2194652053347355,3.7098902547227475,-0.3255563355628377,1.511695626401961,132.44592408211,107.58255644767515,154.04245942638767,-2.7048677246242936,-7.230518117223495,-4.791981579669047,-1.419314844118058,-38.12192153075063,4.1467635433172,2.445848791870672,0,1,0
2014-09,GSPTSE,Nordamerika,4,14960.5,-4.257090507854489,1.9242434862825064,1.2194652053347355,3.7098902547227475,2.31094881948354,130.56609942118328,121.00510635375977,142.43847586313885,-1.419314844118058,12.476511387431977,-7.53297734044166,-38.12192153075063,4.1467635433172,1.5573648683008257,2.034635004614549,0,1,0
2014-10,GSPTSE,Nordamerika,4,14613.29981,-2.320779318873034,-4.257090507854489,1.9242434862825064,1.2194652053347355,2.3036961940572307,80.79179345407793,74.09397866649013,83.08987451368763,-38.12192153075063,-38.76789096000993,-41.66613058010812,4.1467635433172,1.5573648683008257,26.783666844919374,-0.48645379517397036,0,0,1
2014-11,GSPTSE,Nordamerika,4,14744.7002,0.8991835636608325,-2.320779318873034,-4.257090507854489,1.9242434862825064,2.2980154816715133,84.14203809102376,77.99142316182454,87.09242757161458,4.1467635433172,5.26013660688609,4.817136963262114,1.5573648683008257,26.783666844919374,3.8473610430540095,-0.32739728608346297,0,0,1
2014-12,GSPTSE,Nordamerika,4,14632.40039,-0.7616283035717375,0.8991835636608325,-2.320779318873034,-4.257090507854489,2.323244321047549,85.45243663172567,94.30592924548733,80.33614915417087,1.5573648683008257,20.918333609340344,-7.7575957012888885,26.783666844919374,3.8473610430540095,-8.025303643352133,-0.2865574549034715,0,0,1
2015-01,GSPTSE,Nordamerika,4,14673.5,0.28088084596213925,-0.7616283035717375,0.8991835636608325,-2.320779318873034,2.325285705629503,108.33973257003292,146.6483586834323,81.6583960748488,26.783666844919374,55.50279802841731,1.6458928323044741,3.8473610430540095,-8.025303643352133,-3.786405996924136,0.8398251083784557,0,0,1
2015-02,GSPTSE,Nordamerika,4,15234.29981,3.8218544314580827,0.28088084596213925,-0.7616283035717375,0.8991835636608325,2.3331845879319366,112.50795323508126,110.62664944784981,116.82035664149693,3.8473610430540095,-24.56332246673284,43.05982269651534,-8.025303643352133,-3.786405996924136,-25.261601602650142,0.9715915138357889,0,0,0
2015-03,GSPTSE,Nordamerika,4,14902.40039,-2.178632586593421,3.8218544314580827,0.28088084596213925,-0.7616283035717375,2.463954317122413,103.47884836504537,80.65029876462874,119.2300068024666,-8.025303643352133,-27.096862132981926,2.0626971447831766,-3.786405996924136,-25.261601602650142,14.61646704169861,0.4687794836747721,0,0,0
2015-04,GSPTSE,Nordamerika,4,15224.5,2.1613941483959787,-2.178632586593421,3.8218544314580827,0.28088084596213925,2.460760023033283,99.56071904500325,92.08395849863687,107.84801419576009,-3.786405996924136,14.17683493941706,-9.546248391618018,-25.261601602650142,14.61646704169861,24.558055668202016,0.25841467982350513,0,0,0
2015-05,GSPTSE,Nordamerika,4,15014.09961,-1.381985549607545,2.1613941483959787,-2.178632586593421,3.8218544314580827,2.505528768165393,74.41008684712071,71.70904147240424,75.1276002699329,-25.261601602650142,-22.126456506031122,-30.339375434799198,14.61646704169861,24.558055668202016,-23.96457036562888,-0.976620995350697,0,0,1
2015-06,GSPTSE,Nordamerika,4,14553.29981,-3.069113779510879,-1.381985549607545,2.1613941483959787,-2.178632586593421,2.419663373907597,85.28621266682943,88.44556840260823,80.42666390736898,14.61646704169861,23.33949330035976,7.053417942802098,24.558055668202016,-23.96457036562888,19.18166619724222,-0.44308919114331674,0,0,1
2015-07,GSPTSE,Nordamerika,4,14468.40039,-0.5833688655384028,-3.069113779510879,-1.381985549607545,2.1613941483959787,2.3718895400690077,106.23084825085056,89.69054517438335,118.30285398421749,24.558055668202016,1.4076191653921155,47.09407084256565,-23.96457036562888,19.18166619724222,-10.263558111944526,0.5456361334795071,0,0,0
2015-08,GSPTSE,Nordamerika,4,13859.09961,-4.21125185629454,-0.5833688655384028,-3.069113779510879,-1.381985549607545,2.471490289627601,80.77308187177104,72.6687409493231,83.29964871560374,-23.96457036562888,-18.978370788097155,-29.58779445277242,19.18166619724222,-10.263558111944526,69.33668679688365,-0.7123350831475163,0,0,1
2015-09,GSPTSE,Nordamerika,4,13307.0,-3.983661460962684,-4.21125185629454,-0.5833688655384028,-3.069113779510879,2.439449817321114,96.26670481363932,79.88457260131835,111.3503412882487,19.18166619724222,9.929760111059792,33.674442815976114,-10.263558111944526,69.33668679688365,-3.9551845660048213,0.0642386706420011,0,0,0
2015-10,GSPTSE,Nordamerika,4,13529.2002,1.6697993537236,-3.983661460962684,-4.21125185629454,-0.5833688655384028,2.5057904335839254,86.38631562263735,101.0595084159605,75.2390812904604,-10.263558111944526,26.506915071474868,-32.43030922043458,69.33668679688365,-3.9551845660048213,-17.462244964117836,-0.46539997130577987,0,0,1
2015-11,GSPTSE,Nordamerika,4,13469.79981,-0.43905322651666134,1.6697993537236,-3.983661460962684,-4.21125185629454,2.4618452756495297,146.2837247212728,206.72467168172201,112.25876941680909,69.33668679688365,104.55736914021405,49.20273811350009,-3.9551845660048213,-17.462244964117836,-12.711604183681224,2.2021073610924744,1,0,0
2015-12,GSPTSE,Nordamerika,4,13010.0,-3.4135608285629004,-0.43905322651666134,1.6697993537236,-3.983661460962684,2.5817473304721563,140.49793341852003,194.36913816390498,108.1629870014806,-3.9551845660048213,-5.976806453387384,-3.648518896658426,-17.462244964117836,-12.711604183681224,4.015245447232085,1.7405500614050073,0,0,0
2016-01,GSPTSE,Nordamerika,4,12822.09961,-1.4442766333589652,-3.4135608285629004,-0.43905322651666134,1.6697993537236,2.5552426609941326,115.96384011545489,110.91858869983304,120.46343551143524,-17.462244964117836,-42.934053344261315,11.37214203393464,-12.711604183681224,4.015245447232085,-20.571703453499047,0.5901208640110405,0,0,0
2016-02,GSPTSE,Nordamerika,4,12860.40039,0.2987091128985542,-1.4442766333589652,-3.4135608285629004,-0.43905322651666134,2.102082531346893,101.22297576378132,113.22725730106748,90.85711604151233,-12.711604183681224,2.0814082006417767,-24.57701736981631,4.015245447232085,-20.571703453499047,1.2679298080407353,-0.14074225534914356,0,0,1
2016-03,GSPTSE,Nordamerika,4,13494.40039,4.929862063182622,0.2987091128985542,-1.4442766333589652,-3.4135608285629004,2.7566397259170317,105.2873266896894,122.04758010372039,93.74349009606146,4.015245447232085,7.78992886774601,3.1768277272089085,-20.571703453499047,1.2679298080407353,4.556577350732516,0.08165049546770788,0,0,0
2016-04,GSPTSE,Nordamerika,4,13951.5,3.3873280530399175,4.929862063182622,0.2987091128985542,-1.4442766333589652,2.8951531748536445,83.62793006896973,90.3290501912435,79.78639167149862,-20.571703453499047,-25.98865941096199,-14.888605502377427,1.2679298080407353,4.556577350732516,26.501697966147653,-0.929113059578285,0,0,1
2016-05,GSPTSE,Nordamerika,4,14065.79981,0.8192653836505137,3.3873280530399175,4.929862063182622,0.2987091128985542,2.9167511855497277,84.68827352216167,88.0693675010435,82.82368420016381,1.2679298080407353,-2.5016123665817624,3.806780160168821,4.556577350732516,26.501697966147653,-11.965066413420121,-0.8842870925696081,0,0,1
2016-06,GSPTSE,Nordamerika,4,14064.5,-0.009240924921138927,0.8192653836505137,3.3873280530399175,4.929862063182622,2.803603682578729,88.54716021219889,97.87790400187174,80.03160365422566,4.556577350732516,11.137285050573364,-3.3711136770858907,26.501697966147653,-11.965066413420121,5.177677420867943,-0.675385337292379,0,0,1
2016-07,GSPTSE,Nordamerika,4,14582.7002,3.6844551885953924,-0.009240924921138927,0.8192653836505137,3.3873280530399175,3.0196094710004453,112.01366116923671,143.21993846278036,94.82303280984202,26.501697966147653,46.32509750110867,18.481985216143258,-11.965066413420121,5.177677420867943,-16.921676258939698,0.504740816275006,0,0,0
2016-08,GSPTSE,Nordamerika,4,14598.0,0.10491746926266643,3.6844551885953924,-0.009240924921138927,0.8192653836505137,2.6984098076004677,98.61115221823415,123.22047128985005,80.60763149876749,-11.965066413420121,-13.964164059550777,-14.991506693929601,5.177677420867943,-16.921676258939698,-3.0021981619094418,-0.09695177493770867,0,0,1
2016-09,GSPTSE,Nordamerika,4,14725.90039,0.8761500890533069,0.10491746926266643,3.6844551885953924,-0.009240924921138927,2.305842364825147,103.71691958109538,119.65013109842936,94.2956667582194,5.177677420867943,-2.897521940994874,16.98106619056434,-16.921676258939698,-3.0021981619094418,21.584843002401332,0.24419612754655895,0,0,0
2016-10,GSPTSE,Nordamerika,4,14787.29981,0.41694849465161443,0.8761500890533069,0.10491746926266643,3.6844551885953924,2.294773872751157,86.16627822383758,100.4282025367983,80.40413419661984,-16.921676258939698,-16.065112829519823,-14.731888578950725,-3.0021981619094418,21.584843002401332,3.2171336265169437,-0.755613313542009,0,0,0
2016-11,GSPTSE,Nordamerika,4,15082.90039,1.9990166142441979,0.41694849465161443,0.8761500890533069,0.10491746926266643,2.2861392808776286,83.57939580281575,85.52786210378011,80.94508310953776,-3.0021981619094418,-14.836808841180337,0.6727874360229924,21.584843002401332,3.2171336265169437,7.91479544055298,-0.8991235723515687,0,0,1
2016-12,GSPTSE,Nordamerika,4,15287.59961,1.357160855717865,1.9990166142441979,0.41694849465161443,0.8761500890533069,1.8221063632464365,101.61987716920915,112.50576536117062,94.95736854307113,21.584843002401332,31.54282428415589,17.310854341296356,3.2171336265169437,7.91479544055298,-12.981087348955,0.08052018995459746,0,0,1
2017-01,GSPTSE,Nordamerika,4,15386.0,0.6436614806135665,1.357160855717865,1.9990166142441979,0.41694849465161443,1.6172864105345612,104.88912440884498,102.22949655594364,108.44574915978217,3.2171336265169437,-9.133993064477785,14.204669762508138,7.91479544055298,-12.981087348955,16.858108837707487,0.2764772290213544,0,0,1
2017-02,GSPTSE,Nordamerika,4,15399.2002,0.08579357857791958,0.6436614806135665,1.357160855717865,1.9990166142441979,1.6332595984052758,113.19088404519218,94.91658476420811,125.99899278368268,7.91479544055298,-7.153426396591556,16.186197946807358,-12.981087348955,16.858108837707487,-11.924009642381684,0.7499284136946149,0,0,0
2017-03,GSPTSE,Nordamerika,4,15547.79981,0.964982648904078,0.08579357857791958,0.6436614806135665,1.357160855717865,1.2340002851485132,98.49747651623142,99.26259293094758,97.23793039014262,-12.981087348955,4.578765847439437,-22.826422464279194,16.858108837707487,-11.924009642381684,25.21966237763813,-0.07970292612513222,0,0,1
2017-04,GSPTSE,Nordamerika,4,15586.09961,0.2463358190099907,0.964982648904078,0.08579357857791958,0.6436614806135665,1.0451979928049506,115.10228830973307,101.26866887410482,124.87095286051432,16.858108837707487,2.0209787835713477,28.417945918327536,-11.924009642381684,25.21966237763813,-19.96658607237466,0.8218982347521404,0,0,0
2017-05,GSPTSE,Nordamerika,4,15349.90039,-1.5154479049296787,0.2463358190099907,0.964982648904078,0.08579357857791958,1.2628250559234178,101.37748035307854,98.86025521063036,100.89005654858005,-11.924009642381684,-2.378241651885993,-19.204543380654638,25.21966237763813,-19.96658607237466,34.9537634693037,-0.016757352017186686,0,0,1
2017-06,GSPTSE,Nordamerika,4,15182.2002,-1.0925164707208945,-1.5154479049296787,0.2463358190099907,0.964982648904078,1.3563453810624795,126.94453862508138,146.7019323984782,113.13888193766276,25.21966237763813,48.393236580177735,12.140765708843393,-19.96658607237466,34.9537634693037,-13.40475581527194,1.3684569567814138,0,0,0
2017-07,GSPTSE,Nordamerika,4,15143.90039,-0.2522678498205977,-1.0925164707208945,-1.5154479049296787,0.2463358190099907,0.9785127984060821,101.59804805632561,69.98286450293756,124.43094007430538,-19.96658607237466,-52.29588093437852,9.980705079677499,34.9537634693037,-13.40475581527194,-22.585571348701183,-0.09325574279342158,0,0,1
2017-08,GSPTSE,Nordamerika,4,15211.90039,0.44902566874318595,-0.2522678498205977,-1.0925164707208945,-1.5154479049296787,0.9766911588957565,137.11038946336316,109.75087941077447,156.3583743187689,34.9537634693037,56.82536030826179,25.658758364597812,-13.40475581527194,-22.585571348701183,1.45640671502556,1.769125616283447,0,0,0
2017-09,GSPTSE,Nordamerika,4,15634.90039,2.7807176562770097,0.44902566874318595,-0.2522678498205977,-1.0925164707208945,1.1995897243225713,118.73107655843098,86.45641419092814,146.35588200887045,-13.40475581527194,-21.22485518558812,-6.397158037411099,-22.585571348701183,1.45640671502556,-9.265018521286283,0.6833153665668898,0,0,0
2017-10,GSPTSE,Nordamerika,4,16025.59961,2.498891647879553,2.7807176562770097,0.44902566874318595,-0.2522678498205977,1.328967161567971,91.91498454924553,71.24007597277242,109.52413552807224,-22.585571348701183,-17.60001078063723,-25.16588057497128,1.45640671502556,-9.265018521286283,8.729366354164325,-0.8369177242663346,0,0,1
2017-11,GSPTSE,Nordamerika,4,16067.5,0.26145910929820104,2.498891647879553,2.7807176562770097,0.44902566874318595,1.2653788783396374,93.25364055633545,80.09026870727538,105.41860446929931,1.45640671502556,12.423053476087631,-3.748517200321233,-9.265018521286283,8.729366354164325,-28.45406203269154,-0.7153023093285192,0,0,0
2017-12,GSPTSE,Nordamerika,4,16209.09961,0.8812796639178444,0.26145910929820104,2.498891647879553,2.7807176562770097,1.2445783635955845,84.61367348701724,64.52695954230524,98.77827345940375,-9.265018521286283,-19.432209950316203,-6.29901244028458,8.729366354164325,-28.45406203269154,65.97083380479091,-1.2336645984463541,0,0,1
2018-01,GSPTSE,Nordamerika,4,15951.7002,-1.5879932642353545,0.8812796639178444,0.26145910929820104,2.498891647879553,1.379884618845439,91.99991103141538,75.9898567199707,106.7695834867416,8.729366354164325,17.76450844572981,8.09014953133611,-28.45406203269154,65.97083380479091,11.699680256456425,-0.6525128056178033,0,0,0
2018-02,GSPTSE,Nordamerika,4,15442.7002,-3.190882436469056,-1.5879932642353545,0.8812796639178444,0.26145910929820104,1.7124207082259735,65.82219927651542,53.66386883599417,76.22563787869045,-28.45406203269154,-29.380221055357104,-28.60734734611382,65.97083380479091,11.699680256456425,0.0402988402496085,-2.142949409571251,0,0,1
2018-03,GSPTSE,Nordamerika,4,15367.29981,-0.488259106396427,-3.190882436469056,-1.5879932642353545,0.8812796639178444,1.692090786090718,109.2456529678837,64.72115756619361,142.5100219480453,65.97083380479091,20.60471779251023,86.95812316433921,11.699680256456425,0.0402988402496085,-15.333763880707775,0.5900008957372371,1,0,1
2018-04,GSPTSE,Nordamerika,4,15607.90039,1.5656659463586076,-0.488259106396427,-3.190882436469056,-1.5879932642353545,1.7571275962810609,122.0270450592041,94.80569979349772,144.06638272603354,11.699680256456425,46.483319147274415,1.092106194858089,0.0402988402496085,-15.333763880707775,5.999256123072527,1.2755117361317614,0,0,1
2018-05,GSPTSE,Nordamerika,4,16061.5,2.906217996436089,1.5656659463586076,-0.488259106396427,-3.190882436469056,1.8648548491058414,122.07622054315382,62.3412499273977,166.9032696139428,0.0402988402496085,-34.24314143222706,15.851641761102208,-15.333763880707775,5.999256123072527,3.182714359079064,1.1736073459445548,0,0,0
2018-06,GSPTSE,Nordamerika,4,16277.7002,1.3460772655106812,2.906217996436089,1.5656659463586076,-0.488259106396427,1.8204475242921427,103.35734113057454,56.24654754002889,136.8462231318156,-15.333763880707775,-9.776355774814693,-18.008662473569824,5.999256123072527,3.182714359079064,-34.571624462700555,-0.01799698964290039,0,0,1
2018-07,GSPTSE,Nordamerika,4,16434.0,0.9602081257154449,1.3460772655106812,2.906217996436089,1.5656659463586076,1.8025557204078264,109.5580127469955,85.10936841657085,127.5609563396823,5.999256123072527,51.3148311120806,-6.7851830906501265,3.182714359079064,-34.571624462700555,25.17349771161239,0.37867626972426766,0,0,1
2018-08,GSPTSE,Nordamerika,4,16262.90039,-1.0411318607764342,0.9602081257154449,1.3460772655106812,2.906217996436089,1.8713246132398074,113.04493135021579,67.86267332876882,146.81783097790134,3.182714359079064,-20.264155883976787,15.096213755986486,-34.571624462700555,25.17349771161239,-13.771045076727717,0.557552855944708,0,0,0
2018-09,GSPTSE,Nordamerika,4,16073.09961,-1.167078291377277,-1.0411318607764342,0.9602081257154449,1.3460772655106812,1.7935795544389024,73.96346220970153,49.602893877029416,88.1794579188029,-34.571624462700555,-26.906955703436154,-39.939544582922316,25.17349771161239,-13.771045076727717,8.45156427798377,-1.6910069748655194,0,0,1
2018-10,GSPTSE,Nordamerika,4,15027.29981,-6.506522235134704,-1.167078291377277,-1.0411318607764342,0.9602081257154449,2.5070408430628017,92.58265267649004,61.918164991563366,115.57533417978594,25.17349771161239,24.8277270779095,31.06832011397669,-13.771045076727717,8.45156427798377,1.0709526807535674,-0.6268948726858339,0,0,0
2018-11,GSPTSE,Nordamerika,4,15197.79981,1.1346017059334912,-6.506522235134704,-1.167078291377277,-1.0411318607764342,2.5437129972288153,79.83305384318034,48.951593685150144,103.46333103179931,-13.771045076727717,-20.94146573655724,-10.479747459908284,8.45156427798377,1.0709526807535674,12.624990293825844,-1.3560584289494768,0,0,1
2018-12,GSPTSE,Nordamerika,4,14322.90039,-5.756750522692933,1.1346017059334912,-6.506522235134704,-1.167078291377277,2.9252400449830653,86.58019570381411,64.75931516770393,99.9929014944261,8.45156427798377,32.292557386848046,-3.3542603961847828,1.0709526807535674,12.624990293825844,-19.17630273940678,-0.9074144937294559,0,0,1
2019-01,GSPTSE,Nordamerika,4,15540.59961,8.5017642156485,-5.756750522692933,1.1346017059334912,-6.506522235134704,3.991908274139393,87.5074286307058,54.891605531015706,113.59607076644897,1.0709526807535674,-15.237513879098808,13.60413496230144,12.624990293825844,-19.17630273940678,-0.8685045212788456,-0.801073848206824,0,0,1
2019-02,GSPTSE,Nordamerika,4,15999.0,2.9496956456238177,8.5017642156485,-5.756750522692933,1.1346017059334912,3.959363611851017,98.55523300170898,57.736959321158274,130.96962765284948,12.624990293825844,5.183586383777472,15.294153018831214,-19.17630273940678,-0.8685045212788456,33.10270858929771,-0.14271946978709077,0,0,0
2019-03,GSPTSE,Nordamerika,4,16102.09961,0.6444128383023884,2.9496956456238177,8.5017642156485,-5.756750522692933,3.950611547913461,79.65598315577353,67.75160512616557,85.8987022830594,-19.17630273940678,17.345294803804002,-34.41326525662569,-0.8685045212788456,33.10270858929771,-1.685648374379367,-1.1424746158846457,0,0,0
2019-04,GSPTSE,Nordamerika,4,16580.69922,2.9722807682966534,0.6444128383023884,2.9496956456238177,8.5017642156485,4.006821473782621,78.96416734059652,57.763711071014406,93.91384995778402,-0.8685045212788456,-14.741929783880291,9.330929876347316,33.10270858929771,-1.685648374379367,-9.939817225846037,-1.0844430097283153,0,0,1
2019-05,GSPTSE,Nordamerika,4,16037.5,-3.2760935639238875,2.9722807682966534,0.6444128383023884,2.9496956456238177,4.0771778371721235,105.10344554531959,63.40447973435925,133.1031727944651,33.10270858929771,9.765246309071296,41.729013190596916,-1.685648374379367,-9.939817225846037,13.921162899248628,0.33804429903187627,0,0,0
2019-06,GSPTSE,Nordamerika,4,16382.2002,2.149338737334361,-3.2760935639238875,2.9722807682966534,0.6444128383023884,4.106637551070791,103.3317710240682,51.50454092025757,138.8043354034424,-1.685648374379367,-18.768293445444108,4.283265747376963,-9.939817225846037,13.921162899248628,-12.699931906120154,0.3113759427556039,0,0,0
2019-07,GSPTSE,Nordamerika,4,16406.59961,0.14893854123454453,2.149338737334361,-3.2760935639238875,2.9722807682966534,4.098404315801029,93.06078184804609,47.329337519984094,126.32542345600743,-9.939817225846037,-8.10647629446455,-8.990289756558633,13.921162899248628,-12.699931906120154,2.8698387190764008,-0.2605231431616406,0,0,1
2019-08,GSPTSE,Nordamerika,4,16442.09961,0.21637634149591634,0.14893854123454453,2.149338737334361,-3.2760935639238875,4.083662242040977,106.01592488442698,74.11447860348609,125.86253258489793,13.921162899248628,56.593103742879094,-0.3664273259061712,-12.699931906120154,2.8698387190764008,-22.581225044357122,0.6360280812730083,0,0,0
2019-09,GSPTSE,Nordamerika,4,16658.59961,1.3167418099591544,0.21637634149591634,0.14893854123454453,2.149338737334361,4.0727968414966655,92.55197461446126,70.08315865198772,112.63771381378174,-12.699931906120154,-5.439314999523937,-10.507351552135392,2.8698387190764008,-22.581225044357122,-1.8944804802661475,-0.18151693898220844,0,0,1
2019-10,GSPTSE,Nordamerika,4,16483.19922,-1.052911974033588,1.3167418099591544,0.21637634149591634,0.14893854123454453,3.4990161159296638,95.20806701721683,69.20361838802215,118.00913903021043,2.8698387190764008,-1.2549951812718674,4.768762641355617,-22.581225044357122,-1.8944804802661475,93.42482713456963,-0.008370969890582997,0,0,0
2019-11,GSPTSE,Nordamerika,4,17040.19922,3.379198373845771,-1.052911974033588,1.3167418099591544,0.21637634149591634,3.5759852060952872,73.70891914367675,52.628954823811846,86.17964719136556,-22.581225044357122,-23.95057361202817,-26.972056656303966,-1.8944804802661475,93.42482713456963,-45.859153499296525,-1.3702344917470703,0,0,0
2019-12,GSPTSE,Nordamerika,4,17063.40039,0.13615550910208718,3.379198373845771,-1.052911974033588,1.3167418099591544,2.9025617762004994,72.31251805828464,60.52569272441249,79.17934866874448,-1.8944804802661475,15.004550113215975,-8.122913879046889,93.42482713456963,-45.859153499296525,9.297101316181845,-1.3788146832098769,0,0,1
2020-01,GSPTSE,Nordamerika,4,17318.5,1.4950103975143403,0.13615550910208718,3.379198373845771,-1.052911974033588,1.898753893429662,139.8703630508915,84.9525350447624,191.54257983546103,93.42482713456963,40.35780710775339,141.90976947385673,-45.859153499296525,9.297101316181845,-15.71040369340041,2.3984234895573473,1,1,0
2020-02,GSPTSE,Nordamerika,4,16263.09961,-6.094063515893411,1.4950103975143403,0.13615550910208718,3.379198373845771,2.662510003745404,75.72699855935984,56.10202249987372,87.16311290346343,-45.859153499296525,-33.960743525413385,-54.49413233426306,9.297101316181845,-15.71040369340041,-0.37686680923350035,-1.1696176844696133,0,1,1
2020-03,GSPTSE,Nordamerika,4,13378.79981,-17.735240324215162,-6.094063515893411,1.4950103975143403,0.13615550910208718,5.801144151327015,82.76741433912709,64.03543063132993,98.19669649677891,9.297101316181845,14.141037663079015,12.658546976787765,-15.71040369340041,-0.37686680923350035,3.027754065969246,-0.7094840570068491,0,1,0
2020-04,GSPTSE,Nordamerika,4,14780.7002,10.478521316629209,-17.735240324215162,-6.094063515893411,1.4950103975143403,6.653112708645578,69.76431941986084,47.72460098266602,82.26346549987792,-15.71040369340041,-25.47157017272198,-16.225831993669605,-0.37686680923350035,3.027754065969246,-4.293498750492198,-1.3384281588774083,0,1,0
2020-05,GSPTSE,Nordamerika,4,15192.79981,2.7880926101186976,10.478521316629209,-17.735240324215162,-6.094063515893411,6.672955680198677,69.50140085527974,42.106849024372714,85.36720494301089,-0.37686680923350035,-11.771186856719284,3.772925714073616,3.027754065969246,-4.293498750492198,-5.254596548829982,-1.2641225588871834,0,1,1
2020-06,GSPTSE,Nordamerika,4,15515.2002,2.1220604104043694,2.7880926101186976,10.478521316629209,-17.735240324215162,6.67207561418371,71.60573234558106,51.320197105407715,86.46775321960449,3.027754065969246,21.88087756388999,1.289193288369117,-4.293498750492198,-5.254596548829982,27.892667765632396,-1.0480468176075706,0,1,0
2020-07,GSPTSE,Nordamerika,4,16169.2002,4.21522114809707,2.1220604104043694,2.7880926101186976,10.478521316629209,6.795378775522521,68.53134112204275,36.44394225458945,92.3572107745755,-4.293498750492198,-28.98713506548618,6.811160618471734,-5.254596548829982,27.892667765632396,-7.62341761045866,-1.1294147111936224,0,0,0
2020-08,GSPTSE,Nordamerika,4,16514.40039,2.134924335960653,4.21522114809707,2.1220604104043694,2.7880926101186976,6.82074843729621,64.93029563657699,27.294767964270807,89.9976692199707,-5.254596548829982,-25.104787584187527,-2.5547994951514386,27.892667765632396,-7.62341761045866,-8.272171743840929,-1.2409867889200987,0,0,1
2020-09,GSPTSE,Nordamerika,4,16121.40039,-2.379741260469692,2.134924335960653,4.21522114809707,2.1220604104043694,6.852344106691516,83.04108727773031,49.94818175633748,105.76334724426269,27.892667765632396,82.9954437484879,17.517873697104093,-7.62341761045866,-8.272171743840929,-11.477018729790899,-0.19368612145326036,0,0,0
2020-10,GSPTSE,Nordamerika,4,15580.59961,-3.354552128954358,-2.379741260469692,2.134924335960653,4.21522114809707,6.915115513757528,76.71051840628347,43.048690057569935,98.63585779743809,-7.62341761045866,-13.813299015418378,-6.739092164285898,-8.272171743840929,-11.477018729790899,20.377331218205175,-0.5310391234579444,0,0,0
2020-11,GSPTSE,Nordamerika,4,17190.30078,10.331445581637677,-3.354552128954358,-2.379741260469692,2.134924335960653,7.510962323505749,70.364892578125,62.07505849202474,79.94887498219808,-8.272171743840929,44.197322633999846,-18.94542535800341,-11.477018729790899,20.377331218205175,-3.544024808415902,-0.8727351360468183,0,0,0
2020-12,GSPTSE,Nordamerika,4,17433.40039,1.4141672860246368,10.331445581637677,-3.354552128954358,-2.379741260469692,7.516793076942081,62.28910067773634,29.27726056498866,85.56250313789614,-11.477018729790899,-52.8357100642118,7.021522387836021,20.377331218205175,-3.544024808415902,7.229044395559336,-1.241929193326495,0,0,1
2021-01,GSPTSE,Nordamerika,4,17337.0,-0.5529637812672239,1.4141672860246368,10.331445581637677,-3.354552128954358,7.51419106832368,74.98195703567997,47.25387308674474,95.04665202479208,20.377331218205175,61.40127926877659,11.084468708928341,-3.544024808415902,7.229044395559336,9.128842161979843,-0.4909869325486777,0,0,0
2021-02,GSPTSE,Nordamerika,4,18060.30078,4.172006575532117,-0.5529637812672239,1.4141672860246368,10.331445581637677,7.303900698464885,72.32457787649972,46.01375893184117,91.39712776456561,-3.544024808415902,-2.6243651025749215,-3.8397188985410335,7.229044395559336,9.128842161979843,6.3745163092844725,-0.5840812846265266,0,0,1
2001-01,HSI,China_HK,1,16102.34961,6.66965202276395,7.945578232654582,-6.115672416910778,-4.815908815560044,7.447480219371545,47.34544200281943,39.250703688590754,53.58126591097924,2.8989908486964033,-11.863157433402927,14.962542983127358,18.989927506775352,9.558998400811113,-20.567427445911946,-1.1276709843340298,0,0,1
2001-02,HSI,China_HK,1,14787.87012,-8.163277545431457,6.66965202276395,7.945578232654582,-6.115672416910778,7.117756642766147,56.336307116917204,45.95857455049242,65.78157465798515,18.989927506775352,17.089810453134604,22.769728448140224,9.558998400811113,-20.567427445911946,22.282612275385794,-0.5528914270022299,0,0,1
2001-03,HSI,China_HK,1,12760.63965,-13.708738672638543,-8.163277545431457,6.66965202276395,7.945578232654582,7.943310478342975,61.72149381329936,57.44915543833086,65.804611175291,9.558998400811113,25.002039336999694,0.035019710953454464,-20.567427445911946,22.282612275385794,18.33193624265337,-0.16449345719586606,0,0,0
2001-04,HSI,China_HK,1,13386.04004,4.90101129060565,-13.708738672638543,-8.163277545431457,6.66965202276395,7.693286935580478,49.026970354715985,47.12476806640625,50.69535102844238,-20.567427445911946,-17.97134752138766,-22.96079237760469,22.282612275385794,18.33193624265337,-15.444990282835402,-0.9863278333381387,0,0,1
2001-05,HSI,China_HK,1,13174.41016,-1.5809745030465394,4.90101129060565,-13.708738672638543,-8.163277545431457,7.582157597209228,59.95146006922568,56.56440058062154,60.64858498111848,22.282612275385794,20.031149014703598,19.633425453730236,18.33193624265337,-15.444990282835402,6.919856867837648,-0.08072137279815189,0,0,1
2001-06,HSI,China_HK,1,13042.53027,-1.001030698136396,-1.5809745030465394,4.90101129060565,-13.708738672638543,6.833258889074771,70.94172350565593,62.602798779805504,78.85646438598633,18.33193624265337,10.675262421595733,30.02193606089316,-15.444990282835402,6.919856867837648,636.705984061322,0.8917469952324577,0,0,0
2001-07,HSI,China_HK,1,12316.69043,-5.565176579804854,-1.001030698136396,-1.5809745030465394,4.90101129060565,6.66220656116254,59.984781203731416,53.3461978666244,62.87733785567745,-15.444990282835402,-14.786241340007166,-20.26355943641387,6.919856867837648,636.705984061322,6.680150322070344,-0.040735325784857314,0,0,1
2001-08,HSI,China_HK,1,11090.48047,-9.955677354797333,-5.565176579804854,-1.001030698136396,-1.5809745030465394,6.873849056787719,64.13564220551521,73.31873946036062,56.88255968401509,6.919856867837648,37.43948471017813,-9.534083942011339,636.705984061322,6.680150322070344,-41.24090377218973,0.3121450090099885,0,1,1
2001-09,HSI,China_HK,1,9950.700195,-10.277104568040418,-9.955677354797333,-5.565176579804854,-1.001030698136396,7.01508821401642,472.49111404418943,791.8359584172566,249.4176373163859,636.705984061322,979.9912331353685,338.47822373309316,6.680150322070344,-41.24090377218973,-21.93115492388762,4.651889065398863,1,1,1
2001-10,HSI,China_HK,1,10073.96973,1.238802622773627,-10.277104568040418,-9.955677354797333,-5.565176579804854,7.1265192867965785,504.05423072076616,840.6995652721774,257.8192534908172,6.680150322070344,6.170925472062505,3.368493208751655,-41.24090377218973,-21.93115492388762,-26.483715938044828,3.36038803354654,0,1,0
2001-11,HSI,China_HK,1,11279.25,11.964303073203686,1.238802622773627,-10.277104568040418,-9.955677354797333,8.226759009721098,296.1777104695638,494.21396484375,141.4245381673177,-41.24090377218973,-41.21396212644078,-45.14585848323587,-21.93115492388762,-26.483715938044828,-15.629290096238414,1.4919838256736058,0,1,0
2001-12,HSI,China_HK,1,11397.20996,1.0458138617372548,11.964303073203686,1.238802622773627,-10.277104568040418,7.736029325332411,231.22251793646043,376.6929409888483,121.45619632351783,-21.93115492388762,-23.77938144505022,-14.119432244619079,-26.483715938044828,-15.629290096238414,4.7790402345696315,0.9207024060052467,0,1,0
2002-01,HSI,China_HK,1,10725.29981,-5.895391524400761,1.0458138617372548,11.964303073203686,1.238802622773627,7.287951750985556,169.9862031013735,259.16573752126385,104.05673919185516,-26.483715938044828,-31.199736092496554,-14.325705611030715,-15.629290096238414,4.7790402345696315,2.5704229747520735,0.4178106412301901,0,1,0
2002-02,HSI,China_HK,1,10482.54981,-2.2633399932901255,-5.895391524400761,1.0458138617372548,11.964303073203686,7.110938534181823,143.41856629507882,209.38243239266532,93.08014828818185,-15.629290096238414,-19.20906119950132,-10.548659307337282,4.7790402345696315,2.5704229747520735,3.2632959591828437,0.1896965876609148,0,1,1
2002-03,HSI,China_HK,1,11032.91992,5.250345764872644,-2.2633399932901255,-5.895391524400761,1.0458138617372548,6.4959147113603946,150.27259728216356,217.83082137569303,97.68620583318895,4.7790402345696315,4.034908223429179,4.948485396420366,2.5704229747520735,3.2632959591828437,-7.141906512616192,0.2115393086592408,0,1,1
2002-04,HSI,China_HK,1,11497.58008,4.211579195437487,5.250345764872644,-2.2633399932901255,-5.895391524400761,6.4416901791947065,154.13523864746094,219.28201649983723,99.5971280415853,2.5704229747520735,0.6662028426368982,1.9561842863049517,3.2632959591828437,-7.141906512616192,-19.228603110713394,0.20906450846680694,0,1,1
2002-05,HSI,China_HK,1,11301.94043,-1.7015724060084003,4.211579195437487,5.250345764872644,-2.2633399932901255,6.442655557666913,159.16512766192037,205.2949966922883,137.87667772846837,3.2632959591828437,-6.378553075536553,38.434391070895146,-7.141906512616192,-19.228603110713394,6.386640324555559,0.22283561106419553,0,1,0
2002-06,HSI,China_HK,1,10598.54981,-6.223627034282641,-1.7015724060084003,4.211579195437487,5.250345764872644,6.611104124783393,147.7977030436198,185.49468332926432,127.91307754516602,-7.141906512616192,-9.644810483473298,-7.2264579822009285,-19.228603110713394,6.386640324555559,34.05336231874485,0.10795986852254974,0,1,0
2002-07,HSI,China_HK,1,10267.36035,-3.1248563807051544,-6.223627034282641,-1.7015724060084003,4.211579195437487,6.511957370291868,119.37826931861139,161.98243344214654,92.84361993112871,-19.228603110713394,-12.675430618883077,-27.416631893368603,6.386640324555559,34.05336231874485,-1.1482428597716532,-0.13781889802288977,0,0,1
2002-08,HSI,China_HK,1,10043.87012,-2.176705817089597,-3.1248563807051544,-6.223627034282641,-1.7015724060084003,5.934767541575914,127.00253000567037,157.38569099672378,101.13534890451739,6.386640324555559,-2.8378030553939837,8.930854892925822,34.05336231874485,-1.1482428597716532,-7.277545082473935,-0.10494483165416127,0,0,1
2002-09,HSI,China_HK,1,9072.209961,-9.674160929910547,-2.176705817089597,-3.1248563807051544,-6.223627034282641,5.847885525467398,170.25116170247395,185.25534108479818,167.88976720174153,34.05336231874485,17.707867793810127,66.00503090195247,-1.1482428597716532,-7.277545082473935,12.179669045440855,0.20325984695605837,0,0,0
2002-10,HSI,China_HK,1,9441.25,4.067807519738231,-9.674160929910547,-2.176705817089597,-3.1248563807051544,5.984722010998068,168.296264894547,195.84739069784843,161.10799457180886,-1.1482428597716532,5.717540747287764,-4.039419878272565,-7.277545082473935,12.179669045440855,17.26225132075463,0.15715499103937208,0,0,0
2002-11,HSI,China_HK,1,10069.87012,6.658229789487624,4.067807519738231,-9.674160929910547,-2.176705817089597,5.124185777131937,156.04842834472657,175.04123814900717,151.88629328409831,-7.277545082473935,-10.623655732508986,-5.723925316195444,12.179669045440855,17.26225132075463,15.061801848864963,0.020633136554032164,0,0,1
2002-12,HSI,China_HK,1,9321.290039,-7.433860338607823,6.658229789487624,4.067807519738231,-9.674160929910547,5.419827667407895,175.05461046772618,174.67416357224988,183.75799191382623,12.179669045440855,-0.20970748415570784,20.983920234403875,17.26225132075463,15.061801848864963,47.86395462919402,0.13548947851311843,0,0,1
2003-01,HSI,China_HK,1,9258.950195,-0.6687898749976884,-7.433860338607823,6.658229789487624,4.067807519738231,5.243879675018082,205.2729772752331,176.48827115951045,244.28261073943108,17.26225132075463,1.0385666375383629,32.93713552006381,15.061801848864963,47.86395462919402,-27.597525181866878,0.3400154865225365,0,0,1
2003-02,HSI,China_HK,1,9122.660156,-1.4719815543839831,-0.6687898749976884,-7.433860338607823,6.658229789487624,5.232745428422751,236.19078636169434,210.63462039402552,291.2838772365025,15.061801848864963,19.34765920147381,19.240528973716554,47.86395462919402,-27.597525181866878,-36.85013674083216,0.547533154274486,0,0,1
2003-03,HSI,China_HK,1,8634.450195,-5.351618416684123,-1.4719815543839831,-0.6687898749976884,-7.433860338607823,4.965267139164634,349.2410371841923,413.45056693784653,352.7903245495212,47.86395462919402,96.28803952760548,21.115637396943754,-27.597525181866878,-36.85013674083216,-8.741552754206271,1.3891505960157058,1,0,0
2003-04,HSI,China_HK,1,8717.219727,0.9585964378824086,-5.351618416684123,-1.4719815543839831,-0.6687898749976884,4.681515390227833,252.85915400187176,326.76046600341795,210.79934641520182,-27.597525181866878,-20.967464520966683,-40.2479796790425,-36.85013674083216,-8.741552754206271,-8.073495492440319,0.5148805034165131,0,0,0
2003-05,HSI,China_HK,1,9487.379883,8.834928797476206,0.9585964378824086,-5.351618416684123,-1.4719815543839831,5.66408190578657,159.68020999047064,183.58484895767705,150.55725589875252,-36.85013674083216,-43.81668896391011,-28.577930406763798,-8.741552754206271,-8.073495492440319,2.5679680059377485,-0.33859645096062396,0,0,0
2003-06,HSI,China_HK,1,9577.120117,0.9458905947342,8.834928797476206,0.9585964378824086,-5.351618416684123,5.4724574809000694,145.7216801961263,176.93343124389648,127.7050184249878,-8.741552754206271,-3.623075516059593,-15.178436494042181,-8.073495492440319,2.5679680059377485,-13.59457280674885,-0.5029181585692353,0,0,0
2003-07,HSI,China_HK,1,10134.83008,5.8233577128267155,0.9458905947342,8.834928797476206,0.9585964378824086,5.716657379160977,133.95684691398375,166.529414761451,106.6518937387774,-8.073495492440319,-5.880186920754349,-16.485745780285622,2.5679680059377485,-13.59457280674885,-9.404549940243411,-0.6575022098566479,0,0,1
2003-08,HSI,China_HK,1,10908.99023,7.6386100594594275,5.8233577128267155,0.9458905947342,8.834928797476206,6.062003578182731,137.39681588449787,179.2770211004442,108.98332251271894,2.5679680059377485,7.654867674430843,2.186017230647508,-13.59457280674885,-9.404549940243411,9.037235190035675,-0.6740441743414888,0,0,0
2003-09,HSI,China_HK,1,11229.87012,2.9414261378433837,7.6386100594594275,5.8233577128267155,0.9458905947342,5.083959244509469,118.71830571492514,145.99144999186197,97.7679594039917,-13.59457280674885,-18.56655744515813,-10.290898506437395,-9.404549940243411,9.037235190035675,12.52368017722989,-0.8383518008892655,0,0,0
2003-10,HSI,China_HK,1,12190.09961,8.550673157740851,2.9414261378433837,7.6386100594594275,5.8233577128267155,5.410964520655604,107.55338336575416,129.5931615521831,91.48407450029927,-9.404549940243411,-11.232362196959455,-6.4273458728196236,9.037235190035675,12.52368017722989,-13.501723875035932,-1.156165429144045,0,0,1
2003-11,HSI,China_HK,1,12317.46973,1.0448652929424318,8.550673157740851,2.9414261378433837,7.6386100594594275,5.238459103221102,117.27323557535807,152.34808400472005,93.18425509134929,9.037235190035675,17.55873703519013,1.85844432524096,12.52368017722989,-13.501723875035932,0.6077524070589702,-0.9411455660729602,0,0,1
2003-12,HSI,China_HK,1,12575.94043,2.098407429981153,1.0448652929424318,8.550673157740851,2.9414261378433837,4.356519550640435,131.9601605323053,166.63024114793348,112.74830061389554,12.52368017722989,9.374687733369157,20.995011982837084,-13.501723875035932,0.6077524070589702,19.33554692769983,-0.607084009889599,0,0,0
2004-01,HSI,China_HK,1,13289.37012,5.672972880009097,2.098407429981153,1.0448652929424318,8.550673157740851,4.306717569609812,114.1432640321793,127.11111671693864,107.96992640341482,-13.501723875035932,-23.716658008020264,-4.238089784469723,0.6077524070589702,19.33554692769983,8.529074870679644,-0.8844800294625489,0,0,1
2004-02,HSI,China_HK,1,13907.03027,4.647775962462242,5.672972880009097,2.098407429981153,1.0448652929424318,4.066512795084163,114.83697246683055,130.29377562424233,103.49829351490942,0.6077524070589702,2.503839939028385,-4.141554076639597,19.33554692769983,8.529074870679644,-18.08536449217786,-0.8379888001533916,0,0,1
2004-03,HSI,China_HK,1,12681.66992,-8.811085661065432,4.647775962462242,5.672972880009097,2.098407429981153,4.816235599048268,137.0413291685043,182.14090384206463,107.18084593742124,19.33554692769983,39.792482771660254,3.558080329103519,8.529074870679644,-18.08536449217786,12.444061856436273,-0.41912189126732874,0,0,1
2004-04,HSI,China_HK,1,11942.95996,-5.825021189322987,-8.811085661065432,4.647775962462242,5.672972880009097,5.476813391240982,148.72968673706055,203.51488087972004,120.71956570943196,8.529074870679644,11.734858335933641,12.631659746290346,-18.08536449217786,12.444061856436273,-4.812826861738328,-0.20109534769664494,0,0,0
2004-05,HSI,China_HK,1,12198.24023,2.1374958205921946,-5.825021189322987,-8.811085661065432,4.647775962462242,5.136229517300405,121.83138078258884,160.97313985516948,91.7239502937563,-18.08536449217786,-20.903503881710396,-24.018985858073037,12.444061856436273,-4.812826861738328,7.326084232038577,-0.6577450373351099,0,0,1
2004-06,HSI,China_HK,1,12285.75,0.7173966764876694,2.1374958205921946,-5.825021189322987,-8.811085661065432,5.141878715058286,136.9921531677246,177.06919593811034,107.51701380411784,12.444061856436273,9.9992185636826,17.21803679386078,-4.812826861738328,7.326084232038577,9.302013958189859,-0.37433464268107997,0,0,0
2004-07,HSI,China_HK,1,12238.03027,-0.3884152778625749,0.7173966764876694,2.1374958205921946,-5.825021189322987,5.058107632379125,130.39895802159464,159.34060545890563,120.38267381729618,-4.812826861738328,-10.012238653526872,11.96616196634508,7.326084232038577,9.302013958189859,-22.82005024743897,-0.5042698226408638,0,0,1
2004-08,HSI,China_HK,1,12850.28027,5.002847570175195,-0.3884152778625749,0.7173966764876694,2.1374958205921946,4.8289165311159925,139.9520955239573,177.53836158014113,126.08562567926222,7.326084232038577,11.420664600103292,4.737352711255904,9.302013958189859,-22.82005024743897,5.420373167086323,-0.3422804943272867,0,0,1
2004-09,HSI,China_HK,1,13120.03027,2.0991760049759556,5.002847570175195,-0.3884152778625749,0.7173966764876694,4.811873563217211,152.970458984375,188.2974100748698,129.69852345784506,9.302013958189859,6.060126047672232,2.8654319309747045,-22.82005024743897,5.420373167086323,-13.892755620942731,-0.09186768304555457,0,0,0
2004-10,HSI,China_HK,1,13054.66016,-0.49824664009712194,2.0991760049759556,5.002847570175195,-0.3884152778625749,4.270031572196334,118.0625233804026,147.26095236501385,96.84527255642799,-22.82005024743897,-21.793426523253423,-25.33047410681982,5.420373167086323,-13.892755620942731,-7.26291042543833,-0.6838368102148895,0,0,1
2004-11,HSI,China_HK,1,14060.04981,7.70138508147884,-0.49824664009712194,2.0991760049759556,5.002847570175195,4.732187946708717,124.46195271809896,154.47430343627929,99.13031984965006,5.420373167086323,4.898346068946902,2.3594825363217,-13.892755620942731,-7.26291042543833,10.283956104618763,-0.5408137756069878,0,0,0
2004-12,HSI,China_HK,1,14230.13965,1.2097385307911601,7.70138508147884,-0.49824664009712194,2.0991760049759556,4.724016871781527,107.17075778592017,141.9146915558846,79.30897829609532,-13.892755620942731,-8.130550907824963,-19.995236153396423,-7.26291042543833,10.283956104618763,-17.45270714392596,-0.7913484165691447,0,0,0
2005-01,HSI,China_HK,1,13721.69043,-3.5730444851958865,1.2097385307911601,7.70138508147884,-0.49824664009712194,4.670984140900185,99.38704164566532,126.41269216229838,77.36354717131584,-7.26291042543833,-10.923463401589872,-2.4529771616982887,10.283956104618763,-17.45270714392596,-3.9145466707558807,-0.8546164799301317,0,0,1
2005-02,HSI,China_HK,1,14195.34961,3.45190107892559,-3.5730444851958865,1.2097385307911601,7.70138508147884,4.583315653719029,109.60796138218471,108.7996129989624,105.78578090667725,10.283956104618763,-13.932999022537196,36.73853484564569,-17.45270714392596,-3.9145466707558807,13.63922143399825,-0.6093248456395398,0,0,0
2005-03,HSI,China_HK,1,13516.87988,-4.779521101206596,3.45190107892559,-3.5730444851958865,1.2097385307911601,3.963037844510198,90.47840487572455,87.14632021996283,87.85526915519468,-17.45270714392596,-19.901994301400748,-16.94983162935727,-3.9145466707558807,13.63922143399825,-17.244799928592734,-1.3114835862782213,0,0,0
2005-04,HSI,China_HK,1,13908.96973,2.9007422828410956,-4.779521101206596,3.45190107892559,-3.5730444851958865,3.44236931237208,86.93658548990885,102.42798690795898,72.97031523386637,-3.9145466707558807,17.535641951862413,-16.942585304740586,13.63922143399825,-17.244799928592734,101.53634744222848,-1.9681854593802057,0,0,1
2005-05,HSI,China_HK,1,13867.07031,-0.30124028460303265,2.9007422828410956,-4.779521101206596,3.45190107892559,3.462408094320285,98.79405889203471,105.33132522336898,90.99365062098349,13.63922143399825,2.834516622902017,24.69954436862878,-17.244799928592734,101.53634744222848,-29.06039521641346,-1.26982662995963,0,0,0
2005-06,HSI,China_HK,1,14201.05957,2.4085062852760686,-0.30124028460303265,2.9007422828410956,-4.779521101206596,3.4785296570582362,81.75722109476725,95.1893081665039,69.31578687032064,-17.244799928592734,-9.628680770281385,-23.82349054326638,101.53634744222848,-29.06039521641346,-11.224524686306193,-1.9527645530909168,0,0,1
2005-07,HSI,China_HK,1,14880.98047,4.787818096590102,2.4085062852760686,-0.30124028460303265,2.9007422828410956,3.5738837838707815,164.77051716466104,237.00151295815743,116.65942007495511,101.53634744222848,148.97913171466425,68.30137165319535,-29.06039521641346,-11.224524686306193,-15.755245474037638,2.096672493283496,1,0,0
2005-08,HSI,China_HK,1,14903.54981,0.15166567851829793,4.787818096590102,2.4085062852760686,-0.30124028460303265,3.4382158079900575,116.88755367648217,143.29871208437027,94.36514368364888,-29.06039521641346,-39.53679438760814,-19.11056679090457,-11.224524686306193,-15.755245474037638,-6.115837148029257,-0.13086161533737817,0,0,0
2005-09,HSI,China_HK,1,15428.51953,3.522447515475502,0.15166567851829793,4.787818096590102,2.4085062852760686,3.492539367691245,103.76748135884603,130.99529851277669,78.09897527694702,-11.224524686306193,-8.585850767695435,-17.237475376748023,-15.755245474037638,-6.115837148029257,16.183129415888263,-0.7222024783719024,0,0,0
2005-10,HSI,China_HK,1,14386.37012,-6.754694823269281,3.522447515475502,0.15166567851829793,4.787818096590102,4.199565559211349,87.41865994853359,105.815919445407,73.7711932274603,-15.755245474037638,-19.221589899208325,-5.541406957184714,-6.115837148029257,16.183129415888263,-1.7312131574054201,-1.4009850531265875,0,0,0
2005-11,HSI,China_HK,1,14937.13965,3.828412069242648,-6.754694823269281,3.522447515475502,0.15166567851829793,3.7540119970204042,82.0722770690918,93.67955487569174,70.19666430155436,-6.115837148029257,-11.469318258843575,-4.84542647274867,16.183129415888263,-1.7312131574054201,3.0493001694113175,-1.4956872910468275,0,0,1
2005-12,HSI,China_HK,1,14876.42969,-0.40643631526868784,3.828412069242648,-6.754694823269281,3.522447515475502,3.7580046698556164,95.3541398817493,131.53387844947076,69.47696587347215,16.183129415888263,40.40830854075885,-1.0252601533749406,-1.7312131574054201,3.0493001694113175,-4.876761101613781,-0.8501301787759667,0,0,0
2006-01,HSI,China_HK,1,15753.13965,5.893282045955739,-0.40643631526868784,3.828412069242648,-6.754694823269281,3.832673884301353,93.70335646598569,99.09636282151745,89.04377758887506,-1.7312131574054201,-24.660958842184765,28.163019886385033,3.0493001694113175,-4.876761101613781,-2.7477636832640484,-0.86918062114162,0,0,1
2006-02,HSI,China_HK,1,15918.48047,1.0495737590950682,5.893282045955739,-0.40643631526868784,3.828412069242648,3.767989442640161,96.56065307344709,102.5961035319737,90.61754550252643,3.0493001694113175,3.5316540494625848,1.7674091960896199,-4.876761101613781,-2.7477636832640484,-5.529103500524313,-0.708329151877598,0,0,0
2006-03,HSI,China_HK,1,15805.04004,-0.7126335344242896,1.0495737590950682,5.893282045955739,-0.40643631526868784,3.3591587112630688,91.85162070489699,96.46455383300781,86.54391436423025,-4.876761101613781,-5.976396264459504,-4.495411032935781,-2.7477636832640484,-5.529103500524313,21.25192544792216,-0.831433334170445,0,0,0
2006-04,HSI,China_HK,1,16661.30078,5.417643598706134,-0.7126335344242896,1.0495737590950682,5.893282045955739,3.5376700562682286,89.32775522867838,92.80472908020019,86.14640655517579,-2.7477636832640484,-3.7939580989958643,-0.45931341559326544,-5.529103500524313,21.25192544792216,34.3204566344385,-0.8681456484447946,0,0,0
2006-05,HSI,China_HK,1,15857.88965,-4.822019244526254,5.417643598706134,-0.7126335344242896,1.0495737590950682,3.9698049523375114,84.38873118738974,80.68312811082409,83.90371753323463,-5.529103500524313,-13.06140440203304,-2.603345991576267,21.25192544792216,34.3204566344385,7.312638981344266,-0.999507531482902,0,0,1
2006-06,HSI,China_HK,1,16267.62012,2.5837641643571496,-4.822019244526254,5.417643598706134,-0.7126335344242896,3.9749863969570574,102.32296142578124,114.45484237670898,90.22701250712076,21.25192544792216,41.857219788872115,7.536370449118013,34.3204566344385,7.312638981344266,-22.965425288660548,-0.17227721348087163,0,0,1
2006-07,HSI,China_HK,1,16971.33984,4.325892262106756,2.5837641643571496,-4.822019244526254,5.417643598706134,3.9392818395110916,137.44066902898973,144.67092710925687,133.83614447809035,34.3204566344385,26.40000554375559,48.33267860611912,7.312638981344266,-22.965425288660548,-0.7804776668569935,1.359095430202944,0,0,1
2006-08,HSI,China_HK,1,17392.26953,2.480238413515856,4.325892262106756,2.5837641643571496,-4.822019244526254,3.9417451321743804,147.491208968624,160.77977629630797,141.31128421906502,7.312638981344266,11.134821286439633,5.585292201986869,-22.965425288660548,-0.7804776668569935,-22.11167420803153,1.7460298472526472,0,0,0
2006-09,HSI,China_HK,1,17543.05078,0.8669440738594547,2.480238413515856,4.325892262106756,2.5837641643571496,3.883859520320494,113.61922556559244,117.84904912312825,111.18667894999186,-22.965425288660548,-26.701571654174238,-21.317904961059643,-0.7804776668569935,-22.11167420803153,4.216522278378543,0.39923758677984533,0,0,0
2006-10,HSI,China_HK,1,18324.34961,4.453608667032549,0.8669440738594547,2.480238413515856,4.325892262106756,3.074562329884223,112.73245288479713,100.46679675194525,124.12324234747118,-0.7804776668569935,-14.749590684454382,11.634993975580254,-22.11167420803153,4.216522278378543,6.4485592524549995,0.36987798774225267,0,0,0
2006-11,HSI,China_HK,1,18960.48047,3.4715058026007384,4.453608667032549,0.8669440738594547,2.480238413515856,3.057790263849211,87.80542017618815,84.66829687754313,86.73696505228678,-22.11167420803153,-15.7250956387203,-30.120287375772126,4.216522278378543,6.4485592524549995,-2.420350593251641,-0.7445585542708184,0,0,1
2006-12,HSI,China_HK,1,19964.7207,5.296491465967601,3.4715058026007384,4.453608667032549,0.8669440738594547,3.0843438002852563,91.50775527954102,79.05746866041615,96.69359145625945,4.216522278378543,-6.626834865052256,11.479103975992967,6.4485592524549995,-2.420350593251641,-9.379331496809673,-0.5335730533010896,0,0,1
2007-01,HSI,China_HK,1,20106.41992,0.7097480707556336,5.296491465967601,3.4715058026007384,4.453608667032549,2.928843724922738,97.40868709933373,96.73051378803868,95.33105973274478,6.4485592524549995,22.35468125539841,-1.4091230897458562,-2.420350593251641,-9.379331496809673,-12.100478069879417,-0.24936871439441408,0,0,0
2007-02,HSI,China_HK,1,19651.50977,-2.2625119330542676,0.7097480707556336,5.296491465967601,3.4715058026007384,3.1813318251484124,95.05105536324638,89.62849848611015,97.72646740504673,-2.420350593251641,-7.342063040718328,2.5127253164051178,-9.379331496809673,-12.100478069879417,21.277337532296347,-0.3323976887352762,0,0,0
2007-03,HSI,China_HK,1,19800.92969,0.7603482976565212,-2.2625119330542676,0.7097480707556336,5.296491465967601,3.1022734742011737,86.13590178951141,82.20472852645382,85.6678963938067,-9.379331496809673,-8.282823080882917,-12.339104575693804,-12.100478069879417,21.277337532296347,7.364126721593589,-0.7423013756406779,0,0,0
2007-04,HSI,China_HK,1,20318.98047,2.6162952351758806,0.7603482976565212,-2.2625119330542676,0.7097480707556336,2.9166495004029294,75.71304588317871,82.1852602005005,68.55693855285645,-12.100478069879417,-0.023682732492769087,-19.973594031412766,21.277337532296347,7.364126721593589,15.619378517191729,-1.1858271590857998,0,0,1
2007-05,HSI,China_HK,1,20634.4707,1.5526873037050803,2.6162952351758806,0.7603482976565212,-2.2625119330542676,2.079959046854527,91.82276621172505,103.15781870195943,82.37121458976499,21.277337532296347,25.518637344815765,20.150077189135175,7.364126721593589,15.619378517191729,-27.075906953096485,-0.4274257163072001,0,0,1
2007-06,HSI,China_HK,1,21772.73047,5.516302242732096,1.5526873037050803,2.6162952351758806,0.7603482976565212,2.2863244305471113,98.5847110748291,110.01365140279134,88.00655695597331,7.364126721593589,6.645965169775048,6.841397682763484,15.619378517191729,-27.075906953096485,11.546988654440726,-0.15149908320847785,0,0,1
2007-07,HSI,China_HK,1,23184.93945,6.486136325188263,5.516302242732096,1.5526873037050803,2.6162952351758806,2.5179911993222013,113.9830302576865,129.01673864549207,104.86104534518334,15.619378517191729,17.2733901660304,19.151400727609147,-27.075906953096485,11.546988654440726,8.890282235271773,0.8438942046709289,0,0,0
2007-08,HSI,China_HK,1,23984.14063,3.4470703782666146,6.486136325188263,5.516302242732096,1.5526873037050803,2.52708719036092,83.12109104279548,100.07418700187436,73.35449858634702,-27.075906953096485,-22.433175685168337,-30.045997210043584,11.546988654440726,8.890282235271773,-11.738998432242253,-0.9018285901965774,0,0,1
2007-09,HSI,China_HK,1,27142.4707,13.16841040387111,3.4470703782666146,6.486136325188263,5.516302242732096,3.8471922893021477,92.71907399495443,90.46699282328288,93.58469161987304,11.546988654440726,-9.600072172868657,27.578667189324,8.890282235271773,-11.738998432242253,6.2146853340762975,-0.3042948164958451,0,0,1
2007-10,HSI,China_HK,1,31352.58008,15.511150132695906,13.16841040387111,3.4470703782666146,6.486136325188263,5.135013653585203,100.96206135903635,95.91243030178931,103.74951417984501,8.890282235271773,6.019253330486496,10.861629593502276,-11.738998432242253,6.2146853340762975,-14.642856634877798,0.15333338680998607,0,0,0
2007-11,HSI,China_HK,1,28643.60938,-8.640343771031677,15.511150132695906,13.16841040387111,3.4470703782666146,6.424581779748512,89.11012655893961,80.4546085993449,95.28441146214803,-11.738998432242253,-16.116598916121973,-8.159173355764459,6.2146853340762975,-14.642856634877798,1.0531282092792749,-0.5828290894031587,0,0,1
2007-12,HSI,China_HK,1,27812.65039,-2.90102751708452,-8.640343771031677,15.511150132695906,13.16841040387111,6.668290870657339,94.64804052537487,85.06247354322865,97.48771335232642,6.2146853340762975,5.727285265696103,2.3123424454939867,-14.642856634877798,1.0531282092792749,-4.221155249228914,-0.24424836443298129,0,0,0
2008-01,HSI,China_HK,1,23455.74023,-15.665210251111205,-2.90102751708452,-8.640343771031677,15.511150132695906,8.580260061288516,80.78886364352319,81.53163952981272,76.77330804640248,-14.642856634877798,-4.150871549275559,-21.248221538503877,1.0531282092792749,-4.221155249228914,-8.092695384500992,-1.030238765598614,0,0,1
2008-02,HSI,China_HK,1,24331.66992,3.7343937194515897,-15.665210251111205,-2.90102751708452,-8.640343771031677,8.507109943544542,81.6396739565093,88.45064189516265,72.8041961275298,1.0531282092792749,8.48627895287195,-5.169911288013928,-4.221155249228914,-8.092695384500992,1.7020307479039154,-0.924475523282837,0,0,0
2008-03,HSI,China_HK,1,22849.19922,-6.092761840326666,3.7343937194515897,-15.665210251111205,-2.90102751708452,8.831422008673881,78.19353657384073,84.13256103761735,72.61432629246866,-4.221155249228914,-4.881910142227531,-0.2607951809928011,-8.092695384500992,1.7020307479039154,18.740602004999385,-1.0661920521595403,0,0,0
2008-04,HSI,China_HK,1,25755.34961,12.718828183073638,-6.092761840326666,3.7343937194515897,-15.665210251111205,9.404112686415903,71.86557184855143,70.36499150594075,69.58370641072591,-8.092695384500992,-16.364139355654284,-4.173583969554883,1.7020307479039154,18.740602004999385,3.0983884950956497,-1.3333965961012133,0,0,1
2008-05,HSI,China_HK,1,24533.11914,-4.745540202356436,12.718828183073638,-6.092761840326666,3.7343937194515897,9.628949074108768,73.08874597857076,75.19145030360067,71.38500275150422,1.7020307479039154,6.85917626701118,2.588675472596913,18.740602004999385,3.0983884950956497,-1.1180904357439236,-1.2102508567294472,0,0,1
2008-06,HSI,China_HK,1,22102.00977,-9.90949970986852,-4.745540202356436,12.718828183073638,-6.092761840326666,10.116436557238062,86.7860169728597,80.27725048065186,87.26098276774088,18.740602004999385,6.763801145630577,22.23993752791742,3.0983884950956497,-1.1180904357439236,0.8402831055205118,-0.4430783950807696,0,0,1
2008-07,HSI,China_HK,1,22731.09961,2.8463015198459063,-9.90949970986852,-4.745540202356436,12.718828183073638,9.977277766799261,89.47498493809854,87.2099857945596,84.52966382426601,3.0983884950956497,8.635989987697258,-3.130057508915207,-1.1180904357439236,0.8402831055205118,-27.17747676132537,-0.21996002846280854,0,0,0
2008-08,HSI,China_HK,1,21261.89063,-6.463431181101575,2.8463015198459063,-9.90949970986852,-4.745540202356436,10.101530479891911,88.47457368912235,105.41860654277187,75.39880838701802,-1.1180904357439236,20.879054826480868,-10.801954040927797,0.8402831055205118,-27.17747676132537,21.79458180831557,-0.18480278958268545,0,1,1
2008-09,HSI,China_HK,1,18016.21094,-15.265244970362268,-6.463431181101575,2.8463015198459063,-9.90949970986852,9.927854597178369,89.21801058451335,95.21897468566894,82.42706019083658,0.8402831055205118,-9.675362055715087,9.321436179392805,-27.17747676132537,21.79458180831557,18.90005212057766,-0.03769254696213948,0,1,0
2008-10,HSI,China_HK,1,13968.66992,-22.466105850334817,-15.265244970362268,-6.463431181101575,2.8463015198459063,9.569838102079736,64.97080649099043,76.1353960960142,53.63574997071297,-27.17747676132537,-20.041781223387755,-34.929439620272106,21.79458180831557,18.90005212057766,-8.348161215059768,-2.1434157026319185,0,1,1
2008-11,HSI,China_HK,1,13888.24023,-0.5757863165256949,-22.466105850334817,-15.265244970362268,-6.463431181101575,9.655769511844623,79.13092206319173,96.24985440572102,67.7355552037557,21.79458180831557,26.41932575531689,26.288073236119036,18.90005212057766,-8.348161215059768,-22.161447104217558,-0.7595182677418102,0,1,1
2008-12,HSI,China_HK,1,14387.48047,3.594697612744291,-0.5757863165256949,-22.466105850334817,-15.265244970362268,9.984989204393885,94.08670757662865,107.55399310204291,87.6594942154423,18.90005212057766,11.744577450134797,29.414299405612443,-8.348161215059768,-22.161447104217558,7.35467474432232,0.6233375017235697,0,1,0
2009-01,HSI,China_HK,1,13278.20996,-7.709970569989588,3.594697612744291,-0.5757863165256949,-22.466105850334817,9.452058081042512,86.23219754618984,91.03520405677057,87.53845571702526,-8.348161215059768,-15.358601358110413,-0.1380780250905378,-22.161447104217558,7.35467474432232,19.28906303929281,-0.06406076130466869,0,1,0
2009-02,HSI,China_HK,1,12811.57031,-3.5143264898335858,-7.709970569989588,3.594697612744291,-0.5757863165256949,9.125249164602376,67.12189470018659,63.14009993416922,65.29873490333557,-22.161447104217558,-30.642106437423532,-25.40565815506419,7.35467474432232,19.28906303929281,6.075574369099579,-1.6713881846745218,0,1,1
2009-03,HSI,China_HK,1,13576.01953,5.966865899360618,-3.5143264898335858,-7.709970569989588,3.594697612744291,9.620395101130567,72.05849173761183,73.33846209126133,69.22285332218293,7.35467474432232,16.151957579612763,6.0094861327044,19.28906303929281,6.075574369099579,-10.888347911835139,-1.1405010755464262,0,1,1
2009-04,HSI,China_HK,1,15520.99023,14.326516661986567,5.966865899360618,-3.5143264898335858,-7.709970569989588,9.878972061810684,85.95789963404337,83.50890401204427,85.18863232930501,19.28906303929281,13.86781455565156,23.06431798298285,6.075574369099579,-10.888347911835139,-0.2073196231979657,0.0329756834210831,0,1,1
2009-05,HSI,China_HK,1,18171.0,17.07371585659454,14.326516661986567,5.966865899360618,-3.5143264898335858,11.530804387785174,91.18033575242565,93.24943800895444,89.41171313870338,6.075574369099579,11.664066379682492,4.957329040186531,-10.888347911835139,-0.2073196231979657,-9.032432357199339,0.4977999095413013,0,1,0
2009-06,HSI,China_HK,1,18378.73047,1.1431977876836585,17.07371585659454,14.326516661986567,5.966865899360618,11.266145511140097,81.25230356852214,73.67756567001342,81.75211544036866,-10.888347911835139,-20.988729537503048,-8.566660261226033,-0.2073196231979657,-9.032432357199339,23.549742301368237,-0.3265552025967795,0,1,0
2009-07,HSI,China_HK,1,20573.33008,11.940974995973175,1.1431977876836585,17.07371585659454,14.326516661986567,11.834151989526891,81.08385159892421,76.3114563111336,80.97563048331968,-0.2073196231979657,3.5748882542032234,-0.9498041156076997,-9.032432357199339,23.549742301368237,-0.8148729801666255,-0.2627382909944407,0,0,0
2009-08,HSI,China_HK,1,19724.18945,-4.127385438808839,11.940974995973175,1.1431977876836585,17.07371585659454,11.739916681065443,73.76000755063949,78.4546751206921,65.25164118120748,-9.032432357199339,2.8085151472149406,-19.418174589392322,23.549742301368237,-0.8148729801666255,-10.353229076577463,-1.0040004553560047,0,0,1
2009-09,HSI,China_HK,1,20955.25,6.241374598031957,-4.127385438808839,11.940974995973175,1.1431977876836585,10.795945638575159,91.13029925028484,75.68046391805014,96.45980974833171,23.549742301368237,-3.5360686898189386,47.82740786619817,-0.8148729801666255,-10.353229076577463,18.25563652218536,0.8816289056537101,0,0,0
2009-10,HSI,China_HK,1,21752.86914,3.80629741950107,6.241374598031957,-4.127385438808839,11.940974995973175,7.618469987424571,90.38770306494928,89.20428694448164,89.28504986916819,-0.8148729801666255,17.869635473000866,-7.4380821379212865,-10.353229076577463,18.25563652218536,-2.2371733163945695,0.9151397601578731,0,0,0
2009-11,HSI,China_HK,1,21821.5,0.31550256455044057,3.80629741950107,6.241374598031957,-4.127385438808839,7.5738710600600925,81.02965710957845,82.64781697591145,73.95016460418701,-10.353229076577463,-7.349949417398238,-17.175199305428855,18.25563652218536,-2.2371733163945695,-13.029217772023905,-0.1425267675173771,0,0,1
2009-12,HSI,China_HK,1,21496.61914,-1.4888108516829757,0.31550256455044057,3.80629741950107,6.241374598031957,7.74422926558559,95.82213678667623,100.3492317199707,92.03632293208953,18.25563652218536,21.41788542245284,24.457225247174776,-2.2371733163945695,-13.029217772023905,-10.73701462694614,1.5908561015288483,0,0,0
2010-01,HSI,China_HK,1,20121.99023,-6.394628388061951,-1.4888108516829757,0.31550256455044057,3.80629741950107,7.576082416617565,93.6784295112856,102.653564453125,87.86365244465489,-2.2371733163945695,2.296313278794848,-4.53372142052385,-13.029217772023905,-10.73701462694614,21.862566984562726,1.2320588451155279,0,0,0
2010-02,HSI,China_HK,1,20608.69922,2.418791503408846,-6.394628388061951,-1.4888108516829757,0.31550256455044057,7.243488541251514,81.47286292484829,81.01815795898438,80.05752774647304,-13.029217772023905,-21.07613759872904,-8.88436171384852,-10.73701462694614,21.862566984562726,-1.6770919748616664,-0.1517539998744288,0,0,0
2010-03,HSI,China_HK,1,21239.34961,3.0601173963855866,2.418791503408846,-6.394628388061951,-1.4888108516829757,7.230121534844524,72.72510971561555,67.32707777330953,73.52030064982753,-10.73701462694614,-16.898779891547267,-8.165661969162553,21.862566984562726,-1.6770919748616664,10.567262949366473,-1.0941896353363345,0,0,1
2010-04,HSI,China_HK,1,21108.58984,-0.6156486540361605,3.0601173963855866,2.418791503408846,-6.394628388061951,6.549593485900563,88.62468554178874,79.6067726135254,92.83870468139648,21.862566984562726,18.238865024799743,26.2762854080008,-1.6770919748616664,10.567262949366473,-17.59668875597209,0.607960427043267,0,0,0
2010-05,HSI,China_HK,1,19765.18945,-6.364235603528112,-0.6156486540361605,3.0601173963855866,2.418791503408846,5.2695545340584395,87.13836805282101,83.16650359861312,86.94786573225453,-1.6770919748616664,4.471643389400404,-6.345240349225156,10.567262949366473,-17.59668875597209,2.79697724964445,0.3828726247882139,0,0,1
2010-06,HSI,China_HK,1,20128.99023,1.8406136754737679,-6.364235603528112,-0.6156486540361605,3.0601173963855866,5.277187714187915,96.34650853474935,69.67944971720378,111.88416697184245,10.567262949366473,-16.216930251753723,28.67960131002669,-17.59668875597209,2.79697724964445,-11.994283766920088,1.357065673567289,0,0,0
2010-07,HSI,China_HK,1,21029.81055,4.475238497842904,1.8406136754737679,-6.364235603528112,-0.6156486540361605,4.181804773250166,79.39271330064342,81.76249122619629,76.34224307152533,-17.59668875597209,17.340896861315503,-31.766714506854075,2.79697724964445,-11.994283766920088,-8.726501270000398,-0.5011396530748392,0,0,1
2010-08,HSI,China_HK,1,20536.49023,-2.345814380149036,4.475238497842904,1.8406136754737679,-6.364235603528112,4.040983203868321,81.61330942953786,84.75737048733619,74.11711311340332,2.79697724964445,3.6629011863820837,-2.9146772070048788,-11.994283766920088,-8.726501270000398,45.83401536726808,-0.22012562720000922,0,0,0
2010-09,HSI,China_HK,1,22358.16992,8.870452884587188,-2.345814380149036,4.475238497842904,1.8406136754737679,4.437553667944088,71.82437750498454,70.37432320912679,69.72902139027913,-11.994283766920088,-16.969671422685785,-5.920483865055792,-8.726501270000398,45.83401536726808,2.3956021728043453,-1.2145632690267665,0,0,0
2010-10,HSI,China_HK,1,23096.32031,3.3014794709995687,8.870452884587188,-2.345814380149036,4.475238497842904,4.407007979493264,65.55662228984218,74.25972569373346,63.16021014798072,-8.726501270000398,5.521051297446489,-9.4204839123329,45.83401536726808,2.3956021728043453,-19.46454465246935,-1.919177895726568,0,0,1
2010-11,HSI,China_HK,1,23007.99023,-0.38244221942902445,3.3014794709995687,8.870452884587188,-2.345814380149036,4.41554903673351,95.60385462443034,80.85895284016927,102.02185897827148,45.83401536726808,8.886683979486731,61.528688297965076,2.3956021728043453,-19.46454465246935,12.806536842294957,1.291041578905604,1,0,1
2010-12,HSI,China_HK,1,22999.33984,-0.03759732994288445,-0.38244221942902445,3.3014794709995687,8.870452884587188,4.374878892441294,97.89414264309791,94.39043466506466,98.9651261606524,2.3956021728043453,16.73467358851721,-2.9961547929352017,-19.46454465246935,12.806536842294957,53.00774228080458,1.4848186772493326,0,0,0
2011-01,HSI,China_HK,1,23447.33984,1.947881996251244,-0.03759732994288445,-0.38244221942902445,3.3014794709995687,3.7749958676465063,78.83949353618007,77.48969244187877,77.08557048920662,-19.46454465246935,-17.9051429132163,-22.108349193561573,12.806536842294957,53.00774228080458,-33.36802641662523,-0.4750384228910944,0,1,1
2011-02,HSI,China_HK,1,23338.01953,-0.46623758066364207,1.947881996251244,-0.03759732994288445,-0.38244221942902445,3.7923887311062736,88.93610232216972,84.70568302699498,89.67357962472099,12.806536842294957,9.312194122500305,16.329916293837265,53.00774228080458,-33.36802641662523,15.221272067740333,0.5147852069653104,0,1,1
2011-03,HSI,China_HK,1,23527.51953,0.8119797815594687,-0.46623758066364207,1.947881996251244,-0.03759732994288445,3.7423310158471326,136.0791222356981,156.13775290212322,126.68266185637444,53.00774228080458,84.32972537670638,41.27088757528632,-33.36802641662523,15.221272067740333,-19.08316741489856,3.6246571728768533,1,1,0
2011-04,HSI,China_HK,1,23720.81055,0.8215529042640002,0.8119797815594687,-0.46623758066364207,1.947881996251244,3.711601453191438,90.67220478057861,111.14294446309408,73.5580285390218,-33.36802641662523,-28.817379271004796,-41.935204501451274,15.221272067740333,-19.08316741489856,-7.395183206081024,0.2582538320621,0,1,1
2011-05,HSI,China_HK,1,23684.13086,-0.15463084586709863,0.8215529042640002,0.8119797815594687,-0.46623758066364207,2.937754055220295,104.47366776004914,120.63443325411889,96.0221432101342,15.221272067740333,8.53989323107822,30.539310415579468,-19.08316741489856,-7.395183206081024,10.35534745366633,1.1963348470666315,0,1,0
2011-06,HSI,China_HK,1,22398.09961,-5.4299279868106565,-0.15463084586709863,0.8215529042640002,0.8119797815594687,3.55814307291958,84.53678283691406,97.33198216756185,72.88245728810628,-19.08316741489856,-19.316583547476828,-24.098281030229863,-7.395183206081024,10.35534745366633,-3.7587201796722147,-0.2381333011797011,0,1,0
2011-07,HSI,China_HK,1,22440.25,0.18818734952485983,-5.4299279868106565,-0.15463084586709863,0.8215529042640002,3.3830354303087504,78.2851328695974,99.24549016644877,60.417874859225364,-7.395183206081024,1.9659601667134652,-17.102308144754364,10.35534745366633,-3.7587201796722147,-9.59658500968753,-0.6744404095941262,0,1,1
2011-08,HSI,China_HK,1,20534.84961,-8.490994485355552,0.18818734952485983,-5.4299279868106565,-0.15463084586709863,4.22803096513904,86.39183038280856,111.57653574789724,62.886020106654016,10.35534745366633,12.424791857813933,4.085124233812376,-3.7587201796722147,-9.59658500968753,10.75561755834511,-0.13693057664267147,0,1,0
2011-09,HSI,China_HK,1,17592.41016,-14.329004136300572,-8.490994485355552,0.18818734952485983,-5.4299279868106565,5.065130308747173,83.14460322062175,93.88602275848389,70.98976675669353,-3.7587201796722147,-15.855047722026761,12.886404062931067,-9.59658500968753,10.75561755834511,1.885317306908374,-0.3489112784017622,0,1,0
2011-10,HSI,China_HK,1,19864.86914,12.917269204914895,-14.329004136300572,-8.490994485355552,0.18818734952485983,6.509237262143769,75.16556069158739,90.57414713213521,63.65037210526005,-9.59658500968753,-3.5275491804230286,-10.338665679221236,10.75561755834511,1.885317306908374,-8.156193496580155,-0.8690907544536027,0,0,1
2011-11,HSI,China_HK,1,17989.34961,-9.441388799402873,12.917269204914895,-14.329004136300572,-8.490994485355552,6.936051708208629,83.25008093516031,70.99307772318522,95.16603965759278,10.75561755834511,-21.6188283621196,49.51372083137953,1.885317306908374,-8.156193496580155,17.437683308734808,-0.29755002076007414,0,0,1
2011-12,HSI,China_HK,1,18434.39063,2.4739138971016983,-9.441388799402873,12.917269204914895,-14.329004136300572,7.031474147531906,84.81960911904612,77.63644483012538,86.84766141829952,1.885317306908374,9.357767433106435,-8.740910380659695,-8.156193496580155,17.437683308734808,-3.722992679209569,-0.15314732600468142,0,0,0
2012-01,HSI,China_HK,1,20390.49023,10.611143266198631,2.4739138971016983,-9.441388799402873,12.917269204914895,7.828026299244705,77.90155767625377,61.71806113950668,91.26849322165212,-8.156193496580155,-20.503751460347488,5.090329124764548,17.437683308734808,-3.722992679209569,11.683646516830692,-0.6044036259967932,0,0,1
2012-02,HSI,China_HK,1,21680.08008,6.324467119003652,10.611143266198631,2.4739138971016983,-9.441388799402873,8.100880768686856,91.4857845964103,77.98118065143454,103.34518873280493,17.437683308734808,26.350664962022897,13.232053126837195,-3.722992679209569,11.683646516830692,-21.032583801878502,0.3455942766440141,0,0,0
2012-03,HSI,China_HK,1,20555.58008,-5.1867889594990775,6.324467119003652,10.611143266198631,2.4739138971016983,8.209833279278094,88.0797755333685,86.14695296748992,86.66009946023264,-3.722992679209569,10.47146535592387,-16.145008274851524,11.683646516830692,-21.032583801878502,-0.11563419129990704,0.05496641858514284,0,0,1
2012-04,HSI,China_HK,1,21094.21094,2.620363219640165,-5.1867889594990775,6.324467119003652,10.611143266198631,8.258569302114518,98.3707051595052,88.1813424428304,104.64068247477213,11.683646516830692,2.3615338735291314,20.748398774675515,-21.032583801878502,-0.11563419129990704,4.661354718603983,0.7745442600702505,0,0,0
2012-05,HSI,China_HK,1,18629.51953,-11.684207657781197,2.620363219640165,-5.1867889594990775,6.324467119003652,8.844552727988422,77.68080416033345,69.08255398658014,79.93533497471964,-21.032583801878502,-21.65853674617435,-23.60969645434864,-0.11563419129990704,4.661354718603983,-7.806712344159738,-0.6966679763797997,0,0,0
2012-06,HSI,China_HK,1,19441.46094,4.358359369883336,-11.684207657781197,2.620363219640165,-5.1867889594990775,8.912233664029,77.59097859064738,81.92765919367473,70.51085557937623,-0.11563419129990704,18.59384817994694,-11.790129356840751,4.661354718603983,-7.806712344159738,-7.87534886252107,-0.6468544531804323,0,0,1
2012-07,HSI,China_HK,1,19796.81055,1.8277927317122522,4.358359369883336,-11.684207657781197,2.620363219640165,8.941335688202514,81.20776933239353,89.00009404459307,77.46019707956621,4.661354718603983,8.632536216126097,9.8557044062058,-7.806712344159738,-7.87534886252107,18.802659577001602,-0.3926547006231566,0,0,0
2012-08,HSI,China_HK,1,19482.57031,-1.5873276112146173,1.8277927317122522,4.358359369883336,-11.684207657781197,8.608014507973524,74.8681123795048,78.25724669425718,70.49690803404778,-7.806712344159738,-12.070602245603512,-8.989505976038025,-7.87534886252107,18.802659577001602,-2.6717656381202715,-0.8201291777019274,0,0,0
2012-09,HSI,China_HK,1,20840.38086,6.969360450879858,-1.5873276112146173,1.8277927317122522,4.358359369883336,7.534257420137414,68.97198734283447,65.10240313212077,68.31967938741049,-7.87534886252107,-16.80974493458861,-3.0884030340532886,18.802659577001602,-2.6717656381202715,-5.994197564654025,-1.2202075636257568,0,0,1
2012-10,HSI,China_HK,1,21641.82031,3.8456084626468767,6.969360450879858,-1.5873276112146173,1.8277927317122522,6.715220518769764,81.94055532640026,86.90206847652313,75.07558896464687,18.802659577001602,33.48519301224788,9.888672836016443,-2.6717656381202715,-5.994197564654025,20.367269576878645,-0.3694110124128443,0,0,0
2012-11,HSI,China_HK,1,22030.39063,1.7954604300103982,3.8456084626468767,6.969360450879858,-1.5873276112146173,5.867870104736478,79.75129572550456,87.46022033691406,73.34758491516114,-2.6717656381202715,0.6422768412488677,-2.301685638855866,-5.994197564654025,20.367269576878645,-8.164537558505069,-0.4847113582862031,0,0,0
2012-12,HSI,China_HK,1,22666.58984,2.8878253712562474,1.7954604300103982,3.8456084626468767,6.969360450879858,5.872995455161272,74.97084549934634,85.26028196273312,64.21883093926215,-5.994197564654025,-2.515358829084069,-12.44588214657365,20.367269576878645,-8.164537558505069,-9.751520162523587,-0.7721678806588171,0,0,1
2013-01,HSI,China_HK,1,23729.5293,4.689454688610528,2.8878253712562474,1.7954604300103982,3.8456084626468767,5.29467968809504,90.24035970626339,109.75873522604665,83.89209476594002,20.367269576878645,28.73372301773727,30.634727445108332,-8.164537558505069,-9.751520162523587,25.47476088535521,0.33378525699886924,0,0,0
2013-02,HSI,China_HK,1,23020.26953,-2.9889331601701707,4.689454688610528,2.8878253712562474,1.7954604300103982,5.189567683025254,82.87265164511544,87.37166687420437,78.62591293879917,-8.164537558505069,-20.3966165478642,-6.2773278481525026,-9.751520162523587,25.47476088535521,-11.144978564302333,-0.19920816864343685,0,0,0
2013-03,HSI,China_HK,1,22299.63086,-3.1304527910103963,-2.9889331601701707,4.689454688610528,2.8878253712562474,5.010949842377164,74.79130831072408,70.25588681620937,79.46081779849145,-9.751520162523587,-19.589622895300696,1.0618698447955044,25.47476088535521,-11.144978564302333,-0.965878998260461,-1.013514684973251,0,0,1
2013-04,HSI,China_HK,1,22737.00977,1.9613728709050093,-3.1304527910103963,-2.9889331601701707,4.689454688610528,4.9927678609906705,93.84421526590982,83.1100798924764,99.8020144144694,25.47476088535521,18.296250547507608,25.599027520157392,-11.144978564302333,-0.965878998260461,-6.660023976577866,1.3038201103451614,0,0,0
2013-05,HSI,China_HK,1,22392.16016,-1.5166884893325183,1.9613728709050093,-3.1304527910103963,-2.9889331601701707,3.250355118426564,83.38529759068643,96.31220405332503,76.66901059304514,-11.144978564302333,15.885105847484283,-23.178894691799336,-0.965878998260461,-6.660023976577866,15.266434567502763,0.1681061665247437,0,0,0
2013-06,HSI,China_HK,1,20803.28906,-7.095657983182269,-1.5166884893325183,1.9613728709050093,-3.1304527910103963,3.967110526528062,82.57989651362101,85.31224797566732,78.08507897059123,-0.965878998260461,-11.421144584716792,1.8469892419278766,-6.660023976577866,15.266434567502763,10.38976028717007,0.06282779852477731,0,0,0
2013-07,HSI,China_HK,1,21883.66016,5.1932706260247485,-7.095657983182269,-1.5166884893325183,1.9613728709050093,4.172503290441445,77.08005560598066,75.28471995938209,75.0804361527966,-6.660023976577866,-11.753913716053145,-3.847909046651865,15.266434567502763,10.38976028717007,-24.991962578693006,-0.7292898821973308,0,0,1
2013-08,HSI,China_HK,1,21731.36914,-0.695912013285449,5.1932706260247485,-7.095657983182269,-1.5166884893325183,4.131567657207931,88.84743185966245,104.42809732498661,78.84740774093136,15.266434567502763,38.71087968624718,5.017247875956099,10.38976028717007,-24.991962578693006,4.327385501849101,0.9539072115700641,0,0,1
2013-09,HSI,China_HK,1,22859.85938,5.192909074112784,-0.695912013285449,5.1932706260247485,-7.095657983182269,3.92460018047486,98.07846705118816,97.374010403951,98.14722569783528,10.38976028717007,-6.754970263494176,24.47742863064981,-24.991962578693006,4.327385501849101,-8.47958052592066,1.985063817732131,0,0,0
2013-10,HSI,China_HK,1,23206.36914,1.5158000503850744,5.192909074112784,-0.695912013285449,5.1932706260247485,3.8188606486477727,73.56673326799947,80.33374651016727,65.35439909658125,-24.991962578693006,-17.499807005065403,-33.411873201809016,4.327385501849101,-8.47958052592066,11.926947066993353,-1.1842847482493826,0,0,1
2013-11,HSI,China_HK,1,23881.28906,2.9083391543430315,1.5158000503850744,5.192909074112784,-0.695912013285449,3.8624521652596417,76.75024941762288,52.19944121042887,91.32140051523844,4.327385501849101,-35.02177667784688,39.732599148043505,-8.47958052592066,11.926947066993353,-10.628031863710918,-0.7302356457466846,0,0,0
2013-12,HSI,China_HK,1,23306.39063,-2.4073174130408437,2.9083391543430315,1.5158000503850744,5.192909074112784,3.897508350274841,70.2421502144106,68.61865160542149,68.88867827384702,-8.47958052592066,31.45476276039567,-24.564584111528333,11.926947066993353,-10.628031863710918,70.12768145517792,-1.4153214775509915,0,0,1
2014-01,HSI,China_HK,1,22035.41992,-5.453314201144499,-2.4073174130408437,2.9083391543430315,1.5158000503850744,3.9588896583651207,78.61989428920131,86.78251980197045,68.41249278283888,11.926947066993353,26.4707448654002,-0.6912391164121345,-10.628031863710918,70.12768145517792,-22.3830484610423,-0.400710165838595,0,0,0
2014-02,HSI,China_HK,1,22836.96094,3.6375118918087868,-5.453314201144499,-2.4073174130408437,2.9083391543430315,4.047855422030818,70.26414687292916,61.49816117967878,73.86041593551636,-10.628031863710918,-29.135312825656822,7.963345481315476,70.12768145517792,-22.3830484610423,-10.343908404842095,-1.3004457666171292,0,1,1
2014-03,HSI,China_HK,1,22151.06055,-3.00346614333703,3.6375118918087868,-5.453314201144499,-2.4073174130408437,4.039057877874892,119.53876396917528,75.00083989481772,150.81426780454575,70.12768145517792,21.956231627297342,104.18821894560378,-22.3830484610423,-10.343908404842095,18.018621331537332,3.2754976148498836,1,1,0
2014-04,HSI,China_HK,1,22133.9707,-0.07715138497057517,-3.00346614333703,3.6375118918087868,-5.453314201144499,3.992572811289561,92.7823445002238,61.30099623998006,112.3606637954712,-22.3830484610423,-18.266253650026478,-25.49732500038402,-10.343908404842095,18.018621331537332,38.660193810520525,0.9648550951925742,0,1,0
2014-05,HSI,China_HK,1,23081.65039,4.281562051584342,-0.07715138497057517,-3.00346614333703,3.6375118918087868,4.15952244835222,83.18502376925561,75.96359517497402,92.24833537686256,-10.343908404842095,23.919022257963118,-17.89979494533681,18.018621331537332,38.660193810520525,-2.7048677246242936,0.07732757889483634,0,1,1
2014-06,HSI,China_HK,1,23190.7207,0.4725412098229187,4.281562051584342,-0.07715138497057517,-3.00346614333703,3.442759847680648,98.1738182067871,105.45366484324137,96.13338797887167,18.018621331537332,38.82131908098889,4.211515130476329,38.660193810520525,-2.7048677246242936,-1.419314844118058,1.3100368914918,0,1,1
2014-07,HSI,China_HK,1,24756.84961,6.753256745487857,0.4725412098229187,4.281562051584342,-0.07715138497057517,3.6407461190943065,136.12800659671908,115.96761592741936,161.79567853866084,38.660193810520525,9.970209285573105,68.30331473828896,-2.7048677246242936,-1.419314844118058,-38.12192153075063,3.222536139713079,0,1,0
2014-08,HSI,China_HK,1,24742.06055,-0.05973724538048675,6.753256745487857,0.4725412098229187,4.281562051584342,3.6168707854735183,132.44592408211,107.58255644767515,154.04245942638767,-2.7048677246242936,-7.230518117223495,-4.791981579669047,-1.419314844118058,-38.12192153075063,4.1467635433172,2.445848791870672,0,1,0
2014-09,HSI,China_HK,1,22932.98047,-7.311759973847454,-0.05973724538048675,6.753256745487857,0.4725412098229187,4.112548253031342,130.56609942118328,121.00510635375977,142.43847586313885,-1.419314844118058,12.476511387431977,-7.53297734044166,-38.12192153075063,4.1467635433172,1.5573648683008257,2.034635004614549,0,1,0
2014-10,HSI,China_HK,1,23998.06055,4.644315994570758,-7.311759973847454,-0.05973724538048675,6.753256745487857,4.304806306343214,80.79179345407793,74.09397866649013,83.08987451368763,-38.12192153075063,-38.76789096000993,-41.66613058010812,4.1467635433172,1.5573648683008257,26.783666844919374,-0.48645379517397036,0,0,1
2014-11,HSI,China_HK,1,23987.44922,-0.044217448230410294,4.644315994570758,-7.311759973847454,-0.05973724538048675,4.229976383117453,84.14203809102376,77.99142316182454,87.09242757161458,4.1467635433172,5.26013660688609,4.817136963262114,1.5573648683008257,26.783666844919374,3.8473610430540095,-0.32739728608346297,0,0,1
2014-12,HSI,China_HK,1,23605.03906,-1.5942093571214677,-0.044217448230410294,4.644315994570758,-7.311759973847454,4.192166298499527,85.45243663172567,94.30592924548733,80.33614915417087,1.5573648683008257,20.918333609340344,-7.7575957012888885,26.783666844919374,3.8473610430540095,-8.025303643352133,-0.2865574549034715,0,0,1
2015-01,HSI,China_HK,1,24507.05078,3.821267644197679,-1.5942093571214677,-0.044217448230410294,4.644315994570758,3.9026958417594946,108.33973257003292,146.6483586834323,81.6583960748488,26.783666844919374,55.50279802841731,1.6458928323044741,3.8473610430540095,-8.025303643352133,-3.786405996924136,0.8398251083784557,0,0,1
2015-02,HSI,China_HK,1,24823.28906,1.2903971303559691,3.821267644197679,-1.5942093571214677,-0.044217448230410294,3.814116874738694,112.50795323508126,110.62664944784981,116.82035664149693,3.8473610430540095,-24.56332246673284,43.05982269651534,-8.025303643352133,-3.786405996924136,-25.261601602650142,0.9715915138357889,0,0,0
2015-03,HSI,China_HK,1,24900.89063,0.31261598659402257,1.2903971303559691,3.821267644197679,-1.5942093571214677,3.6320954395435527,103.47884836504537,80.65029876462874,119.2300068024666,-8.025303643352133,-27.096862132981926,2.0626971447831766,-3.786405996924136,-25.261601602650142,14.61646704169861,0.4687794836747721,0,0,0
2015-04,HSI,China_HK,1,28133.0,12.979894647246182,0.31261598659402257,1.2903971303559691,3.821267644197679,4.974478642777695,99.56071904500325,92.08395849863687,107.84801419576009,-3.786405996924136,14.17683493941706,-9.546248391618018,-25.261601602650142,14.61646704169861,24.558055668202016,0.25841467982350513,0,0,0
2015-05,HSI,China_HK,1,27424.18945,-2.519498631500372,12.979894647246182,0.31261598659402257,1.2903971303559691,5.09293580916275,74.41008684712071,71.70904147240424,75.1276002699329,-25.261601602650142,-22.126456506031122,-30.339375434799198,14.61646704169861,24.558055668202016,-23.96457036562888,-0.976620995350697,0,0,1
2015-06,HSI,China_HK,1,26250.0293,-4.281476220621727,-2.519498631500372,12.979894647246182,0.31261598659402257,5.363127794823806,85.28621266682943,88.44556840260823,80.42666390736898,14.61646704169861,23.33949330035976,7.053417942802098,24.558055668202016,-23.96457036562888,19.18166619724222,-0.44308919114331674,0,0,1
2015-07,HSI,China_HK,1,24636.2793,-6.14761218571287,-4.281476220621727,-2.519498631500372,12.979894647246182,5.433851638699318,106.23084825085056,89.69054517438335,118.30285398421749,24.558055668202016,1.4076191653921155,47.09407084256565,-23.96457036562888,19.18166619724222,-10.263558111944526,0.5456361334795071,0,0,0
2015-08,HSI,China_HK,1,21670.58008,-12.03793472174185,-6.14761218571287,-4.281476220621727,-2.519498631500372,6.466149965694054,80.77308187177104,72.6687409493231,83.29964871560374,-23.96457036562888,-18.978370788097155,-29.58779445277242,19.18166619724222,-10.263558111944526,69.33668679688365,-0.7123350831475163,0,0,1
2015-09,HSI,China_HK,1,20846.30078,-3.80367898301317,-12.03793472174185,-6.14761218571287,-4.281476220621727,6.22508678993511,96.26670481363932,79.88457260131835,111.3503412882487,19.18166619724222,9.929760111059792,33.674442815976114,-10.263558111944526,69.33668679688365,-3.9551845660048213,0.0642386706420011,0,0,0
2015-10,HSI,China_HK,1,22640.03906,8.604587926318885,-3.80367898301317,-12.03793472174185,-6.14761218571287,6.621605601401214,86.38631562263735,101.0595084159605,75.2390812904604,-10.263558111944526,26.506915071474868,-32.43030922043458,69.33668679688365,-3.9551845660048213,-17.462244964117836,-0.46539997130577987,0,0,1
2015-11,HSI,China_HK,1,21996.41992,-2.8428358197364334,8.604587926318885,-3.80367898301317,-12.03793472174185,6.661519009085794,146.2837247212728,206.72467168172201,112.25876941680909,69.33668679688365,104.55736914021405,49.20273811350009,-3.9551845660048213,-17.462244964117836,-12.711604183681224,2.2021073610924744,1,0,0
2015-12,HSI,China_HK,1,21914.40039,-0.37287672402283034,-2.8428358197364334,8.604587926318885,-3.80367898301317,6.652909313505216,140.49793341852003,194.36913816390498,108.1629870014806,-3.9551845660048213,-5.976806453387384,-3.648518896658426,-17.462244964117836,-12.711604183681224,4.015245447232085,1.7405500614050073,0,0,0
2016-01,HSI,China_HK,1,19683.10938,-10.181848329366938,-0.37287672402283034,-2.8428358197364334,8.604587926318885,7.057800057697872,115.96384011545489,110.91858869983304,120.46343551143524,-17.462244964117836,-42.934053344261315,11.37214203393464,-12.711604183681224,4.015245447232085,-20.571703453499047,0.5901208640110405,0,0,0
2016-02,HSI,China_HK,1,19111.92969,-2.901877335398928,-10.181848329366938,-0.37287672402283034,-2.8428358197364334,7.006188217966928,101.22297576378132,113.22725730106748,90.85711604151233,-12.711604183681224,2.0814082006417767,-24.57701736981631,4.015245447232085,-20.571703453499047,1.2679298080407353,-0.14074225534914356,0,0,1
2016-03,HSI,China_HK,1,20776.69922,8.710630255567864,-2.901877335398928,-10.181848329366938,-0.37287672402283034,7.641486159871081,105.2873266896894,122.04758010372039,93.74349009606146,4.015245447232085,7.78992886774601,3.1768277272089085,-20.571703453499047,1.2679298080407353,4.556577350732516,0.08165049546770788,0,0,0
2016-04,HSI,China_HK,1,21067.05078,1.3974864675352583,8.710630255567864,-2.901877335398928,-10.181848329366938,6.296117127785235,83.62793006896973,90.3290501912435,79.78639167149862,-20.571703453499047,-25.98865941096199,-14.888605502377427,1.2679298080407353,4.556577350732516,26.501697966147653,-0.929113059578285,0,0,1
2016-05,HSI,China_HK,1,20815.08984,-1.1959953133981127,1.3974864675352583,8.710630255567864,-2.901877335398928,6.301564640596364,84.68827352216167,88.0693675010435,82.82368420016381,1.2679298080407353,-2.5016123665817624,3.806780160168821,4.556577350732516,26.501697966147653,-11.965066413420121,-0.8842870925696081,0,0,1
2016-06,HSI,China_HK,1,20794.36914,-0.0995465316713795,-1.1959953133981127,1.3974864675352583,8.710630255567864,6.284832584832462,88.54716021219889,97.87790400187174,80.03160365422566,4.556577350732516,11.137285050573364,-3.3711136770858907,26.501697966147653,-11.965066413420121,5.177677420867943,-0.675385337292379,0,0,1
2016-07,HSI,China_HK,1,21891.36914,5.275466606437296,-0.0995465316713795,-1.1959953133981127,1.3974864675352583,6.4200678205023785,112.01366116923671,143.21993846278036,94.82303280984202,26.501697966147653,46.32509750110867,18.481985216143258,-11.965066413420121,5.177677420867943,-16.921676258939698,0.504740816275006,0,0,0
2016-08,HSI,China_HK,1,22976.88086,4.958628731980719,5.275466606437296,-0.0995465316713795,-1.1959953133981127,5.524800505534935,98.61115221823415,123.22047128985005,80.60763149876749,-11.965066413420121,-13.964164059550777,-14.991506693929601,5.177677420867943,-16.921676258939698,-3.0021981619094418,-0.09695177493770867,0,0,1
2016-09,HSI,China_HK,1,23297.15039,1.393877314990788,4.958628731980719,5.275466606437296,-0.0995465316713795,5.34655949840518,103.71691958109538,119.65013109842936,94.2956667582194,5.177677420867943,-2.897521940994874,16.98106619056434,-16.921676258939698,-3.0021981619094418,21.584843002401332,0.24419612754655895,0,0,0
2016-10,HSI,China_HK,1,22934.53906,-1.5564621592331962,1.393877314990788,4.958628731980719,5.275466606437296,4.822366048458671,86.16627822383758,100.4282025367983,80.40413419661984,-16.921676258939698,-16.065112829519823,-14.731888578950725,-3.0021981619094418,21.584843002401332,3.2171336265169437,-0.755613313542009,0,0,0
2016-11,HSI,China_HK,1,22789.76953,-0.631229298401248,-1.5564621592331962,1.393877314990788,4.958628731980719,4.736356369522238,83.57939580281575,85.52786210378011,80.94508310953776,-3.0021981619094418,-14.836808841180337,0.6727874360229924,21.584843002401332,3.2171336265169437,7.91479544055298,-0.8991235723515687,0,0,1
2016-12,HSI,China_HK,1,22000.56055,-3.4629967580896537,-0.631229298401248,-1.5564621592331962,1.393877314990788,4.864449212274891,101.61987716920915,112.50576536117062,94.95736854307113,21.584843002401332,31.54282428415589,17.310854341296356,3.2171336265169437,7.91479544055298,-12.981087348955,0.08052018995459746,0,0,1
2017-01,HSI,China_HK,1,23360.7793,6.182654968761692,-3.4629967580896537,-0.631229298401248,-1.5564621592331962,3.906602363343904,104.88912440884498,102.22949655594364,108.44574915978217,3.2171336265169437,-9.133993064477785,14.204669762508138,7.91479544055298,-12.981087348955,16.858108837707487,0.2764772290213544,0,0,1
2017-02,HSI,China_HK,1,23740.73047,1.6264490371688867,6.182654968761692,-3.4629967580896537,-0.631229298401248,3.65257449333887,113.19088404519218,94.91658476420811,125.99899278368268,7.91479544055298,-7.153426396591556,16.186197946807358,-12.981087348955,16.858108837707487,-11.924009642381684,0.7499284136946149,0,0,0
2017-03,HSI,China_HK,1,24111.58984,1.5621228271330612,1.6264490371688867,6.182654968761692,-3.4629967580896537,2.9539777905836977,98.49747651623142,99.26259293094758,97.23793039014262,-12.981087348955,4.578765847439437,-22.826422464279194,16.858108837707487,-11.924009642381684,25.21966237763813,-0.07970292612513222,0,0,1
2017-04,HSI,China_HK,1,24615.13086,2.088377511982431,1.5621228271330612,1.6264490371688867,6.182654968761692,2.963034537802873,115.10228830973307,101.26866887410482,124.87095286051432,16.858108837707487,2.0209787835713477,28.417945918327536,-11.924009642381684,25.21966237763813,-19.96658607237466,0.8218982347521404,0,0,0
2017-05,HSI,China_HK,1,25660.65039,4.247466876964623,2.088377511982431,1.5621228271330612,1.6264490371688867,2.9553106558436624,101.37748035307854,98.86025521063036,100.89005654858005,-11.924009642381684,-2.378241651885993,-19.204543380654638,25.21966237763813,-19.96658607237466,34.9537634693037,-0.016757352017186686,0,0,1
2017-06,HSI,China_HK,1,25764.58008,0.40501580599259235,4.247466876964623,2.088377511982431,1.5621228271330612,2.929322569341421,126.94453862508138,146.7019323984782,113.13888193766276,25.21966237763813,48.393236580177735,12.140765708843393,-19.96658607237466,34.9537634693037,-13.40475581527194,1.3684569567814138,0,0,0
2017-07,HSI,China_HK,1,27323.99023,6.052534701353451,0.40501580599259235,4.247466876964623,2.088377511982431,3.0193575836004594,101.59804805632561,69.98286450293756,124.43094007430538,-19.96658607237466,-52.29588093437852,9.980705079677499,34.9537634693037,-13.40475581527194,-22.585571348701183,-0.09325574279342158,0,0,1
2017-08,HSI,China_HK,1,27970.30078,2.365359321825533,6.052534701353451,0.40501580599259235,4.247466876964623,2.8700865903889135,137.11038946336316,109.75087941077447,156.3583743187689,34.9537634693037,56.82536030826179,25.658758364597812,-13.40475581527194,-22.585571348701183,1.45640671502556,1.769125616283447,0,0,0
2017-09,HSI,China_HK,1,27554.30078,-1.4872918359800313,2.365359321825533,6.052534701353451,0.40501580599259235,3.01396478837227,118.73107655843098,86.45641419092814,146.35588200887045,-13.40475581527194,-21.22485518558812,-6.397158037411099,-22.585571348701183,1.45640671502556,-9.265018521286283,0.6833153665668898,0,0,0
2017-10,HSI,China_HK,1,28245.53906,2.508640250097449,-1.4872918359800313,2.365359321825533,6.052534701353451,2.870445910741823,91.91498454924553,71.24007597277242,109.52413552807224,-22.585571348701183,-17.60001078063723,-25.16588057497128,1.45640671502556,-9.265018521286283,8.729366354164325,-0.8369177242663346,0,0,1
2017-11,HSI,China_HK,1,29177.34961,3.2989653623555215,2.508640250097449,-1.4872918359800313,2.365359321825533,2.7924651482306744,93.25364055633545,80.09026870727538,105.41860446929931,1.45640671502556,12.423053476087631,-3.748517200321233,-9.265018521286283,8.729366354164325,-28.45406203269154,-0.7153023093285192,0,0,0
2017-12,HSI,China_HK,1,29919.15039,2.542385754413279,3.2989653623555215,2.508640250097449,-1.4872918359800313,2.170722520087856,84.61367348701724,64.52695954230524,98.77827345940375,-9.265018521286283,-19.432209950316203,-6.29901244028458,8.729366354164325,-28.45406203269154,65.97083380479091,-1.2336645984463541,0,0,1
2018-01,HSI,China_HK,1,32887.26953,9.920465993553229,2.542385754413279,3.2989653623555215,2.508640250097449,2.8810020571061905,91.99991103141538,75.9898567199707,106.7695834867416,8.729366354164325,17.76450844572981,8.09014953133611,-28.45406203269154,65.97083380479091,11.699680256456425,-0.6525128056178033,0,0,0
2018-02,HSI,China_HK,1,30844.7207,-6.210758324392874,9.920465993553229,2.542385754413279,3.2989653623555215,3.908023101504371,65.82219927651542,53.66386883599417,76.22563787869045,-28.45406203269154,-29.380221055357104,-28.60734734611382,65.97083380479091,11.699680256456425,0.0402988402496085,-2.142949409571251,0,0,1
2018-03,HSI,China_HK,1,30093.38086,-2.4358782409075297,-6.210758324392874,9.920465993553229,2.542385754413279,4.13792651347876,109.2456529678837,64.72115756619361,142.5100219480453,65.97083380479091,20.60471779251023,86.95812316433921,11.699680256456425,0.0402988402496085,-15.333763880707775,0.5900008957372371,1,0,1
2018-04,HSI,China_HK,1,30808.44922,2.376164922534385,-2.4358782409075297,-6.210758324392874,9.920465993553229,4.139690186514496,122.0270450592041,94.80569979349772,144.06638272603354,11.699680256456425,46.483319147274415,1.092106194858089,0.0402988402496085,-15.333763880707775,5.999256123072527,1.2755117361317614,0,0,1
2018-05,HSI,China_HK,1,30468.56055,-1.1032319983809935,2.376164922534385,-2.4358782409075297,-6.210758324392874,4.159640309576476,122.07622054315382,62.3412499273977,166.9032696139428,0.0402988402496085,-34.24314143222706,15.851641761102208,-15.333763880707775,5.999256123072527,3.182714359079064,1.1736073459445548,0,0,0
2018-06,HSI,China_HK,1,28955.10938,-4.967255238449386,-1.1032319983809935,2.376164922534385,-2.4358782409075297,4.56028343529219,103.35734113057454,56.24654754002889,136.8462231318156,-15.333763880707775,-9.776355774814693,-18.008662473569824,5.999256123072527,3.182714359079064,-34.571624462700555,-0.01799698964290039,0,0,1
2018-07,HSI,China_HK,1,28583.00977,-1.2850913637267092,-4.967255238449386,-1.1032319983809935,2.376164922534385,4.317161215518349,109.5580127469955,85.10936841657085,127.5609563396823,5.999256123072527,51.3148311120806,-6.7851830906501265,3.182714359079064,-34.571624462700555,25.17349771161239,0.37867626972426766,0,0,1
2018-08,HSI,China_HK,1,27888.55078,-2.4296216374277146,-1.2850913637267092,-4.967255238449386,-1.1032319983809935,4.346599510761314,113.04493135021579,67.86267332876882,146.81783097790134,3.182714359079064,-20.264155883976787,15.096213755986486,-34.571624462700555,25.17349771161239,-13.771045076727717,0.557552855944708,0,0,0
2018-09,HSI,China_HK,1,27788.51953,-0.3586821373010807,-2.4296216374277146,-1.2850913637267092,-4.967255238449386,4.322203003751672,73.96346220970153,49.602893877029416,88.1794579188029,-34.571624462700555,-26.906955703436154,-39.939544582922316,25.17349771161239,-13.771045076727717,8.45156427798377,-1.6910069748655194,0,0,1
2018-10,HSI,China_HK,1,24979.68945,-10.107879539849673,-0.3586821373010807,-2.4296216374277146,-1.2850913637267092,5.152316274119235,92.58265267649004,61.918164991563366,115.57533417978594,25.17349771161239,24.8277270779095,31.06832011397669,-13.771045076727717,8.45156427798377,1.0709526807535674,-0.6268948726858339,0,0,0
2018-11,HSI,China_HK,1,26506.75,6.113208705242723,-10.107879539849673,-0.3586821373010807,-2.4296216374277146,5.4178594874132715,79.83305384318034,48.951593685150144,103.46333103179931,-13.771045076727717,-20.94146573655724,-10.479747459908284,8.45156427798377,1.0709526807535674,12.624990293825844,-1.3560584289494768,0,0,1
2018-12,HSI,China_HK,1,25845.69922,-2.4938960076207106,6.113208705242723,-10.107879539849673,-0.3586821373010807,5.341581896311861,86.58019570381411,64.75931516770393,99.9929014944261,8.45156427798377,32.292557386848046,-3.3542603961847828,1.0709526807535674,12.624990293825844,-19.17630273940678,-0.9074144937294559,0,0,1
2019-01,HSI,China_HK,1,27942.4707,8.112651401504634,-2.4938960076207106,6.113208705242723,-10.107879539849673,5.0188095405437245,87.5074286307058,54.891605531015706,113.59607076644897,1.0709526807535674,-15.237513879098808,13.60413496230144,12.624990293825844,-19.17630273940678,-0.8685045212788456,-0.801073848206824,0,0,1
2019-02,HSI,China_HK,1,28633.17969,2.471896624374015,8.112651401504634,-2.4938960076207106,6.113208705242723,4.859203590214751,98.55523300170898,57.736959321158274,130.96962765284948,12.624990293825844,5.183586383777472,15.294153018831214,-19.17630273940678,-0.8685045212788456,33.10270858929771,-0.14271946978709077,0,0,0
2019-03,HSI,China_HK,1,29051.35938,1.4604724118224555,2.471896624374015,8.112651401504634,-2.4938960076207106,4.8489083804337385,79.65598315577353,67.75160512616557,85.8987022830594,-19.17630273940678,17.345294803804002,-34.41326525662569,-0.8685045212788456,33.10270858929771,-1.685648374379367,-1.1424746158846457,0,0,0
2019-04,HSI,China_HK,1,29699.10938,2.229671911483555,1.4604724118224555,2.471896624374015,8.112651401504634,4.842055695363763,78.96416734059652,57.763711071014406,93.91384995778402,-0.8685045212788456,-14.741929783880291,9.330929876347316,33.10270858929771,-1.685648374379367,-9.939817225846037,-1.0844430097283153,0,0,1
2019-05,HSI,China_HK,1,26901.08984,-9.42122372829215,2.229671911483555,1.4604724118224555,2.471896624374015,5.530152801328411,105.10344554531959,63.40447973435925,133.1031727944651,33.10270858929771,9.765246309071296,41.729013190596916,-1.685648374379367,-9.939817225846037,13.921162899248628,0.33804429903187627,0,0,0
2019-06,HSI,China_HK,1,28542.61914,6.1020921820020835,-9.42122372829215,2.229671911483555,1.4604724118224555,5.708487448675355,103.3317710240682,51.50454092025757,138.8043354034424,-1.685648374379367,-18.768293445444108,4.283265747376963,-9.939817225846037,13.921162899248628,-12.699931906120154,0.3113759427556039,0,0,0
2019-07,HSI,China_HK,1,27777.75,-2.679744056592559,6.1020921820020835,-9.42122372829215,2.229671911483555,5.751790928966734,93.06078184804609,47.329337519984094,126.32542345600743,-9.939817225846037,-8.10647629446455,-8.990289756558633,13.921162899248628,-12.699931906120154,2.8698387190764008,-0.2605231431616406,0,0,1
2019-08,HSI,China_HK,1,25724.73047,-7.390877698877707,-2.679744056592559,6.1020921820020835,-9.42122372829215,6.103331284226164,106.01592488442698,74.11447860348609,125.86253258489793,13.921162899248628,56.593103742879094,-0.3664273259061712,-12.699931906120154,2.8698387190764008,-22.581225044357122,0.6360280812730083,0,0,0
2019-09,HSI,China_HK,1,26092.26953,1.428738234706195,-7.390877698877707,-2.679744056592559,6.1020921820020835,6.128768032490109,92.55197461446126,70.08315865198772,112.63771381378174,-12.699931906120154,-5.439314999523937,-10.507351552135392,2.8698387190764008,-22.581225044357122,-1.8944804802661475,-0.18151693898220844,0,0,1
2019-10,HSI,China_HK,1,26906.7207,3.1214270918962006,1.428738234706195,-7.390877698877707,-2.679744056592559,5.354475228643129,95.20806701721683,69.20361838802215,118.00913903021043,2.8698387190764008,-1.2549951812718674,4.768762641355617,-22.581225044357122,-1.8944804802661475,93.42482713456963,-0.008370969890582997,0,0,0
2019-11,HSI,China_HK,1,26346.49023,-2.0821209550073605,3.1214270918962006,1.428738234706195,-7.390877698877707,5.126656995905654,73.70891914367675,52.628954823811846,86.17964719136556,-22.581225044357122,-23.95057361202817,-26.972056656303966,-1.8944804802661475,93.42482713456963,-45.859153499296525,-1.3702344917470703,0,0,0
2019-12,HSI,China_HK,1,28189.75,6.996225128693356,-2.0821209550073605,3.1214270918962006,1.428738234706195,5.418590667543214,72.31251805828464,60.52569272441249,79.17934866874448,-1.8944804802661475,15.004550113215975,-8.122913879046889,93.42482713456963,-45.859153499296525,9.297101316181845,-1.3788146832098769,0,0,1
2020-01,HSI,China_HK,1,26312.63086,-6.658871185448612,6.996225128693356,-2.0821209550073605,3.1214270918962006,5.298315316212904,139.8703630508915,84.9525350447624,191.54257983546103,93.42482713456963,40.35780710775339,141.90976947385673,-45.859153499296525,9.297101316181845,-15.71040369340041,2.3984234895573473,1,1,0
2020-02,HSI,China_HK,1,26129.92969,-0.694347786703986,-6.658871185448612,6.996225128693356,-2.0821209550073605,5.222297734103094,75.72699855935984,56.10202249987372,87.16311290346343,-45.859153499296525,-33.960743525413385,-54.49413233426306,9.297101316181845,-15.71040369340041,-0.37686680923350035,-1.1696176844696133,0,1,1
2020-03,HSI,China_HK,1,23603.48047,-9.668794558474769,-0.694347786703986,-6.658871185448612,6.996225128693356,5.775743748364879,82.76741433912709,64.03543063132993,98.19669649677891,9.297101316181845,14.141037663079015,12.658546976787765,-15.71040369340041,-0.37686680923350035,3.027754065969246,-0.7094840570068491,0,1,0
2020-04,HSI,China_HK,1,24643.58984,4.4065932196820645,-9.668794558474769,-0.694347786703986,-6.658871185448612,5.937510124422353,69.76431941986084,47.72460098266602,82.26346549987792,-15.71040369340041,-25.47157017272198,-16.225831993669605,-0.37686680923350035,3.027754065969246,-4.293498750492198,-1.3384281588774083,0,1,0
2020-05,HSI,China_HK,1,22961.4707,-6.825787764368984,4.4065932196820645,-9.668794558474769,-0.694347786703986,5.658621731488114,69.50140085527974,42.106849024372714,85.36720494301089,-0.37686680923350035,-11.771186856719284,3.772925714073616,3.027754065969246,-4.293498750492198,-5.254596548829982,-1.2641225588871834,0,1,1
2020-06,HSI,China_HK,1,24427.18945,6.38338357830015,-6.825787764368984,4.4065932196820645,-9.668794558474769,5.691934102569605,71.60573234558106,51.320197105407715,86.46775321960449,3.027754065969246,21.88087756388999,1.289193288369117,-4.293498750492198,-5.254596548829982,27.892667765632396,-1.0480468176075706,0,1,0
2020-07,HSI,China_HK,1,24595.34961,0.6884138690789854,6.38338357830015,-6.825787764368984,4.4065932196820645,5.692078076410628,68.53134112204275,36.44394225458945,92.3572107745755,-4.293498750492198,-28.98713506548618,6.811160618471734,-5.254596548829982,27.892667765632396,-7.62341761045866,-1.1294147111936224,0,0,0
2020-08,HSI,China_HK,1,25177.05078,2.3650859988731066,0.6884138690789854,6.38338357830015,-6.825787764368984,5.361271347479065,64.93029563657699,27.294767964270807,89.9976692199707,-5.254596548829982,-25.104787584187527,-2.5547994951514386,27.892667765632396,-7.62341761045866,-8.272171743840929,-1.2409867889200987,0,0,1
2020-09,HSI,China_HK,1,23459.05078,-6.823674524121525,2.3650859988731066,0.6884138690789854,6.38338357830015,5.675135482092047,83.04108727773031,49.94818175633748,105.76334724426269,27.892667765632396,82.9954437484879,17.517873697104093,-7.62341761045866,-8.272171743840929,-11.477018729790899,-0.19368612145326036,0,0,0
2020-10,HSI,China_HK,1,24107.41992,2.7638336524373086,-6.823674524121525,2.3650859988731066,0.6884138690789854,5.653957439047913,76.71051840628347,43.048690057569935,98.63585779743809,-7.62341761045866,-13.813299015418378,-6.739092164285898,-8.272171743840929,-11.477018729790899,20.377331218205175,-0.5310391234579444,0,0,0
2020-11,HSI,China_HK,1,26341.49023,9.26714811213194,2.7638336524373086,-6.823674524121525,2.3650859988731066,6.3228180860556185,70.364892578125,62.07505849202474,79.94887498219808,-8.272171743840929,44.197322633999846,-18.94542535800341,-11.477018729790899,20.377331218205175,-3.544024808415902,-0.8727351360468183,0,0,0
2020-12,HSI,China_HK,1,27231.13086,3.3773359906069444,9.26714811213194,2.7638336524373086,-6.823674524121525,6.0486860431605365,62.28910067773634,29.27726056498866,85.56250313789614,-11.477018729790899,-52.8357100642118,7.021522387836021,20.377331218205175,-3.544024808415902,7.229044395559336,-1.241929193326495,0,0,1
2021-01,HSI,China_HK,1,28283.71094,3.865355740866949,3.3773359906069444,9.26714811213194,2.7638336524373086,5.770719741686016,74.98195703567997,47.25387308674474,95.04665202479208,20.377331218205175,61.40127926877659,11.084468708928341,-3.544024808415902,7.229044395559336,9.128842161979843,-0.4909869325486777,0,0,0
2021-02,HSI,China_HK,1,28980.21094,2.4625481482169365,3.865355740866949,3.3773359906069444,9.26714811213194,5.770413916549488,72.32457787649972,46.01375893184117,91.39712776456561,-3.544024808415902,-2.6243651025749215,-3.8397188985410335,7.229044395559336,9.128842161979843,6.3745163092844725,-0.5840812846265266,0,0,1
2001-01,IXIC,USA,5,2772.72998,12.232645659758724,-4.904285925137108,-22.901623554957062,-8.254969734063211,13.736770363999273,47.34544200281943,39.250703688590754,53.58126591097924,2.8989908486964033,-11.863157433402927,14.962542983127358,18.989927506775352,9.558998400811113,-20.567427445911946,-1.1276709843340298,0,0,1
2001-02,IXIC,USA,5,2151.830078,-22.39308935520653,12.232645659758724,-4.904285925137108,-22.901623554957062,13.132214824634225,56.336307116917204,45.95857455049242,65.78157465798515,18.989927506775352,17.089810453134604,22.769728448140224,9.558998400811113,-20.567427445911946,22.282612275385794,-0.5528914270022299,0,0,1
2001-03,IXIC,USA,5,1840.26001,-14.479306297715944,-22.39308935520653,12.232645659758724,-4.904285925137108,13.342411419216738,61.72149381329936,57.44915543833086,65.804611175291,9.558998400811113,25.002039336999694,0.035019710953454464,-20.567427445911946,22.282612275385794,18.33193624265337,-0.16449345719586606,0,0,0
2001-04,IXIC,USA,5,2116.23999,14.99679276299657,-14.479306297715944,-22.39308935520653,12.232645659758724,14.327665742512547,49.026970354715985,47.12476806640625,50.69535102844238,-20.567427445911946,-17.97134752138766,-22.96079237760469,22.282612275385794,18.33193624265337,-15.444990282835402,-0.9863278333381387,0,0,1
2001-05,IXIC,USA,5,2110.48999,-0.27170831414068397,14.99679276299657,-14.479306297715944,-22.39308935520653,14.130234897137811,59.95146006922568,56.56440058062154,60.64858498111848,22.282612275385794,20.031149014703598,19.633425453730236,18.33193624265337,-15.444990282835402,6.919856867837648,-0.08072137279815189,0,0,1
2001-06,IXIC,USA,5,2160.540039,2.3714895231509603,-0.27170831414068397,14.99679276299657,-14.479306297715944,12.879715472166273,70.94172350565593,62.602798779805504,78.85646438598633,18.33193624265337,10.675262421595733,30.02193606089316,-15.444990282835402,6.919856867837648,636.705984061322,0.8917469952324577,0,0,0
2001-07,IXIC,USA,5,2027.130005,-6.174846639812726,2.3714895231509603,-0.27170831414068397,14.99679276299657,12.891218680508446,59.984781203731416,53.3461978666244,62.87733785567745,-15.444990282835402,-14.786241340007166,-20.26355943641387,6.919856867837648,636.705984061322,6.680150322070344,-0.040735325784857314,0,0,1
2001-08,IXIC,USA,5,1805.430054,-10.936641974277329,-6.174846639812726,2.3714895231509603,-0.27170831414068397,11.976054801501846,64.13564220551521,73.31873946036062,56.88255968401509,6.919856867837648,37.43948471017813,-9.534083942011339,636.705984061322,6.680150322070344,-41.24090377218973,0.3121450090099885,0,1,1
2001-09,IXIC,USA,5,1498.800049,-16.98376540928015,-10.936641974277329,-6.174846639812726,2.3714895231509603,12.251565655600695,472.49111404418943,791.8359584172566,249.4176373163859,636.705984061322,979.9912331353685,338.47822373309316,6.680150322070344,-41.24090377218973,-21.93115492388762,4.651889065398863,1,1,1
2001-10,IXIC,USA,5,1690.199951,12.770209216880012,-16.98376540928015,-10.936641974277329,-6.174846639812726,13.421416593173067,504.05423072076616,840.6995652721774,257.8192534908172,6.680150322070344,6.170925472062505,3.368493208751655,-41.24090377218973,-21.93115492388762,-26.483715938044828,3.36038803354654,0,1,0
2001-11,IXIC,USA,5,1930.579956,14.221986271966225,12.770209216880012,-16.98376540928015,-10.936641974277329,13.125514265360064,296.1777104695638,494.21396484375,141.4245381673177,-41.24090377218973,-41.21396212644078,-45.14585848323587,-21.93115492388762,-26.483715938044828,-15.629290096238414,1.4919838256736058,0,1,0
2001-12,IXIC,USA,5,1950.400024,1.0266380285572696,14.221986271966225,12.770209216880012,-16.98376540928015,13.1026245024139,231.22251793646043,376.6929409888483,121.45619632351783,-21.93115492388762,-23.77938144505022,-14.119432244619079,-26.483715938044828,-15.629290096238414,4.7790402345696315,0.9207024060052467,0,1,0
2002-01,IXIC,USA,5,1934.030029,-0.8393147456195904,1.0266380285572696,14.221986271966225,12.770209216880012,12.415610176521852,169.9862031013735,259.16573752126385,104.05673919185516,-26.483715938044828,-31.199736092496554,-14.325705611030715,-15.629290096238414,4.7790402345696315,2.5704229747520735,0.4178106412301901,0,1,0
2002-02,IXIC,USA,5,1731.48999,-10.472435068897267,-0.8393147456195904,1.0266380285572696,14.221986271966225,11.057826869711688,143.41856629507882,209.38243239266532,93.08014828818185,-15.629290096238414,-19.20906119950132,-10.548659307337282,4.7790402345696315,2.5704229747520735,3.2632959591828437,0.1896965876609148,0,1,1
2002-03,IXIC,USA,5,1845.349976,6.575838535456957,-10.472435068897267,-0.8393147456195904,1.0266380285572696,10.416389545910006,150.27259728216356,217.83082137569303,97.68620583318895,4.7790402345696315,4.034908223429179,4.948485396420366,2.5704229747520735,3.2632959591828437,-7.141906512616192,0.2115393086592408,0,1,1
2002-04,IXIC,USA,5,1688.22998,-8.514373860972157,6.575838535456957,-10.472435068897267,-0.8393147456195904,9.627914197887048,154.13523864746094,219.28201649983723,99.5971280415853,2.5704229747520735,0.6662028426368982,1.9561842863049517,3.2632959591828437,-7.141906512616192,-19.228603110713394,0.20906450846680694,0,1,1
2002-05,IXIC,USA,5,1615.72998,-4.2944386048635375,-8.514373860972157,6.575838535456957,-10.472435068897267,9.653704041687792,159.16512766192037,205.2949966922883,137.87667772846837,3.2632959591828437,-6.378553075536553,38.434391070895146,-7.141906512616192,-19.228603110713394,6.386640324555559,0.22283561106419553,0,1,0
2002-06,IXIC,USA,5,1463.209961,-9.439697281596526,-4.2944386048635375,-8.514373860972157,6.575838535456957,9.794070514998099,147.7977030436198,185.49468332926432,127.91307754516602,-7.141906512616192,-9.644810483473298,-7.2264579822009285,-19.228603110713394,6.386640324555559,34.05336231874485,0.10795986852254974,0,1,0
2002-07,IXIC,USA,5,1328.26001,-9.222869895429863,-9.439697281596526,-4.2944386048635375,-8.514373860972157,9.92941153803838,119.37826931861139,161.98243344214654,92.84361993112871,-19.228603110713394,-12.675430618883077,-27.416631893368603,6.386640324555559,34.05336231874485,-1.1482428597716532,-0.13781889802288977,0,0,1
2002-08,IXIC,USA,5,1314.849976,-1.0095940477798493,-9.222869895429863,-9.439697281596526,-4.2944386048635375,9.617525225302714,127.00253000567037,157.38569099672378,101.13534890451739,6.386640324555559,-2.8378030553939837,8.930854892925822,34.05336231874485,-1.1482428597716532,-7.277545082473935,-0.10494483165416127,0,0,1
2002-09,IXIC,USA,5,1172.060059,-10.859787778556418,-1.0095940477798493,-9.222869895429863,-9.439697281596526,8.89611233170115,170.25116170247395,185.25534108479818,167.88976720174153,34.05336231874485,17.707867793810127,66.00503090195247,-1.1482428597716532,-7.277545082473935,12.179669045440855,0.20325984695605837,0,0,0
2002-10,IXIC,USA,5,1329.75,13.454083669956374,-10.859787778556418,-1.0095940477798493,-9.222869895429863,8.99863770012565,168.296264894547,195.84739069784843,161.10799457180886,-1.1482428597716532,5.717540747287764,-4.039419878272565,-7.277545082473935,12.179669045440855,17.26225132075463,0.15715499103937208,0,0,0
2002-11,IXIC,USA,5,1478.780029,11.207371987215641,13.454083669956374,-10.859787778556418,-1.0095940477798493,8.547083934462075,156.04842834472657,175.04123814900717,151.88629328409831,-7.277545082473935,-10.623655732508986,-5.723925316195444,12.179669045440855,17.26225132075463,15.061801848864963,0.020633136554032164,0,0,1
2002-12,IXIC,USA,5,1335.51001,-9.688392877261398,11.207371987215641,13.454083669956374,-10.859787778556418,8.774135591394044,175.05461046772618,174.67416357224988,183.75799191382623,12.179669045440855,-0.20970748415570784,20.983920234403875,17.26225132075463,15.061801848864963,47.86395462919402,0.13548947851311843,0,0,1
2003-01,IXIC,USA,5,1320.910034,-1.093213520728309,-9.688392877261398,11.207371987215641,13.454083669956374,8.769391375056628,205.2729772752331,176.48827115951045,244.28261073943108,17.26225132075463,1.0385666375383629,32.93713552006381,15.061801848864963,47.86395462919402,-27.597525181866878,0.3400154865225365,0,0,1
2003-02,IXIC,USA,5,1337.52002,1.2574653513457879,-1.093213520728309,-9.688392877261398,11.207371987215641,8.483038126780956,236.19078636169434,210.63462039402552,291.2838772365025,15.061801848864963,19.34765920147381,19.240528973716554,47.86395462919402,-27.597525181866878,-36.85013674083216,0.547533154274486,0,0,1
2003-03,IXIC,USA,5,1341.170044,0.2728949059020547,1.2574653513457879,-1.093213520728309,-9.688392877261398,8.103780951260939,349.2410371841923,413.45056693784653,352.7903245495212,47.86395462919402,96.28803952760548,21.115637396943754,-27.597525181866878,-36.85013674083216,-8.741552754206271,1.3891505960157058,1,0,0
2003-04,IXIC,USA,5,1464.310059,9.181536342158259,0.2728949059020547,1.2574653513457879,-1.093213520728309,8.477084744989591,252.85915400187176,326.76046600341795,210.79934641520182,-27.597525181866878,-20.967464520966683,-40.2479796790425,-36.85013674083216,-8.741552754206271,-8.073495492440319,0.5148805034165131,0,0,0
2003-05,IXIC,USA,5,1595.910034,8.987165948301401,9.181536342158259,0.2728949059020547,1.2574653513457879,8.84591789855243,159.68020999047064,183.58484895767705,150.55725589875252,-36.85013674083216,-43.81668896391011,-28.577930406763798,-8.741552754206271,-8.073495492440319,2.5679680059377485,-0.33859645096062396,0,0,0
2003-06,IXIC,USA,5,1622.800049,1.6849330117063355,8.987165948301401,9.181536342158259,0.2728949059020547,8.304005095671494,145.7216801961263,176.93343124389648,127.7050184249878,-8.741552754206271,-3.623075516059593,-15.178436494042181,-8.073495492440319,2.5679680059377485,-13.59457280674885,-0.5029181585692353,0,0,0
2003-07,IXIC,USA,5,1735.02002,6.91520628614426,1.6849330117063355,8.987165948301401,9.181536342158259,7.75452999016203,133.95684691398375,166.529414761451,106.6518937387774,-8.073495492440319,-5.880186920754349,-16.485745780285622,2.5679680059377485,-13.59457280674885,-9.404549940243411,-0.6575022098566479,0,0,1
2003-08,IXIC,USA,5,1810.449951,4.347496289985187,6.91520628614426,1.6849330117063355,8.987165948301401,7.686399196903352,137.39681588449787,179.2770211004442,108.98332251271894,2.5679680059377485,7.654867674430843,2.186017230647508,-13.59457280674885,-9.404549940243411,9.037235190035675,-0.6740441743414888,0,0,0
2003-09,IXIC,USA,5,1786.939941,-1.298572765682604,4.347496289985187,6.91520628614426,1.6849330117063355,6.530940558933605,118.71830571492514,145.99144999186197,97.7679594039917,-13.59457280674885,-18.56655744515813,-10.290898506437395,-9.404549940243411,9.037235190035675,12.52368017722989,-0.8383518008892655,0,0,0
2003-10,IXIC,USA,5,1932.209961,8.129541271471297,-1.298572765682604,4.347496289985187,6.91520628614426,5.969893555871662,107.55338336575416,129.5931615521831,91.48407450029927,-9.404549940243411,-11.232362196959455,-6.4273458728196236,9.037235190035675,12.52368017722989,-13.501723875035932,-1.156165429144045,0,0,1
2003-11,IXIC,USA,5,1960.26001,1.451708125212381,8.129541271471297,-1.298572765682604,4.347496289985187,5.439651168809966,117.27323557535807,152.34808400472005,93.18425509134929,9.037235190035675,17.55873703519013,1.85844432524096,12.52368017722989,-13.501723875035932,0.6077524070589702,-0.9411455660729602,0,0,1
2003-12,IXIC,USA,5,2003.369995,2.199197289139221,1.451708125212381,8.129541271471297,-1.298572765682604,3.872424809187219,131.9601605323053,166.63024114793348,112.74830061389554,12.52368017722989,9.374687733369157,20.995011982837084,-13.501723875035932,0.6077524070589702,19.33554692769983,-0.607084009889599,0,0,0
2004-01,IXIC,USA,5,2066.149902,3.133715047978458,2.199197289139221,1.451708125212381,8.129541271471297,3.598928464973571,114.1432640321793,127.11111671693864,107.96992640341482,-13.501723875035932,-23.716658008020264,-4.238089784469723,0.6077524070589702,19.33554692769983,8.529074870679644,-0.8844800294625489,0,0,1
2004-02,IXIC,USA,5,2029.819946,-1.7583407653449123,3.133715047978458,2.199197289139221,1.451708125212381,3.890323438901975,114.83697246683055,130.29377562424233,103.49829351490942,0.6077524070589702,2.503839939028385,-4.141554076639597,19.33554692769983,8.529074870679644,-18.08536449217786,-0.8379888001533916,0,0,1
2004-03,IXIC,USA,5,1994.219971,-1.753848910104272,-1.7583407653449123,3.133715047978458,2.199197289139221,4.087099929799793,137.0413291685043,182.14090384206463,107.18084593742124,19.33554692769983,39.792482771660254,3.558080329103519,8.529074870679644,-18.08536449217786,12.444061856436273,-0.41912189126732874,0,0,1
2004-04,IXIC,USA,5,1920.150024,-3.7142315329866893,-1.753848910104272,-1.7583407653449123,3.133715047978458,4.133874568810027,148.72968673706055,203.51488087972004,120.71956570943196,8.529074870679644,11.734858335933641,12.631659746290346,-18.08536449217786,12.444061856436273,-4.812826861738328,-0.20109534769664494,0,0,0
2004-05,IXIC,USA,5,1986.73999,3.4679564183886846,-3.7142315329866893,-1.753848910104272,-1.7583407653449123,3.6024174431969964,121.83138078258884,160.97313985516948,91.7239502937563,-18.08536449217786,-20.903503881710396,-24.018985858073037,12.444061856436273,-4.812826861738328,7.326084232038577,-0.6577450373351099,0,0,1
2004-06,IXIC,USA,5,2047.790039,3.0728756307965455,3.4679564183886846,-3.7142315329866893,-1.753848910104272,3.617121860803504,136.9921531677246,177.06919593811034,107.51701380411784,12.444061856436273,9.9992185636826,17.21803679386078,-4.812826861738328,7.326084232038577,9.302013958189859,-0.37433464268107997,0,0,0
2004-07,IXIC,USA,5,1887.359985,-7.834301903252882,3.0728756307965455,3.4679564183886846,-3.7142315329866893,4.251397938921743,130.39895802159464,159.34060545890563,120.38267381729618,-4.812826861738328,-10.012238653526872,11.96616196634508,7.326084232038577,9.302013958189859,-22.82005024743897,-0.5042698226408638,0,0,1
2004-08,IXIC,USA,5,1838.099976,-2.609995411129795,-7.834301903252882,3.0728756307965455,3.4679564183886846,4.195732111694623,139.9520955239573,177.53836158014113,126.08562567926222,7.326084232038577,11.420664600103292,4.737352711255904,9.302013958189859,-22.82005024743897,5.420373167086323,-0.3422804943272867,0,0,1
2004-09,IXIC,USA,5,1896.839966,3.1956907005584956,-2.609995411129795,-7.834301903252882,3.0728756307965455,4.249351765000829,152.970458984375,188.2974100748698,129.69852345784506,9.302013958189859,6.060126047672232,2.8654319309747045,-22.82005024743897,5.420373167086323,-13.892755620942731,-0.09186768304555457,0,0,0
2004-10,IXIC,USA,5,1974.98999,4.120011461209372,3.1956907005584956,-2.609995411129795,-7.834301903252882,3.727497949879198,118.0625233804026,147.26095236501385,96.84527255642799,-22.82005024743897,-21.793426523253423,-25.33047410681982,5.420373167086323,-13.892755620942731,-7.26291042543833,-0.6838368102148895,0,0,1
2004-11,IXIC,USA,5,2096.810059,6.168136021793202,4.120011461209372,3.1956907005584956,-2.609995411129795,4.096410814096091,124.46195271809896,154.47430343627929,99.13031984965006,5.420373167086323,4.898346068946902,2.3594825363217,-13.892755620942731,-7.26291042543833,10.283956104618763,-0.5408137756069878,0,0,0
2004-12,IXIC,USA,5,2175.439941,3.7499763825770582,6.168136021793202,4.120011461209372,3.1956907005584956,4.173782569334033,107.17075778592017,141.9146915558846,79.30897829609532,-13.892755620942731,-8.130550907824963,-19.995236153396423,-7.26291042543833,10.283956104618763,-17.45270714392596,-0.7913484165691447,0,0,0
2005-01,IXIC,USA,5,2062.409912,-5.195731992860386,3.7499763825770582,6.168136021793202,4.120011461209372,4.429682598139319,99.38704164566532,126.41269216229838,77.36354717131584,-7.26291042543833,-10.923463401589872,-2.4529771616982887,10.283956104618763,-17.45270714392596,-3.9145466707558807,-0.8546164799301317,0,0,1
2005-02,IXIC,USA,5,2051.719971,-0.518322809534677,-5.195731992860386,3.7499763825770582,6.168136021793202,4.397354884555148,109.60796138218471,108.7996129989624,105.78578090667725,10.283956104618763,-13.932999022537196,36.73853484564569,-17.45270714392596,-3.9145466707558807,13.63922143399825,-0.6093248456395398,0,0,0
2005-03,IXIC,USA,5,1999.22998,-2.558340891638178,-0.518322809534677,-5.195731992860386,3.7499763825770582,4.435469174639623,90.47840487572455,87.14632021996283,87.85526915519468,-17.45270714392596,-19.901994301400748,-16.94983162935727,-3.9145466707558807,13.63922143399825,-17.244799928592734,-1.3114835862782213,0,0,0
2005-04,IXIC,USA,5,1921.650024,-3.880491828158761,-2.558340891638178,-0.518322809534677,-5.195731992860386,4.448747390640421,86.93658548990885,102.42798690795898,72.97031523386637,-3.9145466707558807,17.535641951862413,-16.942585304740586,13.63922143399825,-17.244799928592734,101.53634744222848,-1.9681854593802057,0,0,1
2005-05,IXIC,USA,5,2068.219971,7.627296602890676,-3.880491828158761,-2.558340891638178,-0.518322809534677,4.8766223280871115,98.79405889203471,105.33132522336898,90.99365062098349,13.63922143399825,2.834516622902017,24.69954436862878,-17.244799928592734,101.53634744222848,-29.06039521641346,-1.26982662995963,0,0,0
2005-06,IXIC,USA,5,2056.959961,-0.5444300005746361,7.627296602890676,-3.880491828158761,-2.558340891638178,4.810753141301127,81.75722109476725,95.1893081665039,69.31578687032064,-17.244799928592734,-9.628680770281385,-23.82349054326638,101.53634744222848,-29.06039521641346,-11.224524686306193,-1.9527645530909168,0,0,1
2005-07,IXIC,USA,5,2184.830078,6.216461157456621,-0.5444300005746361,7.627296602890676,-3.880491828158761,4.383504259496506,164.77051716466104,237.00151295815743,116.65942007495511,101.53634744222848,148.97913171466425,68.30137165319535,-29.06039521641346,-11.224524686306193,-15.755245474037638,2.096672493283496,1,0,0
2005-08,IXIC,USA,5,2152.090088,-1.4985142473857849,6.216461157456621,-0.5444300005746361,7.627296602890676,4.304071372601732,116.88755367648217,143.29871208437027,94.36514368364888,-29.06039521641346,-39.53679438760814,-19.11056679090457,-11.224524686306193,-15.755245474037638,-6.115837148029257,-0.13086161533737817,0,0,0
2005-09,IXIC,USA,5,2151.689941,-0.018593413083911603,-1.4985142473857849,6.216461157456621,-0.5444300005746361,4.282586913581725,103.76748135884603,130.99529851277669,78.09897527694702,-11.224524686306193,-8.585850767695435,-17.237475376748023,-15.755245474037638,-6.115837148029257,16.183129415888263,-0.7222024783719024,0,0,0
2005-10,IXIC,USA,5,2120.300049,-1.4588482941650827,-0.018593413083911603,-1.4985142473857849,6.216461157456621,4.23206696477766,87.41865994853359,105.815919445407,73.7711932274603,-15.755245474037638,-19.221589899208325,-5.541406957184714,-6.115837148029257,16.183129415888263,-1.7312131574054201,-1.4009850531265875,0,0,0
2005-11,IXIC,USA,5,2232.820068,5.306796981543638,-1.4588482941650827,-0.018593413083911603,-1.4985142473857849,4.136641547644795,82.0722770690918,93.67955487569174,70.19666430155436,-6.115837148029257,-11.469318258843575,-4.84542647274867,16.183129415888263,-1.7312131574054201,3.0493001694113175,-1.4956872910468275,0,0,1
2005-12,IXIC,USA,5,2205.320068,-1.231626336314351,5.306796981543638,-1.4588482941650827,-0.018593413083911603,4.040892573690569,95.3541398817493,131.53387844947076,69.47696587347215,16.183129415888263,40.40830854075885,-1.0252601533749406,-1.7312131574054201,3.0493001694113175,-4.876761101613781,-0.8501301787759667,0,0,0
2006-01,IXIC,USA,5,2305.820068,4.557161631923257,-1.231626336314351,5.306796981543638,-1.4588482941650827,3.8353876395402327,93.70335646598569,99.09636282151745,89.04377758887506,-1.7312131574054201,-24.660958842184765,28.163019886385033,3.0493001694113175,-4.876761101613781,-2.7477636832640484,-0.86918062114162,0,0,1
2006-02,IXIC,USA,5,2281.389893,-1.0595004935137875,4.557161631923257,-1.231626336314351,5.306796981543638,3.857977365826049,96.56065307344709,102.5961035319737,90.61754550252643,3.0493001694113175,3.5316540494625848,1.7674091960896199,-4.876761101613781,-2.7477636832640484,-5.529103500524313,-0.708329151877598,0,0,0
2006-03,IXIC,USA,5,2339.790039,2.5598494224590596,-1.0595004935137875,4.557161631923257,-1.231626336314351,3.7145306047101005,91.85162070489699,96.46455383300781,86.54391436423025,-4.876761101613781,-5.976396264459504,-4.495411032935781,-2.7477636832640484,-5.529103500524313,21.25192544792216,-0.831433334170445,0,0,0
2006-04,IXIC,USA,5,2322.570068,-0.7359622322077874,2.5598494224590596,-1.0595004935137875,4.557161631923257,3.4078448891759083,89.32775522867838,92.80472908020019,86.14640655517579,-2.7477636832640484,-3.7939580989958643,-0.45931341559326544,-5.529103500524313,21.25192544792216,34.3204566344385,-0.8681456484447946,0,0,0
2006-05,IXIC,USA,5,2178.879883,-6.186688917580585,-0.7359622322077874,2.5598494224590596,-1.0595004935137875,3.5335654504739566,84.38873118738974,80.68312811082409,83.90371753323463,-5.529103500524313,-13.06140440203304,-2.603345991576267,21.25192544792216,34.3204566344385,7.312638981344266,-0.999507531482902,0,0,1
2006-06,IXIC,USA,5,2172.090088,-0.3116186005926891,-6.186688917580585,-0.7359622322077874,2.5598494224590596,3.5279913159471135,102.32296142578124,114.45484237670898,90.22701250712076,21.25192544792216,41.857219788872115,7.536370449118013,34.3204566344385,7.312638981344266,-22.965425288660548,-0.17227721348087163,0,0,1
2006-07,IXIC,USA,5,2091.469971,-3.711637811221391,-0.3116186005926891,-6.186688917580585,-0.7359622322077874,3.2191168866488584,137.44066902898973,144.67092710925687,133.83614447809035,34.3204566344385,26.40000554375559,48.33267860611912,7.312638981344266,-22.965425288660548,-0.7804776668569935,1.359095430202944,0,0,1
2006-08,IXIC,USA,5,2183.75,4.412209129442002,-3.711637811221391,-0.3116186005926891,-6.186688917580585,3.4645386301976737,147.491208968624,160.77977629630797,141.31128421906502,7.312638981344266,11.134821286439633,5.585292201986869,-22.965425288660548,-0.7804776668569935,-22.11167420803153,1.7460298472526472,0,0,0
2006-09,IXIC,USA,5,2258.429932,3.4198022667429884,4.412209129442002,-3.711637811221391,-0.3116186005926891,3.5869335127370996,113.61922556559244,117.84904912312825,111.18667894999186,-22.965425288660548,-26.701571654174238,-21.317904961059643,-0.7804776668569935,-22.11167420803153,4.216522278378543,0.39923758677984533,0,0,0
2006-10,IXIC,USA,5,2366.709961,4.794482550278212,3.4198022667429884,4.412209129442002,-3.711637811221391,3.733539274295383,112.73245288479713,100.46679675194525,124.12324234747118,-0.7804776668569935,-14.749590684454382,11.634993975580254,-22.11167420803153,4.216522278378543,6.4485592524549995,0.36987798774225267,0,0,0
2006-11,IXIC,USA,5,2431.77002,2.748966289579058,4.794482550278212,3.4198022667429884,4.412209129442002,3.5319070350473014,87.80542017618815,84.66829687754313,86.73696505228678,-22.11167420803153,-15.7250956387203,-30.120287375772126,4.216522278378543,6.4485592524549995,-2.420350593251641,-0.7445585542708184,0,0,1
2006-12,IXIC,USA,5,2415.290039,-0.677694883334401,2.748966289579058,4.794482550278212,3.4198022667429884,3.506880997836534,91.50775527954102,79.05746866041615,96.69359145625945,4.216522278378543,-6.626834865052256,11.479103975992967,6.4485592524549995,-2.420350593251641,-9.379331496809673,-0.5335730533010896,0,0,1
2007-01,IXIC,USA,5,2463.929932,2.013832385121672,-0.677694883334401,2.748966289579058,4.794482550278212,3.3328555642132924,97.40868709933373,96.73051378803868,95.33105973274478,6.4485592524549995,22.35468125539841,-1.4091230897458562,-2.420350593251641,-9.379331496809673,-12.100478069879417,-0.24936871439441408,0,0,0
2007-02,IXIC,USA,5,2416.149902,-1.9391797380056253,2.013832385121672,-0.677694883334401,2.748966289579058,3.3821170896908335,95.05105536324638,89.62849848611015,97.72646740504673,-2.420350593251641,-7.342063040718328,2.5127253164051178,-9.379331496809673,-12.100478069879417,21.277337532296347,-0.3323976887352762,0,0,0
2007-03,IXIC,USA,5,2421.639893,0.22722062879689808,-1.9391797380056253,2.013832385121672,-0.677694883334401,3.3214739467206837,86.13590178951141,82.20472852645382,85.6678963938067,-9.379331496809673,-8.282823080882917,-12.339104575693804,-12.100478069879417,21.277337532296347,7.364126721593589,-0.7423013756406779,0,0,0
2007-04,IXIC,USA,5,2525.090088,4.271906624062205,0.22722062879689808,-1.9391797380056253,2.013832385121672,3.484880398319264,75.71304588317871,82.1852602005005,68.55693855285645,-12.100478069879417,-0.023682732492769087,-19.973594031412766,21.277337532296347,7.364126721593589,15.619378517191729,-1.1858271590857998,0,0,1
2007-05,IXIC,USA,5,2604.52002,3.145627650176741,4.271906624062205,0.22722062879689808,-1.9391797380056253,2.7610306807638403,91.82276621172505,103.15781870195943,82.37121458976499,21.277337532296347,25.518637344815765,20.150077189135175,7.364126721593589,15.619378517191729,-27.075906953096485,-0.4274257163072001,0,0,1
2007-06,IXIC,USA,5,2603.22998,-0.04953081527857561,3.145627650176741,4.271906624062205,0.22722062879689808,2.7461104305424158,98.5847110748291,110.01365140279134,88.00655695597331,7.364126721593589,6.645965169775048,6.841397682763484,15.619378517191729,-27.075906953096485,11.546988654440726,-0.15149908320847785,0,0,1
2007-07,IXIC,USA,5,2546.27002,-2.1880494784406346,-0.04953081527857561,3.145627650176741,4.271906624062205,2.5051377065496387,113.9830302576865,129.01673864549207,104.86104534518334,15.619378517191729,17.2733901660304,19.151400727609147,-27.075906953096485,11.546988654440726,8.890282235271773,0.8438942046709289,0,0,0
2007-08,IXIC,USA,5,2596.360107,1.9671946261221818,-2.1880494784406346,-0.04953081527857561,3.145627650176741,2.357968841229015,83.12109104279548,100.07418700187436,73.35449858634702,-27.075906953096485,-22.433175685168337,-30.045997210043584,11.546988654440726,8.890282235271773,-11.738998432242253,-0.9018285901965774,0,0,1
2007-09,IXIC,USA,5,2701.5,4.049511187471033,1.9671946261221818,-2.1880494784406346,-0.04953081527857561,2.41151340916875,92.71907399495443,90.46699282328288,93.58469161987304,11.546988654440726,-9.600072172868657,27.578667189324,8.890282235271773,-11.738998432242253,6.2146853340762975,-0.3042948164958451,0,0,1
2007-10,IXIC,USA,5,2859.120117,5.834540699611335,4.049511187471033,1.9671946261221818,-2.1880494784406346,2.5539755804905853,100.96206135903635,95.91243030178931,103.74951417984501,8.890282235271773,6.019253330486496,10.861629593502276,-11.738998432242253,6.2146853340762975,-14.642856634877798,0.15333338680998607,0,0,0
2007-11,IXIC,USA,5,2660.959961,-6.9308090563164,5.834540699611335,4.049511187471033,1.9671946261221818,3.5126625731502243,89.11012655893961,80.4546085993449,95.28441146214803,-11.738998432242253,-16.116598916121973,-8.159173355764459,6.2146853340762975,-14.642856634877798,1.0531282092792749,-0.5828290894031587,0,0,1
2007-12,IXIC,USA,5,2652.280029,-0.32619551316879214,-6.9308090563164,5.834540699611335,4.049511187471033,3.500570373782356,94.64804052537487,85.06247354322865,97.48771335232642,6.2146853340762975,5.727285265696103,2.3123424454939867,-14.642856634877798,1.0531282092792749,-4.221155249228914,-0.24424836443298129,0,0,0
2008-01,IXIC,USA,5,2389.860107,-9.894125775962703,-0.32619551316879214,-6.9308090563164,5.834540699611335,4.639877275693411,80.78886364352319,81.53163952981272,76.77330804640248,-14.642856634877798,-4.150871549275559,-21.248221538503877,1.0531282092792749,-4.221155249228914,-8.092695384500992,-1.030238765598614,0,0,1
2008-02,IXIC,USA,5,2271.47998,-4.953433326631107,-9.894125775962703,-0.32619551316879214,-6.9308090563164,4.823349610313493,81.6396739565093,88.45064189516265,72.8041961275298,1.0531282092792749,8.48627895287195,-5.169911288013928,-4.221155249228914,-8.092695384500992,1.7020307479039154,-0.924475523282837,0,0,0
2008-03,IXIC,USA,5,2279.100098,0.33546930050423196,-4.953433326631107,-9.894125775962703,-0.32619551316879214,4.824738160283554,78.19353657384073,84.13256103761735,72.61432629246866,-4.221155249228914,-4.881910142227531,-0.2607951809928011,-8.092695384500992,1.7020307479039154,18.740602004999385,-1.0661920521595403,0,0,0
2008-04,IXIC,USA,5,2412.800049,5.866348350268913,0.33546930050423196,-4.953433326631107,-9.894125775962703,4.984258254389339,71.86557184855143,70.36499150594075,69.58370641072591,-8.092695384500992,-16.364139355654284,-4.173583969554883,1.7020307479039154,18.740602004999385,3.0983884950956497,-1.3333965961012133,0,0,1
2008-05,IXIC,USA,5,2522.659912,4.553210409852748,5.866348350268913,0.33546930050423196,-4.953433326631107,5.087240928768766,73.08874597857076,75.19145030360067,71.38500275150422,1.7020307479039154,6.85917626701118,2.588675472596913,18.740602004999385,3.0983884950956497,-1.1180904357439236,-1.2102508567294472,0,0,1
2008-06,IXIC,USA,5,2292.97998,-9.104672845810057,4.553210409852748,5.866348350268913,0.33546930050423196,5.705819306322527,86.7860169728597,80.27725048065186,87.26098276774088,18.740602004999385,6.763801145630577,22.23993752791742,3.0983884950956497,-1.1180904357439236,0.8402831055205118,-0.4430783950807696,0,0,1
2008-07,IXIC,USA,5,2325.550049,1.4204253540844203,-9.104672845810057,4.553210409852748,5.866348350268913,5.7267706206587,89.47498493809854,87.2099857945596,84.52966382426601,3.0983884950956497,8.635989987697258,-3.130057508915207,-1.1180904357439236,0.8402831055205118,-27.17747676132537,-0.21996002846280854,0,0,0
2008-08,IXIC,USA,5,2367.52002,1.804733078870835,1.4204253540844203,-9.104672845810057,4.553210409852748,5.720342054824792,88.47457368912235,105.41860654277187,75.39880838701802,-1.1180904357439236,20.879054826480868,-10.801954040927797,0.8402831055205118,-27.17747676132537,21.79458180831557,-0.18480278958268545,0,1,1
2008-09,IXIC,USA,5,2091.879883,-11.642568369918148,1.804733078870835,1.4204253540844203,-9.104672845810057,6.320000529350848,89.21801058451335,95.21897468566894,82.42706019083658,0.8402831055205118,-9.675362055715087,9.321436179392805,-27.17747676132537,21.79458180831557,18.90005212057766,-0.03769254696213948,0,1,0
2008-10,IXIC,USA,5,1720.949951,-17.731894408202976,-11.642568369918148,1.804733078870835,1.4204253540844203,7.279982827533315,64.97080649099043,76.1353960960142,53.63574997071297,-27.17747676132537,-20.041781223387755,-34.929439620272106,21.79458180831557,18.90005212057766,-8.348161215059768,-2.1434157026319185,0,1,1
2008-11,IXIC,USA,5,1535.569946,-10.771957946381905,-17.731894408202976,-11.642568369918148,1.804733078870835,7.507050662679946,79.13092206319173,96.24985440572102,67.7355552037557,21.79458180831557,26.41932575531689,26.288073236119036,18.90005212057766,-8.348161215059768,-22.161447104217558,-0.7595182677418102,0,1,1
2008-12,IXIC,USA,5,1577.030029,2.699980102371713,-10.771957946381905,-17.731894408202976,-11.642568369918148,7.69755953749568,94.08670757662865,107.55399310204291,87.6594942154423,18.90005212057766,11.744577450134797,29.414299405612443,-8.348161215059768,-22.161447104217558,7.35467474432232,0.6233375017235697,0,1,0
2009-01,IXIC,USA,5,1476.420044,-6.379712697278006,2.699980102371713,-10.771957946381905,-17.731894408202976,7.515614614646982,86.23219754618984,91.03520405677057,87.53845571702526,-8.348161215059768,-15.358601358110413,-0.1380780250905378,-22.161447104217558,7.35467474432232,19.28906303929281,-0.06406076130466869,0,1,0
2009-02,IXIC,USA,5,1377.839966,-6.676966924190575,-6.379712697278006,2.699980102371713,-10.771957946381905,7.5589515917342975,67.12189470018659,63.14009993416922,65.29873490333557,-22.161447104217558,-30.642106437423532,-25.40565815506419,7.35467474432232,19.28906303929281,6.075574369099579,-1.6713881846745218,0,1,1
2009-03,IXIC,USA,5,1528.589966,10.941038416648752,-6.676966924190575,-6.379712697278006,2.699980102371713,8.630742992774667,72.05849173761183,73.33846209126133,69.22285332218293,7.35467474432232,16.151957579612763,6.0094861327044,19.28906303929281,6.075574369099579,-10.888347911835139,-1.1405010755464262,0,1,1
2009-04,IXIC,USA,5,1717.300049,12.345369732722688,10.941038416648752,-6.676966924190575,-6.379712697278006,9.398747627694451,85.95789963404337,83.50890401204427,85.18863232930501,19.28906303929281,13.86781455565156,23.06431798298285,6.075574369099579,-10.888347911835139,-0.2073196231979657,0.0329756834210831,0,1,1
2009-05,IXIC,USA,5,1774.329956,3.3209052217292534,12.345369732722688,10.941038416648752,-6.676966924190575,9.32254784057898,91.18033575242565,93.24943800895444,89.41171313870338,6.075574369099579,11.664066379682492,4.957329040186531,-10.888347911835139,-0.2073196231979657,-9.032432357199339,0.4977999095413013,0,1,0
2009-06,IXIC,USA,5,1835.040039,3.4215779762216902,3.3209052217292534,12.345369732722688,10.941038416648752,9.21415718702857,81.25230356852214,73.67756567001342,81.75211544036866,-10.888347911835139,-20.988729537503048,-8.566660261226033,-0.2073196231979657,-9.032432357199339,23.549742301368237,-0.3265552025967795,0,1,0
2009-07,IXIC,USA,5,1978.5,7.817810944233017,3.4215779762216902,3.3209052217292534,12.345369732722688,9.572636790660844,81.08385159892421,76.3114563111336,80.97563048331968,-0.2073196231979657,3.5748882542032234,-0.9498041156076997,-9.032432357199339,23.549742301368237,-0.8148729801666255,-0.2627382909944407,0,0,0
2009-08,IXIC,USA,5,2009.060059,1.5446074804144505,7.817810944233017,3.4215779762216902,3.3209052217292534,9.566236894570215,73.76000755063949,78.4546751206921,65.25164118120748,-9.032432357199339,2.8085151472149406,-19.418174589392322,23.549742301368237,-0.8148729801666255,-10.353229076577463,-1.0040004553560047,0,0,1
2009-09,IXIC,USA,5,2122.419922,5.642432763131255,1.5446074804144505,7.817810944233017,3.4215779762216902,9.095668757175806,91.13029925028484,75.68046391805014,96.45980974833171,23.549742301368237,-3.5360686898189386,47.82740786619817,-0.8148729801666255,-10.353229076577463,18.25563652218536,0.8816289056537101,0,0,0
2009-10,IXIC,USA,5,2045.109985,-3.642537284853098,5.642432763131255,1.5446074804144505,7.817810944233017,7.247899654770243,90.38770306494928,89.20428694448164,89.28504986916819,-0.8148729801666255,17.869635473000866,-7.4380821379212865,-10.353229076577463,18.25563652218536,-2.2371733163945695,0.9151397601578731,0,0,0
2009-11,IXIC,USA,5,2144.600098,4.864780560933979,-3.642537284853098,5.642432763131255,1.5446074804144505,6.122248764212918,81.02965710957845,82.64781697591145,73.95016460418701,-10.353229076577463,-7.349949417398238,-17.175199305428855,18.25563652218536,-2.2371733163945695,-13.029217772023905,-0.1425267675173771,0,0,1
2009-12,IXIC,USA,5,2269.149902,5.807600406068825,4.864780560933979,-3.642537284853098,5.642432763131255,6.174295876962896,95.82213678667623,100.3492317199707,92.03632293208953,18.25563652218536,21.41788542245284,24.457225247174776,-2.2371733163945695,-13.029217772023905,-10.73701462694614,1.5908561015288483,0,0,0
2010-01,IXIC,USA,5,2147.350098,-5.367640273242746,5.807600406068825,4.864780560933979,-3.642537284853098,6.036156664338676,93.6784295112856,102.653564453125,87.86365244465489,-2.2371733163945695,2.296313278794848,-4.53372142052385,-13.029217772023905,-10.73701462694614,21.862566984562726,1.2320588451155279,0,0,0
2010-02,IXIC,USA,5,2238.26001,4.233585947846685,-5.367640273242746,5.807600406068825,4.864780560933979,5.147257680881599,81.47286292484829,81.01815795898438,80.05752774647304,-13.029217772023905,-21.07613759872904,-8.88436171384852,-10.73701462694614,21.862566984562726,-1.6770919748616664,-0.1517539998744288,0,0,0
2010-03,IXIC,USA,5,2397.959961,7.135004435878756,4.233585947846685,-5.367640273242746,5.807600406068825,4.802823742452501,72.72510971561555,67.32707777330953,73.52030064982753,-10.73701462694614,-16.898779891547267,-8.165661969162553,21.862566984562726,-1.6770919748616664,10.567262949366473,-1.0941896353363345,0,0,1
2010-04,IXIC,USA,5,2461.189941,2.6368238431150326,7.135004435878756,4.233585947846685,-5.367640273242746,4.007701821276913,88.62468554178874,79.6067726135254,92.83870468139648,21.862566984562726,18.238865024799743,26.2762854080008,-1.6770919748616664,10.567262949366473,-17.59668875597209,0.607960427043267,0,0,0
2010-05,IXIC,USA,5,2257.040039,-8.294764195121507,2.6368238431150326,7.135004435878756,4.233585947846685,5.184265986324406,87.13836805282101,83.16650359861312,86.94786573225453,-1.6770919748616664,4.471643389400404,-6.345240349225156,10.567262949366473,-17.59668875597209,2.79697724964445,0.3828726247882139,0,0,1
2010-06,IXIC,USA,5,2109.23999,-6.5484017317426035,-8.294764195121507,2.6368238431150326,7.135004435878756,5.731915969055209,96.34650853474935,69.67944971720378,111.88416697184245,10.567262949366473,-16.216930251753723,28.67960131002669,-17.59668875597209,2.79697724964445,-11.994283766920088,1.357065673567289,0,0,0
2010-07,IXIC,USA,5,2254.699951,6.896321029832175,-6.5484017317426035,-8.294764195121507,2.6368238431150326,5.642411410264369,79.39271330064342,81.76249122619629,76.34224307152533,-17.59668875597209,17.340896861315503,-31.766714506854075,2.79697724964445,-11.994283766920088,-8.726501270000398,-0.5011396530748392,0,0,1
2010-08,IXIC,USA,5,2114.030029,-6.238964166278993,6.896321029832175,-6.5484017317426035,-8.294764195121507,6.038018986725345,81.61330942953786,84.75737048733619,74.11711311340332,2.79697724964445,3.6629011863820837,-2.9146772070048788,-11.994283766920088,-8.726501270000398,45.83401536726808,-0.22012562720000922,0,0,0
2010-09,IXIC,USA,5,2368.620117,12.042879453345744,-6.238964166278993,6.896321029832175,-6.5484017317426035,6.763637894186039,71.82437750498454,70.37432320912679,69.72902139027913,-11.994283766920088,-16.969671422685785,-5.920483865055792,-8.726501270000398,45.83401536726808,2.3956021728043453,-1.2145632690267665,0,0,0
2010-10,IXIC,USA,5,2507.409912,5.859521077435836,12.042879453345744,-6.238964166278993,6.896321029832175,6.710492873558781,65.55662228984218,74.25972569373346,63.16021014798072,-8.726501270000398,5.521051297446489,-9.4204839123329,45.83401536726808,2.3956021728043453,-19.46454465246935,-1.919177895726568,0,0,1
2010-11,IXIC,USA,5,2498.22998,-0.3661121365145181,5.859521077435836,12.042879453345744,-6.238964166278993,6.671518128838209,95.60385462443034,80.85895284016927,102.02185897827148,45.83401536726808,8.886683979486731,61.528688297965076,2.3956021728043453,-19.46454465246935,12.806536842294957,1.291041578905604,1,0,1
2010-12,IXIC,USA,5,2652.870117,6.189988041052974,-0.3661121365145181,5.859521077435836,12.042879453345744,6.694924044807998,97.89414264309791,94.39043466506466,98.9651261606524,2.3956021728043453,16.73467358851721,-2.9961547929352017,-19.46454465246935,12.806536842294957,53.00774228080458,1.4848186772493326,0,0,0
2011-01,IXIC,USA,5,2700.080078,1.7795805643658014,6.189988041052974,-0.3661121365145181,5.859521077435836,6.3352301469614245,78.83949353618007,77.48969244187877,77.08557048920662,-19.46454465246935,-17.9051429132163,-22.108349193561573,12.806536842294957,53.00774228080458,-33.36802641662523,-0.4750384228910944,0,1,1
2011-02,IXIC,USA,5,2782.27002,3.0439816459399083,1.7795805643658014,6.189988041052974,-0.3661121365145181,6.308237102134929,88.93610232216972,84.70568302699498,89.67357962472099,12.806536842294957,9.312194122500305,16.329916293837265,53.00774228080458,-33.36802641662523,15.221272067740333,0.5147852069653104,0,1,1
2011-03,IXIC,USA,5,2781.070068,-0.04312852424006586,3.0439816459399083,1.7795805643658014,6.189988041052974,6.115607806064745,136.0791222356981,156.13775290212322,126.68266185637444,53.00774228080458,84.32972537670638,41.27088757528632,-33.36802641662523,15.221272067740333,-19.08316741489856,3.6246571728768533,1,1,0
2011-04,IXIC,USA,5,2873.540039,3.324978110547905,-0.04312852424006586,3.0439816459399083,1.7795805643658014,6.13133162054593,90.67220478057861,111.14294446309408,73.5580285390218,-33.36802641662523,-28.817379271004796,-41.935204501451274,15.221272067740333,-19.08316741489856,-7.395183206081024,0.2582538320621,0,1,1
2011-05,IXIC,USA,5,2835.300049,-1.3307623864989737,3.324978110547905,-0.04312852424006586,3.0439816459399083,5.410183031873647,104.47366776004914,120.63443325411889,96.0221432101342,15.221272067740333,8.53989323107822,30.539310415579468,-19.08316741489856,-7.395183206081024,10.35534745366633,1.1963348470666315,0,1,0
2011-06,IXIC,USA,5,2773.52002,-2.1789591201040515,-1.3307623864989737,3.324978110547905,-0.04312852424006586,4.901987255642678,84.53678283691406,97.33198216756185,72.88245728810628,-19.08316741489856,-19.316583547476828,-24.098281030229863,-7.395183206081024,10.35534745366633,-3.7587201796722147,-0.2381333011797011,0,1,0
2011-07,IXIC,USA,5,2756.379883,-0.6179921859731152,-2.1789591201040515,-1.3307623864989737,3.324978110547905,4.755234601874148,78.2851328695974,99.24549016644877,60.417874859225364,-7.395183206081024,1.9659601667134652,-17.102308144754364,10.35534745366633,-3.7587201796722147,-9.59658500968753,-0.6744404095941262,0,1,1
2011-08,IXIC,USA,5,2579.459961,-6.41856092083517,-0.6179921859731152,-2.1789591201040515,-1.3307623864989737,4.782999130609891,86.39183038280856,111.57653574789724,62.886020106654016,10.35534745366633,12.424791857813933,4.085124233812376,-3.7587201796722147,-9.59658500968753,10.75561755834511,-0.13693057664267147,0,1,0
2011-09,IXIC,USA,5,2415.399902,-6.360248326413154,-6.41856092083517,-0.6179921859731152,-2.1789591201040515,4.091378287451503,83.14460322062175,93.88602275848389,70.98976675669353,-3.7587201796722147,-15.855047722026761,12.886404062931067,-9.59658500968753,10.75561755834511,1.885317306908374,-0.3489112784017622,0,1,0
2011-10,IXIC,USA,5,2684.409912,11.137286615655405,-6.360248326413154,-6.41856092083517,-0.6179921859731152,4.944985824676611,75.16556069158739,90.57414713213521,63.65037210526005,-9.59658500968753,-3.5275491804230286,-10.338665679221236,10.75561755834511,1.885317306908374,-8.156193496580155,-0.8690907544536027,0,0,1
2011-11,IXIC,USA,5,2620.340088,-2.386737722640331,11.137286615655405,-6.360248326413154,-6.41856092083517,5.01771440044182,83.25008093516031,70.99307772318522,95.16603965759278,10.75561755834511,-21.6188283621196,49.51372083137953,1.885317306908374,-8.156193496580155,17.437683308734808,-0.29755002076007414,0,0,1
2011-12,IXIC,USA,5,2605.149902,-0.5797028435188256,-2.386737722640331,11.137286615655405,-6.360248326413154,4.691191767553466,84.81960911904612,77.63644483012538,86.84766141829952,1.885317306908374,9.357767433106435,-8.740910380659695,-8.156193496580155,17.437683308734808,-3.722992679209569,-0.15314732600468142,0,0,0
2012-01,IXIC,USA,5,2813.840088,8.010678611614107,-0.5797028435188256,-2.386737722640331,11.137286615655405,5.226707107463691,77.90155767625377,61.71806113950668,91.26849322165212,-8.156193496580155,-20.503751460347488,5.090329124764548,17.437683308734808,-3.722992679209569,11.683646516830692,-0.6044036259967932,0,0,1
2012-02,IXIC,USA,5,2966.889893,5.439179207542799,8.010678611614107,-0.5797028435188256,-2.386737722640331,5.377630891562885,91.4857845964103,77.98118065143454,103.34518873280493,17.437683308734808,26.350664962022897,13.232053126837195,-3.722992679209569,11.683646516830692,-21.032583801878502,0.3455942766440141,0,0,0
2012-03,IXIC,USA,5,3091.570068,4.202386320239482,5.439179207542799,8.010678611614107,-0.5797028435188256,5.465647545825127,88.0797755333685,86.14695296748992,86.66009946023264,-3.722992679209569,10.47146535592387,-16.145008274851524,11.683646516830692,-21.032583801878502,-0.11563419129990704,0.05496641858514284,0,0,1
2012-04,IXIC,USA,5,3046.360107,-1.4623624891428433,4.202386320239482,5.439179207542799,8.010678611614107,5.4568295879965145,98.3707051595052,88.1813424428304,104.64068247477213,11.683646516830692,2.3615338735291314,20.748398774675515,-21.032583801878502,-0.11563419129990704,4.661354718603983,0.7745442600702505,0,0,0
2012-05,IXIC,USA,5,2827.340088,-7.189564309771868,-1.4623624891428433,4.202386320239482,5.439179207542799,5.892091067651176,77.68080416033345,69.08255398658014,79.93533497471964,-21.032583801878502,-21.65853674617435,-23.60969645434864,-0.11563419129990704,4.661354718603983,-7.806712344159738,-0.6966679763797997,0,0,0
2012-06,IXIC,USA,5,2935.050049,3.8095863124903317,-7.189564309771868,-1.4623624891428433,4.202386320239482,5.931949551074228,77.59097859064738,81.92765919367473,70.51085557937623,-0.11563419129990704,18.59384817994694,-11.790129356840751,4.661354718603983,-7.806712344159738,-7.87534886252107,-0.6468544531804323,0,0,1
2012-07,IXIC,USA,5,2939.52002,0.1522962445401177,3.8095863124903317,-7.189564309771868,-1.4623624891428433,5.9213517863525595,81.20776933239353,89.00009404459307,77.46019707956621,4.661354718603983,8.632536216126097,9.8557044062058,-7.806712344159738,-7.87534886252107,18.802659577001602,-0.3926547006231566,0,0,0
2012-08,IXIC,USA,5,3066.959961,4.3353996616086965,0.1522962445401177,3.8095863124903317,-7.189564309771868,5.548737898877907,74.8681123795048,78.25724669425718,70.49690803404778,-7.806712344159738,-12.070602245603512,-8.989505976038025,-7.87534886252107,18.802659577001602,-2.6717656381202715,-0.8201291777019274,0,0,0
2012-09,IXIC,USA,5,3116.22998,1.6064774117212632,4.3353996616086965,0.1522962445401177,3.8095863124903317,4.955628004515108,68.97198734283447,65.10240313212077,68.31967938741049,-7.87534886252107,-16.80974493458861,-3.0884030340532886,18.802659577001602,-2.6717656381202715,-5.994197564654025,-1.2202075636257568,0,0,1
2012-10,IXIC,USA,5,2977.22998,-4.460518026336424,1.6064774117212632,4.3353996616086965,0.1522962445401177,4.432405532723695,81.94055532640026,86.90206847652313,75.07558896464687,18.802659577001602,33.48519301224788,9.888672836016443,-2.6717656381202715,-5.994197564654025,20.367269576878645,-0.3694110124128443,0,0,0
2012-11,IXIC,USA,5,3010.23999,1.1087490795722799,-4.460518026336424,1.6064774117212632,4.3353996616086965,4.305774763648198,79.75129572550456,87.46022033691406,73.34758491516114,-2.6717656381202715,0.6422768412488677,-2.301685638855866,-5.994197564654025,20.367269576878645,-8.164537558505069,-0.4847113582862031,0,0,0
2012-12,IXIC,USA,5,3019.51001,0.30794953328621144,1.1087490795722799,-4.460518026336424,1.6064774117212632,4.27906848761272,74.97084549934634,85.26028196273312,64.21883093926215,-5.994197564654025,-2.515358829084069,-12.44588214657365,20.367269576878645,-8.164537558505069,-9.751520162523587,-0.7721678806588171,0,0,1
2013-01,IXIC,USA,5,3142.129883,4.060919572841559,0.30794953328621144,1.1087490795722799,-4.460518026336424,3.847968104499628,90.24035970626339,109.75873522604665,83.89209476594002,20.367269576878645,28.73372301773727,30.634727445108332,-8.164537558505069,-9.751520162523587,25.47476088535521,0.33378525699886924,0,0,0
2013-02,IXIC,USA,5,3160.189941,0.574771211645686,4.060919572841559,0.30794953328621144,1.1087490795722799,3.5841255723481877,82.87265164511544,87.37166687420437,78.62591293879917,-8.164537558505069,-20.3966165478642,-6.2773278481525026,-9.751520162523587,25.47476088535521,-11.144978564302333,-0.19920816864343685,0,0,0
2013-03,IXIC,USA,5,3267.52002,3.396317341799926,0.574771211645686,4.060919572841559,0.30794953328621144,3.517138535222366,74.79130831072408,70.25588681620937,79.46081779849145,-9.751520162523587,-19.589622895300696,1.0618698447955044,25.47476088535521,-11.144978564302333,-0.965878998260461,-1.013514684973251,0,0,1
2013-04,IXIC,USA,5,3328.790039,1.8751229870046737,3.396317341799926,0.574771211645686,4.060919572841559,3.4778683311162024,93.84421526590982,83.1100798924764,99.8020144144694,25.47476088535521,18.296250547507608,25.599027520157392,-11.144978564302333,-0.965878998260461,-6.660023976577866,1.3038201103451614,0,0,0
2013-05,IXIC,USA,5,3455.909912,3.8188011713165437,1.8751229870046737,3.396317341799926,0.574771211645686,2.491327953229066,83.38529759068643,96.31220405332503,76.66901059304514,-11.144978564302333,15.885105847484283,-23.178894691799336,-0.965878998260461,-6.660023976577866,15.266434567502763,0.1681061665247437,0,0,0
2013-06,IXIC,USA,5,3403.25,-1.5237640257099394,3.8188011713165437,1.8751229870046737,3.396317341799926,2.5586040192730777,82.57989651362101,85.31224797566732,78.08507897059123,-0.965878998260461,-11.421144584716792,1.8469892419278766,-6.660023976577866,15.266434567502763,10.38976028717007,0.06282779852477731,0,0,0
2013-07,IXIC,USA,5,3626.370117,6.556089532064946,-1.5237640257099394,3.8188011713165437,1.8751229870046737,2.942999939165837,77.08005560598066,75.28471995938209,75.0804361527966,-6.660023976577866,-11.753913716053145,-3.847909046651865,15.266434567502763,10.38976028717007,-24.991962578693006,-0.7292898821973308,0,0,1
2013-08,IXIC,USA,5,3589.870117,-1.0065161255574107,6.556089532064946,-1.5237640257099394,3.8188011713165437,2.929383269817559,88.84743185966245,104.42809732498661,78.84740774093136,15.266434567502763,38.71087968624718,5.017247875956099,10.38976028717007,-24.991962578693006,4.327385501849101,0.9539072115700641,0,0,1
2013-09,IXIC,USA,5,3771.47998,5.058953585534409,-1.0065161255574107,6.556089532064946,-1.5237640257099394,3.1192303751165427,98.07846705118816,97.374010403951,98.14722569783528,10.38976028717007,-6.754970263494176,24.47742863064981,-24.991962578693006,4.327385501849101,-8.47958052592066,1.985063817732131,0,0,0
2013-10,IXIC,USA,5,3919.709961,3.930286831325036,5.058953585534409,-1.0065161255574107,6.556089532064946,2.5057397050454386,73.56673326799947,80.33374651016727,65.35439909658125,-24.991962578693006,-17.499807005065403,-33.411873201809016,4.327385501849101,-8.47958052592066,11.926947066993353,-1.1842847482493826,0,0,1
2013-11,IXIC,USA,5,4059.889893,3.5762832810271705,3.930286831325036,5.058953585534409,-1.0065161255574107,2.4961629336412994,76.75024941762288,52.19944121042887,91.32140051523844,4.327385501849101,-35.02177667784688,39.732599148043505,-8.47958052592066,11.926947066993353,-10.628031863710918,-0.7302356457466846,0,0,0
2013-12,IXIC,USA,5,4176.589844,2.874460984796956,3.5762832810271705,3.930286831325036,5.058953585534409,2.394271708084356,70.2421502144106,68.61865160542149,68.88867827384702,-8.47958052592066,31.45476276039567,-24.564584111528333,11.926947066993353,-10.628031863710918,70.12768145517792,-1.4153214775509915,0,0,1
2014-01,IXIC,USA,5,4103.879883,-1.7408930183665072,2.874460984796956,3.5762832810271705,3.930286831325036,2.6779881308865674,78.61989428920131,86.78251980197045,68.41249278283888,11.926947066993353,26.4707448654002,-0.6912391164121345,-10.628031863710918,70.12768145517792,-22.3830484610423,-0.400710165838595,0,0,0
2014-02,IXIC,USA,5,4308.120117,4.976759550055299,-1.7408930183665072,2.874460984796956,3.5762832810271705,2.7238974938205707,70.26414687292916,61.49816117967878,73.86041593551636,-10.628031863710918,-29.135312825656822,7.963345481315476,70.12768145517792,-22.3830484610423,-10.343908404842095,-1.3004457666171292,0,1,1
2014-03,IXIC,USA,5,4198.990234,-2.5331207124279054,4.976759550055299,-1.7408930183665072,2.874460984796956,3.089361337787176,119.53876396917528,75.00083989481772,150.81426780454575,70.12768145517792,21.956231627297342,104.18821894560378,-22.3830484610423,-10.343908404842095,18.018621331537332,3.2754976148498836,1,1,0
2014-04,IXIC,USA,5,4114.560059,-2.0107256815305896,-2.5331207124279054,4.976759550055299,-1.7408930183665072,3.3166783086413694,92.7823445002238,61.30099623998006,112.3606637954712,-22.3830484610423,-18.266253650026478,-25.49732500038402,-10.343908404842095,18.018621331537332,38.660193810520525,0.9648550951925742,0,1,0
2014-05,IXIC,USA,5,4242.620117,3.1123633186465938,-2.0107256815305896,-2.5331207124279054,4.976759550055299,3.284307025748014,83.18502376925561,75.96359517497402,92.24833537686256,-10.343908404842095,23.919022257963118,-17.89979494533681,18.018621331537332,38.660193810520525,-2.7048677246242936,0.07732757889483634,0,1,1
2014-06,IXIC,USA,5,4408.180176,3.9023069337885685,3.1123633186465938,-2.0107256815305896,-2.5331207124279054,3.160414803574231,98.1738182067871,105.45366484324137,96.13338797887167,18.018621331537332,38.82131908098889,4.211515130476329,38.660193810520525,-2.7048677246242936,-1.419314844118058,1.3100368914918,0,1,1
2014-07,IXIC,USA,5,4369.77002,-0.8713381592050373,3.9023069337885685,3.1123633186465938,-2.0107256815305896,2.9556962718351727,136.12800659671908,115.96761592741936,161.79567853866084,38.660193810520525,9.970209285573105,68.30331473828896,-2.7048677246242936,-1.419314844118058,-38.12192153075063,3.222536139713079,0,1,0
2014-08,IXIC,USA,5,4580.27002,4.817187152563229,-0.8713381592050373,3.9023069337885685,3.1123633186465938,2.9658789876375233,132.44592408211,107.58255644767515,154.04245942638767,-2.7048677246242936,-7.230518117223495,-4.791981579669047,-1.419314844118058,-38.12192153075063,4.1467635433172,2.445848791870672,0,1,0
2014-09,IXIC,USA,5,4493.390137,-1.8968288467848815,4.817187152563229,-0.8713381592050373,3.9023069337885685,3.0124521683471945,130.56609942118328,121.00510635375977,142.43847586313885,-1.419314844118058,12.476511387431977,-7.53297734044166,-38.12192153075063,4.1467635433172,1.5573648683008257,2.034635004614549,0,1,0
2014-10,IXIC,USA,5,4630.740234,3.0567142583283635,-1.8968288467848815,4.817187152563229,-0.8713381592050373,2.9587609323388615,80.79179345407793,74.09397866649013,83.08987451368763,-38.12192153075063,-38.76789096000993,-41.66613058010812,4.1467635433172,1.5573648683008257,26.783666844919374,-0.48645379517397036,0,0,1
2014-11,IXIC,USA,5,4791.629883,3.4743829467848153,3.0567142583283635,-1.8968288467848815,4.817187152563229,2.9522069613112087,84.14203809102376,77.99142316182454,87.09242757161458,4.1467635433172,5.26013660688609,4.817136963262114,1.5573648683008257,26.783666844919374,3.8473610430540095,-0.32739728608346297,0,0,1
2014-12,IXIC,USA,5,4736.049805,-1.1599409670014382,3.4743829467848153,3.0567142583283635,-1.8968288467848815,3.0020689614502327,85.45243663172567,94.30592924548733,80.33614915417087,1.5573648683008257,20.918333609340344,-7.7575957012888885,26.783666844919374,3.8473610430540095,-8.025303643352133,-0.2865574549034715,0,0,1
2015-01,IXIC,USA,5,4635.240234,-2.128558084283061,-1.1599409670014382,3.4743829467848153,3.0567142583283635,3.0372275608623713,108.33973257003292,146.6483586834323,81.6583960748488,26.783666844919374,55.50279802841731,1.6458928323044741,3.8473610430540095,-8.025303643352133,-3.786405996924136,0.8398251083784557,0,0,1
2015-02,IXIC,USA,5,4963.529785,7.0824711218193,-2.128558084283061,-1.1599409670014382,3.4743829467848153,3.3306452584757213,112.50795323508126,110.62664944784981,116.82035664149693,3.8473610430540095,-24.56332246673284,43.05982269651534,-8.025303643352133,-3.786405996924136,-25.261601602650142,0.9715915138357889,0,0,0
2015-03,IXIC,USA,5,4900.879883,-1.2622046147346744,7.0824711218193,-2.128558084283061,-1.1599409670014382,3.2181670951415517,103.47884836504537,80.65029876462874,119.2300068024666,-8.025303643352133,-27.096862132981926,2.0626971447831766,-3.786405996924136,-25.261601602650142,14.61646704169861,0.4687794836747721,0,0,0
2015-04,IXIC,USA,5,4941.419922,0.8271991962223835,-1.2622046147346744,7.0824711218193,-2.128558084283061,3.0491444065392717,99.56071904500325,92.08395849863687,107.84801419576009,-3.786405996924136,14.17683493941706,-9.546248391618018,-25.261601602650142,14.61646704169861,24.558055668202016,0.25841467982350513,0,0,0
2015-05,IXIC,USA,5,5070.029785,2.6026904215812108,0.8271991962223835,-1.2622046147346744,7.0824711218193,3.0293365360690765,74.41008684712071,71.70904147240424,75.1276002699329,-25.261601602650142,-22.126456506031122,-30.339375434799198,14.61646704169861,24.558055668202016,-23.96457036562888,-0.976620995350697,0,0,1
2015-06,IXIC,USA,5,4986.870117,-1.640220502175993,2.6026904215812108,0.8271991962223835,-1.2622046147346744,3.058309681523412,85.28621266682943,88.44556840260823,80.42666390736898,14.61646704169861,23.33949330035976,7.053417942802098,24.558055668202016,-23.96457036562888,19.18166619724222,-0.44308919114331674,0,0,1
2015-07,IXIC,USA,5,5128.279785,2.8356396834547715,-1.640220502175993,2.6026904215812108,0.8271991962223835,3.0309218309779555,106.23084825085056,89.69054517438335,118.30285398421749,24.558055668202016,1.4076191653921155,47.09407084256565,-23.96457036562888,19.18166619724222,-10.263558111944526,0.5456361334795071,0,0,0
2015-08,IXIC,USA,5,4776.509766,-6.8594155106145305,2.8356396834547715,-1.640220502175993,2.6026904215812108,3.641398306762234,80.77308187177104,72.6687409493231,83.29964871560374,-23.96457036562888,-18.978370788097155,-29.58779445277242,19.18166619724222,-10.263558111944526,69.33668679688365,-0.7123350831475163,0,0,1
2015-09,IXIC,USA,5,4620.160156,-3.273302424982427,-6.8594155106145305,2.8356396834547715,-1.640220502175993,3.7410220050148055,96.26670481363932,79.88457260131835,111.3503412882487,19.18166619724222,9.929760111059792,33.674442815976114,-10.263558111944526,69.33668679688365,-3.9551845660048213,0.0642386706420011,0,0,0
2015-10,IXIC,USA,5,5053.75,9.384736229044277,-3.273302424982427,-6.8594155106145305,2.8356396834547715,4.52860255530286,86.38631562263735,101.0595084159605,75.2390812904604,-10.263558111944526,26.506915071474868,-32.43030922043458,69.33668679688365,-3.9551845660048213,-17.462244964117836,-0.46539997130577987,0,0,1
2015-11,IXIC,USA,5,5108.669922,1.0867162404155417,9.384736229044277,-3.273302424982427,-6.8594155106145305,4.453377299993852,146.2837247212728,206.72467168172201,112.25876941680909,69.33668679688365,104.55736914021405,49.20273811350009,-3.9551845660048213,-17.462244964117836,-12.711604183681224,2.2021073610924744,1,0,0
2015-12,IXIC,USA,5,5007.410156,-1.9821160408883487,1.0867162404155417,9.384736229044277,-3.273302424982427,4.4895069368901,140.49793341852003,194.36913816390498,108.1629870014806,-3.9551845660048213,-5.976806453387384,-3.648518896658426,-17.462244964117836,-12.711604183681224,4.015245447232085,1.7405500614050073,0,0,0
2016-01,IXIC,USA,5,4613.950195,-7.857554079698192,-1.9821160408883487,1.0867162404155417,9.384736229044277,5.068260268292712,115.96384011545489,110.91858869983304,120.46343551143524,-17.462244964117836,-42.934053344261315,11.37214203393464,-12.711604183681224,4.015245447232085,-20.571703453499047,0.5901208640110405,0,0,0
2016-02,IXIC,USA,5,4557.950195,-1.213710543748081,-7.857554079698192,-1.9821160408883487,1.0867162404155417,4.567097523152022,101.22297576378132,113.22725730106748,90.85711604151233,-12.711604183681224,2.0814082006417767,-24.57701736981631,4.015245447232085,-20.571703453499047,1.2679298080407353,-0.14074225534914356,0,0,1
2016-03,IXIC,USA,5,4869.850098,6.842986203362833,-1.213710543748081,-7.857554079698192,-1.9821160408883487,5.037422764572514,105.2873266896894,122.04758010372039,93.74349009606146,4.015245447232085,7.78992886774601,3.1768277272089085,-20.571703453499047,1.2679298080407353,4.556577350732516,0.08165049546770788,0,0,0
2016-04,IXIC,USA,5,4775.359863,-1.9403109561587195,6.842986203362833,-1.213710543748081,-7.857554079698192,5.062534576697644,83.62793006896973,90.3290501912435,79.78639167149862,-20.571703453499047,-25.98865941096199,-14.888605502377427,1.2679298080407353,4.556577350732516,26.501697966147653,-0.929113059578285,0,0,1
2016-05,IXIC,USA,5,4948.049805,3.6162707514049375,-1.9403109561587195,6.842986203362833,-1.213710543748081,5.121077887836014,84.68827352216167,88.0693675010435,82.82368420016381,1.2679298080407353,-2.5016123665817624,3.806780160168821,4.556577350732516,26.501697966147653,-11.965066413420121,-0.8842870925696081,0,0,1
2016-06,IXIC,USA,5,4842.669922,-2.1297255919597524,3.6162707514049375,-1.9403109561587195,6.842986203362833,5.136532778481569,88.54716021219889,97.87790400187174,80.03160365422566,4.556577350732516,11.137285050573364,-3.3711136770858907,26.501697966147653,-11.965066413420121,5.177677420867943,-0.675385337292379,0,0,1
2016-07,IXIC,USA,5,5162.129883,6.596773394542321,-2.1297255919597524,3.6162707514049375,-1.9403109561587195,5.439378828869813,112.01366116923671,143.21993846278036,94.82303280984202,26.501697966147653,46.32509750110867,18.481985216143258,-11.965066413420121,5.177677420867943,-16.921676258939698,0.504740816275006,0,0,0
2016-08,IXIC,USA,5,5213.220215,0.9897141908081775,6.596773394542321,-2.1297255919597524,3.6162707514049375,4.966046491830046,98.61115221823415,123.22047128985005,80.60763149876749,-11.965066413420121,-13.964164059550777,-14.991506693929601,5.177677420867943,-16.921676258939698,-3.0021981619094418,-0.09695177493770867,0,0,1
2016-09,IXIC,USA,5,5312.0,1.8947940222394655,0.9897141908081775,6.596773394542321,-2.1297255919597524,4.797826168469288,103.71691958109538,119.65013109842936,94.2956667582194,5.177677420867943,-2.897521940994874,16.98106619056434,-16.921676258939698,-3.0021981619094418,21.584843002401332,0.24419612754655895,0,0,0
2016-10,IXIC,USA,5,5189.140137,-2.312873926957826,1.8947940222394655,0.9897141908081775,6.596773394542321,4.143893603859102,86.16627822383758,100.4282025367983,80.40413419661984,-16.921676258939698,-16.065112829519823,-14.731888578950725,-3.0021981619094418,21.584843002401332,3.2171336265169437,-0.755613313542009,0,0,0
2016-11,IXIC,USA,5,5323.680176,2.5927231766336822,-2.312873926957826,1.8947940222394655,0.9897141908081775,4.192431673567321,83.57939580281575,85.52786210378011,80.94508310953776,-3.0021981619094418,-14.836808841180337,0.6727874360229924,21.584843002401332,3.2171336265169437,7.91479544055298,-0.8991235723515687,0,0,1
2016-12,IXIC,USA,5,5383.120117,1.1165197576662234,2.5927231766336822,-2.312873926957826,1.8947940222394655,4.125604578330974,101.61987716920915,112.50576536117062,94.95736854307113,21.584843002401332,31.54282428415589,17.310854341296356,3.2171336265169437,7.91479544055298,-12.981087348955,0.08052018995459746,0,0,1
2017-01,IXIC,USA,5,5614.790039,4.303636496395136,1.1165197576662234,2.5927231766336822,-2.312873926957826,3.234346085104273,104.88912440884498,102.22949655594364,108.44574915978217,3.2171336265169437,-9.133993064477785,14.204669762508138,7.91479544055298,-12.981087348955,16.858108837707487,0.2764772290213544,0,0,1
2017-02,IXIC,USA,5,5825.439941,3.7516968673242834,4.303636496395136,1.1165197576662234,2.5927231766336822,3.1445745343666416,113.19088404519218,94.91658476420811,125.99899278368268,7.91479544055298,-7.153426396591556,16.186197946807358,-12.981087348955,16.858108837707487,-11.924009642381684,0.7499284136946149,0,0,0
2017-03,IXIC,USA,5,5911.740234,1.4814382067972254,3.7516968673242834,4.303636496395136,1.1165197576662234,2.7695129857456697,98.49747651623142,99.26259293094758,97.23793039014262,-12.981087348955,4.578765847439437,-22.826422464279194,16.858108837707487,-11.924009642381684,25.21966237763813,-0.07970292612513222,0,0,1
2017-04,IXIC,USA,5,6047.609863,2.298301745712328,1.4814382067972254,3.7516968673242834,4.303636496395136,2.527872620626422,115.10228830973307,101.26866887410482,124.87095286051432,16.858108837707487,2.0209787835713477,28.417945918327536,-11.924009642381684,25.21966237763813,-19.96658607237466,0.8218982347521404,0,0,0
2017-05,IXIC,USA,5,6198.52002,2.495368590544955,2.298301745712328,1.4814382067972254,3.7516968673242834,2.4837128329179587,101.37748035307854,98.86025521063036,100.89005654858005,-11.924009642381684,-2.378241651885993,-19.204543380654638,25.21966237763813,-19.96658607237466,34.9537634693037,-0.016757352017186686,0,0,1
2017-06,IXIC,USA,5,6140.419922,-0.937322099671134,2.495368590544955,2.298301745712328,1.4814382067972254,2.3256480171023304,126.94453862508138,146.7019323984782,113.13888193766276,25.21966237763813,48.393236580177735,12.140765708843393,-19.96658607237466,34.9537634693037,-13.40475581527194,1.3684569567814138,0,0,0
2017-07,IXIC,USA,5,6348.120117,3.3825079984489026,-0.937322099671134,2.495368590544955,2.298301745712328,1.896411074113819,101.59804805632561,69.98286450293756,124.43094007430538,-19.96658607237466,-52.29588093437852,9.980705079677499,34.9537634693037,-13.40475581527194,-22.585571348701183,-0.09325574279342158,0,0,1
2017-08,IXIC,USA,5,6428.660156,1.268722669319322,3.3825079984489026,-0.937322099671134,2.495368590544955,1.887870450866315,137.11038946336316,109.75087941077447,156.3583743187689,34.9537634693037,56.82536030826179,25.658758364597812,-13.40475581527194,-22.585571348701183,1.45640671502556,1.769125616283447,0,0,0
2017-09,IXIC,USA,5,6495.959961,1.0468714065898777,1.268722669319322,3.3825079984489026,-0.937322099671134,1.8989357847264203,118.73107655843098,86.45641419092814,146.35588200887045,-13.40475581527194,-21.22485518558812,-6.397158037411099,-22.585571348701183,1.45640671502556,-9.265018521286283,0.6833153665668898,0,0,0
2017-10,IXIC,USA,5,6727.669922,3.566985670957412,1.0468714065898777,1.268722669319322,3.3825079984489026,1.479591687305933,91.91498454924553,71.24007597277242,109.52413552807224,-22.585571348701183,-17.60001078063723,-25.16588057497128,1.45640671502556,-9.265018521286283,8.729366354164325,-0.8369177242663346,0,0,1
2017-11,IXIC,USA,5,6873.970215,2.1746056910667777,3.566985670957412,1.0468714065898777,1.268722669319322,1.474346813069833,93.25364055633545,80.09026870727538,105.41860446929931,1.45640671502556,12.423053476087631,-3.748517200321233,-9.265018521286283,8.729366354164325,-28.45406203269154,-0.7153023093285192,0,0,0
2017-12,IXIC,USA,5,6903.390137,0.4279902455178064,2.1746056910667777,3.566985670957412,1.0468714065898777,1.531058771594822,84.61367348701724,64.52695954230524,98.77827345940375,-9.265018521286283,-19.432209950316203,-6.29901244028458,8.729366354164325,-28.45406203269154,65.97083380479091,-1.2336645984463541,0,0,1
2018-01,IXIC,USA,5,7411.47998,7.360004764569195,0.4279902455178064,2.1746056910667777,3.566985670957412,2.0843085839908126,91.99991103141538,75.9898567199707,106.7695834867416,8.729366354164325,17.76450844572981,8.09014953133611,-28.45406203269154,65.97083380479091,11.699680256456425,-0.6525128056178033,0,0,0
2018-02,IXIC,USA,5,7273.009766,-1.8683206913283734,7.360004764569195,0.4279902455178064,2.1746056910667777,2.356710762433199,65.82219927651542,53.66386883599417,76.22563787869045,-28.45406203269154,-29.380221055357104,-28.60734734611382,65.97083380479091,11.699680256456425,0.0402988402496085,-2.142949409571251,0,0,1
2018-03,IXIC,USA,5,7063.450195,-2.8813321821682836,-1.8683206913283734,7.360004764569195,0.4279902455178064,2.7322976683277425,109.2456529678837,64.72115756619361,142.5100219480453,65.97083380479091,20.60471779251023,86.95812316433921,11.699680256456425,0.0402988402496085,-15.333763880707775,0.5900008957372371,1,0,1
2018-04,IXIC,USA,5,7066.27002,0.03992135460932911,-2.8813321821682836,-1.8683206913283734,7.360004764569195,2.752112205019965,122.0270450592041,94.80569979349772,144.06638272603354,11.699680256456425,46.483319147274415,1.092106194858089,0.0402988402496085,-15.333763880707775,5.999256123072527,1.2755117361317614,0,0,1
2018-05,IXIC,USA,5,7442.120117,5.318931995751841,0.03992135460932911,-2.8813321821682836,-1.8683206913283734,2.971835454185837,122.07622054315382,62.3412499273977,166.9032696139428,0.0402988402496085,-34.24314143222706,15.851641761102208,-15.333763880707775,5.999256123072527,3.182714359079064,1.1736073459445548,0,0,0
2018-06,IXIC,USA,5,7510.299805,0.9161325929724962,5.318931995751841,0.03992135460932911,-2.8813321821682836,2.876014743437598,103.35734113057454,56.24654754002889,136.8462231318156,-15.333763880707775,-9.776355774814693,-18.008662473569824,5.999256123072527,3.182714359079064,-34.571624462700555,-0.01799698964290039,0,0,1
2018-07,IXIC,USA,5,7671.790039,2.1502501656789796,0.9161325929724962,5.318931995751841,0.03992135460932911,2.8333071724858345,109.5580127469955,85.10936841657085,127.5609563396823,5.999256123072527,51.3148311120806,-6.7851830906501265,3.182714359079064,-34.571624462700555,25.17349771161239,0.37867626972426766,0,0,1
2018-08,IXIC,USA,5,8109.540039,5.705969503527486,2.1502501656789796,0.9161325929724962,5.318931995751841,3.062607096984136,113.04493135021579,67.86267332876882,146.81783097790134,3.182714359079064,-20.264155883976787,15.096213755986486,-34.571624462700555,25.17349771161239,-13.771045076727717,0.557552855944708,0,0,0
2018-09,IXIC,USA,5,8046.350098,-0.7792049943166957,5.705969503527486,2.1502501656789796,0.9161325929724962,3.1579632662582036,73.96346220970153,49.602893877029416,88.1794579188029,-34.571624462700555,-26.906955703436154,-39.939544582922316,25.17349771161239,-13.771045076727717,8.45156427798377,-1.6910069748655194,0,0,1
2018-10,IXIC,USA,5,7305.899902,-9.202311445335276,-0.7792049943166957,5.705969503527486,2.1502501656789796,4.422800727982532,92.58265267649004,61.918164991563366,115.57533417978594,25.17349771161239,24.8277270779095,31.06832011397669,-13.771045076727717,8.45156427798377,1.0709526807535674,-0.6268948726858339,0,0,0
2018-11,IXIC,USA,5,7330.540039,0.33726354495022814,-9.202311445335276,-0.7792049943166957,5.705969503527486,4.40189430580394,79.83305384318034,48.951593685150144,103.46333103179931,-13.771045076727717,-20.94146573655724,-10.479747459908284,8.45156427798377,1.0709526807535674,12.624990293825844,-1.3560584289494768,0,0,1
2018-12,IXIC,USA,5,6635.279785,-9.484434302262468,0.33726354495022814,-9.202311445335276,-0.7792049943166957,5.284273691073922,86.58019570381411,64.75931516770393,99.9929014944261,8.45156427798377,32.292557386848046,-3.3542603961847828,1.0709526807535674,12.624990293825844,-19.17630273940678,-0.9074144937294559,0,0,1
2019-01,IXIC,USA,5,7281.740234,9.742776038795187,-9.484434302262468,0.33726354495022814,-9.202311445335276,5.627739024201017,87.5074286307058,54.891605531015706,113.59607076644897,1.0709526807535674,-15.237513879098808,13.60413496230144,12.624990293825844,-19.17630273940678,-0.8685045212788456,-0.801073848206824,0,0,1
2019-02,IXIC,USA,5,7532.529785,3.4440881292223224,9.742776038795187,-9.484434302262468,0.33726354495022814,5.676178966578008,98.55523300170898,57.736959321158274,130.96962765284948,12.624990293825844,5.183586383777472,15.294153018831214,-19.17630273940678,-0.8685045212788456,33.10270858929771,-0.14271946978709077,0,0,0
2019-03,IXIC,USA,5,7729.319824,2.6125358228503925,3.4440881292223224,9.742776038795187,-9.484434302262468,5.604842460134913,79.65598315577353,67.75160512616557,85.8987022830594,-19.17630273940678,17.345294803804002,-34.41326525662569,-0.8685045212788456,33.10270858929771,-1.685648374379367,-1.1424746158846457,0,0,0
2019-04,IXIC,USA,5,8095.390137,4.736125834298255,2.6125358228503925,3.4440881292223224,9.742776038795187,5.70242063639442,78.96416734059652,57.763711071014406,93.91384995778402,-0.8685045212788456,-14.741929783880291,9.330929876347316,33.10270858929771,-1.685648374379367,-9.939817225846037,-1.0844430097283153,0,0,1
2019-05,IXIC,USA,5,7453.149902,-7.933406841810376,4.736125834298255,2.6125358228503925,3.4440881292223224,6.11954549498524,105.10344554531959,63.40447973435925,133.1031727944651,33.10270858929771,9.765246309071296,41.729013190596916,-1.685648374379367,-9.939817225846037,13.921162899248628,0.33804429903187627,0,0,0
2019-06,IXIC,USA,5,8006.240234,7.420893706318488,-7.933406841810376,4.736125834298255,2.6125358228503925,6.468151796605303,103.3317710240682,51.50454092025757,138.8043354034424,-1.685648374379367,-18.768293445444108,4.283265747376963,-9.939817225846037,13.921162899248628,-12.699931906120154,0.3113759427556039,0,0,0
2019-07,IXIC,USA,5,8175.419922,2.113097821890819,7.420893706318488,-7.933406841810376,4.736125834298255,6.467418620814226,93.06078184804609,47.329337519984094,126.32542345600743,-9.939817225846037,-8.10647629446455,-8.990289756558633,13.921162899248628,-12.699931906120154,2.8698387190764008,-0.2605231431616406,0,0,1
2019-08,IXIC,USA,5,7962.879883,-2.599744612849264,2.113097821890819,7.420893706318488,-7.933406841810376,6.328982456169511,106.01592488442698,74.11447860348609,125.86253258489793,13.921162899248628,56.593103742879094,-0.3664273259061712,-12.699931906120154,2.8698387190764008,-22.581225044357122,0.6360280812730083,0,0,0
2019-09,IXIC,USA,5,7999.339844,0.4578740548107252,-2.599744612849264,2.113097821890819,7.420893706318488,6.3246064264983675,92.55197461446126,70.08315865198772,112.63771381378174,-12.699931906120154,-5.439314999523937,-10.507351552135392,2.8698387190764008,-22.581225044357122,-1.8944804802661475,-0.18151693898220844,0,0,1
2019-10,IXIC,USA,5,8292.360352,3.6630586237661023,0.4578740548107252,-2.599744612849264,2.113097821890819,5.65221349819474,95.20806701721683,69.20361838802215,118.00913903021043,2.8698387190764008,-1.2549951812718674,4.768762641355617,-22.581225044357122,-1.8944804802661475,93.42482713456963,-0.008370969890582997,0,0,0
2019-11,IXIC,USA,5,8665.469727,4.499435132603846,3.6630586237661023,0.4578740548107252,-2.599744612849264,5.721130015657802,73.70891914367675,52.628954823811846,86.17964719136556,-22.581225044357122,-23.95057361202817,-26.972056656303966,-1.8944804802661475,93.42482713456963,-45.859153499296525,-1.3702344917470703,0,0,0
2019-12,IXIC,USA,5,8972.599609,3.544295827876942,4.499435132603846,3.6630586237661023,0.4578740548107252,4.552326528564255,72.31251805828464,60.52569272441249,79.17934866874448,-1.8944804802661475,15.004550113215975,-8.122913879046889,93.42482713456963,-45.859153499296525,9.297101316181845,-1.3788146832098769,0,0,1
2020-01,IXIC,USA,5,9150.94043,1.9876159504667257,3.544295827876942,4.499435132603846,3.6630586237661023,3.9652115398406536,139.8703630508915,84.9525350447624,191.54257983546103,93.42482713456963,40.35780710775339,141.90976947385673,-45.859153499296525,9.297101316181845,-15.71040369340041,2.3984234895573473,1,1,0
2020-02,IXIC,USA,5,8567.370117,-6.377162188564267,1.9876159504667257,3.544295827876942,4.499435132603846,4.601548150116356,75.72699855935984,56.10202249987372,87.16311290346343,-45.859153499296525,-33.960743525413385,-54.49413233426306,9.297101316181845,-15.71040369340041,-0.37686680923350035,-1.1696176844696133,0,1,1
2020-03,IXIC,USA,5,7700.100098,-10.122943297139697,-6.377162188564267,1.9876159504667257,3.544295827876942,5.60056760947409,82.76741433912709,64.03543063132993,98.19669649677891,9.297101316181845,14.141037663079015,12.658546976787765,-15.71040369340041,-0.37686680923350035,3.027754065969246,-0.7094840570068491,0,1,0
2020-04,IXIC,USA,5,8889.549805,15.447197982646287,-10.122943297139697,-6.377162188564267,1.9876159504667257,7.06575942388988,69.76431941986084,47.72460098266602,82.26346549987792,-15.71040369340041,-25.47157017272198,-16.225831993669605,-0.37686680923350035,3.027754065969246,-4.293498750492198,-1.3384281588774083,0,1,0
2020-05,IXIC,USA,5,9489.870117,6.753101396229821,15.447197982646287,-10.122943297139697,-6.377162188564267,6.63494318444354,69.50140085527974,42.106849024372714,85.36720494301089,-0.37686680923350035,-11.771186856719284,3.772925714073616,3.027754065969246,-4.293498750492198,-5.254596548829982,-1.2641225588871834,0,1,1
2020-06,IXIC,USA,5,10058.76953,5.994807157380189,6.753101396229821,15.447197982646287,-10.122943297139697,6.545730399972154,71.60573234558106,51.320197105407715,86.46775321960449,3.027754065969246,21.88087756388999,1.289193288369117,-4.293498750492198,-5.254596548829982,27.892667765632396,-1.0480468176075706,0,1,0
2020-07,IXIC,USA,5,10745.26953,6.824890439655995,5.994807157380189,6.753101396229821,15.447197982646287,6.685538267833458,68.53134112204275,36.44394225458945,92.3572107745755,-4.293498750492198,-28.98713506548618,6.811160618471734,-5.254596548829982,27.892667765632396,-7.62341761045866,-1.1294147111936224,0,0,0
2020-08,IXIC,USA,5,11775.45996,9.587385659557302,6.824890439655995,5.994807157380189,6.753101396229821,6.764613750451489,64.93029563657699,27.294767964270807,89.9976692199707,-5.254596548829982,-25.104787584187527,-2.5547994951514386,27.892667765632396,-7.62341761045866,-8.272171743840929,-1.2409867889200987,0,0,1
2020-09,IXIC,USA,5,11167.50977,-5.162857264728027,9.587385659557302,6.824890439655995,5.994807157380189,7.178002939822968,83.04108727773031,49.94818175633748,105.76334724426269,27.892667765632396,82.9954437484879,17.517873697104093,-7.62341761045866,-8.272171743840929,-11.477018729790899,-0.19368612145326036,0,0,0
2020-10,IXIC,USA,5,10911.58984,-2.2916472451852576,-5.162857264728027,9.587385659557302,6.824890439655995,7.336100017625579,76.71051840628347,43.048690057569935,98.63585779743809,-7.62341761045866,-13.813299015418378,-6.739092164285898,-8.272171743840929,-11.477018729790899,20.377331218205175,-0.5310391234579444,0,0,0
2020-11,IXIC,USA,5,12198.74023,11.796176440590989,-2.2916472451852576,-5.162857264728027,9.587385659557302,7.7995006270554015,70.364892578125,62.07505849202474,79.94887498219808,-8.272171743840929,44.197322633999846,-18.94542535800341,-11.477018729790899,20.377331218205175,-3.544024808415902,-0.8727351360468183,0,0,0
2020-12,IXIC,USA,5,12888.28027,5.652551222496194,11.796176440590989,-2.2916472451852576,-5.162857264728027,7.832494427661709,62.28910067773634,29.27726056498866,85.56250313789614,-11.477018729790899,-52.8357100642118,7.021522387836021,20.377331218205175,-3.544024808415902,7.229044395559336,-1.241929193326495,0,0,1
2021-01,IXIC,USA,5,13070.69043,1.4153180733087911,5.652551222496194,11.796176440590989,-2.2916472451852576,7.843217638950755,74.98195703567997,47.25387308674474,95.04665202479208,20.377331218205175,61.40127926877659,11.084468708928341,-3.544024808415902,7.229044395559336,9.128842161979843,-0.4909869325486777,0,0,0
2021-02,IXIC,USA,5,13192.34961,0.9307785281239989,1.4153180733087911,5.652551222496194,11.796176440590989,7.288180027296259,72.32457787649972,46.01375893184117,91.39712776456561,-3.544024808415902,-2.6243651025749215,-3.8397188985410335,7.229044395559336,9.128842161979843,6.3745163092844725,-0.5840812846265266,0,0,1
2001-01,KS11,Asien_Pazifik,0,617.909973,22.450552717396775,-0.9052914990118288,-1.0204418449868524,-16.101887686237802,11.888794815580821,47.34544200281943,39.250703688590754,53.58126591097924,2.8989908486964033,-11.863157433402927,14.962542983127358,18.989927506775352,9.558998400811113,-20.567427445911946,-1.1276709843340298,0,0,1
2001-02,KS11,Asien_Pazifik,0,578.099976,-6.442685624043176,22.450552717396775,-0.9052914990118288,-1.0204418449868524,11.585854065039774,56.336307116917204,45.95857455049242,65.78157465798515,18.989927506775352,17.089810453134604,22.769728448140224,9.558998400811113,-20.567427445911946,22.282612275385794,-0.5528914270022299,0,0,1
2001-03,KS11,Asien_Pazifik,0,523.219971,-9.493168531112339,-6.442685624043176,22.450552717396775,-0.9052914990118288,11.572598749858082,61.72149381329936,57.44915543833086,65.804611175291,9.558998400811113,25.002039336999694,0.035019710953454464,-20.567427445911946,22.282612275385794,18.33193624265337,-0.16449345719586606,0,0,0
2001-04,KS11,Asien_Pazifik,0,577.359985,10.34746703122309,-9.493168531112339,-6.442685624043176,22.450552717396775,11.506979653906516,49.026970354715985,47.12476806640625,50.69535102844238,-20.567427445911946,-17.97134752138766,-22.96079237760469,22.282612275385794,18.33193624265337,-15.444990282835402,-0.9863278333381387,0,0,1
2001-05,KS11,Asien_Pazifik,0,612.159973,6.027433300560303,10.34746703122309,-9.493168531112339,-6.442685624043176,11.689599985327824,59.95146006922568,56.56440058062154,60.64858498111848,22.282612275385794,20.031149014703598,19.633425453730236,18.33193624265337,-15.444990282835402,6.919856867837648,-0.08072137279815189,0,0,1
2001-06,KS11,Asien_Pazifik,0,595.130005,-2.78194732604643,6.027433300560303,10.34746703122309,-9.493168531112339,10.942873992872487,70.94172350565593,62.602798779805504,78.85646438598633,18.33193624265337,10.675262421595733,30.02193606089316,-15.444990282835402,6.919856867837648,636.705984061322,0.8917469952324577,0,0,0
2001-07,KS11,Asien_Pazifik,0,541.549988,-9.003077739291598,-2.78194732604643,6.027433300560303,10.34746703122309,10.533364262019985,59.984781203731416,53.3461978666244,62.87733785567745,-15.444990282835402,-14.786241340007166,-20.26355943641387,6.919856867837648,636.705984061322,6.680150322070344,-0.040735325784857314,0,0,1
2001-08,KS11,Asien_Pazifik,0,545.109985,0.6573718177240728,-9.003077739291598,-2.78194732604643,6.027433300560303,10.551207327791504,64.13564220551521,73.31873946036062,56.88255968401509,6.919856867837648,37.43948471017813,-9.534083942011339,636.705984061322,6.680150322070344,-41.24090377218973,0.3121450090099885,0,1,1
2001-09,KS11,Asien_Pazifik,0,479.679993,-12.003080809462707,0.6573718177240728,-9.003077739291598,-2.78194732604643,10.641581692893089,472.49111404418943,791.8359584172566,249.4176373163859,636.705984061322,979.9912331353685,338.47822373309316,6.680150322070344,-41.24090377218973,-21.93115492388762,4.651889065398863,1,1,1
2001-10,KS11,Asien_Pazifik,0,537.809998,12.118496882983386,-12.003080809462707,0.6573718177240728,-9.003077739291598,10.237286699420489,504.05423072076616,840.6995652721774,257.8192534908172,6.680150322070344,6.170925472062505,3.368493208751655,-41.24090377218973,-21.93115492388762,-26.483715938044828,3.36038803354654,0,1,0
2001-11,KS11,Asien_Pazifik,0,643.890015,19.724441232868273,12.118496882983386,-12.003080809462707,0.6573718177240728,11.56233946657043,296.1777104695638,494.21396484375,141.4245381673177,-41.24090377218973,-41.21396212644078,-45.14585848323587,-21.93115492388762,-26.483715938044828,-15.629290096238414,1.4919838256736058,0,1,0
2001-12,KS11,Asien_Pazifik,0,693.700012,7.735792734726599,19.724441232868273,12.118496882983386,-12.003080809462707,11.596067848270298,231.22251793646043,376.6929409888483,121.45619632351783,-21.93115492388762,-23.77938144505022,-14.119432244619079,-26.483715938044828,-15.629290096238414,4.7790402345696315,0.9207024060052467,0,1,0
2002-01,KS11,Asien_Pazifik,0,748.070007,7.837681138745611,7.735792734726599,19.724441232868273,12.118496882983386,10.06600858707562,169.9862031013735,259.16573752126385,104.05673919185516,-26.483715938044828,-31.199736092496554,-14.325705611030715,-15.629290096238414,4.7790402345696315,2.5704229747520735,0.4178106412301901,0,1,0
2002-02,KS11,Asien_Pazifik,0,819.98999,9.614071186789342,7.837681138745611,7.735792734726599,19.724441232868273,9.898762781804916,143.41856629507882,209.38243239266532,93.08014828818185,-15.629290096238414,-19.20906119950132,-10.548659307337282,4.7790402345696315,2.5704229747520735,3.2632959591828437,0.1896965876609148,0,1,1
2002-03,KS11,Asien_Pazifik,0,895.580017,9.218408507645304,9.614071186789342,7.837681138745611,7.735792734726599,9.127089851669329,150.27259728216356,217.83082137569303,97.68620583318895,4.7790402345696315,4.034908223429179,4.948485396420366,2.5704229747520735,3.2632959591828437,-7.141906512616192,0.2115393086592408,0,1,1
2002-04,KS11,Asien_Pazifik,0,842.340027,-5.944749658254156,9.218408507645304,9.614071186789342,7.837681138745611,9.458220924118258,154.13523864746094,219.28201649983723,99.5971280415853,2.5704229747520735,0.6662028426368982,1.9561842863049517,3.2632959591828437,-7.141906512616192,-19.228603110713394,0.20906450846680694,0,1,1
2002-05,KS11,Asien_Pazifik,0,796.400024,-5.453854919327005,-5.944749658254156,9.218408507645304,9.614071186789342,9.766053644027304,159.16512766192037,205.2949966922883,137.87667772846837,3.2632959591828437,-6.378553075536553,38.434391070895146,-7.141906512616192,-19.228603110713394,6.386640324555559,0.22283561106419553,0,1,0
2002-06,KS11,Asien_Pazifik,0,742.719971,-6.7403379435357795,-5.453854919327005,-5.944749658254156,9.218408507645304,10.029263659486281,147.7977030436198,185.49468332926432,127.91307754516602,-7.141906512616192,-9.644810483473298,-7.2264579822009285,-19.228603110713394,6.386640324555559,34.05336231874485,0.10795986852254974,0,1,0
2002-07,KS11,Asien_Pazifik,0,717.98999,-3.3296507385823237,-6.7403379435357795,-5.453854919327005,-5.944749658254156,9.570533000648394,119.37826931861139,161.98243344214654,92.84361993112871,-19.228603110713394,-12.675430618883077,-27.416631893368603,6.386640324555559,34.05336231874485,-1.1482428597716532,-0.13781889802288977,0,0,1
2002-08,KS11,Asien_Pazifik,0,736.400024,2.564107335256849,-3.3296507385823237,-6.7403379435357795,-5.453854919327005,9.547777021505182,127.00253000567037,157.38569099672378,101.13534890451739,6.386640324555559,-2.8378030553939837,8.930854892925822,34.05336231874485,-1.1482428597716532,-7.277545082473935,-0.10494483165416127,0,0,1
2002-09,KS11,Asien_Pazifik,0,646.419983,-12.218907939633638,2.564107335256849,-3.3296507385823237,-6.7403379435357795,9.578648873085612,170.25116170247395,185.25534108479818,167.88976720174153,34.05336231874485,17.707867793810127,66.00503090195247,-1.1482428597716532,-7.277545082473935,12.179669045440855,0.20325984695605837,0,0,0
2002-10,KS11,Asien_Pazifik,0,658.919983,1.9337273488960305,-12.218907939633638,2.564107335256849,-3.3296507385823237,9.130951594015935,168.296264894547,195.84739069784843,161.10799457180886,-1.1482428597716532,5.717540747287764,-4.039419878272565,-7.277545082473935,12.179669045440855,17.26225132075463,0.15715499103937208,0,0,0
2002-11,KS11,Asien_Pazifik,0,724.799988,9.99817985486715,1.9337273488960305,-12.218907939633638,2.564107335256849,7.749332674734282,156.04842834472657,175.04123814900717,151.88629328409831,-7.277545082473935,-10.623655732508986,-5.723925316195444,12.179669045440855,17.26225132075463,15.061801848864963,0.020633136554032164,0,0,1
2002-12,KS11,Asien_Pazifik,0,627.549988,-13.41749470338015,9.99817985486715,1.9337273488960305,-12.218907939633638,8.51261773996118,175.05461046772618,174.67416357224988,183.75799191382623,12.179669045440855,-0.20970748415570784,20.983920234403875,17.26225132075463,15.061801848864963,47.86395462919402,0.13548947851311843,0,0,1
2003-01,KS11,Asien_Pazifik,0,591.859985,-5.687196826143504,-13.41749470338015,9.99817985486715,1.9337273488960305,8.198645859779335,205.2729772752331,176.48827115951045,244.28261073943108,17.26225132075463,1.0385666375383629,32.93713552006381,15.061801848864963,47.86395462919402,-27.597525181866878,0.3400154865225365,0,0,1
2003-02,KS11,Asien_Pazifik,0,575.429993,-2.7759930416650924,-5.687196826143504,-13.41749470338015,9.99817985486715,7.3958585000389325,236.19078636169434,210.63462039402552,291.2838772365025,15.061801848864963,19.34765920147381,19.240528973716554,47.86395462919402,-27.597525181866878,-36.85013674083216,0.547533154274486,0,0,1
2003-03,KS11,Asien_Pazifik,0,535.700012,-6.904398707628712,-2.7759930416650924,-5.687196826143504,-13.41749470338015,6.446423932015942,349.2410371841923,413.45056693784653,352.7903245495212,47.86395462919402,96.28803952760548,21.115637396943754,-27.597525181866878,-36.85013674083216,-8.741552754206271,1.3891505960157058,1,0,0
2003-04,KS11,Asien_Pazifik,0,599.349976,11.881643191002933,-6.904398707628712,-2.7759930416650924,-5.687196826143504,7.856748306242388,252.85915400187176,326.76046600341795,210.79934641520182,-27.597525181866878,-20.967464520966683,-40.2479796790425,-36.85013674083216,-8.741552754206271,-8.073495492440319,0.5148805034165131,0,0,0
2003-05,KS11,Asien_Pazifik,0,633.419983,5.684492928051776,11.881643191002933,-6.904398707628712,-2.7759930416650924,8.130829770968539,159.68020999047064,183.58484895767705,150.55725589875252,-36.85013674083216,-43.81668896391011,-28.577930406763798,-8.741552754206271,-8.073495492440319,2.5679680059377485,-0.33859645096062396,0,0,0
2003-06,KS11,Asien_Pazifik,0,669.929993,5.763949824740533,5.684492928051776,11.881643191002933,-6.904398707628712,8.210841384508514,145.7216801961263,176.93343124389648,127.7050184249878,-8.741552754206271,-3.623075516059593,-15.178436494042181,-8.073495492440319,2.5679680059377485,-13.59457280674885,-0.5029181585692353,0,0,0
2003-07,KS11,Asien_Pazifik,0,713.52002,6.506654046760985,5.763949824740533,5.684492928051776,11.881643191002933,8.396171588281508,133.95684691398375,166.529414761451,106.6518937387774,-8.073495492440319,-5.880186920754349,-16.485745780285622,2.5679680059377485,-13.59457280674885,-9.404549940243411,-0.6575022098566479,0,0,1
2003-08,KS11,Asien_Pazifik,0,759.469971,6.439896528761713,6.506654046760985,5.763949824740533,5.684492928051776,8.564982702553362,137.39681588449787,179.2770211004442,108.98332251271894,2.5679680059377485,7.654867674430843,2.186017230647508,-13.59457280674885,-9.404549940243411,9.037235190035675,-0.6740441743414888,0,0,0
2003-09,KS11,Asien_Pazifik,0,697.52002,-8.156998086235056,6.439896528761713,6.506654046760985,5.763949824740533,8.078764658120582,118.71830571492514,145.99144999186197,97.7679594039917,-13.59457280674885,-18.56655744515813,-10.290898506437395,-9.404549940243411,9.037235190035675,12.52368017722989,-0.8383518008892655,0,0,0
2003-10,KS11,Asien_Pazifik,0,782.359985,12.163086731188022,-8.156998086235056,6.439896528761713,6.506654046760985,8.708429049433812,107.55338336575416,129.5931615521831,91.48407450029927,-9.404549940243411,-11.232362196959455,-6.4273458728196236,9.037235190035675,12.52368017722989,-13.501723875035932,-1.156165429144045,0,0,1
2003-11,KS11,Asien_Pazifik,0,796.179993,1.766451283931647,12.163086731188022,-8.156998086235056,6.439896528761713,8.318683061846341,117.27323557535807,152.34808400472005,93.18425509134929,9.037235190035675,17.55873703519013,1.85844432524096,12.52368017722989,-13.501723875035932,0.6077524070589702,-0.9411455660729602,0,0,1
2003-12,KS11,Asien_Pazifik,0,810.710022,1.8249678625119614,1.766451283931647,12.163086731188022,-8.156998086235056,6.950797300757403,131.9601605323053,166.63024114793348,112.74830061389554,12.52368017722989,9.374687733369157,20.995011982837084,-13.501723875035932,0.6077524070589702,19.33554692769983,-0.607084009889599,0,0,0
2004-01,KS11,Asien_Pazifik,0,848.5,4.661343387216688,1.8249678625119614,1.766451283931647,12.163086731188022,6.485943532714604,114.1432640321793,127.11111671693864,107.96992640341482,-13.501723875035932,-23.716658008020264,-4.238089784469723,0.6077524070589702,19.33554692769983,8.529074870679644,-0.8844800294625489,0,0,1
2004-02,KS11,Asien_Pazifik,0,883.419983,4.115495934001179,4.661343387216688,1.8249678625119614,1.766451283931647,6.204011205607721,114.83697246683055,130.29377562424233,103.49829351490942,0.6077524070589702,2.503839939028385,-4.141554076639597,19.33554692769983,8.529074870679644,-18.08536449217786,-0.8379888001533916,0,0,1
2004-03,KS11,Asien_Pazifik,0,880.5,-0.3305316900444222,4.115495934001179,4.661343387216688,1.8249678625119614,5.411288959086223,137.0413291685043,182.14090384206463,107.18084593742124,19.33554692769983,39.792482771660254,3.558080329103519,8.529074870679644,-18.08536449217786,12.444061856436273,-0.41912189126732874,0,0,1
2004-04,KS11,Asien_Pazifik,0,862.840027,-2.0056755252697345,-0.3305316900444222,4.115495934001179,4.661343387216688,5.134365645534544,148.72968673706055,203.51488087972004,120.71956570943196,8.529074870679644,11.734858335933641,12.631659746290346,-18.08536449217786,12.444061856436273,-4.812826861738328,-0.20109534769664494,0,0,0
2004-05,KS11,Asien_Pazifik,0,803.840027,-6.837883982403614,-2.0056755252697345,-0.3305316900444222,4.115495934001179,5.811953854196706,121.83138078258884,160.97313985516948,91.7239502937563,-18.08536449217786,-20.903503881710396,-24.018985858073037,12.444061856436273,-4.812826861738328,7.326084232038577,-0.6577450373351099,0,0,1
2004-06,KS11,Asien_Pazifik,0,785.789978,-2.2454777559863803,-6.837883982403614,-2.0056755252697345,-0.3305316900444222,5.8202500201741945,136.9921531677246,177.06919593811034,107.51701380411784,12.444061856436273,9.9992185636826,17.21803679386078,-4.812826861738328,7.326084232038577,9.302013958189859,-0.37433464268107997,0,0,0
2004-07,KS11,Asien_Pazifik,0,735.340027,-6.420284352366745,-2.2454777559863803,-6.837883982403614,-2.0056755252697345,6.001171616588718,130.39895802159464,159.34060545890563,120.38267381729618,-4.812826861738328,-10.012238653526872,11.96616196634508,7.326084232038577,9.302013958189859,-22.82005024743897,-0.5042698226408638,0,0,1
2004-08,KS11,Asien_Pazifik,0,803.570007,9.278697948534242,-6.420284352366745,-2.2454777559863803,-6.837883982403614,6.308374806019403,139.9520955239573,177.53836158014113,126.08562567926222,7.326084232038577,11.420664600103292,4.737352711255904,9.302013958189859,-22.82005024743897,5.420373167086323,-0.3422804943272867,0,0,1
2004-09,KS11,Asien_Pazifik,0,835.090027,3.922498316938783,9.278697948534242,-6.420284352366745,-2.2454777559863803,5.710528329558959,152.970458984375,188.2974100748698,129.69852345784506,9.302013958189859,6.060126047672232,2.8654319309747045,-22.82005024743897,5.420373167086323,-13.892755620942731,-0.09186768304555457,0,0,0
2004-10,KS11,Asien_Pazifik,0,834.840027,-0.029936892061577236,3.922498316938783,9.278697948534242,-6.420284352366745,4.659378355280726,118.0625233804026,147.26095236501385,96.84527255642799,-22.82005024743897,-21.793426523253423,-25.33047410681982,5.420373167086323,-13.892755620942731,-7.26291042543833,-0.6838368102148895,0,0,1
2004-11,KS11,Asien_Pazifik,0,878.059998,5.177036270686619,-0.029936892061577236,3.922498316938783,9.278697948534242,4.834940632364677,124.46195271809896,154.47430343627929,99.13031984965006,5.420373167086323,4.898346068946902,2.3594825363217,-13.892755620942731,-7.26291042543833,10.283956104618763,-0.5408137756069878,0,0,0
2004-12,KS11,Asien_Pazifik,0,895.919983,2.034027861499288,5.177036270686619,-0.029936892061577236,3.922498316938783,4.838849989655959,107.17075778592017,141.9146915558846,79.30897829609532,-13.892755620942731,-8.130550907824963,-19.995236153396423,-7.26291042543833,10.283956104618763,-17.45270714392596,-0.7913484165691447,0,0,0
2005-01,KS11,Asien_Pazifik,0,932.700012,4.1052805716914165,2.034027861499288,5.177036270686619,-0.029936892061577236,4.802533818701649,99.38704164566532,126.41269216229838,77.36354717131584,-7.26291042543833,-10.923463401589872,-2.4529771616982887,10.283956104618763,-17.45270714392596,-3.9145466707558807,-0.8546164799301317,0,0,1
2005-02,KS11,Asien_Pazifik,0,1011.359985,8.433576925910891,4.1052805716914165,2.034027861499288,5.177036270686619,5.210091964558684,109.60796138218471,108.7996129989624,105.78578090667725,10.283956104618763,-13.932999022537196,36.73853484564569,-17.45270714392596,-3.9145466707558807,13.63922143399825,-0.6093248456395398,0,0,0
2005-03,KS11,Asien_Pazifik,0,965.679993,-4.516689673064345,8.433576925910891,4.1052805716914165,2.034027861499288,5.460175535330206,90.47840487572455,87.14632021996283,87.85526915519468,-17.45270714392596,-19.901994301400748,-16.94983162935727,-3.9145466707558807,13.63922143399825,-17.244799928592734,-1.3114835862782213,0,0,0
2005-04,KS11,Asien_Pazifik,0,911.299988,-5.631265573915645,-4.516689673064345,8.433576925910891,4.1052805716914165,5.7297093731600945,86.93658548990885,102.42798690795898,72.97031523386637,-3.9145466707558807,17.535641951862413,-16.942585304740586,13.63922143399825,-17.244799928592734,101.53634744222848,-1.9681854593802057,0,0,1
2005-05,KS11,Asien_Pazifik,0,970.210022,6.464395344642537,-5.631265573915645,-4.516689673064345,8.433576925910891,5.438032159957833,98.79405889203471,105.33132522336898,90.99365062098349,13.63922143399825,2.834516622902017,24.69954436862878,-17.244799928592734,101.53634744222848,-29.06039521641346,-1.26982662995963,0,0,0
2005-06,KS11,Asien_Pazifik,0,1008.159973,3.911519170021527,6.464395344642537,-5.631265573915645,-4.516689673064345,5.31962701192604,81.75722109476725,95.1893081665039,69.31578687032064,-17.244799928592734,-9.628680770281385,-23.82349054326638,101.53634744222848,-29.06039521641346,-11.224524686306193,-1.9527645530909168,0,0,1
2005-07,KS11,Asien_Pazifik,0,1111.290039,10.22953387973875,3.911519170021527,6.464395344642537,-5.631265573915645,5.022068780603199,164.77051716466104,237.00151295815743,116.65942007495511,101.53634744222848,148.97913171466425,68.30137165319535,-29.06039521641346,-11.224524686306193,-15.755245474037638,2.096672493283496,1,0,0
2005-08,KS11,Asien_Pazifik,0,1083.329956,-2.5160023053171554,10.22953387973875,3.911519170021527,6.464395344642537,4.966699277563618,116.88755367648217,143.29871208437027,94.36514368364888,-29.06039521641346,-39.53679438760814,-19.11056679090457,-11.224524686306193,-15.755245474037638,-6.115837148029257,-0.13086161533737817,0,0,0
2005-09,KS11,Asien_Pazifik,0,1221.01001,12.708967682234018,-2.5160023053171554,10.22953387973875,3.911519170021527,5.7587525888934605,103.76748135884603,130.99529851277669,78.09897527694702,-11.224524686306193,-8.585850767695435,-17.237475376748023,-15.755245474037638,-6.115837148029257,16.183129415888263,-0.7222024783719024,0,0,0
2005-10,KS11,Asien_Pazifik,0,1158.109985,-5.151474966204406,12.708967682234018,-2.5160023053171554,10.22953387973875,6.205615426051933,87.41865994853359,105.815919445407,73.7711932274603,-15.755245474037638,-19.221589899208325,-5.541406957184714,-6.115837148029257,16.183129415888263,-1.7312131574054201,-1.4009850531265875,0,0,0
2005-11,KS11,Asien_Pazifik,0,1297.439941,12.030805174346204,-5.151474966204406,12.708967682234018,-2.5160023053171554,6.724214759915306,82.0722770690918,93.67955487569174,70.19666430155436,-6.115837148029257,-11.469318258843575,-4.84542647274867,16.183129415888263,-1.7312131574054201,3.0493001694113175,-1.4956872910468275,0,0,1
2005-12,KS11,Asien_Pazifik,0,1379.369995,6.314747327483428,12.030805174346204,-5.151474966204406,12.708967682234018,6.752367490265372,95.3541398817493,131.53387844947076,69.47696587347215,16.183129415888263,40.40830854075885,-1.0252601533749406,-1.7312131574054201,3.0493001694113175,-4.876761101613781,-0.8501301787759667,0,0,0
2006-01,KS11,Asien_Pazifik,0,1399.829956,1.4832830258860286,6.314747327483428,12.030805174346204,-5.151474966204406,6.7862330694838695,93.70335646598569,99.09636282151745,89.04377758887506,-1.7312131574054201,-24.660958842184765,28.163019886385033,3.0493001694113175,-4.876761101613781,-2.7477636832640484,-0.86918062114162,0,0,1
2006-02,KS11,Asien_Pazifik,0,1371.589966,-2.017387174703389,1.4832830258860286,6.314747327483428,12.030805174346204,6.786685441855158,96.56065307344709,102.5961035319737,90.61754550252643,3.0493001694113175,3.5316540494625848,1.7674091960896199,-4.876761101613781,-2.7477636832640484,-5.529103500524313,-0.708329151877598,0,0,0
2006-03,KS11,Asien_Pazifik,0,1359.599976,-0.8741672290711433,-2.017387174703389,1.4832830258860286,6.314747327483428,6.506540612102741,91.85162070489699,96.46455383300781,86.54391436423025,-4.876761101613781,-5.976396264459504,-4.495411032935781,-2.7477636832640484,-5.529103500524313,21.25192544792216,-0.831433334170445,0,0,0
2006-04,KS11,Asien_Pazifik,0,1419.72998,4.422624673538533,-0.8741672290711433,-2.017387174703389,1.4832830258860286,5.9021620446838545,89.32775522867838,92.80472908020019,86.14640655517579,-2.7477636832640484,-3.7939580989958643,-0.45931341559326544,-5.529103500524313,21.25192544792216,34.3204566344385,-0.8681456484447946,0,0,0
2006-05,KS11,Asien_Pazifik,0,1317.699951,-7.1865798734488955,4.422624673538533,-0.8741672290711433,-2.017387174703389,6.636458023098063,84.38873118738974,80.68312811082409,83.90371753323463,-5.529103500524313,-13.06140440203304,-2.603345991576267,21.25192544792216,34.3204566344385,7.312638981344266,-0.999507531482902,0,0,1
2006-06,KS11,Asien_Pazifik,0,1295.150024,-1.711309694053409,-7.1865798734488955,4.422624673538533,-0.8741672290711433,6.746859865497778,102.32296142578124,114.45484237670898,90.22701250712076,21.25192544792216,41.857219788872115,7.536370449118013,34.3204566344385,7.312638981344266,-22.965425288660548,-0.17227721348087163,0,0,1
2006-07,KS11,Asien_Pazifik,0,1297.819946,0.20614770107898472,-1.711309694053409,-7.1865798734488955,4.422624673538533,6.2818490710754205,137.44066902898973,144.67092710925687,133.83614447809035,34.3204566344385,26.40000554375559,48.33267860611912,7.312638981344266,-22.965425288660548,-0.7804776668569935,1.359095430202944,0,0,1
2006-08,KS11,Asien_Pazifik,0,1352.73999,4.231715205893427,0.20614770107898472,-1.711309694053409,-7.1865798734488955,6.193428478481674,147.491208968624,160.77977629630797,141.31128421906502,7.312638981344266,11.134821286439633,5.585292201986869,-22.965425288660548,-0.7804776668569935,-22.11167420803153,1.7460298472526472,0,0,0
2006-09,KS11,Asien_Pazifik,0,1371.410034,1.3801650086503248,4.231715205893427,0.20614770107898472,-1.711309694053409,5.203274824044083,113.61922556559244,117.84904912312825,111.18667894999186,-22.965425288660548,-26.701571654174238,-21.317904961059643,-0.7804776668569935,-22.11167420803153,4.216522278378543,0.39923758677984533,0,0,0
2006-10,KS11,Asien_Pazifik,0,1364.550049,-0.500214000913457,1.3801650086503248,4.231715205893427,0.20614770107898472,4.857487425266176,112.73245288479713,100.46679675194525,124.12324234747118,-0.7804776668569935,-14.749590684454382,11.634993975580254,-22.11167420803153,4.216522278378543,6.4485592524549995,0.36987798774225267,0,0,0
2006-11,KS11,Asien_Pazifik,0,1432.209961,4.9584045707655955,-0.500214000913457,1.3801650086503248,4.231715205893427,3.768071250212639,87.80542017618815,84.66829687754313,86.73696505228678,-22.11167420803153,-15.7250956387203,-30.120287375772126,4.216522278378543,6.4485592524549995,-2.420350593251641,-0.7445585542708184,0,0,1
2006-12,KS11,Asien_Pazifik,0,1434.459961,0.15709987091760969,4.9584045707655955,-0.500214000913457,1.3801650086503248,3.359649077585042,91.50775527954102,79.05746866041615,96.69359145625945,4.216522278378543,-6.626834865052256,11.479103975992967,6.4485592524549995,-2.420350593251641,-9.379331496809673,-0.5335730533010896,0,0,1
2007-01,KS11,Asien_Pazifik,0,1360.22998,-5.1747684158609975,0.15709987091760969,4.9584045707655955,-0.500214000913457,3.693881967693928,97.40868709933373,96.73051378803868,95.33105973274478,6.4485592524549995,22.35468125539841,-1.4091230897458562,-2.420350593251641,-9.379331496809673,-12.100478069879417,-0.24936871439441408,0,0,0
2007-02,KS11,Asien_Pazifik,0,1417.339966,4.19855368869313,-5.1747684158609975,0.15709987091760969,4.9584045707655955,3.8448871068420223,95.05105536324638,89.62849848611015,97.72646740504673,-2.420350593251641,-7.342063040718328,2.5127253164051178,-9.379331496809673,-12.100478069879417,21.277337532296347,-0.3323976887352762,0,0,0
2007-03,KS11,Asien_Pazifik,0,1452.550049,2.4842369399467046,4.19855368869313,-5.1747684158609975,0.15709987091760969,3.870434322256868,86.13590178951141,82.20472852645382,85.6678963938067,-9.379331496809673,-8.282823080882917,-12.339104575693804,-12.100478069879417,21.277337532296347,7.364126721593589,-0.7423013756406779,0,0,0
2007-04,KS11,Asien_Pazifik,0,1542.23999,6.174654089320142,2.4842369399467046,4.19855368869313,-5.1747684158609975,4.0554530416315036,75.71304588317871,82.1852602005005,68.55693855285645,-12.100478069879417,-0.023682732492769087,-19.973594031412766,21.277337532296347,7.364126721593589,15.619378517191729,-1.1858271590857998,0,0,1
2007-05,KS11,Asien_Pazifik,0,1700.910034,10.288284899161514,6.174654089320142,2.4842369399467046,4.19855368869313,4.076768671029585,91.82276621172505,103.15781870195943,82.37121458976499,21.277337532296347,25.518637344815765,20.150077189135175,7.364126721593589,15.619378517191729,-27.075906953096485,-0.4274257163072001,0,0,1
2007-06,KS11,Asien_Pazifik,0,1743.599976,2.509829511653061,10.288284899161514,6.174654089320142,2.4842369399467046,3.8838497278346655,98.5847110748291,110.01365140279134,88.00655695597331,7.364126721593589,6.645965169775048,6.841397682763484,15.619378517191729,-27.075906953096485,11.546988654440726,-0.15149908320847785,0,0,1
2007-07,KS11,Asien_Pazifik,0,1933.27002,10.878071037550875,2.509829511653061,10.288284899161514,6.174654089320142,4.469500471447564,113.9830302576865,129.01673864549207,104.86104534518334,15.619378517191729,17.2733901660304,19.151400727609147,-27.075906953096485,11.546988654440726,8.890282235271773,0.8438942046709289,0,0,0
2007-08,KS11,Asien_Pazifik,0,1873.23999,-3.105103238501572,10.878071037550875,2.509829511653061,10.288284899161514,4.841495053043442,83.12109104279548,100.07418700187436,73.35449858634702,-27.075906953096485,-22.433175685168337,-30.045997210043584,11.546988654440726,8.890282235271773,-11.738998432242253,-0.9018285901965774,0,0,1
2007-09,KS11,Asien_Pazifik,0,1946.47998,3.909802822434938,-3.105103238501572,10.878071037550875,2.509829511653061,4.826532544337504,92.71907399495443,90.46699282328288,93.58469161987304,11.546988654440726,-9.600072172868657,27.578667189324,8.890282235271773,-11.738998432242253,6.2146853340762975,-0.3042948164958451,0,0,1
2007-10,KS11,Asien_Pazifik,0,2064.850098,6.081239941650973,3.909802822434938,-3.105103238501572,10.878071037550875,4.7580378349659425,100.96206135903635,95.91243030178931,103.74951417984501,8.890282235271773,6.019253330486496,10.861629593502276,-11.738998432242253,6.2146853340762975,-14.642856634877798,0.15333338680998607,0,0,0
2007-11,KS11,Asien_Pazifik,0,1906.0,-7.693057145110005,6.081239941650973,3.909802822434938,-3.105103238501572,5.734392000580855,89.11012655893961,80.4546085993449,95.28441146214803,-11.738998432242253,-16.116598916121973,-8.159173355764459,6.2146853340762975,-14.642856634877798,1.0531282092792749,-0.5828290894031587,0,0,1
2007-12,KS11,Asien_Pazifik,0,1897.130005,-0.46537224554039636,-7.693057145110005,6.081239941650973,3.909802822434938,5.7608496003447485,94.64804052537487,85.06247354322865,97.48771335232642,6.2146853340762975,5.727285265696103,2.3123424454939867,-14.642856634877798,1.0531282092792749,-4.221155249228914,-0.24424836443298129,0,0,0
2008-01,KS11,Asien_Pazifik,0,1624.680054,-14.361163983593206,-0.46537224554039636,-7.693057145110005,6.081239941650973,7.283591786049388,80.78886364352319,81.53163952981272,76.77330804640248,-14.642856634877798,-4.150871549275559,-21.248221538503877,1.0531282092792749,-4.221155249228914,-8.092695384500992,-1.030238765598614,0,0,1
2008-02,KS11,Asien_Pazifik,0,1711.619995,5.351203813080119,-14.361163983593206,-0.46537224554039636,-7.693057145110005,7.326412706630677,81.6396739565093,88.45064189516265,72.8041961275298,1.0531282092792749,8.48627895287195,-5.169911288013928,-4.221155249228914,-8.092695384500992,1.7020307479039154,-0.924475523282837,0,0,0
2008-03,KS11,Asien_Pazifik,0,1703.98999,-0.4457768092385517,5.351203813080119,-14.361163983593206,-0.46537224554039636,7.35168815790864,78.19353657384073,84.13256103761735,72.61432629246866,-4.221155249228914,-4.881910142227531,-0.2607951809928011,-8.092695384500992,1.7020307479039154,18.740602004999385,-1.0661920521595403,0,0,0
2008-04,KS11,Asien_Pazifik,0,1825.469971,7.129148745762293,-0.4457768092385517,5.351203813080119,-14.361163983593206,7.410685906111265,71.86557184855143,70.36499150594075,69.58370641072591,-8.092695384500992,-16.364139355654284,-4.173583969554883,1.7020307479039154,18.740602004999385,3.0983884950956497,-1.3333965961012133,0,0,1
2008-05,KS11,Asien_Pazifik,0,1852.02002,1.4544226649455982,7.129148745762293,-0.4457768092385517,5.351203813080119,6.89811634770479,73.08874597857076,75.19145030360067,71.38500275150422,1.7020307479039154,6.85917626701118,2.588675472596913,18.740602004999385,3.0983884950956497,-1.1180904357439236,-1.2102508567294472,0,0,1
2008-06,KS11,Asien_Pazifik,0,1674.920044,-9.562530322971341,1.4544226649455982,7.129148745762293,-0.4457768092385517,7.501780213387556,86.7860169728597,80.27725048065186,87.26098276774088,18.740602004999385,6.763801145630577,22.23993752791742,3.0983884950956497,-1.1180904357439236,0.8402831055205118,-0.4430783950807696,0,0,1
2008-07,KS11,Asien_Pazifik,0,1594.670044,-4.791273487201753,-9.562530322971341,1.4544226649455982,7.129148745762293,6.749017874786755,89.47498493809854,87.2099857945596,84.52966382426601,3.0983884950956497,8.635989987697258,-3.130057508915207,-1.1180904357439236,0.8402831055205118,-27.17747676132537,-0.21996002846280854,0,0,0
2008-08,KS11,Asien_Pazifik,0,1474.23999,-7.552035886867136,-4.791273487201753,-9.562530322971341,1.4544226649455982,6.971092179477083,88.47457368912235,105.41860654277187,75.39880838701802,-1.1180904357439236,20.879054826480868,-10.801954040927797,0.8402831055205118,-27.17747676132537,21.79458180831557,-0.18480278958268545,0,1,1
2008-09,KS11,Asien_Pazifik,0,1448.060059,-1.7758255899706032,-7.552035886867136,-4.791273487201753,-9.562530322971341,6.741206862492945,89.21801058451335,95.21897468566894,82.42706019083658,0.8402831055205118,-9.675362055715087,9.321436179392805,-27.17747676132537,21.79458180831557,18.90005212057766,-0.03769254696213948,0,1,0
2008-10,KS11,Asien_Pazifik,0,1113.060059,-23.134399565674368,-1.7758255899706032,-7.552035886867136,-4.791273487201753,8.513616648528933,64.97080649099043,76.1353960960142,53.63574997071297,-27.17747676132537,-20.041781223387755,-34.929439620272106,21.79458180831557,18.90005212057766,-8.348161215059768,-2.1434157026319185,0,1,1
2008-11,KS11,Asien_Pazifik,0,1076.069946,-3.3232809587321555,-23.134399565674368,-1.7758255899706032,-7.552035886867136,8.46512136128885,79.13092206319173,96.24985440572102,67.7355552037557,21.79458180831557,26.41932575531689,26.288073236119036,18.90005212057766,-8.348161215059768,-22.161447104217558,-0.7595182677418102,0,1,1
2008-12,KS11,Asien_Pazifik,0,1124.469971,4.497851201951497,-3.3232809587321555,-23.134399565674368,-1.7758255899706032,8.784201990814548,94.08670757662865,107.55399310204291,87.6594942154423,18.90005212057766,11.744577450134797,29.414299405612443,-8.348161215059768,-22.161447104217558,7.35467474432232,0.6233375017235697,0,1,0
2009-01,KS11,Asien_Pazifik,0,1162.109985,3.347356085154196,4.497851201951497,-3.3232809587321555,-23.134399565674368,8.338817878789428,86.23219754618984,91.03520405677057,87.53845571702526,-8.348161215059768,-15.358601358110413,-0.1380780250905378,-22.161447104217558,7.35467474432232,19.28906303929281,-0.06406076130466869,0,1,0
2009-02,KS11,Asien_Pazifik,0,1063.030029,-8.525867368741357,3.347356085154196,4.497851201951497,-3.3232809587321555,8.12560578578429,67.12189470018659,63.14009993416922,65.29873490333557,-22.161447104217558,-30.642106437423532,-25.40565815506419,7.35467474432232,19.28906303929281,6.075574369099579,-1.6713881846745218,0,1,1
2009-03,KS11,Asien_Pazifik,0,1206.26001,13.473747410008485,-8.525867368741357,3.347356085154196,4.497851201951497,9.489211888806137,72.05849173761183,73.33846209126133,69.22285332218293,7.35467474432232,16.151957579612763,6.0094861327044,19.28906303929281,6.075574369099579,-10.888347911835139,-1.1405010755464262,0,1,1
2009-04,KS11,Asien_Pazifik,0,1369.359985,13.52112924642177,13.473747410008485,-8.525867368741357,3.347356085154196,10.223545508887591,85.95789963404337,83.50890401204427,85.18863232930501,19.28906303929281,13.86781455565156,23.06431798298285,6.075574369099579,-10.888347911835139,-0.2073196231979657,0.0329756834210831,0,1,1
2009-05,KS11,Asien_Pazifik,0,1395.890015,1.937403625825973,13.52112924642177,13.473747410008485,-8.525867368741357,10.238737625008984,91.18033575242565,93.24943800895444,89.41171313870338,6.075574369099579,11.664066379682492,4.957329040186531,-10.888347911835139,-0.2073196231979657,-9.032432357199339,0.4977999095413013,0,1,0
2009-06,KS11,Asien_Pazifik,0,1390.069946,-0.41694323603280736,1.937403625825973,13.52112924642177,13.473747410008485,9.94655546452172,81.25230356852214,73.67756567001342,81.75211544036866,-10.888347911835139,-20.988729537503048,-8.566660261226033,-0.2073196231979657,-9.032432357199339,23.549742301368237,-0.3265552025967795,0,1,0
2009-07,KS11,Asien_Pazifik,0,1557.290039,12.029617177263962,-0.41694323603280736,1.937403625825973,13.52112924642177,10.540712553226847,81.08385159892421,76.3114563111336,80.97563048331968,-0.2073196231979657,3.5748882542032234,-0.9498041156076997,-9.032432357199339,23.549742301368237,-0.8148729801666255,-0.2627382909944407,0,0,0
2009-08,KS11,Asien_Pazifik,0,1591.849976,2.2192357322334377,12.029617177263962,-0.41694323603280736,1.937403625825973,10.249016281099443,73.76000755063949,78.4546751206921,65.25164118120748,-9.032432357199339,2.8085151472149406,-19.418174589392322,23.549742301368237,-0.8148729801666255,-10.353229076577463,-1.0040004553560047,0,0,1
2009-09,KS11,Asien_Pazifik,0,1673.140015,5.106639458843065,2.2192357322334377,12.029617177263962,-0.41694323603280736,10.262710438096477,91.13029925028484,75.68046391805014,96.45980974833171,23.549742301368237,-3.5360686898189386,47.82740786619817,-0.8148729801666255,-10.353229076577463,18.25563652218536,0.8816289056537101,0,0,0
2009-10,KS11,Asien_Pazifik,0,1580.689941,-5.5255431805568245,5.106639458843065,2.2192357322334377,12.029617177263962,7.180791571241576,90.38770306494928,89.20428694448164,89.28504986916819,-0.8148729801666255,17.869635473000866,-7.4380821379212865,-10.353229076577463,18.25563652218536,-2.2371733163945695,0.9151397601578731,0,0,0
2009-11,KS11,Asien_Pazifik,0,1555.599976,-1.5872793486702008,-5.5255431805568245,5.106639458843065,2.2192357322334377,7.053897192259321,81.02965710957845,82.64781697591145,73.95016460418701,-10.353229076577463,-7.349949417398238,-17.175199305428855,18.25563652218536,-2.2371733163945695,-13.029217772023905,-0.1425267675173771,0,0,1
2009-12,KS11,Asien_Pazifik,0,1682.77002,8.17498366945204,-1.5872793486702008,-5.5255431805568245,5.106639458843065,7.187384275919123,95.82213678667623,100.3492317199707,92.03632293208953,18.25563652218536,21.41788542245284,24.457225247174776,-2.2371733163945695,-13.029217772023905,-10.73701462694614,1.5908561015288483,0,0,0
2010-01,KS11,Asien_Pazifik,0,1602.430054,-4.774268916438151,8.17498366945204,-1.5872793486702008,-5.5255431805568245,7.589237497295437,93.6784295112856,102.653564453125,87.86365244465489,-2.2371733163945695,2.296313278794848,-4.53372142052385,-13.029217772023905,-10.73701462694614,21.862566984562726,1.2320588451155279,0,0,0
2010-02,KS11,Asien_Pazifik,0,1594.579956,-0.4898870924446519,-4.774268916438151,8.17498366945204,-1.5872793486702008,6.795759315400234,81.47286292484829,81.01815795898438,80.05752774647304,-13.029217772023905,-21.07613759872904,-8.88436171384852,-10.73701462694614,21.862566984562726,-1.6770919748616664,-0.1517539998744288,0,0,0
2010-03,KS11,Asien_Pazifik,0,1692.849976,6.162752744397348,-0.4898870924446519,-4.774268916438151,8.17498366945204,6.128915515377008,72.72510971561555,67.32707777330953,73.52030064982753,-10.73701462694614,-16.898779891547267,-8.165661969162553,21.862566984562726,-1.6770919748616664,10.567262949366473,-1.0941896353363345,0,0,1
2010-04,KS11,Asien_Pazifik,0,1741.560059,2.877401050924555,6.162752744397348,-0.4898870924446519,-4.774268916438151,5.167332485173138,88.62468554178874,79.6067726135254,92.83870468139648,21.862566984562726,18.238865024799743,26.2762854080008,-1.6770919748616664,10.567262949366473,-17.59668875597209,0.607960427043267,0,0,0
2010-05,KS11,Asien_Pazifik,0,1641.25,-5.759781781950013,2.877401050924555,6.162752744397348,-0.4898870924446519,5.6503147199081605,87.13836805282101,83.16650359861312,86.94786573225453,-1.6770919748616664,4.471643389400404,-6.345240349225156,10.567262949366473,-17.59668875597209,2.79697724964445,0.3828726247882139,0,0,1
2010-06,KS11,Asien_Pazifik,0,1698.290039,3.475402223914692,-5.759781781950013,2.877401050924555,6.162752744397348,5.6418940519870056,96.34650853474935,69.67944971720378,111.88416697184245,10.567262949366473,-16.216930251753723,28.67960131002669,-17.59668875597209,2.79697724964445,-11.994283766920088,1.357065673567289,0,0,0
2010-07,KS11,Asien_Pazifik,0,1759.329956,3.5941986114422564,3.475402223914692,-5.759781781950013,2.877401050924555,4.7022223958126785,79.39271330064342,81.76249122619629,76.34224307152533,-17.59668875597209,17.340896861315503,-31.766714506854075,2.79697724964445,-11.994283766920088,-8.726501270000398,-0.5011396530748392,0,0,1
2010-08,KS11,Asien_Pazifik,0,1742.75,-0.9424017333107937,3.5941986114422564,3.475402223914692,-5.759781781950013,4.723729982193967,81.61330942953786,84.75737048733619,74.11711311340332,2.79697724964445,3.6629011863820837,-2.9146772070048788,-11.994283766920088,-8.726501270000398,45.83401536726808,-0.22012562720000922,0,0,0
2010-09,KS11,Asien_Pazifik,0,1872.810059,7.462921187777938,-0.9424017333107937,3.5941986114422564,3.475402223914692,4.959425195276695,71.82437750498454,70.37432320912679,69.72902139027913,-11.994283766920088,-16.969671422685785,-5.920483865055792,-8.726501270000398,45.83401536726808,2.3956021728043453,-1.2145632690267665,0,0,0
2010-10,KS11,Asien_Pazifik,0,1882.949951,0.5414266092427233,7.462921187777938,-0.9424017333107937,3.5941986114422564,4.517029939360649,65.55662228984218,74.25972569373346,63.16021014798072,-8.726501270000398,5.521051297446489,-9.4204839123329,45.83401536726808,2.3956021728043453,-19.46454465246935,-1.919177895726568,0,0,1
2010-11,KS11,Asien_Pazifik,0,1904.630005,1.1513876929382105,0.5414266092427233,7.462921187777938,-0.9424017333107937,4.41143829595789,95.60385462443034,80.85895284016927,102.02185897827148,45.83401536726808,8.886683979486731,61.528688297965076,2.3956021728043453,-19.46454465246935,12.806536842294957,1.291041578905604,1,0,1
2010-12,KS11,Asien_Pazifik,0,2051.0,7.684956900592366,1.1513876929382105,0.5414266092427233,7.462921187777938,4.348779108183651,97.89414264309791,94.39043466506466,98.9651261606524,2.3956021728043453,16.73467358851721,-2.9961547929352017,-19.46454465246935,12.806536842294957,53.00774228080458,1.4848186772493326,0,0,0
2011-01,KS11,Asien_Pazifik,0,2069.72998,0.9132120916625963,7.684956900592366,1.1513876929382105,0.5414266092427233,3.8551529961269853,78.83949353618007,77.48969244187877,77.08557048920662,-19.46454465246935,-17.9051429132163,-22.108349193561573,12.806536842294957,53.00774228080458,-33.36802641662523,-0.4750384228910944,0,1,1
2011-02,KS11,Asien_Pazifik,0,1939.300049,-6.301784883069628,0.9132120916625963,7.684956900592366,1.1513876929382105,4.532482084054848,88.93610232216972,84.70568302699498,89.67357962472099,12.806536842294957,9.312194122500305,16.329916293837265,53.00774228080458,-33.36802641662523,15.221272067740333,0.5147852069653104,0,1,1
2011-03,KS11,Asien_Pazifik,0,2106.699951,8.631975340088282,-6.301784883069628,0.9132120916625963,7.684956900592366,4.7997744661743535,136.0791222356981,156.13775290212322,126.68266185637444,53.00774228080458,84.32972537670638,41.27088757528632,-33.36802641662523,15.221272067740333,-19.08316741489856,3.6246571728768533,1,1,0
2011-04,KS11,Asien_Pazifik,0,2192.360107,4.066082403397742,8.631975340088282,-6.301784883069628,0.9132120916625963,4.832938617698484,90.67220478057861,111.14294446309408,73.5580285390218,-33.36802641662523,-28.817379271004796,-41.935204501451274,15.221272067740333,-19.08316741489856,-7.395183206081024,0.2582538320621,0,1,1
2011-05,KS11,Asien_Pazifik,0,2142.469971,-2.2756360070914194,4.066082403397742,8.631975340088282,-6.301784883069628,4.407482624561547,104.47366776004914,120.63443325411889,96.0221432101342,15.221272067740333,8.53989323107822,30.539310415579468,-19.08316741489856,-7.395183206081024,10.35534745366633,1.1963348470666315,0,1,0
2011-06,KS11,Asien_Pazifik,0,2100.689941,-1.9500870754561417,-2.2756360070914194,4.066082403397742,8.631975340088282,4.555485028239419,84.53678283691406,97.33198216756185,72.88245728810628,-19.08316741489856,-19.316583547476828,-24.098281030229863,-7.395183206081024,10.35534745366633,-3.7587201796722147,-0.2381333011797011,0,1,0
2011-07,KS11,Asien_Pazifik,0,2133.209961,1.5480637749195614,-1.9500870754561417,-2.2756360070914194,4.066082403397742,4.523727747497512,78.2851328695974,99.24549016644877,60.417874859225364,-7.395183206081024,1.9659601667134652,-17.102308144754364,10.35534745366633,-3.7587201796722147,-9.59658500968753,-0.6744404095941262,0,1,1
2011-08,KS11,Asien_Pazifik,0,1880.109985,-11.864747522618568,1.5480637749195614,-1.9500870754561417,-2.2756360070914194,5.972822701395298,86.39183038280856,111.57653574789724,62.886020106654016,10.35534745366633,12.424791857813933,4.085124233812376,-3.7587201796722147,-9.59658500968753,10.75561755834511,-0.13693057664267147,0,1,0
2011-09,KS11,Asien_Pazifik,0,1769.650024,-5.875186126411647,-11.864747522618568,1.5480637749195614,-1.9500870754561417,5.860314611013476,83.14460322062175,93.88602275848389,70.98976675669353,-3.7587201796722147,-15.855047722026761,12.886404062931067,-9.59658500968753,10.75561755834511,1.885317306908374,-0.3489112784017622,0,1,0
2011-10,KS11,Asien_Pazifik,0,1909.030029,7.876133874479585,-5.875186126411647,-11.864747522618568,1.5480637749195614,6.321633107667993,75.16556069158739,90.57414713213521,63.65037210526005,-9.59658500968753,-3.5275491804230286,-10.338665679221236,10.75561755834511,1.885317306908374,-8.156193496580155,-0.8690907544536027,0,0,1
2011-11,KS11,Asien_Pazifik,0,1847.51001,-3.222579952407867,7.876133874479585,-5.875186126411647,-11.864747522618568,6.393790252877846,83.25008093516031,70.99307772318522,95.16603965759278,10.75561755834511,-21.6188283621196,49.51372083137953,1.885317306908374,-8.156193496580155,17.437683308734808,-0.29755002076007414,0,0,1
2011-12,KS11,Asien_Pazifik,0,1825.73999,-1.1783438185539175,-3.222579952407867,7.876133874479585,-5.875186126411647,5.9109501865556116,84.81960911904612,77.63644483012538,86.84766141829952,1.885317306908374,9.357767433106435,-8.740910380659695,-8.156193496580155,17.437683308734808,-3.722992679209569,-0.15314732600468142,0,0,0
2012-01,KS11,Asien_Pazifik,0,1955.790039,7.123141833575097,-1.1783438185539175,-3.222579952407867,7.876133874479585,6.331696460093548,77.90155767625377,61.71806113950668,91.26849322165212,-8.156193496580155,-20.503751460347488,5.090329124764548,17.437683308734808,-3.722992679209569,11.683646516830692,-0.6044036259967932,0,0,1
2012-02,KS11,Asien_Pazifik,0,2030.25,3.8071551401331227,7.123141833575097,-1.1783438185539175,-3.222579952407867,6.127637286346274,91.4857845964103,77.98118065143454,103.34518873280493,17.437683308734808,26.350664962022897,13.232053126837195,-3.722992679209569,11.683646516830692,-21.032583801878502,0.3455942766440141,0,0,0
2012-03,KS11,Asien_Pazifik,0,2014.040039,-0.79842191848295,3.8071551401331227,7.123141833575097,-1.1783438185539175,5.577970747147167,88.0797755333685,86.14695296748992,86.66009946023264,-3.722992679209569,10.47146535592387,-16.145008274851524,11.683646516830692,-21.032583801878502,-0.11563419129990704,0.05496641858514284,0,0,1
2012-04,KS11,Asien_Pazifik,0,1981.98999,-1.5913312734295637,-0.79842191848295,3.8071551401331227,7.123141833575097,5.418786548503555,98.3707051595052,88.1813424428304,104.64068247477213,11.683646516830692,2.3615338735291314,20.748398774675515,-21.032583801878502,-0.11563419129990704,4.661354718603983,0.7745442600702505,0,0,0
2012-05,KS11,Asien_Pazifik,0,1843.469971,-6.988936356838016,-1.5913312734295637,-0.79842191848295,3.8071551401331227,5.706544126537725,77.68080416033345,69.08255398658014,79.93533497471964,-21.032583801878502,-21.65853674617435,-23.60969645434864,-0.11563419129990704,4.661354718603983,-7.806712344159738,-0.6966679763797997,0,0,0
2012-06,KS11,Asien_Pazifik,0,1854.01001,0.5717499696663131,-6.988936356838016,-1.5913312734295637,-0.79842191848295,5.718531003430278,77.59097859064738,81.92765919367473,70.51085557937623,-0.11563419129990704,18.59384817994694,-11.790129356840751,4.661354718603983,-7.806712344159738,-7.87534886252107,-0.6468544531804323,0,0,1
2012-07,KS11,Asien_Pazifik,0,1881.98999,1.5091601366273188,0.5717499696663131,-6.988936356838016,-1.5913312734295637,5.7170384546982005,81.20776933239353,89.00009404459307,77.46019707956621,4.661354718603983,8.632536216126097,9.8557044062058,-7.806712344159738,-7.87534886252107,18.802659577001602,-0.3926547006231566,0,0,0
2012-08,KS11,Asien_Pazifik,0,1905.119995,1.2290184922822078,1.5091601366273188,0.5717499696663131,-6.988936356838016,4.564521736911478,74.8681123795048,78.25724669425718,70.49690803404778,-7.806712344159738,-12.070602245603512,-8.989505976038025,-7.87534886252107,18.802659577001602,-2.6717656381202715,-0.8201291777019274,0,0,0
2012-09,KS11,Asien_Pazifik,0,1996.209961,4.781324338575321,1.2290184922822078,1.5091601366273188,0.5717499696663131,4.3031840365092755,68.97198734283447,65.10240313212077,68.31967938741049,-7.87534886252107,-16.80974493458861,-3.0884030340532886,18.802659577001602,-2.6717656381202715,-5.994197564654025,-1.2202075636257568,0,0,1
2012-10,KS11,Asien_Pazifik,0,1912.060059,-4.215483523478925,4.781324338575321,1.2290184922822078,1.5091601366273188,3.9735563622547447,81.94055532640026,86.90206847652313,75.07558896464687,18.802659577001602,33.48519301224788,9.888672836016443,-2.6717656381202715,-5.994197564654025,20.367269576878645,-0.3694110124128443,0,0,0
2012-11,KS11,Asien_Pazifik,0,1932.900024,1.089922092243234,-4.215483523478925,4.781324338575321,1.2290184922822078,3.839933602318902,79.75129572550456,87.46022033691406,73.34758491516114,-2.6717656381202715,0.6422768412488677,-2.301685638855866,-5.994197564654025,20.367269576878645,-8.164537558505069,-0.4847113582862031,0,0,0
2012-12,KS11,Asien_Pazifik,0,1997.050049,3.3188485800339507,1.089922092243234,-4.215483523478925,4.781324338575321,3.8862828641391567,74.97084549934634,85.26028196273312,64.21883093926215,-5.994197564654025,-2.515358829084069,-12.44588214657365,20.367269576878645,-8.164537558505069,-9.751520162523587,-0.7721678806588171,0,0,1
2013-01,KS11,Asien_Pazifik,0,1961.939941,-1.7580985522912096,3.3188485800339507,1.089922092243234,-4.215483523478925,3.390808381662753,90.24035970626339,109.75873522604665,83.89209476594002,20.367269576878645,28.73372301773727,30.634727445108332,-8.164537558505069,-9.751520162523587,25.47476088535521,0.33378525699886924,0,0,0
2013-02,KS11,Asien_Pazifik,0,2026.48999,3.2901134051585013,-1.7580985522912096,3.3188485800339507,1.089922092243234,3.342070974396366,82.87265164511544,87.37166687420437,78.62591293879917,-8.164537558505069,-20.3966165478642,-6.2773278481525026,-9.751520162523587,25.47476088535521,-11.144978564302333,-0.19920816864343685,0,0,0
2013-03,KS11,Asien_Pazifik,0,2004.890015,-1.0658811593735051,3.2901134051585013,-1.7580985522912096,3.3188485800339507,3.3490297751501905,74.79130831072408,70.25588681620937,79.46081779849145,-9.751520162523587,-19.589622895300696,1.0618698447955044,25.47476088535521,-11.144978564302333,-0.965878998260461,-1.013514684973251,0,0,1
2013-04,KS11,Asien_Pazifik,0,1963.949951,-2.042010469087996,-1.0658811593735051,3.2901134051585013,-1.7580985522912096,3.37112538655002,93.84421526590982,83.1100798924764,99.8020144144694,25.47476088535521,18.296250547507608,25.599027520157392,-11.144978564302333,-0.965878998260461,-6.660023976577866,1.3038201103451614,0,0,0
2013-05,KS11,Asien_Pazifik,0,2001.050049,1.8890551656425503,-2.042010469087996,-1.0658811593735051,3.2901134051585013,2.586312408327853,83.38529759068643,96.31220405332503,76.66901059304514,-11.144978564302333,15.885105847484283,-23.178894691799336,-0.965878998260461,-6.660023976577866,15.266434567502763,0.1681061665247437,0,0,0
2013-06,KS11,Asien_Pazifik,0,1863.319946,-6.882891463350893,1.8890551656425503,-2.042010469087996,-1.0658811593735051,3.393544749455929,82.57989651362101,85.31224797566732,78.08507897059123,-0.965878998260461,-11.421144584716792,1.8469892419278766,-6.660023976577866,15.266434567502763,10.38976028717007,0.06282779852477731,0,0,0
2013-07,KS11,Asien_Pazifik,0,1914.030029,2.721490912436142,-6.882891463350893,1.8890551656425503,-2.042010469087996,3.456918105836921,77.08005560598066,75.28471995938209,75.0804361527966,-6.660023976577866,-11.753913716053145,-3.847909046651865,15.266434567502763,10.38976028717007,-24.991962578693006,-0.7292898821973308,0,0,1
2013-08,KS11,Asien_Pazifik,0,1926.359985,0.6441882213541916,2.721490912436142,-6.882891463350893,1.8890551656425503,3.4451373654309405,88.84743185966245,104.42809732498661,78.84740774093136,15.266434567502763,38.71087968624718,5.017247875956099,10.38976028717007,-24.991962578693006,4.327385501849101,0.9539072115700641,0,0,1
2013-09,KS11,Asien_Pazifik,0,1996.959961,3.6649419916184645,0.6441882213541916,2.721490912436142,-6.882891463350893,3.321486587073358,98.07846705118816,97.374010403951,98.14722569783528,10.38976028717007,-6.754970263494176,24.47742863064981,-24.991962578693006,4.327385501849101,-8.47958052592066,1.985063817732131,0,0,0
2013-10,KS11,Asien_Pazifik,0,2030.089966,1.6590219957845154,3.6649419916184645,0.6441882213541916,2.721490912436142,3.05734179150003,73.56673326799947,80.33374651016727,65.35439909658125,-24.991962578693006,-17.499807005065403,-33.411873201809016,4.327385501849101,-8.47958052592066,11.926947066993353,-1.1842847482493826,0,0,1
2013-11,KS11,Asien_Pazifik,0,2044.869995,0.7280479805100493,1.6590219957845154,3.6649419916184645,0.6441882213541916,3.053250121987679,76.75024941762288,52.19944121042887,91.32140051523844,4.327385501849101,-35.02177667784688,39.732599148043505,-8.47958052592066,11.926947066993353,-10.628031863710918,-0.7302356457466846,0,0,0
2013-12,KS11,Asien_Pazifik,0,2011.339966,-1.6397144601850377,0.7280479805100493,1.6590219957845154,3.6649419916184645,2.9736279411972735,70.2421502144106,68.61865160542149,68.88867827384702,-8.47958052592066,31.45476276039567,-24.564584111528333,11.926947066993353,-10.628031863710918,70.12768145517792,-1.4153214775509915,0,0,1
2014-01,KS11,Asien_Pazifik,0,1941.150024,-3.4897105007856255,-1.6397144601850377,0.7280479805100493,1.6590219957845154,3.1108767729704914,78.61989428920131,86.78251980197045,68.41249278283888,11.926947066993353,26.4707448654002,-0.6912391164121345,-10.628031863710918,70.12768145517792,-22.3830484610423,-0.400710165838595,0,0,0
2014-02,KS11,Asien_Pazifik,0,1979.98999,2.000873993240626,-3.4897105007856255,-1.6397144601850377,0.7280479805100493,3.005763897751109,70.26414687292916,61.49816117967878,73.86041593551636,-10.628031863710918,-29.135312825656822,7.963345481315476,70.12768145517792,-22.3830484610423,-10.343908404842095,-1.3004457666171292,0,1,1
2014-03,KS11,Asien_Pazifik,0,1985.609985,0.2838395662798199,2.000873993240626,-3.4897105007856255,-1.6397144601850377,2.993647526893066,119.53876396917528,75.00083989481772,150.81426780454575,70.12768145517792,21.956231627297342,104.18821894560378,-22.3830484610423,-10.343908404842095,18.018621331537332,3.2754976148498836,1,1,0
2014-04,KS11,Asien_Pazifik,0,1961.790039,-1.1996286370407283,0.2838395662798199,2.000873993240626,-3.4897105007856255,2.9519844478569723,92.7823445002238,61.30099623998006,112.3606637954712,-22.3830484610423,-18.266253650026478,-25.49732500038402,-10.343908404842095,18.018621331537332,38.660193810520525,0.9648550951925742,0,1,0
2014-05,KS11,Asien_Pazifik,0,1994.959961,1.6907987776769495,-1.1996286370407283,0.2838395662798199,2.000873993240626,2.941178950541424,83.18502376925561,75.96359517497402,92.24833537686256,-10.343908404842095,23.919022257963118,-17.89979494533681,18.018621331537332,38.660193810520525,-2.7048677246242936,0.07732757889483634,0,1,1
2014-06,KS11,Asien_Pazifik,0,2002.209961,0.36341581494026,1.6907987776769495,-1.1996286370407283,0.2838395662798199,1.984464424063602,98.1738182067871,105.45366484324137,96.13338797887167,18.018621331537332,38.82131908098889,4.211515130476329,38.660193810520525,-2.7048677246242936,-1.419314844118058,1.3100368914918,0,1,1
2014-07,KS11,Asien_Pazifik,0,2076.120117,3.691428843111222,0.36341581494026,1.6907987776769495,-1.1996286370407283,2.094584194548745,136.12800659671908,115.96761592741936,161.79567853866084,38.660193810520525,9.970209285573105,68.30331473828896,-2.7048677246242936,-1.419314844118058,-38.12192153075063,3.222536139713079,0,1,0
2014-08,KS11,Asien_Pazifik,0,2068.540039,-0.36510787299499636,3.691428843111222,0.36341581494026,1.6907987776769495,2.117162389840297,132.44592408211,107.58255644767515,154.04245942638767,-2.7048677246242936,-7.230518117223495,-4.791981579669047,-1.419314844118058,-38.12192153075063,4.1467635433172,2.445848791870672,0,1,0
2014-09,KS11,Asien_Pazifik,0,2020.089966,-2.3422352038891314,-0.36510787299499636,3.691428843111222,0.36341581494026,2.0393909998987128,130.56609942118328,121.00510635375977,142.43847586313885,-1.419314844118058,12.476511387431977,-7.53297734044166,-38.12192153075063,4.1467635433172,1.5573648683008257,2.034635004614549,0,1,0
2014-10,KS11,Asien_Pazifik,0,1964.430054,-2.755318472781332,-2.3422352038891314,-0.36510787299499636,3.691428843111222,2.1316209701852022,80.79179345407793,74.09397866649013,83.08987451368763,-38.12192153075063,-38.76789096000993,-41.66613058010812,4.1467635433172,1.5573648683008257,26.783666844919374,-0.48645379517397036,0,0,1
2014-11,KS11,Asien_Pazifik,0,1980.780029,0.832301204448993,-2.755318472781332,-2.3422352038891314,-0.36510787299499636,2.1361894422520824,84.14203809102376,77.99142316182454,87.09242757161458,4.1467635433172,5.26013660688609,4.817136963262114,1.5573648683008257,26.783666844919374,3.8473610430540095,-0.32739728608346297,0,0,1
2014-12,KS11,Asien_Pazifik,0,1915.589966,-3.2911308699387187,0.832301204448993,-2.755318472781332,-2.3422352038891314,2.282458617750379,85.45243663172567,94.30592924548733,80.33614915417087,1.5573648683008257,20.918333609340344,-7.7575957012888885,26.783666844919374,3.8473610430540095,-8.025303643352133,-0.2865574549034715,0,0,1
2015-01,KS11,Asien_Pazifik,0,1949.26001,1.7576853396401582,-3.2911308699387187,0.832301204448993,-2.755318472781332,2.130482197837195,108.33973257003292,146.6483586834323,81.6583960748488,26.783666844919374,55.50279802841731,1.6458928323044741,3.8473610430540095,-8.025303643352133,-3.786405996924136,0.8398251083784557,0,0,1
2015-02,KS11,Asien_Pazifik,0,1985.800049,1.874559515536367,1.7576853396401582,-3.2911308699387187,0.832301204448993,2.120284837297555,112.50795323508126,110.62664944784981,116.82035664149693,3.8473610430540095,-24.56332246673284,43.05982269651534,-8.025303643352133,-3.786405996924136,-25.261601602650142,0.9715915138357889,0,0,0
2015-03,KS11,Asien_Pazifik,0,2041.030029,2.7812457768753074,1.874559515536367,1.7576853396401582,-3.2911308699387187,2.2635787452634784,103.47884836504537,80.65029876462874,119.2300068024666,-8.025303643352133,-27.096862132981926,2.0626971447831766,-3.786405996924136,-25.261601602650142,14.61646704169861,0.4687794836747721,0,0,0
2015-04,KS11,Asien_Pazifik,0,2127.169922,4.220412819805697,2.7812457768753074,1.874559515536367,1.7576853396401582,2.4779393990109706,99.56071904500325,92.08395849863687,107.84801419576009,-3.786405996924136,14.17683493941706,-9.546248391618018,-25.261601602650142,14.61646704169861,24.558055668202016,0.25841467982350513,0,0,0
2015-05,KS11,Asien_Pazifik,0,2114.800049,-0.5815178595779402,4.220412819805697,2.7812457768753074,1.874559515536367,2.482563332406713,74.41008684712071,71.70904147240424,75.1276002699329,-25.261601602650142,-22.126456506031122,-30.339375434799198,14.61646704169861,24.558055668202016,-23.96457036562888,-0.976620995350697,0,0,1
2015-06,KS11,Asien_Pazifik,0,2074.199951,-1.9198078806172747,-0.5815178595779402,4.220412819805697,2.7812457768753074,2.5808278691217432,85.28621266682943,88.44556840260823,80.42666390736898,14.61646704169861,23.33949330035976,7.053417942802098,24.558055668202016,-23.96457036562888,19.18166619724222,-0.44308919114331674,0,0,1
2015-07,KS11,Asien_Pazifik,0,2030.160034,-2.123224281186964,-1.9198078806172747,-0.5815178595779402,4.220412819805697,2.4329794321619707,106.23084825085056,89.69054517438335,118.30285398421749,24.558055668202016,1.4076191653921155,47.09407084256565,-23.96457036562888,19.18166619724222,-10.263558111944526,0.5456361334795071,0,0,0
2015-08,KS11,Asien_Pazifik,0,1941.48999,-4.367638142560337,-2.123224281186964,-1.9198078806172747,-0.5815178595779402,2.721056807882394,80.77308187177104,72.6687409493231,83.29964871560374,-23.96457036562888,-18.978370788097155,-29.58779445277242,19.18166619724222,-10.263558111944526,69.33668679688365,-0.7123350831475163,0,0,1
2015-09,KS11,Asien_Pazifik,0,1962.810059,1.0981292259971909,-4.367638142560337,-2.123224281186964,-1.9198078806172747,2.68955161909382,96.26670481363932,79.88457260131835,111.3503412882487,19.18166619724222,9.929760111059792,33.674442815976114,-10.263558111944526,69.33668679688365,-3.9551845660048213,0.0642386706420011,0,0,0
2015-10,KS11,Asien_Pazifik,0,2029.469971,3.3961468504986936,1.0981292259971909,-4.367638142560337,-2.123224281186964,2.7451774065644776,86.38631562263735,101.0595084159605,75.2390812904604,-10.263558111944526,26.506915071474868,-32.43030922043458,69.33668679688365,-3.9551845660048213,-17.462244964117836,-0.46539997130577987,0,0,1
2015-11,KS11,Asien_Pazifik,0,1991.969971,-1.8477730903070366,3.3961468504986936,1.0981292259971909,-4.367638142560337,2.8068337645393684,146.2837247212728,206.72467168172201,112.25876941680909,69.33668679688365,104.55736914021405,49.20273811350009,-3.9551845660048213,-17.462244964117836,-12.711604183681224,2.2021073610924744,1,0,0
2015-12,KS11,Asien_Pazifik,0,1961.310059,-1.5391754115956058,-1.8477730903070366,3.3961468504986936,1.0981292259971909,2.6569304064158383,140.49793341852003,194.36913816390498,108.1629870014806,-3.9551845660048213,-5.976806453387384,-3.648518896658426,-17.462244964117836,-12.711604183681224,4.015245447232085,1.7405500614050073,0,0,0
2016-01,KS11,Asien_Pazifik,0,1912.060059,-2.5110767047771487,-1.5391754115956058,-1.8477730903070366,3.3961468504986936,2.718713382471619,115.96384011545489,110.91858869983304,120.46343551143524,-17.462244964117836,-42.934053344261315,11.37214203393464,-12.711604183681224,4.015245447232085,-20.571703453499047,0.5901208640110405,0,0,0
2016-02,KS11,Asien_Pazifik,0,1916.660034,0.24057690961893918,-2.5110767047771487,-1.5391754115956058,-1.8477730903070366,2.6494077126658073,101.22297576378132,113.22725730106748,90.85711604151233,-12.711604183681224,2.0814082006417767,-24.57701736981631,4.015245447232085,-20.571703453499047,1.2679298080407353,-0.14074225534914356,0,0,1
2016-03,KS11,Asien_Pazifik,0,1995.849976,4.131663445537259,0.24057690961893918,-2.5110767047771487,-1.5391754115956058,2.814025290786958,105.2873266896894,122.04758010372039,93.74349009606146,4.015245447232085,7.78992886774601,3.1768277272089085,-20.571703453499047,1.2679298080407353,4.556577350732516,0.08165049546770788,0,0,0
2016-04,KS11,Asien_Pazifik,0,1994.150024,-0.08517433777296413,4.131663445537259,0.24057690961893918,-2.5110767047771487,2.4580594548409103,83.62793006896973,90.3290501912435,79.78639167149862,-20.571703453499047,-25.98865941096199,-14.888605502377427,1.2679298080407353,4.556577350732516,26.501697966147653,-0.929113059578285,0,0,1
2016-05,KS11,Asien_Pazifik,0,1983.400024,-0.5390767931510498,-0.08517433777296413,4.131663445537259,0.24057690961893918,2.4579762731249666,84.68827352216167,88.0693675010435,82.82368420016381,1.2679298080407353,-2.5016123665817624,3.806780160168821,4.556577350732516,26.501697966147653,-11.965066413420121,-0.8842870925696081,0,0,1
2016-06,KS11,Asien_Pazifik,0,1970.349976,-0.6579634890636732,-0.5390767931510498,-0.08517433777296413,4.131663445537259,2.4186491751449752,88.54716021219889,97.87790400187174,80.03160365422566,4.556577350732516,11.137285050573364,-3.3711136770858907,26.501697966147653,-11.965066413420121,5.177677420867943,-0.675385337292379,0,0,1
2016-07,KS11,Asien_Pazifik,0,2016.189941,2.326488469477872,-0.6579634890636732,-0.5390767931510498,-0.08517433777296413,2.4710348446839636,112.01366116923671,143.21993846278036,94.82303280984202,26.501697966147653,46.32509750110867,18.481985216143258,-11.965066413420121,5.177677420867943,-16.921676258939698,0.504740816275006,0,0,0
2016-08,KS11,Asien_Pazifik,0,2034.650024,0.9155924560780182,2.326488469477872,-0.6579634890636732,-0.5390767931510498,2.0651794423497996,98.61115221823415,123.22047128985005,80.60763149876749,-11.965066413420121,-13.964164059550777,-14.991506693929601,5.177677420867943,-16.921676258939698,-3.0021981619094418,-0.09695177493770867,0,0,1
2016-09,KS11,Asien_Pazifik,0,2043.630005,0.44135261072300036,0.9155924560780182,2.326488469477872,-0.6579634890636732,2.0539774522879437,103.71691958109538,119.65013109842936,94.2956667582194,5.177677420867943,-2.897521940994874,16.98106619056434,-16.921676258939698,-3.0021981619094418,21.584843002401332,0.24419612754655895,0,0,0
2016-10,KS11,Asien_Pazifik,0,2008.189941,-1.7341722284998418,0.44135261072300036,0.9155924560780182,2.326488469477872,1.8911198709906512,86.16627822383758,100.4282025367983,80.40413419661984,-16.921676258939698,-16.065112829519823,-14.731888578950725,-3.0021981619094418,21.584843002401332,3.2171336265169437,-0.755613313542009,0,0,0
2016-11,KS11,Asien_Pazifik,0,1983.47998,-1.2304593552388443,-1.7341722284998418,0.44135261072300036,0.9155924560780182,1.8462748322755658,83.57939580281575,85.52786210378011,80.94508310953776,-3.0021981619094418,-14.836808841180337,0.6727874360229924,21.584843002401332,3.2171336265169437,7.91479544055298,-0.8991235723515687,0,0,1
2016-12,KS11,Asien_Pazifik,0,2026.459961,2.1668976462268175,-1.2304593552388443,-1.7341722284998418,0.44135261072300036,1.8787559733988606,101.61987716920915,112.50576536117062,94.95736854307113,21.584843002401332,31.54282428415589,17.310854341296356,3.2171336265169437,7.91479544055298,-12.981087348955,0.08052018995459746,0,0,1
2017-01,KS11,Asien_Pazifik,0,2067.570068,2.0286661365721326,2.1668976462268175,-1.2304593552388443,-1.7341722284998418,1.7135309045413265,104.88912440884498,102.22949655594364,108.44574915978217,3.2171336265169437,-9.133993064477785,14.204669762508138,7.91479544055298,-12.981087348955,16.858108837707487,0.2764772290213544,0,0,1
2017-02,KS11,Asien_Pazifik,0,2091.639893,1.1641600627002369,2.0286661365721326,2.1668976462268175,-1.2304593552388443,1.713376707653334,113.19088404519218,94.91658476420811,125.99899278368268,7.91479544055298,-7.153426396591556,16.186197946807358,-12.981087348955,16.858108837707487,-11.924009642381684,0.7499284136946149,0,0,0
2017-03,KS11,Asien_Pazifik,0,2160.22998,3.2792493215274554,1.1641600627002369,2.0286661365721326,2.1668976462268175,1.5719972311620305,98.49747651623142,99.26259293094758,97.23793039014262,-12.981087348955,4.578765847439437,-22.826422464279194,16.858108837707487,-11.924009642381684,25.21966237763813,-0.07970292612513222,0,0,1
2017-04,KS11,Asien_Pazifik,0,2205.439941,2.0928309216410312,3.2792493215274554,1.1641600627002369,2.0286661365721326,1.6019553504177033,115.10228830973307,101.26866887410482,124.87095286051432,16.858108837707487,2.0209787835713477,28.417945918327536,-11.924009642381684,25.21966237763813,-19.96658607237466,0.8218982347521404,0,0,0
2017-05,KS11,Asien_Pazifik,0,2347.379883,6.435901488917484,2.0928309216410312,3.2792493215274554,1.1641600627002369,2.2029972969650156,101.37748035307854,98.86025521063036,100.89005654858005,-11.924009642381684,-2.378241651885993,-19.204543380654638,25.21966237763813,-19.96658607237466,34.9537634693037,-0.016757352017186686,0,0,1
2017-06,KS11,Asien_Pazifik,0,2391.790039,1.8919032373764244,6.435901488917484,2.0928309216410312,3.2792493215274554,2.103416766049345,126.94453862508138,146.7019323984782,113.13888193766276,25.21966237763813,48.393236580177735,12.140765708843393,-19.96658607237466,34.9537634693037,-13.40475581527194,1.3684569567814138,0,0,0
2017-07,KS11,Asien_Pazifik,0,2402.709961,0.45655855329866935,1.8919032373764244,6.435901488917484,2.0928309216410312,2.1178147820794377,101.59804805632561,69.98286450293756,124.43094007430538,-19.96658607237466,-52.29588093437852,9.980705079677499,34.9537634693037,-13.40475581527194,-22.585571348701183,-0.09325574279342158,0,0,1
2017-08,KS11,Asien_Pazifik,0,2363.189941,-1.6448102618075389,0.45655855329866935,1.8919032373764244,6.435901488917484,2.302162498856067,137.11038946336316,109.75087941077447,156.3583743187689,34.9537634693037,56.82536030826179,25.658758364597812,-13.40475581527194,-22.585571348701183,1.45640671502556,1.769125616283447,0,0,0
2017-09,KS11,Asien_Pazifik,0,2394.469971,1.3236358812006355,-1.6448102618075389,0.45655855329866935,1.8919032373764244,2.28701737002801,118.73107655843098,86.45641419092814,146.35588200887045,-13.40475581527194,-21.22485518558812,-6.397158037411099,-22.585571348701183,1.45640671502556,-9.265018521286283,0.6833153665668898,0,0,0
2017-10,KS11,Asien_Pazifik,0,2523.429932,5.3857414192646,1.3236358812006355,-1.6448102618075389,0.45655855329866935,2.33646127402833,91.91498454924553,71.24007597277242,109.52413552807224,-22.585571348701183,-17.60001078063723,-25.16588057497128,1.45640671502556,-9.265018521286283,8.729366354164325,-0.8369177242663346,0,0,1
2017-11,KS11,Asien_Pazifik,0,2476.370117,-1.86491467043437,5.3857414192646,1.3236358812006355,-1.6448102618075389,2.4205373907937306,93.25364055633545,80.09026870727538,105.41860446929931,1.45640671502556,12.423053476087631,-3.748517200321233,-9.265018521286283,8.729366354164325,-28.45406203269154,-0.7153023093285192,0,0,0
2017-12,KS11,Asien_Pazifik,0,2467.48999,-0.3585944984168088,-1.86491467043437,5.3857414192646,1.3236358812006355,2.5029452948141913,84.61367348701724,64.52695954230524,98.77827345940375,-9.265018521286283,-19.432209950316203,-6.29901244028458,8.729366354164325,-28.45406203269154,65.97083380479091,-1.2336645984463541,0,0,1
2018-01,KS11,Asien_Pazifik,0,2566.459961,4.01095734536292,-0.3585944984168088,-1.86491467043437,5.3857414192646,2.5917071328206522,91.99991103141538,75.9898567199707,106.7695834867416,8.729366354164325,17.76450844572981,8.09014953133611,-28.45406203269154,65.97083380479091,11.699680256456425,-0.6525128056178033,0,0,0
2018-02,KS11,Asien_Pazifik,0,2427.360107,-5.419911321967441,4.01095734536292,-0.3585944984168088,-1.86491467043437,3.338822497937216,65.82219927651542,53.66386883599417,76.22563787869045,-28.45406203269154,-29.380221055357104,-28.60734734611382,65.97083380479091,11.699680256456425,0.0402988402496085,-2.142949409571251,0,0,1
2018-03,KS11,Asien_Pazifik,0,2445.850098,0.7617325071248571,-5.419911321967441,4.01095734536292,-0.3585944984168088,3.281690715799179,109.2456529678837,64.72115756619361,142.5100219480453,65.97083380479091,20.60471779251023,86.95812316433921,11.699680256456425,0.0402988402496085,-15.333763880707775,0.5900008957372371,1,0,1
2018-04,KS11,Asien_Pazifik,0,2515.379883,2.842765591270524,0.7617325071248571,-5.419911321967441,4.01095734536292,3.3095619745795735,122.0270450592041,94.80569979349772,144.06638272603354,11.699680256456425,46.483319147274415,1.092106194858089,0.0402988402496085,-15.333763880707775,5.999256123072527,1.2755117361317614,0,0,1
2018-05,KS11,Asien_Pazifik,0,2423.01001,-3.672203694729159,2.842765591270524,0.7617325071248571,-5.419911321967441,3.1235023516698743,122.07622054315382,62.3412499273977,166.9032696139428,0.0402988402496085,-34.24314143222706,15.851641761102208,-15.333763880707775,5.999256123072527,3.182714359079064,1.1736073459445548,0,0,0
2018-06,KS11,Asien_Pazifik,0,2326.129883,-3.9983378772752154,-3.672203694729159,2.842765591270524,0.7617325071248571,3.3094910269037787,103.35734113057454,56.24654754002889,136.8462231318156,-15.333763880707775,-9.776355774814693,-18.008662473569824,5.999256123072527,3.182714359079064,-34.571624462700555,-0.01799698964290039,0,0,1
2018-07,KS11,Asien_Pazifik,0,2295.26001,-1.32709154487054,-3.9983378772752154,-3.672203694729159,2.842765591270524,3.3182740228520564,109.5580127469955,85.10936841657085,127.5609563396823,5.999256123072527,51.3148311120806,-6.7851830906501265,3.182714359079064,-34.571624462700555,25.17349771161239,0.37867626972426766,0,0,1
2018-08,KS11,Asien_Pazifik,0,2322.879883,1.203343973217219,-1.32709154487054,-3.9983378772752154,-3.672203694729159,3.317546684408021,113.04493135021579,67.86267332876882,146.81783097790134,3.182714359079064,-20.264155883976787,15.096213755986486,-34.571624462700555,25.17349771161239,-13.771045076727717,0.557552855944708,0,0,0
2018-09,KS11,Asien_Pazifik,0,2343.070068,0.8691876470996895,1.203343973217219,-1.32709154487054,-3.9983378772752154,3.302468087602762,73.96346220970153,49.602893877029416,88.1794579188029,-34.571624462700555,-26.906955703436154,-39.939544582922316,25.17349771161239,-13.771045076727717,8.45156427798377,-1.6910069748655194,0,0,1
2018-10,KS11,Asien_Pazifik,0,2029.689941,-13.37476549591602,0.8691876470996895,1.203343973217219,-1.32709154487054,4.628145492065979,92.58265267649004,61.918164991563366,115.57533417978594,25.17349771161239,24.8277270779095,31.06832011397669,-13.771045076727717,8.45156427798377,1.0709526807535674,-0.6268948726858339,0,0,0
2018-11,KS11,Asien_Pazifik,0,2096.860107,3.3093806419962846,-13.37476549591602,0.8691876470996895,1.203343973217219,4.846651963728458,79.83305384318034,48.951593685150144,103.46333103179931,-13.771045076727717,-20.94146573655724,-10.479747459908284,8.45156427798377,1.0709526807535674,12.624990293825844,-1.3560584289494768,0,0,1
2018-12,KS11,Asien_Pazifik,0,2041.040039,-2.6620787821588277,3.3093806419962846,-13.37476549591602,0.8691876470996895,4.853196094590018,86.58019570381411,64.75931516770393,99.9929014944261,8.45156427798377,32.292557386848046,-3.3542603961847828,1.0709526807535674,12.624990293825844,-19.17630273940678,-0.9074144937294559,0,0,1
2019-01,KS11,Asien_Pazifik,0,2204.850098,8.025813108510004,-2.6620787821588277,3.3093806419962846,-13.37476549591602,5.374624842890289,87.5074286307058,54.891605531015706,113.59607076644897,1.0709526807535674,-15.237513879098808,13.60413496230144,12.624990293825844,-19.17630273940678,-0.8685045212788456,-0.801073848206824,0,0,1
2019-02,KS11,Asien_Pazifik,0,2195.439941,-0.42679350439903674,8.025813108510004,-2.6620787821588277,3.3093806419962846,5.201992728751705,98.55523300170898,57.736959321158274,130.96962765284948,12.624990293825844,5.183586383777472,15.294153018831214,-19.17630273940678,-0.8685045212788456,33.10270858929771,-0.14271946978709077,0,0,0
2019-03,KS11,Asien_Pazifik,0,2140.669922,-2.4947172535748297,-0.42679350439903674,8.025813108510004,-2.6620787821588277,5.203513100391336,79.65598315577353,67.75160512616557,85.8987022830594,-19.17630273940678,17.345294803804002,-34.41326525662569,-0.8685045212788456,33.10270858929771,-1.685648374379367,-1.1424746158846457,0,0,0
2019-04,KS11,Asien_Pazifik,0,2203.590088,2.9392745398699516,-2.4947172535748297,-0.42679350439903674,8.025813108510004,5.210021442684541,78.96416734059652,57.763711071014406,93.91384995778402,-0.8685045212788456,-14.741929783880291,9.330929876347316,33.10270858929771,-1.685648374379367,-9.939817225846037,-1.0844430097283153,0,0,1
2019-05,KS11,Asien_Pazifik,0,2041.73999,-7.344836904167451,2.9392745398699516,-2.4947172535748297,-0.42679350439903674,5.484019440183996,105.10344554531959,63.40447973435925,133.1031727944651,33.10270858929771,9.765246309071296,41.729013190596916,-1.685648374379367,-9.939817225846037,13.921162899248628,0.33804429903187627,0,0,0
2019-06,KS11,Asien_Pazifik,0,2130.620117,4.353156005922187,-7.344836904167451,2.9392745398699516,-2.4947172535748297,5.634640130163351,103.3317710240682,51.50454092025757,138.8043354034424,-1.685648374379367,-18.768293445444108,4.283265747376963,-9.939817225846037,13.921162899248628,-12.699931906120154,0.3113759427556039,0,0,0
2019-07,KS11,Asien_Pazifik,0,2024.550049,-4.9783660237542,4.353156005922187,-7.344836904167451,2.9392745398699516,5.77561910280765,93.06078184804609,47.329337519984094,126.32542345600743,-9.939817225846037,-8.10647629446455,-8.990289756558633,13.921162899248628,-12.699931906120154,2.8698387190764008,-0.2605231431616406,0,0,1
2019-08,KS11,Asien_Pazifik,0,1967.790039,-2.80358640815207,-4.9783660237542,4.353156005922187,-7.344836904167451,5.759917521855672,106.01592488442698,74.11447860348609,125.86253258489793,13.921162899248628,56.593103742879094,-0.3664273259061712,-12.699931906120154,2.8698387190764008,-22.581225044357122,0.6360280812730083,0,0,0
2019-09,KS11,Asien_Pazifik,0,2063.050049,4.840964132962555,-2.80358640815207,-4.9783660237542,4.353156005922187,5.999734415299294,92.55197461446126,70.08315865198772,112.63771381378174,-12.699931906120154,-5.439314999523937,-10.507351552135392,2.8698387190764008,-22.581225044357122,-1.8944804802661475,-0.18151693898220844,0,0,1
2019-10,KS11,Asien_Pazifik,0,2083.47998,0.9902780114279253,4.840964132962555,-2.80358640815207,-4.9783660237542,4.535545643765363,95.20806701721683,69.20361838802215,118.00913903021043,2.8698387190764008,-1.2549951812718674,4.768762641355617,-22.581225044357122,-1.8944804802661475,93.42482713456963,-0.008370969890582997,0,0,0
2019-11,KS11,Asien_Pazifik,0,2087.959961,0.21502395237797955,0.9902780114279253,4.840964132962555,-2.80358640815207,4.436546823329858,73.70891914367675,52.628954823811846,86.17964719136556,-22.581225044357122,-23.95057361202817,-26.972056656303966,-1.8944804802661475,93.42482713456963,-45.859153499296525,-1.3702344917470703,0,0,0
2019-12,KS11,Asien_Pazifik,0,2197.669922,5.254409234334934,0.21502395237797955,0.9902780114279253,4.840964132962555,4.582069230354774,72.31251805828464,60.52569272441249,79.17934866874448,-1.8944804802661475,15.004550113215975,-8.122913879046889,93.42482713456963,-45.859153499296525,9.297101316181845,-1.3788146832098769,0,0,1
2020-01,KS11,Asien_Pazifik,0,2119.01001,-3.5792414143983597,5.254409234334934,0.21502395237797955,0.9902780114279253,4.097673525241585,139.8703630508915,84.9525350447624,191.54257983546103,93.42482713456963,40.35780710775339,141.90976947385673,-45.859153499296525,9.297101316181845,-15.71040369340041,2.3984234895573473,1,1,0
2020-02,KS11,Asien_Pazifik,0,1987.01001,-6.229324041749096,-3.5792414143983597,5.254409234334934,0.21502395237797955,4.447493565977094,75.72699855935984,56.10202249987372,87.16311290346343,-45.859153499296525,-33.960743525413385,-54.49413233426306,9.297101316181845,-15.71040369340041,-0.37686680923350035,-1.1696176844696133,0,1,1
2020-03,KS11,Asien_Pazifik,0,1754.640015,-11.694455177908235,-6.229324041749096,-3.5792414143983597,5.254409234334934,5.456574821897218,82.76741433912709,64.03543063132993,98.19669649677891,9.297101316181845,14.141037663079015,12.658546976787765,-15.71040369340041,-0.37686680923350035,3.027754065969246,-0.7094840570068491,0,1,0
2020-04,KS11,Asien_Pazifik,0,1947.560059,10.994850359661946,-11.694455177908235,-6.229324041749096,-3.5792414143983597,6.456652740169711,69.76431941986084,47.72460098266602,82.26346549987792,-15.71040369340041,-25.47157017272198,-16.225831993669605,-0.37686680923350035,3.027754065969246,-4.293498750492198,-1.3384281588774083,0,1,0
2020-05,KS11,Asien_Pazifik,0,2029.599976,4.212446061464448,10.994850359661946,-11.694455177908235,-6.229324041749096,6.255651782892818,69.50140085527974,42.106849024372714,85.36720494301089,-0.37686680923350035,-11.771186856719284,3.772925714073616,3.027754065969246,-4.293498750492198,-5.254596548829982,-1.2641225588871834,0,1,1
2020-06,KS11,Asien_Pazifik,0,2108.330078,3.8790945472498395,4.212446061464448,10.994850359661946,-11.694455177908235,6.228002622476971,71.60573234558106,51.320197105407715,86.46775321960449,3.027754065969246,21.88087756388999,1.289193288369117,-4.293498750492198,-5.254596548829982,27.892667765632396,-1.0480468176075706,0,1,0
2020-07,KS11,Asien_Pazifik,0,2249.370117,6.689656447618164,3.8790945472498395,4.212446061464448,10.994850359661946,6.275110439498932,68.53134112204275,36.44394225458945,92.3572107745755,-4.293498750492198,-28.98713506548618,6.811160618471734,-5.254596548829982,27.892667765632396,-7.62341761045866,-1.1294147111936224,0,0,0
2020-08,KS11,Asien_Pazifik,0,2326.169922,3.414280487660637,6.689656447618164,3.8790945472498395,4.212446061464448,6.182737699949016,64.93029563657699,27.294767964270807,89.9976692199707,-5.254596548829982,-25.104787584187527,-2.5547994951514386,27.892667765632396,-7.62341761045866,-8.272171743840929,-1.2409867889200987,0,0,1
2020-09,KS11,Asien_Pazifik,0,2327.889893,0.07394004125551579,3.414280487660637,6.689656447618164,3.8790945472498395,6.107012005962351,83.04108727773031,49.94818175633748,105.76334724426269,27.892667765632396,82.9954437484879,17.517873697104093,-7.62341761045866,-8.272171743840929,-11.477018729790899,-0.19368612145326036,0,0,0
2020-10,KS11,Asien_Pazifik,0,2267.149902,-2.6092295508754915,0.07394004125551579,3.414280487660637,6.689656447618164,6.205061597758093,76.71051840628347,43.048690057569935,98.63585779743809,-7.62341761045866,-13.813299015418378,-6.739092164285898,-8.272171743840929,-11.477018729790899,20.377331218205175,-0.5310391234579444,0,0,0
2020-11,KS11,Asien_Pazifik,0,2591.340088,14.29945967463424,-2.6092295508754915,0.07394004125551579,3.414280487660637,7.301900089666953,70.364892578125,62.07505849202474,79.94887498219808,-8.272171743840929,44.197322633999846,-18.94542535800341,-11.477018729790899,20.377331218205175,-3.544024808415902,-0.8727351360468183,0,0,0
2020-12,KS11,Asien_Pazifik,0,2873.469971,10.88741243600133,14.29945967463424,-2.6092295508754915,0.07394004125551579,7.696416976614558,62.28910067773634,29.27726056498866,85.56250313789614,-11.477018729790899,-52.8357100642118,7.021522387836021,20.377331218205175,-3.544024808415902,7.229044395559336,-1.241929193326495,0,0,1
2021-01,KS11,Asien_Pazifik,0,2976.209961,3.5754676762550286,10.88741243600133,14.29945967463424,-2.6092295508754915,7.453569614730281,74.98195703567997,47.25387308674474,95.04665202479208,20.377331218205175,61.40127926877659,11.084468708928341,-3.544024808415902,7.229044395559336,9.128842161979843,-0.4909869325486777,0,0,0
2021-02,KS11,Asien_Pazifik,0,3012.949951,1.2344555821476977,3.5754676762550286,10.88741243600133,14.29945967463424,6.892348252272651,72.32457787649972,46.01375893184117,91.39712776456561,-3.544024808415902,-2.6243651025749215,-3.8397188985410335,7.229044395559336,9.128842161979843,6.3745163092844725,-0.5840812846265266,0,0,1
2021-03,KS11,Asien_Pazifik,0,3061.419922,1.6087214121798699,1.2344555821476977,3.5754676762550286,10.88741243600133,4.990441876992038,77.55295372009277,49.825385385943996,99.19816903145083,7.229044395559336,8.283666760954866,8.535324312357284,9.128842161979843,6.3745163092844725,-18.213102955042736,-0.28148404781734077,0,0,1
2001-01,N100,Europa,2,1007.320007,1.0097775883680216,-0.7069225040734151,-6.593817623808418,1.893352376295132,3.835253577649766,47.34544200281943,39.250703688590754,53.58126591097924,2.8989908486964033,-11.863157433402927,14.962542983127358,18.989927506775352,9.558998400811113,-20.567427445911946,-1.1276709843340298,0,0,1
2001-02,N100,Europa,2,922.359985,-8.43426333335996,1.0097775883680216,-0.7069225040734151,-6.593817623808418,3.8708442965077885,56.336307116917204,45.95857455049242,65.78157465798515,18.989927506775352,17.089810453134604,22.769728448140224,9.558998400811113,-20.567427445911946,22.282612275385794,-0.5528914270022299,0,0,1
2001-03,N100,Europa,2,881.659973,-4.412595153940901,-8.43426333335996,1.0097775883680216,-0.7069225040734151,3.9535525551620214,61.72149381329936,57.44915543833086,65.804611175291,9.558998400811113,25.002039336999694,0.035019710953454464,-20.567427445911946,22.282612275385794,18.33193624265337,-0.16449345719586606,0,0,0
2001-04,N100,Europa,2,936.710022,6.2439092944962304,-4.412595153940901,-8.43426333335996,1.0097775883680216,4.416788644619232,49.026970354715985,47.12476806640625,50.69535102844238,-20.567427445911946,-17.97134752138766,-22.96079237760469,22.282612275385794,18.33193624265337,-15.444990282835402,-0.9863278333381387,0,0,1
2001-05,N100,Europa,2,929.130005,-0.8092170278925392,6.2439092944962304,-4.412595153940901,-8.43426333335996,4.387176078280766,59.95146006922568,56.56440058062154,60.64858498111848,22.282612275385794,20.031149014703598,19.633425453730236,18.33193624265337,-15.444990282835402,6.919856867837648,-0.08072137279815189,0,0,1
2001-06,N100,Europa,2,896.369995,-3.5258801054433686,-0.8092170278925392,6.2439092944962304,-4.412595153940901,4.389340995332195,70.94172350565593,62.602798779805504,78.85646438598633,18.33193624265337,10.675262421595733,30.02193606089316,-15.444990282835402,6.919856867837648,636.705984061322,0.8917469952324577,0,0,0
2001-07,N100,Europa,2,869.780029,-2.9664051840557204,-3.5258801054433686,-0.8092170278925392,6.2439092944962304,4.326730420885268,59.984781203731416,53.3461978666244,62.87733785567745,-15.444990282835402,-14.786241340007166,-20.26355943641387,6.919856867837648,636.705984061322,6.680150322070344,-0.040735325784857314,0,0,1
2001-08,N100,Europa,2,812.700012,-6.5625807786856,-2.9664051840557204,-3.5258801054433686,-0.8092170278925392,4.2174702677099605,64.13564220551521,73.31873946036062,56.88255968401509,6.919856867837648,37.43948471017813,-9.534083942011339,636.705984061322,6.680150322070344,-41.24090377218973,0.3121450090099885,0,1,1
2001-09,N100,Europa,2,710.409973,-12.586444873831248,-6.5625807786856,-2.9664051840557204,-3.5258801054433686,5.087123583051403,472.49111404418943,791.8359584172566,249.4176373163859,636.705984061322,979.9912331353685,338.47822373309316,6.680150322070344,-41.24090377218973,-21.93115492388762,4.651889065398863,1,1,1
2001-10,N100,Europa,2,743.130005,4.605795701575821,-12.586444873831248,-6.5625807786856,-2.9664051840557204,5.381899013497424,504.05423072076616,840.6995652721774,257.8192534908172,6.680150322070344,6.170925472062505,3.368493208751655,-41.24090377218973,-21.93115492388762,-26.483715938044828,3.36038803354654,0,1,0
2001-11,N100,Europa,2,773.130005,4.036978697960114,4.605795701575821,-12.586444873831248,-6.5625807786856,5.588657848302963,296.1777104695638,494.21396484375,141.4245381673177,-41.24090377218973,-41.21396212644078,-45.14585848323587,-21.93115492388762,-26.483715938044828,-15.629290096238414,1.4919838256736058,0,1,0
2001-12,N100,Europa,2,800.469971,3.536270203353453,4.036978697960114,4.605795701575821,-12.586444873831248,5.808443538490691,231.22251793646043,376.6929409888483,121.45619632351783,-21.93115492388762,-23.77938144505022,-14.119432244619079,-26.483715938044828,-15.629290096238414,4.7790402345696315,0.9207024060052467,0,1,0
2002-01,N100,Europa,2,779.710022,-2.5934700553557732,3.536270203353453,4.036978697960114,4.605795701575821,5.750992967383607,169.9862031013735,259.16573752126385,104.05673919185516,-26.483715938044828,-31.199736092496554,-14.325705611030715,-15.629290096238414,4.7790402345696315,2.5704229747520735,0.4178106412301901,0,1,0
2002-02,N100,Europa,2,774.530029,-0.6643486493495332,-2.5934700553557732,3.536270203353453,4.036978697960114,5.380751198347117,143.41856629507882,209.38243239266532,93.08014828818185,-15.629290096238414,-19.20906119950132,-10.548659307337282,4.7790402345696315,2.5704229747520735,3.2632959591828437,0.1896965876609148,0,1,1
2002-03,N100,Europa,2,819.840027,5.849998877190066,-0.6643486493495332,-2.5934700553557732,3.536270203353453,5.6512461921517705,150.27259728216356,217.83082137569303,97.68620583318895,4.7790402345696315,4.034908223429179,4.948485396420366,2.5704229747520735,3.2632959591828437,-7.141906512616192,0.2115393086592408,0,1,1
2002-04,N100,Europa,2,783.919983,-4.381347923623635,5.849998877190066,-0.6643486493495332,-2.5934700553557732,5.329837178363031,154.13523864746094,219.28201649983723,99.5971280415853,2.5704229747520735,0.6662028426368982,1.9561842863049517,3.2632959591828437,-7.141906512616192,-19.228603110713394,0.20906450846680694,0,1,1
2002-05,N100,Europa,2,753.390015,-3.8945260564942186,-4.381347923623635,5.849998877190066,-0.6643486493495332,5.376204889895,159.16512766192037,205.2949966922883,137.87667772846837,3.2632959591828437,-6.378553075536553,38.434391070895146,-7.141906512616192,-19.228603110713394,6.386640324555559,0.22283561106419553,0,1,0
2002-06,N100,Europa,2,687.390015,-8.760402804117328,-3.8945260564942186,-4.381347923623635,5.849998877190066,5.746663193743597,147.7977030436198,185.49468332926432,127.91307754516602,-7.141906512616192,-9.644810483473298,-7.2264579822009285,-19.228603110713394,6.386640324555559,34.05336231874485,0.10795986852254974,0,1,0
2002-07,N100,Europa,2,598.929993,-12.868971045498823,-8.760402804117328,-3.8945260564942186,-4.381347923623635,6.5481879205256295,119.37826931861139,161.98243344214654,92.84361993112871,-19.228603110713394,-12.675430618883077,-27.416631893368603,6.386640324555559,34.05336231874485,-1.1482428597716532,-0.13781889802288977,0,0,1
2002-08,N100,Europa,2,596.609985,-0.38735879436913034,-12.868971045498823,-8.760402804117328,-3.8945260564942186,6.472708121055909,127.00253000567037,157.38569099672378,101.13534890451739,6.386640324555559,-2.8378030553939837,8.930854892925822,34.05336231874485,-1.1482428597716532,-7.277545082473935,-0.10494483165416127,0,0,1
2002-09,N100,Europa,2,493.690002,-17.25079793962886,-0.38735879436913034,-12.868971045498823,-8.760402804117328,7.238552524806511,170.25116170247395,185.25534108479818,167.88976720174153,34.05336231874485,17.707867793810127,66.00503090195247,-1.1482428597716532,-7.277545082473935,12.179669045440855,0.20325984695605837,0,0,0
2002-10,N100,Europa,2,556.109985,12.643558254598819,-17.25079793962886,-0.38735879436913034,-12.868971045498823,8.27662633382118,168.296264894547,195.84739069784843,161.10799457180886,-1.1482428597716532,5.717540747287764,-4.039419878272565,-7.277545082473935,12.179669045440855,17.26225132075463,0.15715499103937208,0,0,0
2002-11,N100,Europa,2,589.640015,6.029388233336586,12.643558254598819,-17.25079793962886,-0.38735879436913034,8.428668666788154,156.04842834472657,175.04123814900717,151.88629328409831,-7.277545082473935,-10.623655732508986,-5.723925316195444,12.179669045440855,17.26225132075463,15.061801848864963,0.020633136554032164,0,0,1
2002-12,N100,Europa,2,540.27002,-8.372904440686558,6.029388233336586,12.643558254598819,-17.25079793962886,8.43212762230304,175.05461046772618,174.67416357224988,183.75799191382623,12.179669045440855,-0.20970748415570784,20.983920234403875,17.26225132075463,15.061801848864963,47.86395462919402,0.13548947851311843,0,0,1
2003-01,N100,Europa,2,513.75,-4.908660302861156,-8.372904440686558,6.029388233336586,12.643558254598819,8.451250807225817,205.2729772752331,176.48827115951045,244.28261073943108,17.26225132075463,1.0385666375383629,32.93713552006381,15.061801848864963,47.86395462919402,-27.597525181866878,0.3400154865225365,0,0,1
2003-02,N100,Europa,2,479.670013,-6.633574111922147,-4.908660302861156,-8.372904440686558,6.029388233336586,8.471754758140541,236.19078636169434,210.63462039402552,291.2838772365025,15.061801848864963,19.34765920147381,19.240528973716554,47.86395462919402,-27.597525181866878,-36.85013674083216,0.547533154274486,0,0,1
2003-03,N100,Europa,2,460.049988,-4.090317190622461,-6.633574111922147,-4.908660302861156,-8.372904440686558,7.935070203786797,349.2410371841923,413.45056693784653,352.7903245495212,47.86395462919402,96.28803952760548,21.115637396943754,-27.597525181866878,-36.85013674083216,-8.741552754206271,1.3891505960157058,1,0,0
2003-04,N100,Europa,2,510.420013,10.948815631748253,-4.090317190622461,-6.633574111922147,-4.908660302861156,9.089524408457065,252.85915400187176,326.76046600341795,210.79934641520182,-27.597525181866878,-20.967464520966683,-40.2479796790425,-36.85013674083216,-8.741552754206271,-8.073495492440319,0.5148805034165131,0,0,0
2003-05,N100,Europa,2,518.289978,1.5418605853136924,10.948815631748253,-4.090317190622461,-6.633574111922147,9.182889254744609,159.68020999047064,183.58484895767705,150.55725589875252,-36.85013674083216,-43.81668896391011,-28.577930406763798,-8.741552754206271,-8.073495492440319,2.5679680059377485,-0.33859645096062396,0,0,0
2003-06,N100,Europa,2,530.210022,2.2998793158219177,1.5418605853136924,10.948815631748253,-4.090317190622461,9.071034873938848,145.7216801961263,176.93343124389648,127.7050184249878,-8.741552754206271,-3.623075516059593,-15.178436494042181,-8.073495492440319,2.5679680059377485,-13.59457280674885,-0.5029181585692353,0,0,0
2003-07,N100,Europa,2,554.619995,4.6038309324903715,2.2998793158219177,1.5418605853136924,10.948815631748253,8.509681258301693,133.95684691398375,166.529414761451,106.6518937387774,-8.073495492440319,-5.880186920754349,-16.485745780285622,2.5679680059377485,-13.59457280674885,-9.404549940243411,-0.6575022098566479,0,0,1
2003-08,N100,Europa,2,573.159973,3.3428253880388947,4.6038309324903715,2.2998793158219177,1.5418605853136924,8.574007771590342,137.39681588449787,179.2770211004442,108.98332251271894,2.5679680059377485,7.654867674430843,2.186017230647508,-13.59457280674885,-9.404549940243411,9.037235190035675,-0.6740441743414888,0,0,0
2003-09,N100,Europa,2,545.52002,-4.822380190879095,3.3428253880388947,4.6038309324903715,2.2998793158219177,6.882943969165479,118.71830571492514,145.99144999186197,97.7679594039917,-13.59457280674885,-18.56655744515813,-10.290898506437395,-9.404549940243411,9.037235190035675,12.52368017722989,-0.8383518008892655,0,0,0
2003-10,N100,Europa,2,582.01001,6.689028571307043,-4.822380190879095,3.3428253880388947,4.6038309324903715,6.146247183369275,107.55338336575416,129.5931615521831,91.48407450029927,-9.404549940243411,-11.232362196959455,-6.4273458728196236,9.037235190035675,12.52368017722989,-13.501723875035932,-1.156165429144045,0,0,1
2003-11,N100,Europa,2,589.349976,1.2611408521994383,6.689028571307043,-4.822380190879095,3.3428253880388947,5.909540281015514,117.27323557535807,152.34808400472005,93.18425509134929,9.037235190035675,17.55873703519013,1.85844432524096,12.52368017722989,-13.501723875035932,0.6077524070589702,-0.9411455660729602,0,0,1
2003-12,N100,Europa,2,608.969971,3.3290906590280445,1.2611408521994383,6.689028571307043,-4.822380190879095,5.309412941113334,131.9601605323053,166.63024114793348,112.74830061389554,12.52368017722989,9.374687733369157,20.995011982837084,-13.501723875035932,0.6077524070589702,19.33554692769983,-0.607084009889599,0,0,0
2004-01,N100,Europa,2,623.73999,2.4254100700147774,3.3290906590280445,1.2611408521994383,6.689028571307043,4.961826346610085,114.1432640321793,127.11111671693864,107.96992640341482,-13.501723875035932,-23.716658008020264,-4.238089784469723,0.6077524070589702,19.33554692769983,8.529074870679644,-0.8844800294625489,0,0,1
2004-02,N100,Europa,2,640.159973,2.6325044510934648,2.4254100700147774,3.3290906590280445,1.2611408521994383,4.203003500959174,114.83697246683055,130.29377562424233,103.49829351490942,0.6077524070589702,2.503839939028385,-4.141554076639597,19.33554692769983,8.529074870679644,-18.08536449217786,-0.8379888001533916,0,0,1
2004-03,N100,Europa,2,620.51001,-3.0695394633803663,2.6325044510934648,2.4254100700147774,3.3290906590280445,4.0652716728601375,137.0413291685043,182.14090384206463,107.18084593742124,19.33554692769983,39.792482771660254,3.558080329103519,8.529074870679644,-18.08536449217786,12.444061856436273,-0.41912189126732874,0,0,1
2004-04,N100,Europa,2,627.22998,1.0829752770628032,-3.0695394633803663,2.6325044510934648,2.4254100700147774,3.1078982856498367,148.72968673706055,203.51488087972004,120.71956570943196,8.529074870679644,11.734858335933641,12.631659746290346,-18.08536449217786,12.444061856436273,-4.812826861738328,-0.20109534769664494,0,0,0
2004-05,N100,Europa,2,623.950012,-0.5229290857557412,1.0829752770628032,-3.0695394633803663,2.6325044510934648,3.178420353478264,121.83138078258884,160.97313985516948,91.7239502937563,-18.08536449217786,-20.903503881710396,-24.018985858073037,12.444061856436273,-4.812826861738328,7.326084232038577,-0.6577450373351099,0,0,1
2004-06,N100,Europa,2,636.890015,2.073884566252704,-0.5229290857557412,1.0829752770628032,-3.0695394633803663,3.1745915591335607,136.9921531677246,177.06919593811034,107.51701380411784,12.444061856436273,9.9992185636826,17.21803679386078,-4.812826861738328,7.326084232038577,9.302013958189859,-0.37433464268107997,0,0,0
2004-07,N100,Europa,2,620.76001,-2.532620173045108,2.073884566252704,-0.5229290857557412,1.0829752770628032,3.2257863540699647,130.39895802159464,159.34060545890563,120.38267381729618,-4.812826861738328,-10.012238653526872,11.96616196634508,7.326084232038577,9.302013958189859,-22.82005024743897,-0.5042698226408638,0,0,1
2004-08,N100,Europa,2,614.909973,-0.9423991406920629,-2.532620173045108,2.073884566252704,-0.5229290857557412,3.1785859828183143,139.9520955239573,177.53836158014113,126.08562567926222,7.326084232038577,11.420664600103292,4.737352711255904,9.302013958189859,-22.82005024743897,5.420373167086323,-0.3422804943272867,0,0,1
2004-09,N100,Europa,2,623.530029,1.4018403308609262,-0.9423991406920629,-2.532620173045108,2.073884566252704,2.6753174512605966,152.970458984375,188.2974100748698,129.69852345784506,9.302013958189859,6.060126047672232,2.8654319309747045,-22.82005024743897,5.420373167086323,-13.892755620942731,-0.09186768304555457,0,0,0
2004-10,N100,Europa,2,635.409973,1.905272151696158,1.4018403308609262,-0.9423991406920629,-2.532620173045108,2.0612388636266417,118.0625233804026,147.26095236501385,96.84527255642799,-22.82005024743897,-21.793426523253423,-25.33047410681982,5.420373167086323,-13.892755620942731,-7.26291042543833,-0.6838368102148895,0,0,1
2004-11,N100,Europa,2,644.22998,1.3880812978678048,1.905272151696158,1.4018403308609262,-0.9423991406920629,2.06440301507558,124.46195271809896,154.47430343627929,99.13031984965006,5.420373167086323,4.898346068946902,2.3594825363217,-13.892755620942731,-7.26291042543833,10.283956104618763,-0.5408137756069878,0,0,0
2004-12,N100,Europa,2,657.929993,2.1265717872986922,1.3880812978678048,1.905272151696158,1.4018403308609262,1.9548652840342713,107.17075778592017,141.9146915558846,79.30897829609532,-13.892755620942731,-8.130550907824963,-19.995236153396423,-7.26291042543833,10.283956104618763,-17.45270714392596,-0.7913484165691447,0,0,0
2005-01,N100,Europa,2,675.590027,2.6841813244407042,2.1265717872986922,1.3880812978678048,1.905272151696158,1.9773587210098724,99.38704164566532,126.41269216229838,77.36354717131584,-7.26291042543833,-10.923463401589872,-2.4529771616982887,10.283956104618763,-17.45270714392596,-3.9145466707558807,-0.8546164799301317,0,0,1
2005-02,N100,Europa,2,696.599976,3.109866658822069,2.6841813244407042,2.1265717872986922,1.3880812978678048,2.024329639213264,109.60796138218471,108.7996129989624,105.78578090667725,10.283956104618763,-13.932999022537196,36.73853484564569,-17.45270714392596,-3.9145466707558807,13.63922143399825,-0.6093248456395398,0,0,0
2005-03,N100,Europa,2,697.75,0.16509101918200653,3.109866658822069,2.6841813244407042,2.1265717872986922,1.6546706700141367,90.47840487572455,87.14632021996283,87.85526915519468,-17.45270714392596,-19.901994301400748,-16.94983162935727,-3.9145466707558807,13.63922143399825,-17.244799928592734,-1.3114835862782213,0,0,0
2005-04,N100,Europa,2,669.179993,-4.094590756001438,0.16509101918200653,3.109866658822069,2.6841813244407042,2.2111163045272666,86.93658548990885,102.42798690795898,72.97031523386637,-3.9145466707558807,17.535641951862413,-16.942585304740586,13.63922143399825,-17.244799928592734,101.53634744222848,-1.9681854593802057,0,0,1
2005-05,N100,Europa,2,700.130005,4.6250653521854534,-4.094590756001438,0.16509101918200653,3.109866658822069,2.4658885854457355,98.79405889203471,105.33132522336898,90.99365062098349,13.63922143399825,2.834516622902017,24.69954436862878,-17.244799928592734,101.53634744222848,-29.06039521641346,-1.26982662995963,0,0,0
2005-06,N100,Europa,2,724.719971,3.5121999949138116,4.6250653521854534,-4.094590756001438,0.16509101918200653,2.556519520170151,81.75722109476725,95.1893081665039,69.31578687032064,-17.244799928592734,-9.628680770281385,-23.82349054326638,101.53634744222848,-29.06039521641346,-11.224524686306193,-1.9527645530909168,0,0,1
2005-07,N100,Europa,2,754.809998,4.1519522303877565,3.5121999949138116,4.6250653521854534,-4.094590756001438,2.4144086457332463,164.77051716466104,237.00151295815743,116.65942007495511,101.53634744222848,148.97913171466425,68.30137165319535,-29.06039521641346,-11.224524686306193,-15.755245474037638,2.096672493283496,1,0,0
2005-08,N100,Europa,2,748.700012,-0.8094733795510622,4.1519522303877565,3.5121999949138116,4.6250653521854534,2.4016073949844343,116.88755367648217,143.29871208437027,94.36514368364888,-29.06039521641346,-39.53679438760814,-19.11056679090457,-11.224524686306193,-15.755245474037638,-6.115837148029257,-0.13086161533737817,0,0,0
2005-09,N100,Europa,2,779.309998,4.088417992438864,-0.8094733795510622,4.1519522303877565,3.5121999949138116,2.496612537502205,103.76748135884603,130.99529851277669,78.09897527694702,-11.224524686306193,-8.585850767695435,-17.237475376748023,-15.755245474037638,-6.115837148029257,16.183129415888263,-0.7222024783719024,0,0,0
2005-10,N100,Europa,2,754.700012,-3.1579199629362287,4.088417992438864,-0.8094733795510622,4.1519522303877565,2.8928506476329217,87.41865994853359,105.815919445407,73.7711932274603,-15.755245474037638,-19.221589899208325,-5.541406957184714,-6.115837148029257,16.183129415888263,-1.7312131574054201,-1.4009850531265875,0,0,0
2005-11,N100,Europa,2,783.679993,3.8399338199559985,-3.1579199629362287,4.088417992438864,-0.8094733795510622,2.971107464292565,82.0722770690918,93.67955487569174,70.19666430155436,-6.115837148029257,-11.469318258843575,-4.84542647274867,16.183129415888263,-1.7312131574054201,3.0493001694113175,-1.4956872910468275,0,0,1
2005-12,N100,Europa,2,810.349976,3.4031726263554107,3.8399338199559985,-3.1579199629362287,4.088417992438864,3.0108752351451282,95.3541398817493,131.53387844947076,69.47696587347215,16.183129415888263,40.40830854075885,-1.0252601533749406,-1.7312131574054201,3.0493001694113175,-4.876761101613781,-0.8501301787759667,0,0,0
2006-01,N100,Europa,2,847.099976,4.535077569990564,3.4031726263554107,3.8399338199559985,-3.1579199629362287,3.10655877773578,93.70335646598569,99.09636282151745,89.04377758887506,-1.7312131574054201,-24.660958842184765,28.163019886385033,3.0493001694113175,-4.876761101613781,-2.7477636832640484,-0.86918062114162,0,0,1
2006-02,N100,Europa,2,863.5,1.936019887220497,4.535077569990564,3.4031726263554107,3.8399338199559985,3.085033592247221,96.56065307344709,102.5961035319737,90.61754550252643,3.0493001694113175,3.5316540494625848,1.7674091960896199,-4.876761101613781,-2.7477636832640484,-5.529103500524313,-0.708329151877598,0,0,0
2006-03,N100,Europa,2,896.609985,3.8343931673422205,1.936019887220497,4.535077569990564,3.4031726263554107,3.0847390032582442,91.85162070489699,96.46455383300781,86.54391436423025,-4.876761101613781,-5.976396264459504,-4.495411032935781,-2.7477636832640484,-5.529103500524313,21.25192544792216,-0.831433334170445,0,0,0
2006-04,N100,Europa,2,894.150024,-0.274362436416542,3.8343931673422205,1.936019887220497,4.535077569990564,2.5279761104009935,89.32775522867838,92.80472908020019,86.14640655517579,-2.7477636832640484,-3.7939580989958643,-0.45931341559326544,-5.529103500524313,21.25192544792216,34.3204566344385,-0.8681456484447946,0,0,0
2006-05,N100,Europa,2,842.609985,-5.764137741610121,-0.274362436416542,3.8343931673422205,1.936019887220497,3.364742294866062,84.38873118738974,80.68312811082409,83.90371753323463,-5.529103500524313,-13.06140440203304,-2.603345991576267,21.25192544792216,34.3204566344385,7.312638981344266,-0.999507531482902,0,0,1
2006-06,N100,Europa,2,847.340027,0.561356034725824,-5.764137741610121,-0.274362436416542,3.8343931673422205,3.320458666057034,102.32296142578124,114.45484237670898,90.22701250712076,21.25192544792216,41.857219788872115,7.536370449118013,34.3204566344385,7.312638981344266,-22.965425288660548,-0.17227721348087163,0,0,1
2006-07,N100,Europa,2,860.659973,1.5719717675983347,0.561356034725824,-5.764137741610121,-0.274362436416542,3.204906057270721,137.44066902898973,144.67092710925687,133.83614447809035,34.3204566344385,26.40000554375559,48.33267860611912,7.312638981344266,-22.965425288660548,-0.7804776668569935,1.359095430202944,0,0,1
2006-08,N100,Europa,2,887.179993,3.081358588985972,1.5719717675983347,0.561356034725824,-5.764137741610121,3.185731928022715,147.491208968624,160.77977629630797,141.31128421906502,7.312638981344266,11.134821286439633,5.585292201986869,-22.965425288660548,-0.7804776668569935,-22.11167420803153,1.7460298472526472,0,0,0
2006-09,N100,Europa,2,907.080017,2.2430650101461502,3.081358588985972,1.5719717675983347,0.561356034725824,3.09104581326533,113.61922556559244,117.84904912312825,111.18667894999186,-22.965425288660548,-26.701571654174238,-21.317904961059643,-0.7804776668569935,-22.11167420803153,4.216522278378543,0.39923758677984533,0,0,0
2006-10,N100,Europa,2,924.099976,1.8763459321141651,2.2430650101461502,3.081358588985972,1.5719717675983347,2.7513832122849258,112.73245288479713,100.46679675194525,124.12324234747118,-0.7804776668569935,-14.749590684454382,11.634993975580254,-22.11167420803153,4.216522278378543,6.4485592524549995,0.36987798774225267,0,0,0
2006-11,N100,Europa,2,921.72998,-0.25646532426704116,1.8763459321141651,2.2430650101461502,3.081358588985972,2.7207040785423455,87.80542017618815,84.66829687754313,86.73696505228678,-22.11167420803153,-15.7250956387203,-30.120287375772126,4.216522278378543,6.4485592524549995,-2.420350593251641,-0.7445585542708184,0,0,1
2006-12,N100,Europa,2,962.840027,4.460096545845249,-0.25646532426704116,1.8763459321141651,2.2430650101461502,2.8073302301994274,91.50775527954102,79.05746866041615,96.69359145625945,4.216522278378543,-6.626834865052256,11.479103975992967,6.4485592524549995,-2.420350593251641,-9.379331496809673,-0.5335730533010896,0,0,1
2007-01,N100,Europa,2,974.309998,1.191264454983032,4.460096545845249,-0.25646532426704116,1.8763459321141651,2.637753302097312,97.40868709933373,96.73051378803868,95.33105973274478,6.4485592524549995,22.35468125539841,-1.4091230897458562,-2.420350593251641,-9.379331496809673,-12.100478069879417,-0.24936871439441408,0,0,0
2007-02,N100,Europa,2,960.25,-1.44307233107136,1.191264454983032,4.460096545845249,-0.25646532426704116,2.7313342138602597,95.05105536324638,89.62849848611015,97.72646740504673,-2.420350593251641,-7.342063040718328,2.5127253164051178,-9.379331496809673,-12.100478069879417,21.277337532296347,-0.3323976887352762,0,0,0
2007-03,N100,Europa,2,992.320007,3.339756001041394,-1.44307233107136,1.191264454983032,4.460096545845249,2.6867797945504037,86.13590178951141,82.20472852645382,85.6678963938067,-9.379331496809673,-8.282823080882917,-12.339104575693804,-12.100478069879417,21.277337532296347,7.364126721593589,-0.7423013756406779,0,0,0
2007-04,N100,Europa,2,1037.790039,4.582194421078523,3.339756001041394,-1.44307233107136,1.191264454983032,2.8570936248309047,75.71304588317871,82.1852602005005,68.55693855285645,-12.100478069879417,-0.023682732492769087,-19.973594031412766,21.277337532296347,7.364126721593589,15.619378517191729,-1.1858271590857998,0,0,1
2007-05,N100,Europa,2,1066.599976,2.776085327217137,4.582194421078523,3.339756001041394,-1.44307233107136,1.8144391605688992,91.82276621172505,103.15781870195943,82.37121458976499,21.277337532296347,25.518637344815765,20.150077189135175,7.364126721593589,15.619378517191729,-27.075906953096485,-0.4274257163072001,0,0,1
2007-06,N100,Europa,2,1066.219971,-0.03562769628263629,2.776085327217137,4.582194421078523,3.339756001041394,1.8649121933360708,98.5847110748291,110.01365140279134,88.00655695597331,7.364126721593589,6.645965169775048,6.841397682763484,15.619378517191729,-27.075906953096485,11.546988654440726,-0.15149908320847785,0,0,1
2007-07,N100,Europa,2,1019.929993,-4.341503560150439,-0.03562769628263629,2.776085327217137,4.582194421078523,2.6071587711389546,113.9830302576865,129.01673864549207,104.86104534518334,15.619378517191729,17.2733901660304,19.151400727609147,-27.075906953096485,11.546988654440726,8.890282235271773,0.8438942046709289,0,0,0
2007-08,N100,Europa,2,1003.859985,-1.5755991205564923,-4.341503560150439,-0.03562769628263629,2.776085327217137,2.688574124647629,83.12109104279548,100.07418700187436,73.35449858634702,-27.075906953096485,-22.433175685168337,-30.045997210043584,11.546988654440726,8.890282235271773,-11.738998432242253,-0.9018285901965774,0,0,1
2007-09,N100,Europa,2,1015.070007,1.11669178645466,-1.5755991205564923,-4.341503560150439,-0.03562769628263629,2.663366070769094,92.71907399495443,90.46699282328288,93.58469161987304,11.546988654440726,-9.600072172868657,27.578667189324,8.890282235271773,-11.738998432242253,6.2146853340762975,-0.3042948164958451,0,0,1
2007-10,N100,Europa,2,1044.670044,2.916058675350053,1.11669178645466,-1.5755991205564923,-4.341503560150439,2.7118529702116465,100.96206135903635,95.91243030178931,103.74951417984501,8.890282235271773,6.019253330486496,10.861629593502276,-11.738998432242253,6.2146853340762975,-14.642856634877798,0.15333338680998607,0,0,0
2007-11,N100,Europa,2,1000.570007,-4.221432140539094,2.916058675350053,1.11669178645466,-1.5755991205564923,3.1006231725499194,89.11012655893961,80.4546085993449,95.28441146214803,-11.738998432242253,-16.116598916121973,-8.159173355764459,6.2146853340762975,-14.642856634877798,1.0531282092792749,-0.5828290894031587,0,0,1
2007-12,N100,Europa,2,995.22998,-0.5336984881258888,-4.221432140539094,2.916058675350053,1.11669178645466,2.8819460137276023,94.64804052537487,85.06247354322865,97.48771335232642,6.2146853340762975,5.727285265696103,2.3123424454939867,-14.642856634877798,1.0531282092792749,-4.221155249228914,-0.24424836443298129,0,0,0
2008-01,N100,Europa,2,864.469971,-13.138672631224392,-0.5336984881258888,-4.221432140539094,2.916058675350053,4.8096658001441,80.78886364352319,81.53163952981272,76.77330804640248,-14.642856634877798,-4.150871549275559,-21.248221538503877,1.0531282092792749,-4.221155249228914,-8.092695384500992,-1.030238765598614,0,0,1
2008-02,N100,Europa,2,852.950012,-1.3326037209452135,-13.138672631224392,-0.5336984881258888,-4.221432140539094,4.808595497130298,81.6396739565093,88.45064189516265,72.8041961275298,1.0531282092792749,8.48627895287195,-5.169911288013928,-4.221155249228914,-8.092695384500992,1.7020307479039154,-0.924475523282837,0,0,0
2008-03,N100,Europa,2,833.820007,-2.2428049394294325,-1.3326037209452135,-13.138672631224392,-0.5336984881258888,4.630984508195415,78.19353657384073,84.13256103761735,72.61432629246866,-4.221155249228914,-4.881910142227531,-0.2607951809928011,-8.092695384500992,1.7020307479039154,18.740602004999385,-1.0661920521595403,0,0,0
2008-04,N100,Europa,2,889.369995,6.6621078330637795,-2.2428049394294325,-1.3326037209452135,-13.138672631224392,4.903523926969967,71.86557184855143,70.36499150594075,69.58370641072591,-8.092695384500992,-16.364139355654284,-4.173583969554883,1.7020307479039154,18.740602004999385,3.0983884950956497,-1.3333965961012133,0,0,1
2008-05,N100,Europa,2,891.919983,0.2867184652434851,6.6621078330637795,-2.2428049394294325,-1.3326037209452135,4.772658579491512,73.08874597857076,75.19145030360067,71.38500275150422,1.7020307479039154,6.85917626701118,2.588675472596913,18.740602004999385,3.0983884950956497,-1.1180904357439236,-1.2102508567294472,0,0,1
2008-06,N100,Europa,2,782.97998,-12.214100488429136,0.2867184652434851,6.6621078330637795,-2.2428049394294325,5.6730190225213315,86.7860169728597,80.27725048065186,87.26098276774088,18.740602004999385,6.763801145630577,22.23993752791742,3.0983884950956497,-1.1180904357439236,0.8402831055205118,-0.4430783950807696,0,0,1
2008-07,N100,Europa,2,759.280029,-3.026891057929726,-12.214100488429136,0.2867184652434851,6.6621078330637795,5.644421537189886,89.47498493809854,87.2099857945596,84.52966382426601,3.0983884950956497,8.635989987697258,-3.130057508915207,-1.1180904357439236,0.8402831055205118,-27.17747676132537,-0.21996002846280854,0,0,0
2008-08,N100,Europa,2,782.809998,3.0989843142575246,-3.026891057929726,-12.214100488429136,0.2867184652434851,5.854503317262842,88.47457368912235,105.41860654277187,75.39880838701802,-1.1180904357439236,20.879054826480868,-10.801954040927797,0.8402831055205118,-27.17747676132537,21.79458180831557,-0.18480278958268545,0,1,1
2008-09,N100,Europa,2,690.880005,-11.743589534481135,3.0989843142575246,-3.026891057929726,-12.214100488429136,6.406005920735428,89.21801058451335,95.21897468566894,82.42706019083658,0.8402831055205118,-9.675362055715087,9.321436179392805,-27.17747676132537,21.79458180831557,18.90005212057766,-0.03769254696213948,0,1,0
2008-10,N100,Europa,2,589.090027,-14.733380219912428,-11.743589534481135,3.0989843142575246,-3.026891057929726,6.938825945289063,64.97080649099043,76.1353960960142,53.63574997071297,-27.17747676132537,-20.041781223387755,-34.929439620272106,21.79458180831557,18.90005212057766,-8.348161215059768,-2.1434157026319185,0,1,1
2008-11,N100,Europa,2,551.700012,-6.34707995149949,-14.733380219912428,-11.743589534481135,3.0989843142575246,6.960164804936424,79.13092206319173,96.24985440572102,67.7355552037557,21.79458180831557,26.41932575531689,26.288073236119036,18.90005212057766,-8.348161215059768,-22.161447104217558,-0.7595182677418102,0,1,1
2008-12,N100,Europa,2,544.919983,-1.2289339953829859,-6.34707995149949,-14.733380219912428,-11.743589534481135,6.926000426323602,94.08670757662865,107.55399310204291,87.6594942154423,18.90005212057766,11.744577450134797,29.414299405612443,-8.348161215059768,-22.161447104217558,7.35467474432232,0.6233375017235697,0,1,0
2009-01,N100,Europa,2,518.789978,-4.795200362472296,-1.2289339953829859,-6.34707995149949,-14.733380219912428,6.396373462438652,86.23219754618984,91.03520405677057,87.53845571702526,-8.348161215059768,-15.358601358110413,-0.1380780250905378,-22.161447104217558,7.35467474432232,19.28906303929281,-0.06406076130466869,0,1,0
2009-02,N100,Europa,2,469.649994,-9.472038027689123,-4.795200362472296,-1.2289339953829859,-6.34707995149949,6.521828618484333,67.12189470018659,63.14009993416922,65.29873490333557,-22.161447104217558,-30.642106437423532,-25.40565815506419,7.35467474432232,19.28906303929281,6.075574369099579,-1.6713881846745218,0,1,1
2009-03,N100,Europa,2,478.459991,1.875864391046922,-9.472038027689123,-4.795200362472296,-1.2289339953829859,6.763709117146632,72.05849173761183,73.33846209126133,69.22285332218293,7.35467474432232,16.151957579612763,6.0094861327044,19.28906303929281,6.075574369099579,-10.888347911835139,-1.1405010755464262,0,1,1
2009-04,N100,Europa,2,537.400024,12.318696256465046,1.875864391046922,-9.472038027689123,-4.795200362472296,7.726033925556234,85.95789963404337,83.50890401204427,85.18863232930501,19.28906303929281,13.86781455565156,23.06431798298285,6.075574369099579,-10.888347911835139,-0.2073196231979657,0.0329756834210831,0,1,1
2009-05,N100,Europa,2,561.080017,4.406399691563823,12.318696256465046,1.875864391046922,-9.472038027689123,8.01191488637801,91.18033575242565,93.24943800895444,89.41171313870338,6.075574369099579,11.664066379682492,4.957329040186531,-10.888347911835139,-0.2073196231979657,-9.032432357199339,0.4977999095413013,0,1,0
2009-06,N100,Europa,2,542.299988,-3.3471213429438595,4.406399691563823,12.318696256465046,1.875864391046922,7.528306836520159,81.25230356852214,73.67756567001342,81.75211544036866,-10.888347911835139,-20.988729537503048,-8.566660261226033,-0.2073196231979657,-9.032432357199339,23.549742301368237,-0.3265552025967795,0,1,0
2009-07,N100,Europa,2,589.25,8.65757201528834,-3.3471213429438595,4.406399691563823,12.318696256465046,8.213609158873675,81.08385159892421,76.3114563111336,80.97563048331968,-0.2073196231979657,3.5748882542032234,-0.9498041156076997,-9.032432357199339,23.549742301368237,-0.8148729801666255,-0.2627382909944407,0,0,0
2009-08,N100,Europa,2,629.669983,6.859564361476456,8.65757201528834,-3.3471213429438595,4.406399691563823,8.483806876942534,73.76000755063949,78.4546751206921,65.25164118120748,-9.032432357199339,2.8085151472149406,-19.418174589392322,23.549742301368237,-0.8148729801666255,-10.353229076577463,-1.0040004553560047,0,0,1
2009-09,N100,Europa,2,659.659973,4.762810807197093,6.859564361476456,8.65757201528834,-3.3471213429438595,7.9890338836042805,91.13029925028484,75.68046391805014,96.45980974833171,23.549742301368237,-3.5360686898189386,47.82740786619817,-0.8148729801666255,-10.353229076577463,18.25563652218536,0.8816289056537101,0,0,0
2009-10,N100,Europa,2,632.159973,-4.168814408267874,4.762810807197093,6.859564361476456,8.65757201528834,6.7076155689169275,90.38770306494928,89.20428694448164,89.28504986916819,-0.8148729801666255,17.869635473000866,-7.4380821379212865,-10.353229076577463,18.25563652218536,-2.2371733163945695,0.9151397601578731,0,0,0
2009-11,N100,Europa,2,640.5,1.319290584062327,-4.168814408267874,4.762810807197093,6.859564361476456,6.319553603618757,81.02965710957845,82.64781697591145,73.95016460418701,-10.353229076577463,-7.349949417398238,-17.175199305428855,18.25563652218536,-2.2371733163945695,-13.029217772023905,-0.1425267675173771,0,0,1
2009-12,N100,Europa,2,683.76001,6.754099921935985,1.319290584062327,-4.168814408267874,4.762810807197093,6.433098613524602,95.82213678667623,100.3492317199707,92.03632293208953,18.25563652218536,21.41788542245284,24.457225247174776,-2.2371733163945695,-13.029217772023905,-10.73701462694614,1.5908561015288483,0,0,0
2010-01,N100,Europa,2,658.880005,-3.6387043167382616,6.754099921935985,1.319290584062327,-4.168814408267874,6.328258295550722,93.6784295112856,102.653564453125,87.86365244465489,-2.2371733163945695,2.296313278794848,-4.53372142052385,-13.029217772023905,-10.73701462694614,21.862566984562726,1.2320588451155279,0,0,0
2010-02,N100,Europa,2,651.969971,-1.048754545222541,-3.6387043167382616,6.754099921935985,1.319290584062327,5.300276913008686,81.47286292484829,81.01815795898438,80.05752774647304,-13.029217772023905,-21.07613759872904,-8.88436171384852,-10.73701462694614,21.862566984562726,-1.6770919748616664,-0.1517539998744288,0,0,0
2010-03,N100,Europa,2,698.51001,7.138371561594514,-1.048754545222541,-3.6387043167382616,6.754099921935985,5.424460247076523,72.72510971561555,67.32707777330953,73.52030064982753,-10.73701462694614,-16.898779891547267,-8.165661969162553,21.862566984562726,-1.6770919748616664,10.567262949366473,-1.0941896353363345,0,0,1
2010-04,N100,Europa,2,681.299988,-2.4638189508551234,7.138371561594514,-1.048754545222541,-3.6387043167382616,4.846418519715315,88.62468554178874,79.6067726135254,92.83870468139648,21.862566984562726,18.238865024799743,26.2762854080008,-1.6770919748616664,10.567262949366473,-17.59668875597209,0.607960427043267,0,0,0
2010-05,N100,Europa,2,635.559998,-6.713634346930308,-2.4638189508551234,7.138371561594514,-1.048754545222541,5.397632740444149,87.13836805282101,83.16650359861312,86.94786573225453,-1.6770919748616664,4.471643389400404,-6.345240349225156,10.567262949366473,-17.59668875597209,2.79697724964445,0.3828726247882139,0,0,1
2010-06,N100,Europa,2,625.0,-1.6615265330150564,-6.713634346930308,-2.4638189508551234,7.138371561594514,5.290087747008603,96.34650853474935,69.67944971720378,111.88416697184245,10.567262949366473,-16.216930251753723,28.67960131002669,-17.59668875597209,2.79697724964445,-11.994283766920088,1.357065673567289,0,0,0
2010-07,N100,Europa,2,656.75,5.079999999999996,-1.6615265330150564,-6.713634346930308,-2.4638189508551234,4.92710868869249,79.39271330064342,81.76249122619629,76.34224307152533,-17.59668875597209,17.340896861315503,-31.766714506854075,2.79697724964445,-11.994283766920088,-8.726501270000398,-0.5011396530748392,0,0,1
2010-08,N100,Europa,2,633.530029,-3.5355875142748405,5.079999999999996,-1.6615265330150564,-6.713634346930308,4.716043703568118,81.61330942953786,84.75737048733619,74.11711311340332,2.79697724964445,3.6629011863820837,-2.9146772070048788,-11.994283766920088,-8.726501270000398,45.83401536726808,-0.22012562720000922,0,0,0
2010-09,N100,Europa,2,671.849976,6.048639408693268,-3.5355875142748405,5.079999999999996,-1.6615265330150564,4.843222144480959,71.82437750498454,70.37432320912679,69.72902139027913,-11.994283766920088,-16.969671422685785,-5.920483865055792,-8.726501270000398,45.83401536726808,2.3956021728043453,-1.2145632690267665,0,0,0
2010-10,N100,Europa,2,692.849976,3.125697812036532,6.048639408693268,-3.5355875142748405,5.079999999999996,4.69236485634718,65.55662228984218,74.25972569373346,63.16021014798072,-8.726501270000398,5.521051297446489,-9.4204839123329,45.83401536726808,2.3956021728043453,-19.46454465246935,-1.919177895726568,0,0,1
2010-11,N100,Europa,2,657.98999,-5.031390229852583,3.125697812036532,6.048639408693268,-3.5355875142748405,4.985677271214259,95.60385462443034,80.85895284016927,102.02185897827148,45.83401536726808,8.886683979486731,61.528688297965076,2.3956021728043453,-19.46454465246935,12.806536842294957,1.291041578905604,1,0,1
2010-12,N100,Europa,2,697.469971,6.000088390402403,-5.031390229852583,3.125697812036532,6.048639408693268,4.901502159539157,97.89414264309791,94.39043466506466,98.9651261606524,2.3956021728043453,16.73467358851721,-2.9961547929352017,-19.46454465246935,12.806536842294957,53.00774228080458,1.4848186772493326,0,0,0
2011-01,N100,Europa,2,716.51001,2.729872222699603,6.000088390402403,-5.031390229852583,3.125697812036532,4.782563346671753,78.83949353618007,77.48969244187877,77.08557048920662,-19.46454465246935,-17.9051429132163,-22.108349193561573,12.806536842294957,53.00774228080458,-33.36802641662523,-0.4750384228910944,0,1,1
2011-02,N100,Europa,2,732.809998,2.2749142053158478,2.729872222699603,6.000088390402403,-5.031390229852583,4.761601175341295,88.93610232216972,84.70568302699498,89.67357962472099,12.806536842294957,9.312194122500305,16.329916293837265,53.00774228080458,-33.36802641662523,15.221272067740333,0.5147852069653104,0,1,1
2011-03,N100,Europa,2,713.159973,-2.681462460068662,2.2749142053158478,2.729872222699603,6.000088390402403,4.460554753984748,136.0791222356981,156.13775290212322,126.68266185637444,53.00774228080458,84.32972537670638,41.27088757528632,-33.36802641662523,15.221272067740333,-19.08316741489856,3.6246571728768533,1,1,0
2011-04,N100,Europa,2,727.909973,2.06825965539712,-2.681462460068662,2.2749142053158478,2.729872222699603,4.400019457985067,90.67220478057861,111.14294446309408,73.5580285390218,-33.36802641662523,-28.817379271004796,-41.935204501451274,15.221272067740333,-19.08316741489856,-7.395183206081024,0.2582538320621,0,1,1
2011-05,N100,Europa,2,714.070007,-1.90132935573889,2.06825965539712,-2.681462460068662,2.2749142053158478,3.8541040495164265,104.47366776004914,120.63443325411889,96.0221432101342,15.221272067740333,8.53989323107822,30.539310415579468,-19.08316741489856,-7.395183206081024,10.35534745366633,1.1963348470666315,0,1,0
2011-06,N100,Europa,2,704.539978,-1.3346070982645286,-1.90132935573889,2.06825965539712,-2.681462460068662,3.8343534963864356,84.53678283691406,97.33198216756185,72.88245728810628,-19.08316741489856,-19.316583547476828,-24.098281030229863,-7.395183206081024,10.35534745366633,-3.7587201796722147,-0.2381333011797011,0,1,0
2011-07,N100,Europa,2,668.429993,-5.12532803354987,-1.3346070982645286,-1.90132935573889,2.06825965539712,3.992642412995418,78.2851328695974,99.24549016644877,60.417874859225364,-7.395183206081024,1.9659601667134652,-17.102308144754364,10.35534745366633,-3.7587201796722147,-9.59658500968753,-0.6744404095941262,0,1,1
2011-08,N100,Europa,2,600.440002,-10.171594888322122,-5.12532803354987,-1.3346070982645286,-1.90132935573889,4.913448601087543,86.39183038280856,111.57653574789724,62.886020106654016,10.35534745366633,12.424791857813933,4.085124233812376,-3.7587201796722147,-9.59658500968753,10.75561755834511,-0.13693057664267147,0,1,0
2011-09,N100,Europa,2,559.280029,-6.8549685002499245,-10.171594888322122,-5.12532803354987,-1.3346070982645286,4.800496414218201,83.14460322062175,93.88602275848389,70.98976675669353,-3.7587201796722147,-15.855047722026761,12.886404062931067,-9.59658500968753,10.75561755834511,1.885317306908374,-0.3489112784017622,0,1,0
2011-10,N100,Europa,2,601.809998,7.604414031383189,-6.8549685002499245,-10.171594888322122,-5.12532803354987,5.329970197976167,75.16556069158739,90.57414713213521,63.65037210526005,-9.59658500968753,-3.5275491804230286,-10.338665679221236,10.75561755834511,1.885317306908374,-8.156193496580155,-0.8690907544536027,0,0,1
2011-11,N100,Europa,2,587.169983,-2.432663971793958,7.604414031383189,-6.8549685002499245,-10.171594888322122,5.204153150749476,83.25008093516031,70.99307772318522,95.16603965759278,10.75561755834511,-21.6188283621196,49.51372083137953,1.885317306908374,-8.156193496580155,17.437683308734808,-0.29755002076007414,0,0,1
2011-12,N100,Europa,2,592.849976,0.9673507100924184,-2.432663971793958,7.604414031383189,-6.8549685002499245,4.791077913381955,84.81960911904612,77.63644483012538,86.84766141829952,1.885317306908374,9.357767433106435,-8.740910380659695,-8.156193496580155,17.437683308734808,-3.722992679209569,-0.15314732600468142,0,0,0
2012-01,N100,Europa,2,613.75,3.5253478697956586,0.9673507100924184,-2.432663971793958,7.604414031383189,4.856032762134335,77.90155767625377,61.71806113950668,91.26849322165212,-8.156193496580155,-20.503751460347488,5.090329124764548,17.437683308734808,-3.722992679209569,11.683646516830692,-0.6044036259967932,0,0,1
2012-02,N100,Europa,2,640.72998,4.395923421588588,3.5253478697956586,0.9673507100924184,-2.432663971793958,5.028432209261237,91.4857845964103,77.98118065143454,103.34518873280493,17.437683308734808,26.350664962022897,13.232053126837195,-3.722992679209569,11.683646516830692,-21.032583801878502,0.3455942766440141,0,0,0
2012-03,N100,Europa,2,642.309998,0.24659654602083858,4.395923421588588,3.5253478697956586,0.9673507100924184,5.01016877130001,88.0797755333685,86.14695296748992,86.66009946023264,-3.722992679209569,10.47146535592387,-16.145008274851524,11.683646516830692,-21.032583801878502,-0.11563419129990704,0.05496641858514284,0,0,1
2012-04,N100,Europa,2,612.580017,-4.628603181107572,0.24659654602083858,4.395923421588588,3.5253478697956586,5.0404660991993975,98.3707051595052,88.1813424428304,104.64068247477213,11.683646516830692,2.3615338735291314,20.748398774675515,-21.032583801878502,-0.11563419129990704,4.661354718603983,0.7745442600702505,0,0,0
2012-05,N100,Europa,2,576.809998,-5.83924026369278,-4.628603181107572,0.24659654602083858,4.395923421588588,5.207933498363089,77.68080416033345,69.08255398658014,79.93533497471964,-21.032583801878502,-21.65853674617435,-23.60969645434864,-0.11563419129990704,4.661354718603983,-7.806712344159738,-0.6966679763797997,0,0,0
2012-06,N100,Europa,2,611.809998,6.067855987475457,-5.83924026369278,-4.628603181107572,0.24659654602083858,5.665360769166902,77.59097859064738,81.92765919367473,70.51085557937623,-0.11563419129990704,18.59384817994694,-11.790129356840751,4.661354718603983,-7.806712344159738,-7.87534886252107,-0.6468544531804323,0,0,1
2012-07,N100,Europa,2,632.169983,3.3278280947608874,6.067855987475457,-5.83924026369278,-4.628603181107572,5.6340006277674695,81.20776933239353,89.00009404459307,77.46019707956621,4.661354718603983,8.632536216126097,9.8557044062058,-7.806712344159738,-7.87534886252107,18.802659577001602,-0.3926547006231566,0,0,0
2012-08,N100,Europa,2,650.609985,2.9169372946959538,3.3278280947608874,6.067855987475457,-5.83924026369278,4.750161568717834,74.8681123795048,78.25724669425718,70.49690803404778,-7.806712344159738,-12.070602245603512,-8.989505976038025,-7.87534886252107,18.802659577001602,-2.6717656381202715,-0.8201291777019274,0,0,0
2012-09,N100,Europa,2,642.380005,-1.2649636786622787,2.9169372946959538,3.3278280947608874,6.067855987475457,4.172947570466157,68.97198734283447,65.10240313212077,68.31967938741049,-7.87534886252107,-16.80974493458861,-3.0884030340532886,18.802659577001602,-2.6717656381202715,-5.994197564654025,-1.2202075636257568,0,0,1
2012-10,N100,Europa,2,651.859985,1.4757588851166181,-1.2649636786622787,2.9169372946959538,3.3278280947608874,3.667735439352254,81.94055532640026,86.90206847652313,75.07558896464687,18.802659577001602,33.48519301224788,9.888672836016443,-2.6717656381202715,-5.994197564654025,20.367269576878645,-0.3694110124128443,0,0,0
2012-11,N100,Europa,2,670.289978,2.827293195485825,1.4757588851166181,-1.2649636786622787,2.9169372946959538,3.5683884407756166,79.75129572550456,87.46022033691406,73.34758491516114,-2.6717656381202715,0.6422768412488677,-2.301685638855866,-5.994197564654025,20.367269576878645,-8.164537558505069,-0.4847113582862031,0,0,0
2012-12,N100,Europa,2,677.960022,1.1442874355492627,2.827293195485825,1.4757588851166181,-1.2649636786622787,3.567848708692288,74.97084549934634,85.26028196273312,64.21883093926215,-5.994197564654025,-2.515358829084069,-12.44588214657365,20.367269576878645,-8.164537558505069,-9.751520162523587,-0.7721678806588171,0,0,1
2013-01,N100,Europa,2,698.73999,3.0650727661932997,1.1442874355492627,2.827293195485825,1.4757588851166181,3.542762960760423,90.24035970626339,109.75873522604665,83.89209476594002,20.367269576878645,28.73372301773727,30.634727445108332,-8.164537558505069,-9.751520162523587,25.47476088535521,0.33378525699886924,0,0,0
2013-02,N100,Europa,2,703.590027,0.6941118397989499,3.0650727661932997,1.1442874355492627,2.827293195485825,3.391868195420248,82.87265164511544,87.37166687420437,78.62591293879917,-8.164537558505069,-20.3966165478642,-6.2773278481525026,-9.751520162523587,25.47476088535521,-11.144978564302333,-0.19920816864343685,0,0,0
2013-03,N100,Europa,2,713.080017,1.348795411507453,0.6941118397989499,3.0650727661932997,1.1442874355492627,3.389376752873609,74.79130831072408,70.25588681620937,79.46081779849145,-9.751520162523587,-19.589622895300696,1.0618698447955044,25.47476088535521,-11.144978564302333,-0.965878998260461,-1.013514684973251,0,0,1
2013-04,N100,Europa,2,726.809998,1.9254474494690532,1.348795411507453,0.6941118397989499,3.0650727661932997,2.9062159020994907,93.84421526590982,83.1100798924764,99.8020144144694,25.47476088535521,18.296250547507608,25.599027520157392,-11.144978564302333,-0.965878998260461,-6.660023976577866,1.3038201103451614,0,0,0
2013-05,N100,Europa,2,740.840027,1.9303571825658894,1.9254474494690532,1.348795411507453,0.6941118397989499,1.7735350123794984,83.38529759068643,96.31220405332503,76.66901059304514,-11.144978564302333,15.885105847484283,-23.178894691799336,-0.965878998260461,-6.660023976577866,15.266434567502763,0.1681061665247437,0,0,0
2013-06,N100,Europa,2,703.840027,-4.994330577659245,1.9303571825658894,1.9254474494690532,1.348795411507453,2.3250569356124298,82.57989651362101,85.31224797566732,78.08507897059123,-0.965878998260461,-11.421144584716792,1.8469892419278766,-6.660023976577866,15.266434567502763,10.38976028717007,0.06282779852477731,0,0,0
2013-07,N100,Europa,2,751.710022,6.801260679083265,-4.994330577659245,1.9303571825658894,1.9254474494690532,2.7848262977211813,77.08005560598066,75.28471995938209,75.0804361527966,-6.660023976577866,-11.753913716053145,-3.847909046651865,15.266434567502763,10.38976028717007,-24.991962578693006,-0.7292898821973308,0,0,1
2013-08,N100,Europa,2,741.409973,-1.3702157345987787,6.801260679083265,-4.994330577659245,1.9303571825658894,2.859016855422864,88.84743185966245,104.42809732498661,78.84740774093136,15.266434567502763,38.71087968624718,5.017247875956099,10.38976028717007,-24.991962578693006,4.327385501849101,0.9539072115700641,0,0,1
2013-09,N100,Europa,2,776.130005,4.682973424205605,-1.3702157345987787,6.801260679083265,-4.994330577659245,2.9206269712877915,98.07846705118816,97.374010403951,98.14722569783528,10.38976028717007,-6.754970263494176,24.47742863064981,-24.991962578693006,4.327385501849101,-8.47958052592066,1.985063817732131,0,0,0
2013-10,N100,Europa,2,803.47998,3.523890949171582,4.682973424205605,-1.3702157345987787,6.801260679083265,2.970370449001103,73.56673326799947,80.33374651016727,65.35439909658125,-24.991962578693006,-17.499807005065403,-33.411873201809016,4.327385501849101,-8.47958052592066,11.926947066993353,-1.1842847482493826,0,0,1
2013-11,N100,Europa,2,804.640015,0.14437634152377754,3.523890949171582,4.682973424205605,-1.3702157345987787,2.9867984211172462,76.75024941762288,52.19944121042887,91.32140051523844,4.327385501849101,-35.02177667784688,39.732599148043505,-8.47958052592066,11.926947066993353,-10.628031863710918,-0.7302356457466846,0,0,0
2013-12,N100,Europa,2,809.950012,0.6599220646514858,0.14437634152377754,3.523890949171582,4.682973424205605,2.9964008056941775,70.2421502144106,68.61865160542149,68.88867827384702,-8.47958052592066,31.45476276039567,-24.564584111528333,11.926947066993353,-10.628031863710918,70.12768145517792,-1.4153214775509915,0,0,1
2014-01,N100,Europa,2,786.580017,-2.885362633959687,0.6599220646514858,0.14437634152377754,3.523890949171582,3.2051403227371766,78.61989428920131,86.78251980197045,68.41249278283888,11.926947066993353,26.4707448654002,-0.6912391164121345,-10.628031863710918,70.12768145517792,-22.3830484610423,-0.400710165838595,0,0,0
2014-02,N100,Europa,2,829.01001,5.3942373417808165,-2.885362633959687,0.6599220646514858,0.14437634152377754,3.437965681780816,70.26414687292916,61.49816117967878,73.86041593551636,-10.628031863710918,-29.135312825656822,7.963345481315476,70.12768145517792,-22.3830484610423,-10.343908404842095,-1.3004457666171292,0,1,1
2014-03,N100,Europa,2,831.469971,0.2967347764594619,5.3942373417808165,-2.885362633959687,0.6599220646514858,3.4536066165839605,119.53876396917528,75.00083989481772,150.81426780454575,70.12768145517792,21.956231627297342,104.18821894560378,-22.3830484610423,-10.343908404842095,18.018621331537332,3.2754976148498836,1,1,0
2014-04,N100,Europa,2,841.51001,1.207504702536033,0.2967347764594619,5.3942373417808165,-2.885362633959687,3.4488040482692437,92.7823445002238,61.30099623998006,112.3606637954712,-22.3830484610423,-18.266253650026478,-25.49732500038402,-10.343908404842095,18.018621331537332,38.660193810520525,0.9648550951925742,0,1,0
2014-05,N100,Europa,2,852.190002,1.2691461626226141,1.207504702536033,0.2967347764594619,5.3942373417808165,3.4427911201578834,83.18502376925561,75.96359517497402,92.24833537686256,-10.343908404842095,23.919022257963118,-17.89979494533681,18.018621331537332,38.660193810520525,-2.7048677246242936,0.07732757889483634,0,1,1
2014-06,N100,Europa,2,840.880005,-1.3271684687049534,1.2691461626226141,1.207504702536033,0.2967347764594619,2.9706949862957526,98.1738182067871,105.45366484324137,96.13338797887167,18.018621331537332,38.82131908098889,4.211515130476329,38.660193810520525,-2.7048677246242936,-1.419314844118058,1.3100368914918,0,1,1
2014-07,N100,Europa,2,814.840027,-3.096753144938913,-1.3271684687049534,1.2691461626226141,1.207504702536033,2.740160580848804,136.12800659671908,115.96761592741936,161.79567853866084,38.660193810520525,9.970209285573105,68.30331473828896,-2.7048677246242936,-1.419314844118058,-38.12192153075063,3.222536139713079,0,1,0
2014-08,N100,Europa,2,836.929993,2.710957398758218,-3.096753144938913,-1.3271684687049534,1.2691461626226141,2.711857883447811,132.44592408211,107.58255644767515,154.04245942638767,-2.7048677246242936,-7.230518117223495,-4.791981579669047,-1.419314844118058,-38.12192153075063,4.1467635433172,2.445848791870672,0,1,0
2014-09,N100,Europa,2,844.219971,0.8710379674492064,2.710957398758218,-3.096753144938913,-1.3271684687049534,2.45886369299598,130.56609942118328,121.00510635375977,142.43847586313885,-1.419314844118058,12.476511387431977,-7.53297734044166,-38.12192153075063,4.1467635433172,1.5573648683008257,2.034635004614549,0,1,0
2014-10,N100,Europa,2,819.47998,-2.930514776936022,0.8710379674492064,2.710957398758218,-3.096753144938913,2.4979485267750845,80.79179345407793,74.09397866649013,83.08987451368763,-38.12192153075063,-38.76789096000993,-41.66613058010812,4.1467635433172,1.5573648683008257,26.783666844919374,-0.48645379517397036,0,0,1
2014-11,N100,Europa,2,850.539978,3.790208273300344,-2.930514776936022,0.8710379674492064,2.710957398758218,2.704679915543018,84.14203809102376,77.99142316182454,87.09242757161458,4.1467635433172,5.26013660688609,4.817136963262114,1.5573648683008257,26.783666844919374,3.8473610430540095,-0.32739728608346297,0,0,1
2014-12,N100,Europa,2,839.52002,-1.295642566492028,3.790208273300344,-2.930514776936022,0.8710379674492064,2.752440990557335,85.45243663172567,94.30592924548733,80.33614915417087,1.5573648683008257,20.918333609340344,-7.7575957012888885,26.783666844919374,3.8473610430540095,-8.025303643352133,-0.2865574549034715,0,0,1
2015-01,N100,Europa,2,906.280029,7.9521640234380575,-1.295642566492028,3.790208273300344,-2.930514776936022,3.3197239343782985,108.33973257003292,146.6483586834323,81.6583960748488,26.783666844919374,55.50279802841731,1.6458928323044741,3.8473610430540095,-8.025303643352133,-3.786405996924136,0.8398251083784557,0,0,1
2015-02,N100,Europa,2,973.01001,7.363064269840591,7.9521640234380575,-1.295642566492028,3.790208273300344,3.582151969924715,112.50795323508126,110.62664944784981,116.82035664149693,3.8473610430540095,-24.56332246673284,43.05982269651534,-8.025303643352133,-3.786405996924136,-25.261601602650142,0.9715915138357889,0,0,0
2015-03,N100,Europa,2,984.5,1.1808706880620967,7.363064269840591,7.9521640234380575,-1.295642566492028,3.5664349379782037,103.47884836504537,80.65029876462874,119.2300068024666,-8.025303643352133,-27.096862132981926,2.0626971447831766,-3.786405996924136,-25.261601602650142,14.61646704169861,0.4687794836747721,0,0,0
2015-04,N100,Europa,2,983.710022,-0.08024154393093674,1.1808706880620967,7.363064269840591,7.9521640234380575,3.594465081503858,99.56071904500325,92.08395849863687,107.84801419576009,-3.786405996924136,14.17683493941706,-9.546248391618018,-25.261601602650142,14.61646704169861,24.558055668202016,0.25841467982350513,0,0,0
2015-05,N100,Europa,2,983.52002,-0.01931483829082925,-0.08024154393093674,1.1808706880620967,7.363064269840591,3.6168367943522837,74.41008684712071,71.70904147240424,75.1276002699329,-25.261601602650142,-22.126456506031122,-30.339375434799198,14.61646704169861,24.558055668202016,-23.96457036562888,-0.976620995350697,0,0,1
2015-06,N100,Europa,2,940.559998,-4.367986530665647,-0.01931483829082925,-0.08024154393093674,1.1808706880620967,3.9092682501870946,85.28621266682943,88.44556840260823,80.42666390736898,14.61646704169861,23.33949330035976,7.053417942802098,24.558055668202016,-23.96457036562888,19.18166619724222,-0.44308919114331674,0,0,1
2015-07,N100,Europa,2,987.830017,5.025731383485876,-4.367986530665647,-0.01931483829082925,-0.08024154393093674,3.8367363402362846,106.23084825085056,89.69054517438335,118.30285398421749,24.558055668202016,1.4076191653921155,47.09407084256565,-23.96457036562888,19.18166619724222,-10.263558111944526,0.5456361334795071,0,0,0
2015-08,N100,Europa,2,900.52002,-8.83856488438739,5.025731383485876,-4.367986530665647,-0.01931483829082925,4.8660701065262435,80.77308187177104,72.6687409493231,83.29964871560374,-23.96457036562888,-18.978370788097155,-29.58779445277242,19.18166619724222,-10.263558111944526,69.33668679688365,-0.7123350831475163,0,0,1
2015-09,N100,Europa,2,858.549988,-4.660643968803724,-8.83856488438739,5.025731383485876,-4.367986530665647,5.106622678561274,96.26670481363932,79.88457260131835,111.3503412882487,19.18166619724222,9.929760111059792,33.674442815976114,-10.263558111944526,69.33668679688365,-3.9551845660048213,0.0642386706420011,0,0,0
2015-10,N100,Europa,2,941.710022,9.686102750257097,-4.660643968803724,-8.83856488438739,5.025731383485876,5.658963012068109,86.38631562263735,101.0595084159605,75.2390812904604,-10.263558111944526,26.506915071474868,-32.43030922043458,69.33668679688365,-3.9551845660048213,-17.462244964117836,-0.46539997130577987,0,0,1
2015-11,N100,Europa,2,961.869995,2.1407835245487172,9.686102750257097,-4.660643968803724,-8.83856488438739,5.613124768824744,146.2837247212728,206.72467168172201,112.25876941680909,69.33668679688365,104.55736914021405,49.20273811350009,-3.9551845660048213,-17.462244964117836,-12.711604183681224,2.2021073610924744,1,0,0
2015-12,N100,Europa,2,914.109985,-4.965329020373488,2.1407835245487172,9.686102750257097,-4.660643968803724,5.854662866867986,140.49793341852003,194.36913816390498,108.1629870014806,-3.9551845660048213,-5.976806453387384,-3.648518896658426,-17.462244964117836,-12.711604183681224,4.015245447232085,1.7405500614050073,0,0,0
2016-01,N100,Europa,2,874.299988,-4.355055480550307,-4.965329020373488,2.1407835245487172,9.686102750257097,5.5720224719815565,115.96384011545489,110.91858869983304,120.46343551143524,-17.462244964117836,-42.934053344261315,11.37214203393464,-12.711604183681224,4.015245447232085,-20.571703453499047,0.5901208640110405,0,0,0
2016-02,N100,Europa,2,849.950012,-2.785082504198777,-4.355055480550307,-4.965329020373488,2.1407835245487172,5.074750516476046,101.22297576378132,113.22725730106748,90.85711604151233,-12.711604183681224,2.0814082006417767,-24.57701736981631,4.015245447232085,-20.571703453499047,1.2679298080407353,-0.14074225534914356,0,0,1
2016-03,N100,Europa,2,864.409973,1.7012719331545911,-2.785082504198777,-4.355055480550307,-4.965329020373488,5.0972852405032425,105.2873266896894,122.04758010372039,93.74349009606146,4.015245447232085,7.78992886774601,3.1768277272089085,-20.571703453499047,1.2679298080407353,4.556577350732516,0.08165049546770788,0,0,0
2016-04,N100,Europa,2,869.890015,0.6339633011152035,1.7012719331545911,-2.785082504198777,-4.355055480550307,5.11263606489879,83.62793006896973,90.3290501912435,79.78639167149862,-20.571703453499047,-25.98865941096199,-14.888605502377427,1.2679298080407353,4.556577350732516,26.501697966147653,-0.929113059578285,0,0,1
2016-05,N100,Europa,2,884.169983,1.6415831603723063,0.6339633011152035,1.7012719331545911,-2.785082504198777,5.160909198409938,84.68827352216167,88.0693675010435,82.82368420016381,1.2679298080407353,-2.5016123665817624,3.806780160168821,4.556577350732516,26.501697966147653,-11.965066413420121,-0.8842870925696081,0,0,1
2016-06,N100,Europa,2,846.469971,-4.263887343481554,1.6415831603723063,0.6339633011152035,1.7012719331545911,5.1543801402063245,88.54716021219889,97.87790400187174,80.03160365422566,4.556577350732516,11.137285050573364,-3.3711136770858907,26.501697966147653,-11.965066413420121,5.177677420867943,-0.675385337292379,0,0,1
2016-07,N100,Europa,2,876.01001,3.4897917246966337,-4.263887343481554,1.6415831603723063,0.6339633011152035,5.015015028277528,112.01366116923671,143.21993846278036,94.82303280984202,26.501697966147653,46.32509750110867,18.481985216143258,-11.965066413420121,5.177677420867943,-16.921676258939698,0.504740816275006,0,0,0
2016-08,N100,Europa,2,875.950012,-0.006849008494769215,3.4897917246966337,-4.263887343481554,1.6415831603723063,4.344275382182995,98.61115221823415,123.22047128985005,80.60763149876749,-11.965066413420121,-13.964164059550777,-14.991506693929601,5.177677420867943,-16.921676258939698,-3.0021981619094418,-0.09695177493770867,0,0,1
2016-09,N100,Europa,2,881.47998,0.6313109109244319,-0.006849008494769215,3.4897917246966337,-4.263887343481554,4.106323903761144,103.71691958109538,119.65013109842936,94.2956667582194,5.177677420867943,-2.897521940994874,16.98106619056434,-16.921676258939698,-3.0021981619094418,21.584843002401332,0.24419612754655895,0,0,0
2016-10,N100,Europa,2,881.789978,0.03516790023978533,0.6313109109244319,-0.006849008494769215,3.4897917246966337,2.854146668892631,86.16627822383758,100.4282025367983,80.40413419661984,-16.921676258939698,-16.065112829519823,-14.731888578950725,-3.0021981619094418,21.584843002401332,3.2171336265169437,-0.755613313542009,0,0,0
2016-11,N100,Europa,2,884.619995,0.32094002773981334,0.03516790023978533,0.6313109109244319,-0.006849008494769215,2.7469134185895743,83.57939580281575,85.52786210378011,80.94508310953776,-3.0021981619094418,-14.836808841180337,0.6727874360229924,21.584843002401332,3.2171336265169437,7.91479544055298,-0.8991235723515687,0,0,1
2016-12,N100,Europa,2,933.890015,5.569625407347933,0.32094002773981334,0.03516790023978533,0.6313109109244319,2.923700755160742,101.61987716920915,112.50576536117062,94.95736854307113,21.584843002401332,31.54282428415589,17.310854341296356,3.2171336265169437,7.91479544055298,-12.981087348955,0.08052018995459746,0,0,1
2017-01,N100,Europa,2,916.700012,-1.8406881671178321,5.569625407347933,0.32094002773981334,0.03516790023978533,2.642797418606058,104.88912440884498,102.22949655594364,108.44574915978217,3.2171336265169437,-9.133993064477785,14.204669762508138,7.91479544055298,-12.981087348955,16.858108837707487,0.2764772290213544,0,0,1
2017-02,N100,Europa,2,942.97998,2.8668013151504024,-1.8406881671178321,5.569625407347933,0.32094002773981334,2.518989142545372,113.19088404519218,94.91658476420811,125.99899278368268,7.91479544055298,-7.153426396591556,16.186197946807358,-12.981087348955,16.858108837707487,-11.924009642381684,0.7499284136946149,0,0,0
2017-03,N100,Europa,2,986.27002,4.590769784953452,2.8668013151504024,-1.8406881671178321,5.569625407347933,2.731839971800674,98.49747651623142,99.26259293094758,97.23793039014262,-12.981087348955,4.578765847439437,-22.826422464279194,16.858108837707487,-11.924009642381684,25.21966237763813,-0.07970292612513222,0,0,1
2017-04,N100,Europa,2,1010.929993,2.5003267360798276,4.590769784953452,2.8668013151504024,-1.8406881671178321,2.7535126948457855,115.10228830973307,101.26866887410482,124.87095286051432,16.858108837707487,2.0209787835713477,28.417945918327536,-11.924009642381684,25.21966237763813,-19.96658607237466,0.8218982347521404,0,0,0
2017-05,N100,Europa,2,1019.98999,0.8962041944283294,2.5003267360798276,4.590769784953452,2.8668013151504024,2.753380373855196,101.37748035307854,98.86025521063036,100.89005654858005,-11.924009642381684,-2.378241651885993,-19.204543380654638,25.21966237763813,-19.96658607237466,34.9537634693037,-0.016757352017186686,0,0,1
2017-06,N100,Europa,2,986.219971,-3.310818667936144,0.8962041944283294,2.5003267360798276,4.590769784953452,2.58927844094822,126.94453862508138,146.7019323984782,113.13888193766276,25.21966237763813,48.393236580177735,12.140765708843393,-19.96658607237466,34.9537634693037,-13.40475581527194,1.3684569567814138,0,0,0
2017-07,N100,Europa,2,995.780029,0.969363659337219,-3.310818667936144,0.8962041944283294,2.5003267360798276,2.4971372474864553,101.59804805632561,69.98286450293756,124.43094007430538,-19.96658607237466,-52.29588093437852,9.980705079677499,34.9537634693037,-13.40475581527194,-22.585571348701183,-0.09325574279342158,0,0,1
2017-08,N100,Europa,2,991.619995,-0.4177663619321259,0.969363659337219,-3.310818667936144,0.8962041944283294,2.516465503319008,137.11038946336316,109.75087941077447,156.3583743187689,34.9537634693037,56.82536030826179,25.658758364597812,-13.40475581527194,-22.585571348701183,1.45640671502556,1.769125616283447,0,0,0
2017-09,N100,Europa,2,1036.540039,4.529965533823255,-0.4177663619321259,0.969363659337219,-3.310818667936144,2.6999926315712353,118.73107655843098,86.45641419092814,146.35588200887045,-13.40475581527194,-21.22485518558812,-6.397158037411099,-22.585571348701183,1.45640671502556,-9.265018521286283,0.6833153665668898,0,0,0
2017-10,N100,Europa,2,1068.22998,3.057280935387019,4.529965533823255,-0.4177663619321259,0.969363659337219,2.70282116757173,91.91498454924553,71.24007597277242,109.52413552807224,-22.585571348701183,-17.60001078063723,-25.16588057497128,1.45640671502556,-9.265018521286283,8.729366354164325,-0.8369177242663346,0,0,1
2017-11,N100,Europa,2,1039.349976,-2.7035380527328123,3.057280935387019,4.529965533823255,-0.4177663619321259,2.9656824125939525,93.25364055633545,80.09026870727538,105.41860446929931,1.45640671502556,12.423053476087631,-3.748517200321233,-9.265018521286283,8.729366354164325,-28.45406203269154,-0.7153023093285192,0,0,0
2017-12,N100,Europa,2,1032.73999,-0.6359730747711012,-2.7035380527328123,3.057280935387019,4.529965533823255,2.7002127988787725,84.61367348701724,64.52695954230524,98.77827345940375,-9.265018521286283,-19.432209950316203,-6.29901244028458,8.729366354164325,-28.45406203269154,65.97083380479091,-1.2336645984463541,0,0,1
2018-01,N100,Europa,2,1063.0,2.9300705204608146,-0.6359730747711012,-2.7035380527328123,3.057280935387019,2.613823084672476,91.99991103141538,75.9898567199707,106.7695834867416,8.729366354164325,17.76450844572981,8.09014953133611,-28.45406203269154,65.97083380479091,11.699680256456425,-0.6525128056178033,0,0,0
2018-02,N100,Europa,2,1028.339966,-3.260586453433678,2.9300705204608146,-0.6359730747711012,-2.7035380527328123,2.8609258179958186,65.82219927651542,53.66386883599417,76.22563787869045,-28.45406203269154,-29.380221055357104,-28.60734734611382,65.97083380479091,11.699680256456425,0.0402988402496085,-2.142949409571251,0,0,1
2018-03,N100,Europa,2,1011.719971,-1.6161965448690974,-3.260586453433678,2.9300705204608146,-0.6359730747711012,2.6598190347151207,109.2456529678837,64.72115756619361,142.5100219480453,65.97083380479091,20.60471779251023,86.95812316433921,11.699680256456425,0.0402988402496085,-15.333763880707775,0.5900008957372371,1,0,1
2018-04,N100,Europa,2,1063.550049,5.122966777928717,-1.6161965448690974,-3.260586453433678,2.9300705204608146,2.953528146719435,122.0270450592041,94.80569979349772,144.06638272603354,11.699680256456425,46.483319147274415,1.092106194858089,0.0402988402496085,-15.333763880707775,5.999256123072527,1.2755117361317614,0,0,1
2018-05,N100,Europa,2,1049.060059,-1.3624173130003858,5.122966777928717,-1.6161965448690974,-3.260586453433678,2.9951150182924153,122.07622054315382,62.3412499273977,166.9032696139428,0.0402988402496085,-34.24314143222706,15.851641761102208,-15.333763880707775,5.999256123072527,3.182714359079064,1.1736073459445548,0,0,0
2018-06,N100,Europa,2,1044.810059,-0.40512456494161686,-1.3624173130003858,5.122966777928717,-1.6161965448690974,2.789226039484439,103.35734113057454,56.24654754002889,136.8462231318156,-15.333763880707775,-9.776355774814693,-18.008662473569824,5.999256123072527,3.182714359079064,-34.571624462700555,-0.01799698964290039,0,0,1
2018-07,N100,Europa,2,1078.160034,3.1919653445832807,-0.40512456494161686,-1.3624173130003858,5.122966777928717,2.893806018391781,109.5580127469955,85.10936841657085,127.5609563396823,5.999256123072527,51.3148311120806,-6.7851830906501265,3.182714359079064,-34.571624462700555,25.17349771161239,0.37867626972426766,0,0,1
2018-08,N100,Europa,2,1058.72998,-1.8021493458548976,3.1919653445832807,-0.40512456494161686,-1.3624173130003858,2.9691436958683286,113.04493135021579,67.86267332876882,146.81783097790134,3.182714359079064,-20.264155883976787,15.096213755986486,-34.571624462700555,25.17349771161239,-13.771045076727717,0.557552855944708,0,0,0
2018-09,N100,Europa,2,1060.910034,0.2059121816877063,-1.8021493458548976,3.1919653445832807,-0.40512456494161686,2.697064389528572,73.96346220970153,49.602893877029416,88.1794579188029,-34.571624462700555,-26.906955703436154,-39.939544582922316,25.17349771161239,-13.771045076727717,8.45156427798377,-1.6910069748655194,0,0,1
2018-10,N100,Europa,2,985.640015,-7.094854095799796,0.2059121816877063,-1.8021493458548976,3.1919653445832807,3.2616633829544988,92.58265267649004,61.918164991563366,115.57533417978594,25.17349771161239,24.8277270779095,31.06832011397669,-13.771045076727717,8.45156427798377,1.0709526807535674,-0.6268948726858339,0,0,0
2018-11,N100,Europa,2,973.200012,-1.2621243872693144,-7.094854095799796,0.2059121816877063,-1.8021493458548976,3.2039543927801675,79.83305384318034,48.951593685150144,103.46333103179931,-13.771045076727717,-20.94146573655724,-10.479747459908284,8.45156427798377,1.0709526807535674,12.624990293825844,-1.3560584289494768,0,0,1
2018-12,N100,Europa,2,916.630005,-5.812783220557549,-1.2621243872693144,-7.094854095799796,0.2059121816877063,3.5535177273713026,86.58019570381411,64.75931516770393,99.9929014944261,8.45156427798377,32.292557386848046,-3.3542603961847828,1.0709526807535674,12.624990293825844,-19.17630273940678,-0.9074144937294559,0,0,1
2019-01,N100,Europa,2,973.099976,6.160606863398499,-5.812783220557549,-1.2621243872693144,-7.094854095799796,3.97048313762317,87.5074286307058,54.891605531015706,113.59607076644897,1.0709526807535674,-15.237513879098808,13.60413496230144,12.624990293825844,-19.17630273940678,-0.8685045212788456,-0.801073848206824,0,0,1
2019-02,N100,Europa,2,1019.340027,4.7518294255923355,6.160606863398499,-5.812783220557549,-1.2621243872693144,4.162678230504026,98.55523300170898,57.736959321158274,130.96962765284948,12.624990293825844,5.183586383777472,15.294153018831214,-19.17630273940678,-0.8685045212788456,33.10270858929771,-0.14271946978709077,0,0,0
2019-03,N100,Europa,2,1042.47998,2.270091665889229,4.7518294255923355,6.160606863398499,-5.812783220557549,4.17611313015788,79.65598315577353,67.75160512616557,85.8987022830594,-19.17630273940678,17.345294803804002,-34.41326525662569,-0.8685045212788456,33.10270858929771,-1.685648374379367,-1.1424746158846457,0,0,0
2019-04,N100,Europa,2,1086.579956,4.230294763070641,2.270091665889229,4.7518294255923355,6.160606863398499,4.0900441893025965,78.96416734059652,57.763711071014406,93.91384995778402,-0.8685045212788456,-14.741929783880291,9.330929876347316,33.10270858929771,-1.685648374379367,-9.939817225846037,-1.0844430097283153,0,0,1
2019-05,N100,Europa,2,1022.090027,-5.9351296371603635,4.230294763070641,2.270091665889229,4.7518294255923355,4.451566009362024,105.10344554531959,63.40447973435925,133.1031727944651,33.10270858929771,9.765246309071296,41.729013190596916,-1.685648374379367,-9.939817225846037,13.921162899248628,0.33804429903187627,0,0,0
2019-06,N100,Europa,2,1071.439941,4.828333385156891,-5.9351296371603635,4.230294763070641,2.270091665889229,4.672518646085566,103.3317710240682,51.50454092025757,138.8043354034424,-1.685648374379367,-18.768293445444108,4.283265747376963,-9.939817225846037,13.921162899248628,-12.699931906120154,0.3113759427556039,0,0,0
2019-07,N100,Europa,2,1081.089966,0.9006594425622572,4.828333385156891,-5.9351296371603635,4.230294763070641,4.590176891322334,93.06078184804609,47.329337519984094,126.32542345600743,-9.939817225846037,-8.10647629446455,-8.990289756558633,13.921162899248628,-12.699931906120154,2.8698387190764008,-0.2605231431616406,0,0,1
2019-08,N100,Europa,2,1064.089966,-1.5724870764363352,0.9006594425622572,4.828333385156891,-5.9351296371603635,4.581905077502459,106.01592488442698,74.11447860348609,125.86253258489793,13.921162899248628,56.593103742879094,-0.3664273259061712,-12.699931906120154,2.8698387190764008,-22.581225044357122,0.6360280812730083,0,0,0
2019-09,N100,Europa,2,1099.170044,3.2967210593920715,-1.5724870764363352,0.9006594425622572,4.828333385156891,4.671984382198397,92.55197461446126,70.08315865198772,112.63771381378174,-12.699931906120154,-5.439314999523937,-10.507351552135392,2.8698387190764008,-22.581225044357122,-1.8944804802661475,-0.18151693898220844,0,0,1
2019-10,N100,Europa,2,1097.890015,-0.11645413800960291,3.2967210593920715,-1.5724870764363352,0.9006594425622572,4.047251695504308,95.20806701721683,69.20361838802215,118.00913903021043,2.8698387190764008,-1.2549951812718674,4.768762641355617,-22.581225044357122,-1.8944804802661475,93.42482713456963,-0.008370969890582997,0,0,0
2019-11,N100,Europa,2,1129.969971,2.9219644556107927,-0.11645413800960291,3.2967210593920715,-1.5724870764363352,4.016807700551366,73.70891914367675,52.628954823811846,86.17964719136556,-22.581225044357122,-23.95057361202817,-26.972056656303966,-1.8944804802661475,93.42482713456963,-45.859153499296525,-1.3702344917470703,0,0,0
2019-12,N100,Europa,2,1144.390015,1.2761440011753944,2.9219644556107927,-0.11645413800960291,3.2967210593920715,3.3346792587652887,72.31251805828464,60.52569272441249,79.17934866874448,-1.8944804802661475,15.004550113215975,-8.122913879046889,93.42482713456963,-45.859153499296525,9.297101316181845,-1.3788146832098769,0,0,1
2020-01,N100,Europa,2,1120.22998,-2.111171426115588,1.2761440011753944,2.9219644556107927,-0.11645413800960291,3.2312236658012266,139.8703630508915,84.9525350447624,191.54257983546103,93.42482713456963,40.35780710775339,141.90976947385673,-45.859153499296525,9.297101316181845,-15.71040369340041,2.3984234895573473,1,1,0
2020-02,N100,Europa,2,1021.97998,-8.770520496157419,-2.111171426115588,1.2761440011753944,2.9219644556107927,4.125033203062423,75.72699855935984,56.10202249987372,87.16311290346343,-45.859153499296525,-33.960743525413385,-54.49413233426306,9.297101316181845,-15.71040369340041,-0.37686680923350035,-1.1696176844696133,0,1,1
2020-03,N100,Europa,2,858.109985,-16.034560187764136,-8.770520496157419,-2.111171426115588,1.2761440011753944,6.141692152416062,82.76741433912709,64.03543063132993,98.19669649677891,9.297101316181845,14.141037663079015,12.658546976787765,-15.71040369340041,-0.37686680923350035,3.027754065969246,-0.7094840570068491,0,1,0
2020-04,N100,Europa,2,899.869995,4.866510206147989,-16.034560187764136,-8.770520496157419,-2.111171426115588,6.197431694932126,69.76431941986084,47.72460098266602,82.26346549987792,-15.71040369340041,-25.47157017272198,-16.225831993669605,-0.37686680923350035,3.027754065969246,-4.293498750492198,-1.3384281588774083,0,1,0
2020-05,N100,Europa,2,930.25,3.3760437806352295,4.866510206147989,-16.034560187764136,-8.770520496157419,6.156777147262544,69.50140085527974,42.106849024372714,85.36720494301089,-0.37686680923350035,-11.771186856719284,3.772925714073616,3.027754065969246,-4.293498750492198,-5.254596548829982,-1.2641225588871834,0,1,1
2020-06,N100,Europa,2,976.539978,4.976079333512495,3.3760437806352295,4.866510206147989,-16.034560187764136,6.168744420518775,71.60573234558106,51.320197105407715,86.46775321960449,3.027754065969246,21.88087756388999,1.289193288369117,-4.293498750492198,-5.254596548829982,27.892667765632396,-1.0480468176075706,0,1,0
2020-07,N100,Europa,2,954.26001,-2.2815213408498125,4.976079333512495,3.3760437806352295,4.866510206147989,6.167583675315484,68.53134112204275,36.44394225458945,92.3572107745755,-4.293498750492198,-28.98713506548618,6.811160618471734,-5.254596548829982,27.892667765632396,-7.62341761045866,-1.1294147111936224,0,0,0
2020-08,N100,Europa,2,979.969971,2.6942301606037056,-2.2815213408498125,4.976079333512495,3.3760437806352295,6.244513650341867,64.93029563657699,27.294767964270807,89.9976692199707,-5.254596548829982,-25.104787584187527,-2.5547994951514386,27.892667765632396,-7.62341761045866,-8.272171743840929,-1.2409867889200987,0,0,1
2020-09,N100,Europa,2,958.97998,-2.1419014481210086,2.6942301606037056,-2.2815213408498125,4.976079333512495,6.141024814771564,83.04108727773031,49.94818175633748,105.76334724426269,27.892667765632396,82.9954437484879,17.517873697104093,-7.62341761045866,-8.272171743840929,-11.477018729790899,-0.19368612145326036,0,0,0
2020-10,N100,Europa,2,930.909973,-2.9270691344359334,-2.1419014481210086,2.6942301606037056,-2.2815213408498125,6.160102133022894,76.71051840628347,43.048690057569935,98.63585779743809,-7.62341761045866,-13.813299015418378,-6.739092164285898,-8.272171743840929,-11.477018729790899,20.377331218205175,-0.5310391234579444,0,0,0
2020-11,N100,Europa,2,1088.72998,16.95330500020329,-2.9270691344359334,-2.1419014481210086,2.6942301606037056,8.05091552501431,70.364892578125,62.07505849202474,79.94887498219808,-8.272171743840929,44.197322633999846,-18.94542535800341,-11.477018729790899,20.377331218205175,-3.544024808415902,-0.8727351360468183,0,0,0
2020-12,N100,Europa,2,1103.540039,1.360305977796239,16.95330500020329,-2.9270691344359334,-2.1419014481210086,8.052174707226035,62.28910067773634,29.27726056498866,85.56250313789614,-11.477018729790899,-52.8357100642118,7.021522387836021,20.377331218205175,-3.544024808415902,7.229044395559336,-1.241929193326495,0,0,1
2021-01,N100,Europa,2,1085.380005,-1.6456162312385336,1.360305977796239,16.95330500020329,-2.9270691344359334,8.042211158391066,74.98195703567997,47.25387308674474,95.04665202479208,20.377331218205175,61.40127926877659,11.084468708928341,-3.544024808415902,7.229044395559336,9.128842161979843,-0.4909869325486777,0,0,0
2021-02,N100,Europa,2,1123.079956,3.47343334374397,-1.6456162312385336,1.360305977796239,16.95330500020329,7.587254521079609,72.32457787649972,46.01375893184117,91.39712776456561,-3.544024808415902,-2.6243651025749215,-3.8397188985410335,7.229044395559336,9.128842161979843,6.3745163092844725,-0.5840812846265266,0,0,1
2021-03,N100,Europa,2,1195.050049,6.408278646191046,3.47343334374397,-1.6456162312385336,1.360305977796239,5.459164853155644,77.55295372009277,49.825385385943996,99.19816903145083,7.229044395559336,8.283666760954866,8.535324312357284,9.128842161979843,6.3745163092844725,-18.213102955042736,-0.28148404781734077,0,0,1
2001-01,N225,Japan,3,13843.54981,0.4197060734374869,-5.8901509678960355,0.7490588662778297,-7.6690178331896615,6.5407491784815965,47.34544200281943,39.250703688590754,53.58126591097924,2.8989908486964033,-11.863157433402927,14.962542983127358,18.989927506775352,9.558998400811113,-20.567427445911946,-1.1276709843340298,0,0,1
2001-02,N225,Japan,3,12883.54004,-6.934708099988418,0.4197060734374869,-5.8901509678960355,0.7490588662778297,6.4625272768924376,56.336307116917204,45.95857455049242,65.78157465798515,18.989927506775352,17.089810453134604,22.769728448140224,9.558998400811113,-20.567427445911946,22.282612275385794,-0.5528914270022299,0,0,1
2001-03,N225,Japan,3,12999.7002,0.9016167888589166,-6.934708099988418,0.4197060734374869,-5.8901509678960355,6.394882053387247,61.72149381329936,57.44915543833086,65.804611175291,9.558998400811113,25.002039336999694,0.035019710953454464,-20.567427445911946,22.282612275385794,18.33193624265337,-0.16449345719586606,0,0,0
2001-04,N225,Japan,3,13934.32031,7.189551263651439,0.9016167888589166,-6.934708099988418,0.4197060734374869,6.519347490815162,49.026970354715985,47.12476806640625,50.69535102844238,-20.567427445911946,-17.97134752138766,-22.96079237760469,22.282612275385794,18.33193624265337,-15.444990282835402,-0.9863278333381387,0,0,1
2001-05,N225,Japan,3,13262.13965,-4.823921404459231,7.189551263651439,0.9016167888589166,-6.934708099988418,6.195684600564138,59.95146006922568,56.56440058062154,60.64858498111848,22.282612275385794,20.031149014703598,19.633425453730236,18.33193624265337,-15.444990282835402,6.919856867837648,-0.08072137279815189,0,0,1
2001-06,N225,Japan,3,12969.04981,-2.2099740142609514,-4.823921404459231,7.189551263651439,0.9016167888589166,5.639475512572684,70.94172350565593,62.602798779805504,78.85646438598633,18.33193624265337,10.675262421595733,30.02193606089316,-15.444990282835402,6.919856867837648,636.705984061322,0.8917469952324577,0,0,0
2001-07,N225,Japan,3,11860.76953,-8.54557809736719,-2.2099740142609514,-4.823921404459231,7.189551263651439,5.513483360939683,59.984781203731416,53.3461978666244,62.87733785567745,-15.444990282835402,-14.786241340007166,-20.26355943641387,6.919856867837648,636.705984061322,6.680150322070344,-0.040735325784857314,0,0,1
2001-08,N225,Japan,3,10713.50977,-9.672726184402968,-8.54557809736719,-2.2099740142609514,-4.823921404459231,5.031541033704116,64.13564220551521,73.31873946036062,56.88255968401509,6.919856867837648,37.43948471017813,-9.534083942011339,636.705984061322,6.680150322070344,-41.24090377218973,0.3121450090099885,0,1,1
2001-09,N225,Japan,3,9774.679688,-8.763048731508283,-9.672726184402968,-8.54557809736719,-2.2099740142609514,5.185182888492247,472.49111404418943,791.8359584172566,249.4176373163859,636.705984061322,979.9912331353685,338.47822373309316,6.680150322070344,-41.24090377218973,-21.93115492388762,4.651889065398863,1,1,1
2001-10,N225,Japan,3,10366.33984,6.052987626043227,-8.763048731508283,-9.672726184402968,-8.54557809736719,5.731618736152206,504.05423072076616,840.6995652721774,257.8192534908172,6.680150322070344,6.170925472062505,3.368493208751655,-41.24090377218973,-21.93115492388762,-26.483715938044828,3.36038803354654,0,1,0
2001-11,N225,Japan,3,10697.44043,3.1939970627086867,6.052987626043227,-8.763048731508283,-9.672726184402968,5.903430243928896,296.1777104695638,494.21396484375,141.4245381673177,-41.24090377218973,-41.21396212644078,-45.14585848323587,-21.93115492388762,-26.483715938044828,-15.629290096238414,1.4919838256736058,0,1,0
2001-12,N225,Japan,3,10542.62012,-1.4472649884155642,3.1939970627086867,6.052987626043227,-8.763048731508283,5.804747185683226,231.22251793646043,376.6929409888483,121.45619632351783,-21.93115492388762,-23.77938144505022,-14.119432244619079,-26.483715938044828,-15.629290096238414,4.7790402345696315,0.9207024060052467,0,1,0
2002-01,N225,Japan,3,9997.799805,-5.167788545908447,-1.4472649884155642,3.1939970627086867,6.052987626043227,5.812438190899832,169.9862031013735,259.16573752126385,104.05673919185516,-26.483715938044828,-31.199736092496554,-14.325705611030715,-15.629290096238414,4.7790402345696315,2.5704229747520735,0.4178106412301901,0,1,0
2002-02,N225,Japan,3,10587.83008,5.9016012173490395,-5.167788545908447,-1.4472649884155642,3.1939970627086867,6.099951669666506,143.41856629507882,209.38243239266532,93.08014828818185,-15.629290096238414,-19.20906119950132,-10.548659307337282,4.7790402345696315,2.5704229747520735,3.2632959591828437,0.1896965876609148,0,1,1
2002-03,N225,Japan,3,11024.94043,4.128422412309818,5.9016012173490395,-5.167788545908447,-1.4472649884155642,6.28142598422922,150.27259728216356,217.83082137569303,97.68620583318895,4.7790402345696315,4.034908223429179,4.948485396420366,2.5704229747520735,3.2632959591828437,-7.141906512616192,0.2115393086592408,0,1,1
2002-04,N225,Japan,3,11492.54004,4.241289220281064,4.128422412309818,5.9016012173490395,-5.167788545908447,5.974447344487724,154.13523864746094,219.28201649983723,99.5971280415853,2.5704229747520735,0.6662028426368982,1.9561842863049517,3.2632959591828437,-7.141906512616192,-19.228603110713394,0.20906450846680694,0,1,1
2002-05,N225,Japan,3,11763.7002,2.3594449882812896,4.241289220281064,4.128422412309818,5.9016012173490395,5.962899677888791,159.16512766192037,205.2949966922883,137.87667772846837,3.2632959591828437,-6.378553075536553,38.434391070895146,-7.141906512616192,-19.228603110713394,6.386640324555559,0.22283561106419553,0,1,0
2002-06,N225,Japan,3,10621.83984,-9.706642812947575,2.3594449882812896,4.241289220281064,4.128422412309818,6.490301896073753,147.7977030436198,185.49468332926432,127.91307754516602,-7.141906512616192,-9.644810483473298,-7.2264579822009285,-19.228603110713394,6.386640324555559,34.05336231874485,0.10795986852254974,0,1,0
2002-07,N225,Japan,3,9877.94043,-7.00348923732218,-9.706642812947575,2.3594449882812896,4.241289220281064,6.350852156783332,119.37826931861139,161.98243344214654,92.84361993112871,-19.228603110713394,-12.675430618883077,-27.416631893368603,6.386640324555559,34.05336231874485,-1.1482428597716532,-0.13781889802288977,0,0,1
2002-08,N225,Japan,3,9619.299805,-2.618365911728826,-7.00348923732218,-9.706642812947575,2.3594449882812896,5.811337557199126,127.00253000567037,157.38569099672378,101.13534890451739,6.386640324555559,-2.8378030553939837,8.930854892925822,34.05336231874485,-1.1482428597716532,-7.277545082473935,-0.10494483165416127,0,0,1
2002-09,N225,Japan,3,9383.290039,-2.453502549918718,-2.618365911728826,-7.00348923732218,-9.706642812947575,5.280182111300013,170.25116170247395,185.25534108479818,167.88976720174153,34.05336231874485,17.707867793810127,66.00503090195247,-1.1482428597716532,-7.277545082473935,12.179669045440855,0.20325984695605837,0,0,0
2002-10,N225,Japan,3,8640.480469,-7.916301925152503,-2.453502549918718,-2.618365911728826,-7.00348923732218,5.313665730825235,168.296264894547,195.84739069784843,161.10799457180886,-1.1482428597716532,5.717540747287764,-4.039419878272565,-7.277545082473935,12.179669045440855,17.26225132075463,0.15715499103937208,0,0,0
2002-11,N225,Japan,3,9215.55957,6.655637994475505,-7.916301925152503,-2.453502549918718,-2.618365911728826,5.666454195118479,156.04842834472657,175.04123814900717,151.88629328409831,-7.277545082473935,-10.623655732508986,-5.723925316195444,12.179669045440855,17.26225132075463,15.061801848864963,0.020633136554032164,0,0,1
2002-12,N225,Japan,3,8578.950195,-6.90798393916735,6.655637994475505,-7.916301925152503,-2.453502549918718,5.912085863140713,175.05461046772618,174.67416357224988,183.75799191382623,12.179669045440855,-0.20970748415570784,20.983920234403875,17.26225132075463,15.061801848864963,47.86395462919402,0.13548947851311843,0,0,1
2003-01,N225,Japan,3,8339.94043,-2.786002477777516,-6.90798393916735,6.655637994475505,-7.916301925152503,5.818484108091783,205.2729772752331,176.48827115951045,244.28261073943108,17.26225132075463,1.0385666375383629,32.93713552006381,15.061801848864963,47.86395462919402,-27.597525181866878,0.3400154865225365,0,0,1
2003-02,N225,Japan,3,8363.040039,0.2769757073672441,-2.786002477777516,-6.90798393916735,6.655637994475505,5.392886829853834,236.19078636169434,210.63462039402552,291.2838772365025,15.061801848864963,19.34765920147381,19.240528973716554,47.86395462919402,-27.597525181866878,-36.85013674083216,0.547533154274486,0,0,1
2003-03,N225,Japan,3,7972.709961,-4.6673228416908685,0.2769757073672441,-2.786002477777516,-6.90798393916735,5.1021602444657885,349.2410371841923,413.45056693784653,352.7903245495212,47.86395462919402,96.28803952760548,21.115637396943754,-27.597525181866878,-36.85013674083216,-8.741552754206271,1.3891505960157058,1,0,0
2003-04,N225,Japan,3,7831.419922,-1.7721708138280001,-4.6673228416908685,0.2769757073672441,-2.786002477777516,4.650476673806895,252.85915400187176,326.76046600341795,210.79934641520182,-27.597525181866878,-20.967464520966683,-40.2479796790425,-36.85013674083216,-8.741552754206271,-8.073495492440319,0.5148805034165131,0,0,0
2003-05,N225,Japan,3,8424.509766,7.573209582771745,-1.7721708138280001,-4.6673228416908685,0.2769757073672441,5.386591913891564,159.68020999047064,183.58484895767705,150.55725589875252,-36.85013674083216,-43.81668896391011,-28.577930406763798,-8.741552754206271,-8.073495492440319,2.5679680059377485,-0.33859645096062396,0,0,0
2003-06,N225,Japan,3,9083.110352,7.817672532804343,7.573209582771745,-1.7721708138280001,-4.6673228416908685,5.656602859514952,145.7216801961263,176.93343124389648,127.7050184249878,-8.741552754206271,-3.623075516059593,-15.178436494042181,-8.073495492440319,2.5679680059377485,-13.59457280674885,-0.5029181585692353,0,0,0
2003-07,N225,Japan,3,9563.209961,5.2856300363485875,7.817672532804343,7.573209582771745,-1.7721708138280001,5.612817112488027,133.95684691398375,166.529414761451,106.6518937387774,-8.073495492440319,-5.880186920754349,-16.485745780285622,2.5679680059377485,-13.59457280674885,-9.404549940243411,-0.6575022098566479,0,0,1
2003-08,N225,Japan,3,10343.54981,8.159810902221398,5.2856300363485875,7.817672532804343,7.573209582771745,6.024977059323464,137.39681588449787,179.2770211004442,108.98332251271894,2.5679680059377485,7.654867674430843,2.186017230647508,-13.59457280674885,-9.404549940243411,9.037235190035675,-0.6740441743414888,0,0,0
2003-09,N225,Japan,3,10219.04981,-1.203648672718094,8.159810902221398,5.2856300363485875,7.817672532804343,5.974739500862816,118.71830571492514,145.99144999186197,97.7679594039917,-13.59457280674885,-18.56655744515813,-10.290898506437395,-9.404549940243411,9.037235190035675,12.52368017722989,-0.8383518008892655,0,0,0
2003-10,N225,Japan,3,10559.58984,3.3324040525446907,-1.203648672718094,8.159810902221398,5.2856300363485875,5.3159362372110195,107.55338336575416,129.5931615521831,91.48407450029927,-9.404549940243411,-11.232362196959455,-6.4273458728196236,9.037235190035675,12.52368017722989,-13.501723875035932,-1.156165429144045,0,0,1
2003-11,N225,Japan,3,10100.57031,-4.346944691556331,3.3324040525446907,-1.203648672718094,8.159810902221398,5.353603076325684,117.27323557535807,152.34808400472005,93.18425509134929,9.037235190035675,17.55873703519013,1.85844432524096,12.52368017722989,-13.501723875035932,0.6077524070589702,-0.9411455660729602,0,0,1
2003-12,N225,Japan,3,10676.63965,5.70333478526126,-4.346944691556331,3.3324040525446907,-1.203648672718094,4.900890526192027,131.9601605323053,166.63024114793348,112.74830061389554,12.52368017722989,9.374687733369157,20.995011982837084,-13.501723875035932,0.6077524070589702,19.33554692769983,-0.607084009889599,0,0,0
2004-01,N225,Japan,3,10783.61035,1.0019135562002512,5.70333478526126,-4.346944691556331,3.3324040525446907,4.68553423698417,114.1432640321793,127.11111671693864,107.96992640341482,-13.501723875035932,-23.716658008020264,-4.238089784469723,0.6077524070589702,19.33554692769983,8.529074870679644,-0.8844800294625489,0,0,1
2004-02,N225,Japan,3,11041.91992,2.395390426917632,1.0019135562002512,5.70333478526126,-4.346944691556331,4.643608372544478,114.83697246683055,130.29377562424233,103.49829351490942,0.6077524070589702,2.503839939028385,-4.141554076639597,19.33554692769983,8.529074870679644,-18.08536449217786,-0.8379888001533916,0,0,1
2004-03,N225,Japan,3,11715.38965,6.099208605743978,2.395390426917632,1.0019135562002512,5.70333478526126,4.160543011158743,137.0413291685043,182.14090384206463,107.18084593742124,19.33554692769983,39.792482771660254,3.558080329103519,8.529074870679644,-18.08536449217786,12.444061856436273,-0.41912189126732874,0,0,1
2004-04,N225,Japan,3,11761.79004,0.3960635658413647,6.099208605743978,2.395390426917632,1.0019135562002512,3.9607661805753342,148.72968673706055,203.51488087972004,120.71956570943196,8.529074870679644,11.734858335933641,12.631659746290346,-18.08536449217786,12.444061856436273,-4.812826861738328,-0.20109534769664494,0,0,0
2004-05,N225,Japan,3,11236.37012,-4.467176494505765,0.3960635658413647,6.099208605743978,2.395390426917632,4.346344787463489,121.83138078258884,160.97313985516948,91.7239502937563,-18.08536449217786,-20.903503881710396,-24.018985858073037,12.444061856436273,-4.812826861738328,7.326084232038577,-0.6577450373351099,0,0,1
2004-06,N225,Japan,3,11858.87012,5.540045346957645,-4.467176494505765,0.3960635658413647,6.099208605743978,4.138463707767209,136.9921531677246,177.06919593811034,107.51701380411784,12.444061856436273,9.9992185636826,17.21803679386078,-4.812826861738328,7.326084232038577,9.302013958189859,-0.37433464268107997,0,0,0
2004-07,N225,Japan,3,11325.78027,-4.495283653549286,5.540045346957645,-4.467176494505765,0.3960635658413647,4.4534764826150175,130.39895802159464,159.34060545890563,120.38267381729618,-4.812826861738328,-10.012238653526872,11.96616196634508,7.326084232038577,9.302013958189859,-22.82005024743897,-0.5042698226408638,0,0,1
2004-08,N225,Japan,3,11081.79004,-2.154290690649252,-4.495283653549286,5.540045346957645,-4.467176494505765,4.0283266487421425,139.9520955239573,177.53836158014113,126.08562567926222,7.326084232038577,11.420664600103292,4.737352711255904,9.302013958189859,-22.82005024743897,5.420373167086323,-0.3422804943272867,0,0,1
2004-09,N225,Japan,3,10823.57031,-2.3301265325182174,-2.154290690649252,-4.495283653549286,5.540045346957645,4.088133125520236,152.970458984375,188.2974100748698,129.69852345784506,9.302013958189859,6.060126047672232,2.8654319309747045,-22.82005024743897,5.420373167086323,-13.892755620942731,-0.09186768304555457,0,0,0
2004-10,N225,Japan,3,10771.41992,-0.48182243480061615,-2.3301265325182174,-2.154290690649252,-4.495283653549286,3.999989388628599,118.0625233804026,147.26095236501385,96.84527255642799,-22.82005024743897,-21.793426523253423,-25.33047410681982,5.420373167086323,-13.892755620942731,-7.26291042543833,-0.6838368102148895,0,0,1
2004-11,N225,Japan,3,10899.25,1.1867523590148865,-0.48182243480061615,-2.3301265325182174,-2.154290690649252,3.7334079703610303,124.46195271809896,154.47430343627929,99.13031984965006,5.420373167086323,4.898346068946902,2.3594825363217,-13.892755620942731,-7.26291042543833,10.283956104618763,-0.5408137756069878,0,0,0
2004-12,N225,Japan,3,11488.75977,5.408718673303214,1.1867523590148865,-0.48182243480061615,-2.3301265325182174,3.698314492901398,107.17075778592017,141.9146915558846,79.30897829609532,-13.892755620942731,-8.130550907824963,-19.995236153396423,-7.26291042543833,10.283956104618763,-17.45270714392596,-0.7913484165691447,0,0,0
2005-01,N225,Japan,3,11387.58984,-0.8805992293805298,5.408718673303214,1.1867523590148865,-0.48182243480061615,3.723028285119326,99.38704164566532,126.41269216229838,77.36354717131584,-7.26291042543833,-10.923463401589872,-2.4529771616982887,10.283956104618763,-17.45270714392596,-3.9145466707558807,-0.8546164799301317,0,0,1
2005-02,N225,Japan,3,11740.59961,3.099951569734438,-0.8805992293805298,5.408718673303214,1.1867523590148865,3.7606907524834274,109.60796138218471,108.7996129989624,105.78578090667725,10.283956104618763,-13.932999022537196,36.73853484564569,-17.45270714392596,-3.9145466707558807,13.63922143399825,-0.6093248456395398,0,0,0
2005-03,N225,Japan,3,11668.9502,-0.610270449381245,3.099951569734438,-0.8805992293805298,5.408718673303214,3.340267820850425,90.47840487572455,87.14632021996283,87.85526915519468,-17.45270714392596,-19.901994301400748,-16.94983162935727,-3.9145466707558807,13.63922143399825,-17.244799928592734,-1.3114835862782213,0,0,0
2005-04,N225,Japan,3,11008.90039,-5.656462652484362,-0.610270449381245,3.099951569734438,-0.8805992293805298,3.7139913000413602,86.93658548990885,102.42798690795898,72.97031523386637,-3.9145466707558807,17.535641951862413,-16.942585304740586,13.63922143399825,-17.244799928592734,101.53634744222848,-1.9681854593802057,0,0,1
2005-05,N225,Japan,3,11276.58984,2.4315730047222317,-5.656462652484362,-0.610270449381245,3.099951569734438,3.573097663973772,98.79405889203471,105.33132522336898,90.99365062098349,13.63922143399825,2.834516622902017,24.69954436862878,-17.244799928592734,101.53634744222848,-29.06039521641346,-1.26982662995963,0,0,0
2005-06,N225,Japan,3,11584.00977,2.7261781652244688,2.4315730047222317,-5.656462652484362,-0.610270449381245,3.261534577439867,81.75722109476725,95.1893081665039,69.31578687032064,-17.244799928592734,-9.628680770281385,-23.82349054326638,101.53634744222848,-29.06039521641346,-11.224524686306193,-1.9527645530909168,0,0,1
2005-07,N225,Japan,3,11899.59961,2.7243575088939043,2.7261781652244688,2.4315730047222317,-5.656462652484362,3.0450734949001474,164.77051716466104,237.00151295815743,116.65942007495511,101.53634744222848,148.97913171466425,68.30137165319535,-29.06039521641346,-11.224524686306193,-15.755245474037638,2.096672493283496,1,0,0
2005-08,N225,Japan,3,12413.59961,4.319473065026935,2.7243575088939043,2.7261781652244688,2.4315730047222317,3.113405218901783,116.88755367648217,143.29871208437027,94.36514368364888,-29.06039521641346,-39.53679438760814,-19.11056679090457,-11.224524686306193,-15.755245474037638,-6.115837148029257,-0.13086161533737817,0,0,0
2005-09,N225,Japan,3,13574.29981,9.350230686230422,4.319473065026935,2.7243575088939043,2.7261781652244688,3.741837539162988,103.76748135884603,130.99529851277669,78.09897527694702,-11.224524686306193,-8.585850767695435,-17.237475376748023,-15.755245474037638,-6.115837148029257,16.183129415888263,-0.7222024783719024,0,0,0
2005-10,N225,Japan,3,13606.5,0.2372143716486752,9.350230686230422,4.319473065026935,2.7243575088939043,3.7046099659940808,87.41865994853359,105.815919445407,73.7711932274603,-15.755245474037638,-19.221589899208325,-5.541406957184714,-6.115837148029257,16.183129415888263,-1.7312131574054201,-1.4009850531265875,0,0,0
2005-11,N225,Japan,3,14872.15039,9.301807150994023,0.2372143716486752,9.350230686230422,4.319473065026935,4.23917556490246,82.0722770690918,93.67955487569174,70.19666430155436,-6.115837148029257,-11.469318258843575,-4.84542647274867,16.183129415888263,-1.7312131574054201,3.0493001694113175,-1.4956872910468275,0,0,1
2005-12,N225,Japan,3,16111.42969,8.332885746188312,9.301807150994023,0.2372143716486752,9.350230686230422,4.4856433596732925,95.3541398817493,131.53387844947076,69.47696587347215,16.183129415888263,40.40830854075885,-1.0252601533749406,-1.7312131574054201,3.0493001694113175,-4.876761101613781,-0.8501301787759667,0,0,0
2006-01,N225,Japan,3,16649.82031,3.3416688050605714,8.332885746188312,9.301807150994023,0.2372143716486752,4.320583877425187,93.70335646598569,99.09636282151745,89.04377758887506,-1.7312131574054201,-24.660958842184765,28.163019886385033,3.0493001694113175,-4.876761101613781,-2.7477636832640484,-0.86918062114162,0,0,1
2006-02,N225,Japan,3,16205.42969,-2.6690415375419607,3.3416688050605714,8.332885746188312,9.301807150994023,4.653020069563545,96.56065307344709,102.5961035319737,90.61754550252643,3.0493001694113175,3.5316540494625848,1.7674091960896199,-4.876761101613781,-2.7477636832640484,-5.529103500524313,-0.708329151877598,0,0,0
2006-03,N225,Japan,3,17059.66016,5.271260844919934,-2.6690415375419607,3.3416688050605714,8.332885746188312,4.5679312805182315,91.85162070489699,96.46455383300781,86.54391436423025,-4.876761101613781,-5.976396264459504,-4.495411032935781,-2.7477636832640484,-5.529103500524313,21.25192544792216,-0.831433334170445,0,0,0
2006-04,N225,Japan,3,16906.23047,-0.8993713154951899,5.271260844919934,-2.6690415375419607,3.3416688050605714,3.8726137102993032,89.32775522867838,92.80472908020019,86.14640655517579,-2.7477636832640484,-3.7939580989958643,-0.45931341559326544,-5.529103500524313,21.25192544792216,34.3204566344385,-0.8681456484447946,0,0,0
2006-05,N225,Japan,3,15467.33008,-8.511065743208214,-0.8993713154951899,5.271260844919934,-2.6690415375419607,5.245047262465225,84.38873118738974,80.68312811082409,83.90371753323463,-5.529103500524313,-13.06140440203304,-2.603345991576267,21.25192544792216,34.3204566344385,7.312638981344266,-0.999507531482902,0,0,1
2006-06,N225,Japan,3,15505.17969,0.24470680979997717,-8.511065743208214,-0.8993713154951899,5.271260844919934,5.29661889935314,102.32296142578124,114.45484237670898,90.22701250712076,21.25192544792216,41.857219788872115,7.536370449118013,34.3204566344385,7.312638981344266,-22.965425288660548,-0.17227721348087163,0,0,1
2006-07,N225,Japan,3,15456.80957,-0.3119610411944973,0.24470680979997717,-8.511065743208214,-0.8993713154951899,5.361587215931753,137.44066902898973,144.67092710925687,133.83614447809035,34.3204566344385,26.40000554375559,48.33267860611912,7.312638981344266,-22.965425288660548,-0.7804776668569935,1.359095430202944,0,0,1
2006-08,N225,Japan,3,16140.75977,4.424911861031622,-0.3119610411944973,0.24470680979997717,-8.511065743208214,5.365222000532363,147.491208968624,160.77977629630797,141.31128421906502,7.312638981344266,11.134821286439633,5.585292201986869,-22.965425288660548,-0.7804776668569935,-22.11167420803153,1.7460298472526472,0,0,0
2006-09,N225,Japan,3,16127.58008,-0.08165470639428518,4.424911861031622,-0.3119610411944973,0.24470680979997717,4.917516434783848,113.61922556559244,117.84904912312825,111.18667894999186,-22.965425288660548,-26.701571654174238,-21.317904961059643,-0.7804776668569935,-22.11167420803153,4.216522278378543,0.39923758677984533,0,0,0
2006-10,N225,Japan,3,16399.39063,1.68537715299939,-0.08165470639428518,4.424911861031622,-0.3119610411944973,4.899927324224482,112.73245288479713,100.46679675194525,124.12324234747118,-0.7804776668569935,-14.749590684454382,11.634993975580254,-22.11167420803153,4.216522278378543,6.4485592524549995,0.36987798774225267,0,0,0
2006-11,N225,Japan,3,16274.33008,-0.7625926647007453,1.68537715299939,-0.08165470639428518,4.424911861031622,4.300997219688521,87.80542017618815,84.66829687754313,86.73696505228678,-22.11167420803153,-15.7250956387203,-30.120287375772126,4.216522278378543,6.4485592524549995,-2.420350593251641,-0.7445585542708184,0,0,1
2006-12,N225,Japan,3,17225.83008,5.846630831024657,-0.7625926647007453,1.68537715299939,-0.08165470639428518,3.952974452790164,91.50775527954102,79.05746866041615,96.69359145625945,4.216522278378543,-6.626834865052256,11.479103975992967,6.4485592524549995,-2.420350593251641,-9.379331496809673,-0.5335730533010896,0,0,1
2007-01,N225,Japan,3,17383.41992,0.9148461308867262,5.846630831024657,-0.7625926647007453,1.68537715299939,3.8627699661680888,97.40868709933373,96.73051378803868,95.33105973274478,6.4485592524549995,22.35468125539841,-1.4091230897458562,-2.420350593251641,-9.379331496809673,-12.100478069879417,-0.24936871439441408,0,0,0
2007-02,N225,Japan,3,17604.11914,1.269596092228542,0.9148461308867262,5.846630831024657,-0.7625926647007453,3.7409801234053033,95.05105536324638,89.62849848611015,97.72646740504673,-2.420350593251641,-7.342063040718328,2.5127253164051178,-9.379331496809673,-12.100478069879417,21.277337532296347,-0.3323976887352762,0,0,0
2007-03,N225,Japan,3,17287.65039,-1.7976971610066061,1.269596092228542,0.9148461308867262,5.846630831024657,3.5153672540311423,86.13590178951141,82.20472852645382,85.6678963938067,-9.379331496809673,-8.282823080882917,-12.339104575693804,-12.100478069879417,21.277337532296347,7.364126721593589,-0.7423013756406779,0,0,0
2007-04,N225,Japan,3,17400.41016,0.652256191305356,-1.7976971610066061,1.269596092228542,0.9148461308867262,3.5010256801627953,75.71304588317871,82.1852602005005,68.55693855285645,-12.100478069879417,-0.023682732492769087,-19.973594031412766,21.277337532296347,7.364126721593589,15.619378517191729,-1.1858271590857998,0,0,1
2007-05,N225,Japan,3,17875.75,2.731773766417933,0.652256191305356,-1.7976971610066061,1.269596092228542,2.1872379765129764,91.82276621172505,103.15781870195943,82.37121458976499,21.277337532296347,25.518637344815765,20.150077189135175,7.364126721593589,15.619378517191729,-27.075906953096485,-0.4274257163072001,0,0,1
2007-06,N225,Japan,3,18138.35938,1.4690817448218985,2.731773766417933,0.652256191305356,-1.7976971610066061,2.165306520386269,98.5847110748291,110.01365140279134,88.00655695597331,7.364126721593589,6.645965169775048,6.841397682763484,15.619378517191729,-27.075906953096485,11.546988654440726,-0.15149908320847785,0,0,1
2007-07,N225,Japan,3,17248.89063,-4.903799353434135,1.4690817448218985,2.731773766417933,0.652256191305356,2.7967980341656253,113.9830302576865,129.01673864549207,104.86104534518334,15.619378517191729,17.2733901660304,19.151400727609147,-27.075906953096485,11.546988654440726,8.890282235271773,0.8438942046709289,0,0,0
2007-08,N225,Japan,3,16569.08984,-3.9411276039843512,-4.903799353434135,1.4690817448218985,2.731773766417933,2.8939809502179186,83.12109104279548,100.07418700187436,73.35449858634702,-27.075906953096485,-22.433175685168337,-30.045997210043584,11.546988654440726,8.890282235271773,-11.738998432242253,-0.9018285901965774,0,0,1
2007-09,N225,Japan,3,16785.68945,1.307251104868179,-3.9411276039843512,-4.903799353434135,1.4690817448218985,2.9069551661287285,92.71907399495443,90.46699282328288,93.58469161987304,11.546988654440726,-9.600072172868657,27.578667189324,8.890282235271773,-11.738998432242253,6.2146853340762975,-0.3042948164958451,0,0,1
2007-10,N225,Japan,3,16737.63086,-0.2863069172294286,1.307251104868179,-3.9411276039843512,-4.903799353434135,2.8816222528602897,100.96206135903635,95.91243030178931,103.74951417984501,8.890282235271773,6.019253330486496,10.861629593502276,-11.738998432242253,6.2146853340762975,-14.642856634877798,0.15333338680998607,0,0,0
2007-11,N225,Japan,3,15680.66992,-6.3148778273390604,-0.2863069172294286,1.307251104868179,-3.9411276039843512,3.442801857738014,89.11012655893961,80.4546085993449,95.28441146214803,-11.738998432242253,-16.116598916121973,-8.159173355764459,6.2146853340762975,-14.642856634877798,1.0531282092792749,-0.5828290894031587,0,0,1
2007-12,N225,Japan,3,15564.69043,-0.7396335143313837,-6.3148778273390604,-0.2863069172294286,1.307251104868179,2.8568922646352557,94.64804052537487,85.06247354322865,97.48771335232642,6.2146853340762975,5.727285265696103,2.3123424454939867,-14.642856634877798,1.0531282092792749,-4.221155249228914,-0.24424836443298129,0,0,0
2008-01,N225,Japan,3,13592.46973,-12.671120629541488,-0.7396335143313837,-6.3148778273390604,-0.2863069172294286,4.3931138945089065,80.78886364352319,81.53163952981272,76.77330804640248,-14.642856634877798,-4.150871549275559,-21.248221538503877,1.0531282092792749,-4.221155249228914,-8.092695384500992,-1.030238765598614,0,0,1
2008-02,N225,Japan,3,13603.01953,0.07761503398249214,-12.671120629541488,-0.7396335143313837,-6.3148778273390604,4.327037759712094,81.6396739565093,88.45064189516265,72.8041961275298,1.0531282092792749,8.48627895287195,-5.169911288013928,-4.221155249228914,-8.092695384500992,1.7020307479039154,-0.924475523282837,0,0,0
2008-03,N225,Japan,3,12525.54004,-7.920884680226581,0.07761503398249214,-12.671120629541488,-0.7396335143313837,4.6458404873638015,78.19353657384073,84.13256103761735,72.61432629246866,-4.221155249228914,-4.881910142227531,-0.2607951809928011,-8.092695384500992,1.7020307479039154,18.740602004999385,-1.0661920521595403,0,0,0
2008-04,N225,Japan,3,13849.99023,10.573996696113696,-7.920884680226581,0.07761503398249214,-12.671120629541488,5.9627938251963934,71.86557184855143,70.36499150594075,69.58370641072591,-8.092695384500992,-16.364139355654284,-4.173583969554883,1.7020307479039154,18.740602004999385,3.0983884950956497,-1.3333965961012133,0,0,1
2008-05,N225,Japan,3,14338.54004,3.5274379395717537,10.573996696113696,-7.920884680226581,0.07761503398249214,6.020915496111597,73.08874597857076,75.19145030360067,71.38500275150422,1.7020307479039154,6.85917626701118,2.588675472596913,18.740602004999385,3.0983884950956497,-1.1180904357439236,-1.2102508567294472,0,0,1
2008-06,N225,Japan,3,13481.37988,-5.978015597186282,3.5274379395717537,10.573996696113696,-7.920884680226581,6.053694123231097,86.7860169728597,80.27725048065186,87.26098276774088,18.740602004999385,6.763801145630577,22.23993752791742,3.0983884950956497,-1.1180904357439236,0.8402831055205118,-0.4430783950807696,0,0,1
2008-07,N225,Japan,3,13376.80957,-0.7756647385564253,-5.978015597186282,3.5274379395717537,10.573996696113696,6.0076892014845695,89.47498493809854,87.2099857945596,84.52966382426601,3.0983884950956497,8.635989987697258,-3.130057508915207,-1.1180904357439236,0.8402831055205118,-27.17747676132537,-0.21996002846280854,0,0,0
2008-08,N225,Japan,3,13072.87012,-2.272137077301606,-0.7756647385564253,-5.978015597186282,3.5274379395717537,5.976094254397715,88.47457368912235,105.41860654277187,75.39880838701802,-1.1180904357439236,20.879054826480868,-10.801954040927797,0.8402831055205118,-27.17747676132537,21.79458180831557,-0.18480278958268545,0,1,1
2008-09,N225,Japan,3,11259.86035,-13.868490647866993,-2.272137077301606,-0.7756647385564253,-5.978015597186282,6.808918920531269,89.21801058451335,95.21897468566894,82.42706019083658,0.8402831055205118,-9.675362055715087,9.321436179392805,-27.17747676132537,21.79458180831557,18.90005212057766,-0.03769254696213948,0,1,0
2008-10,N225,Japan,3,8576.980469,-23.826937436217854,-13.868490647866993,-2.272137077301606,-0.7756647385564253,8.983062454072153,64.97080649099043,76.1353960960142,53.63574997071297,-27.17747676132537,-20.041781223387755,-34.929439620272106,21.79458180831557,18.90005212057766,-8.348161215059768,-2.1434157026319185,0,1,1
2008-11,N225,Japan,3,8512.269531,-0.7544722555202998,-23.826937436217854,-13.868490647866993,-2.272137077301606,9.053093398304247,79.13092206319173,96.24985440572102,67.7355552037557,21.79458180831557,26.41932575531689,26.288073236119036,18.90005212057766,-8.348161215059768,-22.161447104217558,-0.7595182677418102,0,1,1
2008-12,N225,Japan,3,8747.169922,2.759550671469446,-0.7544722555202998,-23.826937436217854,-13.868490647866993,9.241459399421487,94.08670757662865,107.55399310204291,87.6594942154423,18.90005212057766,11.744577450134797,29.414299405612443,-8.348161215059768,-22.161447104217558,7.35467474432232,0.6233375017235697,0,1,0
2009-01,N225,Japan,3,7994.049805,-8.60987180671805,2.759550671469446,-0.7544722555202998,-23.826937436217854,8.976010558822376,86.23219754618984,91.03520405677057,87.53845571702526,-8.348161215059768,-15.358601358110413,-0.1380780250905378,-22.161447104217558,7.35467474432232,19.28906303929281,-0.06406076130466869,0,1,0
2009-02,N225,Japan,3,7568.419922,-5.324333640425694,-8.60987180671805,2.759550671469446,-0.7544722555202998,8.892237669102322,67.12189470018659,63.14009993416922,65.29873490333557,-22.161447104217558,-30.642106437423532,-25.40565815506419,7.35467474432232,19.28906303929281,6.075574369099579,-1.6713881846745218,0,1,1
2009-03,N225,Japan,3,8109.529785,7.149575057629831,-5.324333640425694,-8.60987180671805,2.759550671469446,9.395506515379873,72.05849173761183,73.33846209126133,69.22285332218293,7.35467474432232,16.151957579612763,6.0094861327044,19.28906303929281,6.075574369099579,-10.888347911835139,-1.1405010755464262,0,1,1
2009-04,N225,Japan,3,8828.259766,8.862782430732508,7.149575057629831,-5.324333640425694,-8.60987180671805,9.179324927558524,85.95789963404337,83.50890401204427,85.18863232930501,19.28906303929281,13.86781455565156,23.06431798298285,6.075574369099579,-10.888347911835139,-0.2073196231979657,0.0329756834210831,0,1,1
2009-05,N225,Japan,3,9522.5,7.8638401270622715,8.862782430732508,7.149575057629831,-5.324333640425694,9.548711148299194,91.18033575242565,93.24943800895444,89.41171313870338,6.075574369099579,11.664066379682492,4.957329040186531,-10.888347911835139,-0.2073196231979657,-9.032432357199339,0.4977999095413013,0,1,0
2009-06,N225,Japan,3,9958.44043,4.578003990548707,7.8638401270622715,8.862782430732508,7.149575057629831,9.723784632542303,81.25230356852214,73.67756567001342,81.75211544036866,-10.888347911835139,-20.988729537503048,-8.566660261226033,-0.2073196231979657,-9.032432357199339,23.549742301368237,-0.3265552025967795,0,1,0
2009-07,N225,Japan,3,10356.83008,4.000522499485393,4.578003990548707,7.8638401270622715,8.862782430732508,9.875828150394632,81.08385159892421,76.3114563111336,80.97563048331968,-0.2073196231979657,3.5748882542032234,-0.9498041156076997,-9.032432357199339,23.549742301368237,-0.8148729801666255,-0.2627382909944407,0,0,0
2009-08,N225,Japan,3,10492.53027,1.3102482994487685,4.000522499485393,4.578003990548707,7.8638401270622715,9.908419691162358,73.76000755063949,78.4546751206921,65.25164118120748,-9.032432357199339,2.8085151472149406,-19.418174589392322,23.549742301368237,-0.8148729801666255,-10.353229076577463,-1.0040004553560047,0,0,1
2009-09,N225,Japan,3,10133.23047,-3.4243389416497627,1.3102482994487685,4.000522499485393,4.578003990548707,9.134610881104944,91.13029925028484,75.68046391805014,96.45980974833171,23.549742301368237,-3.5360686898189386,47.82740786619817,-0.8148729801666255,-10.353229076577463,18.25563652218536,0.8816289056537101,0,0,0
2009-10,N225,Japan,3,10034.74023,-0.9719530241771079,-3.4243389416497627,1.3102482994487685,4.000522499485393,5.46204334911865,90.38770306494928,89.20428694448164,89.28504986916819,-0.8148729801666255,17.869635473000866,-7.4380821379212865,-10.353229076577463,18.25563652218536,-2.2371733163945695,0.9151397601578731,0,0,0
2009-11,N225,Japan,3,9345.549805,-6.868044505423121,-0.9719530241771079,-3.4243389416497627,1.3102482994487685,5.950010805627418,81.02965710957845,82.64781697591145,73.95016460418701,-10.353229076577463,-7.349949417398238,-17.175199305428855,18.25563652218536,-2.2371733163945695,-13.029217772023905,-0.1425267675173771,0,0,1
2009-12,N225,Japan,3,10546.44043,12.849865979607822,-6.868044505423121,-0.9719530241771079,-3.4243389416497627,6.871556602018845,95.82213678667623,100.3492317199707,92.03632293208953,18.25563652218536,21.41788542245284,24.457225247174776,-2.2371733163945695,-13.029217772023905,-10.73701462694614,1.5908561015288483,0,0,0
2010-01,N225,Japan,3,10198.04004,-3.3034879617672153,12.849865979607822,-6.868044505423121,-0.9719530241771079,6.2877755926883365,93.6784295112856,102.653564453125,87.86365244465489,-2.2371733163945695,2.296313278794848,-4.53372142052385,-13.029217772023905,-10.73701462694614,21.862566984562726,1.2320588451155279,0,0,0
2010-02,N225,Japan,3,10126.03027,-0.70611381910205,-3.3034879617672153,12.849865979607822,-6.868044505423121,5.9137862361318145,81.47286292484829,81.01815795898438,80.05752774647304,-13.029217772023905,-21.07613759872904,-8.88436171384852,-10.73701462694614,21.862566984562726,-1.6770919748616664,-0.1517539998744288,0,0,0
2010-03,N225,Japan,3,11089.94043,9.519131725842666,-0.70611381910205,-3.3034879617672153,12.849865979607822,6.115210170372776,72.72510971561555,67.32707777330953,73.52030064982753,-10.73701462694614,-16.898779891547267,-8.165661969162553,21.862566984562726,-1.6770919748616664,10.567262949366473,-1.0941896353363345,0,0,1
2010-04,N225,Japan,3,11057.40039,-0.2934194300266424,9.519131725842666,-0.70611381910205,-3.3034879617672153,5.856991839011872,88.62468554178874,79.6067726135254,92.83870468139648,21.862566984562726,18.238865024799743,26.2762854080008,-1.6770919748616664,10.567262949366473,-17.59668875597209,0.607960427043267,0,0,0
2010-05,N225,Japan,3,9768.700195,-11.654639875078276,-0.2934194300266424,9.519131725842666,-0.70611381910205,6.738410277188134,87.13836805282101,83.16650359861312,86.94786573225453,-1.6770919748616664,4.471643389400404,-6.345240349225156,10.567262949366473,-17.59668875597209,2.79697724964445,0.3828726247882139,0,0,1
2010-06,N225,Japan,3,9382.639648,-3.952015511721818,-11.654639875078276,-0.2934194300266424,9.519131725842666,6.709721464528702,96.34650853474935,69.67944971720378,111.88416697184245,10.567262949366473,-16.216930251753723,28.67960131002669,-17.59668875597209,2.79697724964445,-11.994283766920088,1.357065673567289,0,0,0
2010-07,N225,Japan,3,9537.299805,1.6483650955620766,-3.952015511721818,-11.654639875078276,-0.2934194300266424,6.606512086397163,79.39271330064342,81.76249122619629,76.34224307152533,-17.59668875597209,17.340896861315503,-31.766714506854075,2.79697724964445,-11.994283766920088,-8.726501270000398,-0.5011396530748392,0,0,1
2010-08,N225,Japan,3,8824.05957,-7.478429425339861,1.6483650955620766,-3.952015511721818,-11.654639875078276,6.8709913868343095,81.61330942953786,84.75737048733619,74.11711311340332,2.79697724964445,3.6629011863820837,-2.9146772070048788,-11.994283766920088,-8.726501270000398,45.83401536726808,-0.22012562720000922,0,0,0
2010-09,N225,Japan,3,9369.349609,6.179582477592005,-7.478429425339861,1.6483650955620766,-3.952015511721818,7.144713929203517,71.82437750498454,70.37432320912679,69.72902139027913,-11.994283766920088,-16.969671422685785,-5.920483865055792,-8.726501270000398,45.83401536726808,2.3956021728043453,-1.2145632690267665,0,0,0
2010-10,N225,Japan,3,9202.450195,-1.7813340409421952,6.179582477592005,-7.478429425339861,1.6483650955620766,7.154219911184647,65.55662228984218,74.25972569373346,63.16021014798072,-8.726501270000398,5.521051297446489,-9.4204839123329,45.83401536726808,2.3956021728043453,-19.46454465246935,-1.919177895726568,0,0,1
2010-11,N225,Japan,3,9937.040039,7.982546261419898,-1.7813340409421952,6.179582477592005,-7.478429425339861,7.234011021396816,95.60385462443034,80.85895284016927,102.02185897827148,45.83401536726808,8.886683979486731,61.528688297965076,2.3956021728043453,-19.46454465246935,12.806536842294957,1.291041578905604,1,0,1
2010-12,N225,Japan,3,10228.91992,2.9372919889067317,7.982546261419898,-1.7813340409421952,6.179582477592005,6.221998402258438,97.89414264309791,94.39043466506466,98.9651261606524,2.3956021728043453,16.73467358851721,-2.9961547929352017,-19.46454465246935,12.806536842294957,53.00774228080458,1.4848186772493326,0,0,0
2011-01,N225,Japan,3,10237.91992,0.08798582910403141,2.9372919889067317,7.982546261419898,-1.7813340409421952,6.138494434331654,78.83949353618007,77.48969244187877,77.08557048920662,-19.46454465246935,-17.9051429132163,-22.108349193561573,12.806536842294957,53.00774228080458,-33.36802641662523,-0.4750384228910944,0,1,1
2011-02,N225,Japan,3,10624.08984,3.771956833200152,0.08798582910403141,2.9372919889067317,7.982546261419898,6.213567304146696,88.93610232216972,84.70568302699498,89.67357962472099,12.806536842294957,9.312194122500305,16.329916293837265,53.00774228080458,-33.36802641662523,15.221272067740333,0.5147852069653104,0,1,1
2011-03,N225,Japan,3,9755.099609,-8.179432253370322,3.771956833200152,0.08798582910403141,2.9372919889067317,5.995677469964103,136.0791222356981,156.13775290212322,126.68266185637444,53.00774228080458,84.32972537670638,41.27088757528632,-33.36802641662523,15.221272067740333,-19.08316741489856,3.6246571728768533,1,1,0
2011-04,N225,Japan,3,9849.740234,0.9701656445689766,-8.179432253370322,3.771956833200152,0.08798582910403141,6.018243024352819,90.67220478057861,111.14294446309408,73.5580285390218,-33.36802641662523,-28.817379271004796,-41.935204501451274,15.221272067740333,-19.08316741489856,-7.395183206081024,0.2582538320621,0,1,1
2011-05,N225,Japan,3,9693.730469,-1.583897253061306,0.9701656445689766,-8.179432253370322,3.771956833200152,4.977492476498306,104.47366776004914,120.63443325411889,96.0221432101342,15.221272067740333,8.53989323107822,30.539310415579468,-19.08316741489856,-7.395183206081024,10.35534745366633,1.1963348470666315,0,1,0
2011-06,N225,Japan,3,9816.089844,1.2622527043773202,-1.583897253061306,0.9701656445689766,-8.179432253370322,4.821495773344463,84.53678283691406,97.33198216756185,72.88245728810628,-19.08316741489856,-19.316583547476828,-24.098281030229863,-7.395183206081024,10.35534745366633,-3.7587201796722147,-0.2381333011797011,0,1,0
2011-07,N225,Japan,3,9833.030273,0.17257817796314523,1.2622527043773202,-1.583897253061306,0.9701656445689766,4.8079196525075165,78.2851328695974,99.24549016644877,60.417874859225364,-7.395183206081024,1.9659601667134652,-17.102308144754364,10.35534745366633,-3.7587201796722147,-9.59658500968753,-0.6744404095941262,0,1,1
2011-08,N225,Japan,3,8955.200195,-8.927360677515539,0.17257817796314523,1.2622527043773202,-1.583897253061306,5.03552184989512,86.39183038280856,111.57653574789724,62.886020106654016,10.35534745366633,12.424791857813933,4.085124233812376,-3.7587201796722147,-9.59658500968753,10.75561755834511,-0.13693057664267147,0,1,0
2011-09,N225,Japan,3,8700.290039,-2.846504270695427,-8.927360677515539,0.17257817796314523,1.2622527043773202,4.732849634133234,83.14460322062175,93.88602275848389,70.98976675669353,-3.7587201796722147,-15.855047722026761,12.886404062931067,-9.59658500968753,10.75561755834511,1.885317306908374,-0.3489112784017622,0,1,0
2011-10,N225,Japan,3,8988.389648,3.3113793644644396,-2.846504270695427,-8.927360677515539,0.17257817796314523,4.835808977492218,75.16556069158739,90.57414713213521,63.65037210526005,-9.59658500968753,-3.5275491804230286,-10.338665679221236,10.75561755834511,1.885317306908374,-8.156193496580155,-0.8690907544536027,0,0,1
2011-11,N225,Japan,3,8434.610352,-6.16105128601342,3.3113793644644396,-2.846504270695427,-8.927360677515539,4.39368271404709,83.25008093516031,70.99307772318522,95.16603965759278,10.75561755834511,-21.6188283621196,49.51372083137953,1.885317306908374,-8.156193496580155,17.437683308734808,-0.29755002076007414,0,0,1
2011-12,N225,Japan,3,8455.349609,0.24588281063966377,-6.16105128601342,3.3113793644644396,-2.846504270695427,4.225105863477283,84.81960911904612,77.63644483012538,86.84766141829952,1.885317306908374,9.357767433106435,-8.740910380659695,-8.156193496580155,17.437683308734808,-3.722992679209569,-0.15314732600468142,0,0,0
2012-01,N225,Japan,3,8802.509766,4.10580488156842,0.24588281063966377,-6.16105128601342,3.3113793644644396,4.5110150050905755,77.90155767625377,61.71806113950668,91.26849322165212,-8.156193496580155,-20.503751460347488,5.090329124764548,17.437683308734808,-3.722992679209569,11.683646516830692,-0.6044036259967932,0,0,1
2012-02,N225,Japan,3,9723.240234,10.459863067194263,4.10580488156842,0.24588281063966377,-6.16105128601342,5.483385165540109,91.4857845964103,77.98118065143454,103.34518873280493,17.437683308734808,26.350664962022897,13.232053126837195,-3.722992679209569,11.683646516830692,-21.032583801878502,0.3455942766440141,0,0,0
2012-03,N225,Japan,3,10083.55957,3.705753713047666,10.459863067194263,4.10580488156842,0.24588281063966377,5.045286720868977,88.0797755333685,86.14695296748992,86.66009946023264,-3.722992679209569,10.47146535592387,-16.145008274851524,11.683646516830692,-21.032583801878502,-0.11563419129990704,0.05496641858514284,0,0,1
2012-04,N225,Japan,3,9520.889648,-5.580072375176137,3.705753713047666,10.459863067194263,4.10580488156842,5.3238047506802975,98.3707051595052,88.1813424428304,104.64068247477213,11.683646516830692,2.3615338735291314,20.748398774675515,-21.032583801878502,-0.11563419129990704,4.661354718603983,0.7745442600702505,0,0,0
2012-05,N225,Japan,3,8542.730469,-10.273821199109022,-5.580072375176137,3.705753713047666,10.459863067194263,6.0742634020811455,77.68080416033345,69.08255398658014,79.93533497471964,-21.032583801878502,-21.65853674617435,-23.60969645434864,-0.11563419129990704,4.661354718603983,-7.806712344159738,-0.6966679763797997,0,0,0
2012-06,N225,Japan,3,9006.780273,5.432101664496525,-10.273821199109022,-5.580072375176137,3.705753713047666,6.321994265056643,77.59097859064738,81.92765919367473,70.51085557937623,-0.11563419129990704,18.59384817994694,-11.790129356840751,4.661354718603983,-7.806712344159738,-7.87534886252107,-0.6468544531804323,0,0,1
2012-07,N225,Japan,3,8695.05957,-3.4609560081582003,5.432101664496525,-10.273821199109022,-5.580072375176137,6.372120789657774,81.20776933239353,89.00009404459307,77.46019707956621,4.661354718603983,8.632536216126097,9.8557044062058,-7.806712344159738,-7.87534886252107,18.802659577001602,-0.3926547006231566,0,0,0
2012-08,N225,Japan,3,8839.910156,1.665895268846329,-3.4609560081582003,5.432101664496525,-10.273821199109022,5.862090408589217,74.8681123795048,78.25724669425718,70.49690803404778,-7.806712344159738,-12.070602245603512,-8.989505976038025,-7.87534886252107,18.802659577001602,-2.6717656381202715,-0.8201291777019274,0,0,0
2012-09,N225,Japan,3,8870.160156,0.3421980480137421,1.665895268846329,-3.4609560081582003,5.432101664496525,5.7906758549392086,68.97198734283447,65.10240313212077,68.31967938741049,-7.87534886252107,-16.80974493458861,-3.0884030340532886,18.802659577001602,-2.6717656381202715,-5.994197564654025,-1.2202075636257568,0,0,1
2012-10,N225,Japan,3,8928.290039,0.6553419777959535,0.3421980480137421,1.665895268846329,-3.4609560081582003,5.716058765333194,81.94055532640026,86.90206847652313,75.07558896464687,18.802659577001602,33.48519301224788,9.888672836016443,-2.6717656381202715,-5.994197564654025,20.367269576878645,-0.3694110124128443,0,0,0
2012-11,N225,Japan,3,9446.009766,5.798643690320637,0.6553419777959535,0.3421980480137421,1.665895268846329,5.566838114664981,79.75129572550456,87.46022033691406,73.34758491516114,-2.6717656381202715,0.6422768412488677,-2.301685638855866,-5.994197564654025,20.367269576878645,-8.164537558505069,-0.4847113582862031,0,0,0
2012-12,N225,Japan,3,10395.17969,10.048369073430852,5.798643690320637,0.6553419777959535,0.3421980480137421,6.122921333000916,74.97084549934634,85.26028196273312,64.21883093926215,-5.994197564654025,-2.515358829084069,-12.44588214657365,20.367269576878645,-8.164537558505069,-9.751520162523587,-0.7721678806588171,0,0,1
2013-01,N225,Japan,3,11138.66016,7.152165639957286,10.048369073430852,5.798643690320637,0.6553419777959535,6.283367688525826,90.24035970626339,109.75873522604665,83.89209476594002,20.367269576878645,28.73372301773727,30.634727445108332,-8.164537558505069,-9.751520162523587,25.47476088535521,0.33378525699886924,0,0,0
2013-02,N225,Japan,3,11559.36035,3.7769371177224453,7.152165639957286,10.048369073430852,5.798643690320637,5.755006948238012,82.87265164511544,87.37166687420437,78.62591293879917,-8.164537558505069,-20.3966165478642,-6.2773278481525026,-9.751520162523587,25.47476088535521,-11.144978564302333,-0.19920816864343685,0,0,0
2013-03,N225,Japan,3,12397.91016,7.254292492058156,3.7769371177224453,7.152165639957286,10.048369073430852,5.960259590292299,74.79130831072408,70.25588681620937,79.46081779849145,-9.751520162523587,-19.589622895300696,1.0618698447955044,25.47476088535521,-11.144978564302333,-0.965878998260461,-1.013514684973251,0,0,1
2013-04,N225,Japan,3,13860.86035,11.799974117573386,7.254292492058156,3.7769371177224453,7.152165639957286,6.087433667891028,93.84421526590982,83.1100798924764,99.8020144144694,25.47476088535521,18.296250547507608,25.599027520157392,-11.144978564302333,-0.965878998260461,-6.660023976577866,1.3038201103451614,0,0,0
2013-05,N225,Japan,3,13774.54004,-0.6227630018651786,11.799974117573386,7.254292492058156,3.7769371177224453,4.573162970289029,83.38529759068643,96.31220405332503,76.66901059304514,-11.144978564302333,15.885105847484283,-23.178894691799336,-0.965878998260461,-6.660023976577866,15.266434567502763,0.1681061665247437,0,0,0
2013-06,N225,Japan,3,13677.32031,-0.7057929318705636,-0.6227630018651786,11.799974117573386,7.254292492058156,4.756723912410119,82.57989651362101,85.31224797566732,78.08507897059123,-0.965878998260461,-11.421144584716792,1.8469892419278766,-6.660023976577866,15.266434567502763,10.38976028717007,0.06282779852477731,0,0,0
2013-07,N225,Japan,3,13668.32031,-0.06580236329933875,-0.7057929318705636,-0.6227630018651786,11.799974117573386,4.382047037171899,77.08005560598066,75.28471995938209,75.0804361527966,-6.660023976577866,-11.753913716053145,-3.847909046651865,15.266434567502763,10.38976028717007,-24.991962578693006,-0.7292898821973308,0,0,1
2013-08,N225,Japan,3,13388.86035,-2.044581584728744,-0.06580236329933875,-0.7057929318705636,-0.6227630018651786,4.676929946972557,88.84743185966245,104.42809732498661,78.84740774093136,15.266434567502763,38.71087968624718,5.017247875956099,10.38976028717007,-24.991962578693006,4.327385501849101,0.9539072115700641,0,0,1
2013-09,N225,Japan,3,14455.79981,7.96885942573895,-2.044581584728744,-0.06580236329933875,-0.7057929318705636,4.709725809338398,98.07846705118816,97.374010403951,98.14722569783528,10.38976028717007,-6.754970263494176,24.47742863064981,-24.991962578693006,4.327385501849101,-8.47958052592066,1.985063817732131,0,0,0
2013-10,N225,Japan,3,14327.94043,-0.8844849934318444,7.96885942573895,-2.044581584728744,-0.06580236329933875,4.835893119258371,73.56673326799947,80.33374651016727,65.35439909658125,-24.991962578693006,-17.499807005065403,-33.411873201809016,4.327385501849101,-8.47958052592066,11.926947066993353,-1.1842847482493826,0,0,1
2013-11,N225,Japan,3,15661.87012,9.309989084034731,-0.8844849934318444,7.96885942573895,-2.044581584728744,5.048079778282776,76.75024941762288,52.19944121042887,91.32140051523844,4.327385501849101,-35.02177667784688,39.732599148043505,-8.47958052592066,11.926947066993353,-10.628031863710918,-0.7302356457466846,0,0,0
2013-12,N225,Japan,3,16291.30957,4.018929062604171,9.309989084034731,-0.8844849934318444,7.96885942573895,4.726270045541207,70.2421502144106,68.61865160542149,68.88867827384702,-8.47958052592066,31.45476276039567,-24.564584111528333,11.926947066993353,-10.628031863710918,70.12768145517792,-1.4153214775509915,0,0,1
2014-01,N225,Japan,3,14914.53027,-8.451004470109025,4.018929062604171,9.309989084034731,-0.8844849934318444,5.782470073222694,78.61989428920131,86.78251980197045,68.41249278283888,11.926947066993353,26.4707448654002,-0.6912391164121345,-10.628031863710918,70.12768145517792,-22.3830484610423,-0.400710165838595,0,0,0
2014-02,N225,Japan,3,14841.07031,-0.49253954814629797,-8.451004470109025,4.018929062604171,9.309989084034731,5.835441259157088,70.26414687292916,61.49816117967878,73.86041593551636,-10.628031863710918,-29.135312825656822,7.963345481315476,70.12768145517792,-22.3830484610423,-10.343908404842095,-1.3004457666171292,0,1,1
2014-03,N225,Japan,3,14827.83008,-0.08921344433681089,-0.49253954814629797,-8.451004470109025,4.018929062604171,5.645716796693759,119.53876396917528,75.00083989481772,150.81426780454575,70.12768145517792,21.956231627297342,104.18821894560378,-22.3830484610423,-10.343908404842095,18.018621331537332,3.2754976148498836,1,1,0
2014-04,N225,Japan,3,14304.11035,-3.5320052035557103,-0.08921344433681089,-0.49253954814629797,-8.451004470109025,4.811993169559437,92.7823445002238,61.30099623998006,112.3606637954712,-22.3830484610423,-18.266253650026478,-25.49732500038402,-10.343908404842095,18.018621331537332,38.660193810520525,0.9648550951925742,0,1,0
2014-05,N225,Japan,3,14632.37988,2.294931470519579,-3.5320052035557103,-0.08921344433681089,-0.49253954814629797,4.831085138514087,83.18502376925561,75.96359517497402,92.24833537686256,-10.343908404842095,23.919022257963118,-17.89979494533681,18.018621331537332,38.660193810520525,-2.7048677246242936,0.07732757889483634,0,1,1
2014-06,N225,Japan,3,15162.09961,3.6201884747677715,2.294931470519579,-3.5320052035557103,-0.08921344433681089,4.885027046419463,98.1738182067871,105.45366484324137,96.13338797887167,18.018621331537332,38.82131908098889,4.211515130476329,38.660193810520525,-2.7048677246242936,-1.419314844118058,1.3100368914918,0,1,1
2014-07,N225,Japan,3,15620.76953,3.0251082092712878,3.6201884747677715,2.294931470519579,-3.5320052035557103,4.906822587264993,136.12800659671908,115.96761592741936,161.79567853866084,38.660193810520525,9.970209285573105,68.30331473828896,-2.7048677246242936,-1.419314844118058,-38.12192153075063,3.222536139713079,0,1,0
2014-08,N225,Japan,3,15424.58984,-1.2558900483310542,3.0251082092712878,3.6201884747677715,2.294931470519579,4.86408914666038,132.44592408211,107.58255644767515,154.04245942638767,-2.7048677246242936,-7.230518117223495,-4.791981579669047,-1.419314844118058,-38.12192153075063,4.1467635433172,2.445848791870672,0,1,0
2014-09,N225,Japan,3,16173.51953,4.855426936914897,-1.2558900483310542,3.0251082092712878,3.6201884747677715,4.548503715206816,130.56609942118328,121.00510635375977,142.43847586313885,-1.419314844118058,12.476511387431977,-7.53297734044166,-38.12192153075063,4.1467635433172,1.5573648683008257,2.034635004614549,0,1,0
2014-10,N225,Japan,3,16413.75977,1.4853924623789094,4.855426936914897,-1.2558900483310542,3.0251082092712878,4.508863731157823,80.79179345407793,74.09397866649013,83.08987451368763,-38.12192153075063,-38.76789096000993,-41.66613058010812,4.1467635433172,1.5573648683008257,26.783666844919374,-0.48645379517397036,0,0,1
2014-11,N225,Japan,3,17459.84961,6.373249363086053,1.4853924623789094,4.855426936914897,-1.2558900483310542,4.090907968859171,84.14203809102376,77.99142316182454,87.09242757161458,4.1467635433172,5.26013660688609,4.817136963262114,1.5573648683008257,26.783666844919374,3.8473610430540095,-0.32739728608346297,0,0,1
2014-12,N225,Japan,3,17450.76953,-0.052005488035811176,6.373249363086053,1.4853924623789094,4.855426936914897,3.98408790969316,85.45243663172567,94.30592924548733,80.33614915417087,1.5573648683008257,20.918333609340344,-7.7575957012888885,26.783666844919374,3.8473610430540095,-8.025303643352133,-0.2865574549034715,0,0,1
2015-01,N225,Japan,3,17674.39063,1.2814397646795372,-0.052005488035811176,6.373249363086053,1.4853924623789094,2.768481136006385,108.33973257003292,146.6483586834323,81.6583960748488,26.783666844919374,55.50279802841731,1.6458928323044741,3.8473610430540095,-8.025303643352133,-3.786405996924136,0.8398251083784557,0,0,1
2015-02,N225,Japan,3,18797.93945,6.35693101686301,1.2814397646795372,-0.052005488035811176,6.373249363086053,3.0237550309720667,112.50795323508126,110.62664944784981,116.82035664149693,3.8473610430540095,-24.56332246673284,43.05982269651534,-8.025303643352133,-3.786405996924136,-25.261601602650142,0.9715915138357889,0,0,0
2015-03,N225,Japan,3,19206.99023,2.1760405234202196,6.35693101686301,1.2814397646795372,-0.052005488035811176,2.949196274830356,103.47884836504537,80.65029876462874,119.2300068024666,-8.025303643352133,-27.096862132981926,2.0626971447831766,-3.786405996924136,-25.261601602650142,14.61646704169861,0.4687794836747721,0,0,0
2015-04,N225,Japan,3,19520.00977,1.6297167658839484,2.1760405234202196,6.35693101686301,1.2814397646795372,2.3496143477335694,99.56071904500325,92.08395849863687,107.84801419576009,-3.786405996924136,14.17683493941706,-9.546248391618018,-25.261601602650142,14.61646704169861,24.558055668202016,0.25841467982350513,0,0,0
2015-05,N225,Japan,3,20563.15039,5.343955419546886,1.6297167658839484,2.1760405234202196,6.35693101686301,2.4696150961994063,74.41008684712071,71.70904147240424,75.1276002699329,-25.261601602650142,-22.126456506031122,-30.339375434799198,14.61646704169861,24.558055668202016,-23.96457036562888,-0.976620995350697,0,0,1
2015-06,N225,Japan,3,20235.73047,-1.5922653571566858,5.343955419546886,1.6297167658839484,2.1760405234202196,2.7719534413344062,85.28621266682943,88.44556840260823,80.42666390736898,14.61646704169861,23.33949330035976,7.053417942802098,24.558055668202016,-23.96457036562888,19.18166619724222,-0.44308919114331674,0,0,1
2015-07,N225,Japan,3,20585.24023,1.7271912200953476,-1.5922653571566858,5.343955419546886,1.6297167658839484,2.7736000802849254,106.23084825085056,89.69054517438335,118.30285398421749,24.558055668202016,1.4076191653921155,47.09407084256565,-23.96457036562888,19.18166619724222,-10.263558111944526,0.5456361334795071,0,0,0
2015-08,N225,Japan,3,18890.48047,-8.232887938466394,1.7271912200953476,-1.5922653571566858,5.343955419546886,4.041941271563097,80.77308187177104,72.6687409493231,83.29964871560374,-23.96457036562888,-18.978370788097155,-29.58779445277242,19.18166619724222,-10.263558111944526,69.33668679688365,-0.7123350831475163,0,0,1
2015-09,N225,Japan,3,17388.15039,-7.952842080358158,-8.232887938466394,1.7271912200953476,-1.5922653571566858,4.779620399075957,96.26670481363932,79.88457260131835,111.3503412882487,19.18166619724222,9.929760111059792,33.674442815976114,-10.263558111944526,69.33668679688365,-3.9551845660048213,0.0642386706420011,0,0,0
2015-10,N225,Japan,3,19083.09961,9.747725790172446,-7.952842080358158,-8.232887938466394,1.7271912200953476,5.449353235426727,86.38631562263735,101.0595084159605,75.2390812904604,-10.263558111944526,26.506915071474868,-32.43030922043458,69.33668679688365,-3.9551845660048213,-17.462244964117836,-0.46539997130577987,0,0,1
2015-11,N225,Japan,3,19747.4707,3.4814631982104993,9.747725790172446,-7.952842080358158,-8.232887938466394,5.270461254671793,146.2837247212728,206.72467168172201,112.25876941680909,69.33668679688365,104.55736914021405,49.20273811350009,-3.9551845660048213,-17.462244964117836,-12.711604183681224,2.2021073610924744,1,0,0
2015-12,N225,Japan,3,19033.71094,-3.614436354120032,3.4814631982104993,9.747725790172446,-7.952842080358158,5.442432624845726,140.49793341852003,194.36913816390498,108.1629870014806,-3.9551845660048213,-5.976806453387384,-3.648518896658426,-17.462244964117836,-12.711604183681224,4.015245447232085,1.7405500614050073,0,0,0
2016-01,N225,Japan,3,17518.30078,-7.96171679173352,-3.614436354120032,3.4814631982104993,9.747725790172446,6.002995929841522,115.96384011545489,110.91858869983304,120.46343551143524,-17.462244964117836,-42.934053344261315,11.37214203393464,-12.711604183681224,4.015245447232085,-20.571703453499047,0.5901208640110405,0,0,0
2016-02,N225,Japan,3,16026.75977,-8.514187698517183,-7.96171679173352,-3.614436354120032,3.4814631982104993,6.12591789296946,101.22297576378132,113.22725730106748,90.85711604151233,-12.711604183681224,2.0814082006417767,-24.57701736981631,4.015245447232085,-20.571703453499047,1.2679298080407353,-0.14074225534914356,0,0,1
2016-03,N225,Japan,3,16758.66992,4.566800529262571,-8.514187698517183,-7.96171679173352,-3.614436354120032,6.280731554254853,105.2873266896894,122.04758010372039,93.74349009606146,4.015245447232085,7.78992886774601,3.1768277272089085,-20.571703453499047,1.2679298080407353,4.556577350732516,0.08165049546770788,0,0,0
2016-04,N225,Japan,3,16666.05078,-0.5526640266926286,4.566800529262571,-8.514187698517183,-7.96171679173352,6.2307148886736865,83.62793006896973,90.3290501912435,79.78639167149862,-20.571703453499047,-25.98865941096199,-14.888605502377427,1.2679298080407353,4.556577350732516,26.501697966147653,-0.929113059578285,0,0,1
2016-05,N225,Japan,3,17234.98047,3.413704287297259,-0.5526640266926286,4.566800529262571,-8.514187698517183,6.071277557592692,84.68827352216167,88.0693675010435,82.82368420016381,1.2679298080407353,-2.5016123665817624,3.806780160168821,4.556577350732516,26.501697966147653,-11.965066413420121,-0.8842870925696081,0,0,1
2016-06,N225,Japan,3,15575.91992,-9.6261237596865,3.413704287297259,-0.5526640266926286,4.566800529262571,6.532993427751456,88.54716021219889,97.87790400187174,80.03160365422566,4.556577350732516,11.137285050573364,-3.3711136770858907,26.501697966147653,-11.965066413420121,5.177677420867943,-0.675385337292379,0,0,1
2016-07,N225,Japan,3,16569.26953,6.377469935014934,-9.6261237596865,3.413704287297259,-0.5526640266926286,6.899238420919171,112.01366116923671,143.21993846278036,94.82303280984202,26.501697966147653,46.32509750110867,18.481985216143258,-11.965066413420121,5.177677420867943,-16.921676258939698,0.504740816275006,0,0,0
2016-08,N225,Japan,3,16887.40039,1.9200053413579665,6.377469935014934,-9.6261237596865,3.413704287297259,6.625276808570726,98.61115221823415,123.22047128985005,80.60763149876749,-11.965066413420121,-13.964164059550777,-14.991506693929601,5.177677420867943,-16.921676258939698,-3.0021981619094418,-0.09695177493770867,0,0,1
2016-09,N225,Japan,3,16449.83984,-2.5910474075044876,1.9200053413579665,6.377469935014934,-9.6261237596865,6.264584023441203,103.71691958109538,119.65013109842936,94.2956667582194,5.177677420867943,-2.897521940994874,16.98106619056434,-16.921676258939698,-3.0021981619094418,21.584843002401332,0.24419612754655895,0,0,0
2016-10,N225,Japan,3,17425.01953,5.928201730139171,-2.5910474075044876,1.9200053413579665,6.377469935014934,5.787685582330835,86.16627822383758,100.4282025367983,80.40413419661984,-16.921676258939698,-16.065112829519823,-14.731888578950725,-3.0021981619094418,21.584843002401332,3.2171336265169437,-0.755613313542009,0,0,0
2016-11,N225,Japan,3,18308.48047,5.070071448005997,5.928201730139171,-2.5910474075044876,1.9200053413579665,5.9064228331985165,83.57939580281575,85.52786210378011,80.94508310953776,-3.0021981619094418,-14.836808841180337,0.6727874360229924,21.584843002401332,3.2171336265169437,7.91479544055298,-0.8991235723515687,0,0,1
2016-12,N225,Japan,3,19114.36914,4.401723405284885,5.070071448005997,5.928201730139171,-2.5910474075044876,5.970842215340518,101.61987716920915,112.50576536117062,94.95736854307113,21.584843002401332,31.54282428415589,17.310854341296356,3.2171336265169437,7.91479544055298,-12.981087348955,0.08052018995459746,0,0,1
2017-01,N225,Japan,3,19041.33984,-0.38206492437761197,4.401723405284885,5.070071448005997,5.928201730139171,5.402502662663037,104.88912440884498,102.22949655594364,108.44574915978217,3.2171336265169437,-9.133993064477785,14.204669762508138,7.91479544055298,-12.981087348955,16.858108837707487,0.2764772290213544,0,0,1
2017-02,N225,Japan,3,19118.99023,0.40779898185987484,-0.38206492437761197,4.401723405284885,5.070071448005997,4.544838724638838,113.19088404519218,94.91658476420811,125.99899278368268,7.91479544055298,-7.153426396591556,16.186197946807358,-12.981087348955,16.858108837707487,-11.924009642381684,0.7499284136946149,0,0,0
2017-03,N225,Japan,3,18909.25977,-1.0969745654815344,0.40779898185987484,-0.38206492437761197,4.401723405284885,4.500085944438891,98.49747651623142,99.26259293094758,97.23793039014262,-12.981087348955,4.578765847439437,-22.826422464279194,16.858108837707487,-11.924009642381684,25.21966237763813,-0.07970292612513222,0,0,1
2017-04,N225,Japan,3,19196.74023,1.5203157791300326,-1.0969745654815344,0.40779898185987484,-0.38206492437761197,4.470321854478727,115.10228830973307,101.26866887410482,124.87095286051432,16.858108837707487,2.0209787835713477,28.417945918327536,-11.924009642381684,25.21966237763813,-19.96658607237466,0.8218982347521404,0,0,0
2017-05,N225,Japan,3,19650.57031,2.3640997094432237,1.5203157791300326,-1.0969745654815344,0.40779898185987484,4.434875880687768,101.37748035307854,98.86025521063036,100.89005654858005,-11.924009642381684,-2.378241651885993,-19.204543380654638,25.21966237763813,-19.96658607237466,34.9537634693037,-0.016757352017186686,0,0,1
2017-06,N225,Japan,3,20033.42969,1.9483372439585978,2.3640997094432237,1.5203157791300326,-1.0969745654815344,2.840388884005154,126.94453862508138,146.7019323984782,113.13888193766276,25.21966237763813,48.393236580177735,12.140765708843393,-19.96658607237466,34.9537634693037,-13.40475581527194,1.3684569567814138,0,0,0
2017-07,N225,Japan,3,19925.17969,-0.5403468186679694,1.9483372439585978,2.3640997094432237,1.5203157791300326,2.59724812906374,101.59804805632561,69.98286450293756,124.43094007430538,-19.96658607237466,-52.29588093437852,9.980705079677499,34.9537634693037,-13.40475581527194,-22.585571348701183,-0.09325574279342158,0,0,1
2017-08,N225,Japan,3,19646.24023,-1.3999344765758592,-0.5403468186679694,1.9483372439585978,2.3640997094432237,2.7310190443405795,137.11038946336316,109.75087941077447,156.3583743187689,34.9537634693037,56.82536030826179,25.658758364597812,-13.40475581527194,-22.585571348701183,1.45640671502556,1.769125616283447,0,0,0
2017-09,N225,Japan,3,20356.2793,3.614121896543665,-1.3999344765758592,-0.5403468186679694,1.9483372439585978,2.5048704587434005,118.73107655843098,86.45641419092814,146.35588200887045,-13.40475581527194,-21.22485518558812,-6.397158037411099,-22.585571348701183,1.45640671502556,-9.265018521286283,0.6833153665668898,0,0,0
2017-10,N225,Japan,3,22011.60938,8.131790960443364,3.614121896543665,-1.3999344765758592,-0.5403468186679694,2.8853324588554483,91.91498454924553,71.24007597277242,109.52413552807224,-22.585571348701183,-17.60001078063723,-25.16588057497128,1.45640671502556,-9.265018521286283,8.729366354164325,-0.8369177242663346,0,0,1
2017-11,N225,Japan,3,22724.96094,3.2407969253177793,8.131790960443364,3.614121896543665,-1.3999344765758592,2.7539035682759714,93.25364055633545,80.09026870727538,105.41860446929931,1.45640671502556,12.423053476087631,-3.748517200321233,-9.265018521286283,8.729366354164325,-28.45406203269154,-0.7153023093285192,0,0,0
2017-12,N225,Japan,3,22764.93945,0.17592333868274856,3.2407969253177793,8.131790960443364,3.614121896543665,2.6668634070178556,84.61367348701724,64.52695954230524,98.77827345940375,-9.265018521286283,-19.432209950316203,-6.29901244028458,8.729366354164325,-28.45406203269154,65.97083380479091,-1.2336645984463541,0,0,1
2018-01,N225,Japan,3,23098.28906,1.464311428247611,0.17592333868274856,3.2407969253177793,8.131790960443364,2.6009394004489637,91.99991103141538,75.9898567199707,106.7695834867416,8.729366354164325,17.76450844572981,8.09014953133611,-28.45406203269154,65.97083380479091,11.699680256456425,-0.6525128056178033,0,0,0
2018-02,N225,Japan,3,22068.24023,-4.459416138244487,1.464311428247611,0.17592333868274856,3.2407969253177793,3.1369647765033832,65.82219927651542,53.66386883599417,76.22563787869045,-28.45406203269154,-29.380221055357104,-28.60734734611382,65.97083380479091,11.699680256456425,0.0402988402496085,-2.142949409571251,0,0,1
2018-03,N225,Japan,3,21454.30078,-2.782004562218765,-4.459416138244487,1.464311428247611,0.17592333868274856,3.285613334918836,109.2456529678837,64.72115756619361,142.5100219480453,65.97083380479091,20.60471779251023,86.95812316433921,11.699680256456425,0.0402988402496085,-15.333763880707775,0.5900008957372371,1,0,1
2018-04,N225,Japan,3,22467.86914,4.724313182673656,-2.782004562218765,-4.459416138244487,1.464311428247611,3.448447206312648,122.0270450592041,94.80569979349772,144.06638272603354,11.699680256456425,46.483319147274415,1.092106194858089,0.0402988402496085,-15.333763880707775,5.999256123072527,1.2755117361317614,0,0,1
2018-05,N225,Japan,3,22201.82031,-1.1841302276696442,4.724313182673656,-2.782004562218765,-4.459416138244487,3.507403707597313,122.07622054315382,62.3412499273977,166.9032696139428,0.0402988402496085,-34.24314143222706,15.851641761102208,-15.333763880707775,5.999256123072527,3.182714359079064,1.1736073459445548,0,0,0
2018-06,N225,Japan,3,22304.50977,0.46252720977904005,-1.1841302276696442,4.724313182673656,-2.782004562218765,3.5000972061447264,103.35734113057454,56.24654754002889,136.8462231318156,-15.333763880707775,-9.776355774814693,-18.008662473569824,5.999256123072527,3.182714359079064,-34.571624462700555,-0.01799698964290039,0,0,1
2018-07,N225,Japan,3,22553.7207,1.117311846661595,0.46252720977904005,-1.1841302276696442,4.724313182673656,3.4683256422005173,109.5580127469955,85.10936841657085,127.5609563396823,5.999256123072527,51.3148311120806,-6.7851830906501265,3.182714359079064,-34.571624462700555,25.17349771161239,0.37867626972426766,0,0,1
2018-08,N225,Japan,3,22865.15039,1.380835092100785,1.117311846661595,0.46252720977904005,-1.1841302276696442,3.37841627601865,113.04493135021579,67.86267332876882,146.81783097790134,3.182714359079064,-20.264155883976787,15.096213755986486,-34.571624462700555,25.17349771161239,-13.771045076727717,0.557552855944708,0,0,0
2018-09,N225,Japan,3,24120.03906,5.488215247203554,1.380835092100785,1.117311846661595,0.46252720977904005,3.53366295166832,73.96346220970153,49.602893877029416,88.1794579188029,-34.571624462700555,-26.906955703436154,-39.939544582922316,25.17349771161239,-13.771045076727717,8.45156427798377,-1.6910069748655194,0,0,1
2018-10,N225,Japan,3,21920.46094,-9.119297504155854,5.488215247203554,1.380835092100785,1.117311846661595,4.052548651367941,92.58265267649004,61.918164991563366,115.57533417978594,25.17349771161239,24.8277270779095,31.06832011397669,-13.771045076727717,8.45156427798377,1.0709526807535674,-0.6268948726858339,0,0,0
2018-11,N225,Japan,3,22351.06055,1.9643729718030079,-9.119297504155854,5.488215247203554,1.380835092100785,3.97701631676313,79.83305384318034,48.951593685150144,103.46333103179931,-13.771045076727717,-20.94146573655724,-10.479747459908284,8.45156427798377,1.0709526807535674,12.624990293825844,-1.3560584289494768,0,0,1
2018-12,N225,Japan,3,20014.76953,-10.452707668048433,1.9643729718030079,-9.119297504155854,5.488215247203554,4.9766605383679385,86.58019570381411,64.75931516770393,99.9929014944261,8.45156427798377,32.292557386848046,-3.3542603961847828,1.0709526807535674,12.624990293825844,-19.17630273940678,-0.9074144937294559,0,0,1
2019-01,N225,Japan,3,20773.49023,3.7908040802706156,-10.452707668048433,1.9643729718030079,-9.119297504155854,5.122430604521829,87.5074286307058,54.891605531015706,113.59607076644897,1.0709526807535674,-15.237513879098808,13.60413496230144,12.624990293825844,-19.17630273940678,-0.8685045212788456,-0.801073848206824,0,0,1
2019-02,N225,Japan,3,21385.16016,2.944473572941808,3.7908040802706156,-10.452707668048433,1.9643729718030079,5.081506986225671,98.55523300170898,57.736959321158274,130.96962765284948,12.624990293825844,5.183586383777472,15.294153018831214,-19.17630273940678,-0.8685045212788456,33.10270858929771,-0.14271946978709077,0,0,0
2019-03,N225,Japan,3,21205.81055,-0.8386638615663355,2.944473572941808,3.7908040802706156,-10.452707668048433,5.020207429159284,79.65598315577353,67.75160512616557,85.8987022830594,-19.17630273940678,17.345294803804002,-34.41326525662569,-0.8685045212788456,33.10270858929771,-1.685648374379367,-1.1424746158846457,0,0,0
2019-04,N225,Japan,3,22258.73047,4.9652425099119935,-0.8386638615663355,2.944473572941808,3.7908040802706156,5.041156113919397,78.96416734059652,57.763711071014406,93.91384995778402,-0.8685045212788456,-14.741929783880291,9.330929876347316,33.10270858929771,-1.685648374379367,-9.939817225846037,-1.0844430097283153,0,0,1
2019-05,N225,Japan,3,20601.18945,-7.44670062038807,4.9652425099119935,-0.8386638615663355,2.944473572941808,5.484443864764688,105.10344554531959,63.40447973435925,133.1031727944651,33.10270858929771,9.765246309071296,41.729013190596916,-1.685648374379367,-9.939817225846037,13.921162899248628,0.33804429903187627,0,0,0
2019-06,N225,Japan,3,21275.91992,3.2752015199782436,-7.44670062038807,4.9652425099119935,-0.8386638615663355,5.5874583184709525,103.3317710240682,51.50454092025757,138.8043354034424,-1.685648374379367,-18.768293445444108,4.283265747376963,-9.939817225846037,13.921162899248628,-12.699931906120154,0.3113759427556039,0,0,0
2019-07,N225,Japan,3,21521.5293,1.1544007541084866,3.2752015199782436,-7.44670062038807,4.9652425099119935,5.588290136653758,93.06078184804609,47.329337519984094,126.32542345600743,-9.939817225846037,-8.10647629446455,-8.990289756558633,13.921162899248628,-12.699931906120154,2.8698387190764008,-0.2605231431616406,0,0,1
2019-08,N225,Japan,3,20704.36914,-3.79694281298123,1.1544007541084866,3.2752015199782436,-7.44670062038807,5.651206983624574,106.01592488442698,74.11447860348609,125.86253258489793,13.921162899248628,56.593103742879094,-0.3664273259061712,-12.699931906120154,2.8698387190764008,-22.581225044357122,0.6360280812730083,0,0,0
2019-09,N225,Japan,3,21755.83984,5.078496682946998,-3.79694281298123,1.1544007541084866,3.2752015199782436,5.611700407421032,92.55197461446126,70.08315865198772,112.63771381378174,-12.699931906120154,-5.439314999523937,-10.507351552135392,2.8698387190764008,-22.581225044357122,-1.8944804802661475,-0.18151693898220844,0,0,1
2019-10,N225,Japan,3,22927.03906,5.383378571516451,5.078496682946998,-3.79694281298123,1.1544007541084866,5.1803402824962115,95.20806701721683,69.20361838802215,118.00913903021043,2.8698387190764008,-1.2549951812718674,4.768762641355617,-22.581225044357122,-1.8944804802661475,93.42482713456963,-0.008370969890582997,0,0,0
2019-11,N225,Japan,3,23293.91016,1.6001678151282395,5.383378571516451,5.078496682946998,-3.79694281298123,5.172052550304646,73.70891914367675,52.628954823811846,86.17964719136556,-22.581225044357122,-23.95057361202817,-26.972056656303966,-1.8944804802661475,93.42482713456963,-45.859153499296525,-1.3702344917470703,0,0,0
2019-12,N225,Japan,3,23656.61914,1.557097874545943,1.6001678151282395,5.383378571516451,5.078496682946998,3.8620966301623585,72.31251805828464,60.52569272441249,79.17934866874448,-1.8944804802661475,15.004550113215975,-8.122913879046889,93.42482713456963,-45.859153499296525,9.297101316181845,-1.3788146832098769,0,0,1
2020-01,N225,Japan,3,23205.17969,-1.9083007902709004,1.557097874545943,1.6001678151282395,5.383378571516451,3.901275239120777,139.8703630508915,84.9525350447624,191.54257983546103,93.42482713456963,40.35780710775339,141.90976947385673,-45.859153499296525,9.297101316181845,-15.71040369340041,2.3984234895573473,1,1,0
2020-02,N225,Japan,3,21142.96094,-8.886889813176879,-1.9083007902709004,1.557097874545943,1.6001678151282395,4.764075370413038,75.72699855935984,56.10202249987372,87.16311290346343,-45.859153499296525,-33.960743525413385,-54.49413233426306,9.297101316181845,-15.71040369340041,-0.37686680923350035,-1.1696176844696133,0,1,1
2020-03,N225,Japan,3,18917.00977,-10.528095739839172,-8.886889813176879,-1.9083007902709004,1.557097874545943,5.658418151346687,82.76741433912709,64.03543063132993,98.19669649677891,9.297101316181845,14.141037663079015,12.658546976787765,-15.71040369340041,-0.37686680923350035,3.027754065969246,-0.7094840570068491,0,1,0
2020-04,N225,Japan,3,20193.68945,6.748845063370723,-10.528095739839172,-8.886889813176879,-1.9083007902709004,5.84389817723507,69.76431941986084,47.72460098266602,82.26346549987792,-15.71040369340041,-25.47157017272198,-16.225831993669605,-0.37686680923350035,3.027754065969246,-4.293498750492198,-1.3384281588774083,0,1,0
2020-05,N225,Japan,3,21877.89063,8.34023512231441,6.748845063370723,-10.528095739839172,-8.886889813176879,5.950112152313472,69.50140085527974,42.106849024372714,85.36720494301089,-0.37686680923350035,-11.771186856719284,3.772925714073616,3.027754065969246,-4.293498750492198,-5.254596548829982,-1.2641225588871834,0,1,1
2020-06,N225,Japan,3,22288.14063,1.8751807792541264,8.34023512231441,6.748845063370723,-10.528095739839172,5.907922264891229,71.60573234558106,51.320197105407715,86.46775321960449,3.027754065969246,21.88087756388999,1.289193288369117,-4.293498750492198,-5.254596548829982,27.892667765632396,-1.0480468176075706,0,1,0
2020-07,N225,Japan,3,21710.0,-2.593938362098358,1.8751807792541264,8.34023512231441,6.748845063370723,5.971890137216367,68.53134112204275,36.44394225458945,92.3572107745755,-4.293498750492198,-28.98713506548618,6.811160618471734,-5.254596548829982,27.892667765632396,-7.62341761045866,-1.1294147111936224,0,0,0
2020-08,N225,Japan,3,23139.75977,6.5857198065407685,-2.593938362098358,1.8751807792541264,8.34023512231441,6.085039514831008,64.93029563657699,27.294767964270807,89.9976692199707,-5.254596548829982,-25.104787584187527,-2.5547994951514386,27.892667765632396,-7.62341761045866,-8.272171743840929,-1.2409867889200987,0,0,1
2020-09,N225,Japan,3,23185.11914,0.19602351299603527,6.5857198065407685,-2.593938362098358,1.8751807792541264,5.957037000707962,83.04108727773031,49.94818175633748,105.76334724426269,27.892667765632396,82.9954437484879,17.517873697104093,-7.62341761045866,-8.272171743840929,-11.477018729790899,-0.19368612145326036,0,0,0
2020-10,N225,Japan,3,22977.13086,-0.8970766065254598,0.19602351299603527,6.5857198065407685,-2.593938362098358,5.78121402641787,76.71051840628347,43.048690057569935,98.63585779743809,-7.62341761045866,-13.813299015418378,-6.739092164285898,-8.272171743840929,-11.477018729790899,20.377331218205175,-0.5310391234579444,0,0,0
2020-11,N225,Japan,3,26433.61914,15.043167491452403,-0.8970766065254598,0.19602351299603527,6.5857198065407685,7.208853702542171,70.364892578125,62.07505849202474,79.94887498219808,-8.272171743840929,44.197322633999846,-18.94542535800341,-11.477018729790899,20.377331218205175,-3.544024808415902,-0.8727351360468183,0,0,0
2020-12,N225,Japan,3,27444.16992,3.8229754868140953,15.043167491452403,-0.8970766065254598,0.19602351299603527,7.245942040088026,62.28910067773634,29.27726056498866,85.56250313789614,-11.477018729790899,-52.8357100642118,7.021522387836021,20.377331218205175,-3.544024808415902,7.229044395559336,-1.241929193326495,0,0,1
2021-01,N225,Japan,3,27663.39063,0.7987879051872593,3.8229754868140953,15.043167491452403,-0.8970766065254598,7.172524182999673,74.98195703567997,47.25387308674474,95.04665202479208,20.377331218205175,61.40127926877659,11.084468708928341,-3.544024808415902,7.229044395559336,9.128842161979843,-0.4909869325486777,0,0,0
2021-02,N225,Japan,3,28966.00977,4.708819527666108,0.7987879051872593,3.8229754868140953,15.043167491452403,6.376273545147802,72.32457787649972,46.01375893184117,91.39712776456561,-3.544024808415902,-2.6243651025749215,-3.8397188985410335,7.229044395559336,9.128842161979843,6.3745163092844725,-0.5840812846265266,0,0,1
2021-03,N225,Japan,3,29178.80078,0.7346231382562962,4.708819527666108,0.7987879051872593,3.8229754868140953,4.883577749169435,77.55295372009277,49.825385385943996,99.19816903145083,7.229044395559336,8.283666760954866,8.535324312357284,9.128842161979843,6.3745163092844725,-18.213102955042736,-0.28148404781734077,0,0,1
2001-01,NYA,USA,5,7017.149902,1.0305861119221493,4.3016149576387,-5.441384608720378,0.4494454240640877,4.093386155174238,47.34544200281943,39.250703688590754,53.58126591097924,2.8989908486964033,-11.863157433402927,14.962542983127358,18.989927506775352,9.558998400811113,-20.567427445911946,-1.1276709843340298,0,0,1
2001-02,NYA,USA,5,6629.089844,-5.530166284311477,1.0305861119221493,4.3016149576387,-5.441384608720378,4.199574301424447,56.336307116917204,45.95857455049242,65.78157465798515,18.989927506775352,17.089810453134604,22.769728448140224,9.558998400811113,-20.567427445911946,22.282612275385794,-0.5528914270022299,0,0,1
2001-03,NYA,USA,5,6298.350098,-4.989218034197462,-5.530166284311477,1.0305861119221493,4.3016149576387,3.454601905756979,61.72149381329936,57.44915543833086,65.804611175291,9.558998400811113,25.002039336999694,0.035019710953454464,-20.567427445911946,22.282612275385794,18.33193624265337,-0.16449345719586606,0,0,0
2001-04,NYA,USA,5,6712.52002,6.575847889616626,-4.989218034197462,-5.530166284311477,1.0305861119221493,4.03526047627113,49.026970354715985,47.12476806640625,50.69535102844238,-20.567427445911946,-17.97134752138766,-22.96079237760469,22.282612275385794,18.33193624265337,-15.444990282835402,-0.9863278333381387,0,0,1
2001-05,NYA,USA,5,6784.850098,1.0775398476949416,6.575847889616626,-4.989218034197462,-5.530166284311477,4.048193035625502,59.95146006922568,56.56440058062154,60.64858498111848,22.282612275385794,20.031149014703598,19.633425453730236,18.33193624265337,-15.444990282835402,6.919856867837648,-0.08072137279815189,0,0,1
2001-06,NYA,USA,5,6574.319824,-3.1029465789090716,1.0775398476949416,6.575847889616626,-4.989218034197462,4.149861068201154,70.94172350565593,62.602798779805504,78.85646438598633,18.33193624265337,10.675262421595733,30.02193606089316,-15.444990282835402,6.919856867837648,636.705984061322,0.8917469952324577,0,0,0
2001-07,NYA,USA,5,6523.359863,-0.7751366280351557,-3.1029465789090716,1.0775398476949416,6.575847889616626,4.153052850069777,59.984781203731416,53.3461978666244,62.87733785567745,-15.444990282835402,-14.786241340007166,-20.26355943641387,6.919856867837648,636.705984061322,6.680150322070344,-0.040735325784857314,0,0,1
2001-08,NYA,USA,5,6215.660156,-4.716889968699245,-0.7751366280351557,-3.1029465789090716,1.0775398476949416,3.941959156928817,64.13564220551521,73.31873946036062,56.88255968401509,6.919856867837648,37.43948471017813,-9.534083942011339,636.705984061322,6.680150322070344,-41.24090377218973,0.3121450090099885,0,1,1
2001-09,NYA,USA,5,5750.419922,-7.4849689706877225,-4.716889968699245,-0.7751366280351557,-3.1029465789090716,4.3579592260777735,472.49111404418943,791.8359584172566,249.4176373163859,636.705984061322,979.9912331353685,338.47822373309316,6.680150322070344,-41.24090377218973,-21.93115492388762,4.651889065398863,1,1,1
2001-10,NYA,USA,5,5776.850098,0.4596216686521215,-7.4849689706877225,-4.716889968699245,-0.7751366280351557,4.3583847406571,504.05423072076616,840.6995652721774,257.8192534908172,6.680150322070344,6.170925472062505,3.368493208751655,-41.24090377218973,-21.93115492388762,-26.483715938044828,3.36038803354654,0,1,0
2001-11,NYA,USA,5,6125.040039,6.027332111673567,0.4596216686521215,-7.4849689706877225,-4.716889968699245,4.673466935010392,296.1777104695638,494.21396484375,141.4245381673177,-41.24090377218973,-41.21396212644078,-45.14585848323587,-21.93115492388762,-26.483715938044828,-15.629290096238414,1.4919838256736058,0,1,0
2001-12,NYA,USA,5,6236.390137,1.8179488997786208,6.027332111673567,0.4596216686521215,-7.4849689706877225,4.488278982278584,231.22251793646043,376.6929409888483,121.45619632351783,-21.93115492388762,-23.77938144505022,-14.119432244619079,-26.483715938044828,-15.629290096238414,4.7790402345696315,0.9207024060052467,0,1,0
2002-01,NYA,USA,5,6116.899902,-1.916016034517698,1.8179488997786208,6.027332111673567,0.4596216686521215,4.4594833177618485,169.9862031013735,259.16573752126385,104.05673919185516,-26.483715938044828,-31.199736092496554,-14.325705611030715,-15.629290096238414,4.7790402345696315,2.5704229747520735,0.4178106412301901,0,1,0
2002-02,NYA,USA,5,6117.959961,0.017330004037718894,-1.916016034517698,1.8179488997786208,6.027332111673567,4.23427509075448,143.41856629507882,209.38243239266532,93.08014828818185,-15.629290096238414,-19.20906119950132,-10.548659307337282,4.7790402345696315,2.5704229747520735,3.2632959591828437,0.1896965876609148,0,1,1
2002-03,NYA,USA,5,6348.790039,3.77299098835997,0.017330004037718894,-1.916016034517698,1.8179488997786208,4.160437170885184,150.27259728216356,217.83082137569303,97.68620583318895,4.7790402345696315,4.034908223429179,4.948485396420366,2.5704229747520735,3.2632959591828437,-7.141906512616192,0.2115393086592408,0,1,1
2002-04,NYA,USA,5,6071.220215,-4.372011395792197,3.77299098835997,0.017330004037718894,-1.916016034517698,3.8076993579117064,154.13523864746094,219.28201649983723,99.5971280415853,2.5704229747520735,0.6662028426368982,1.9561842863049517,3.2632959591828437,-7.141906512616192,-19.228603110713394,0.20906450846680694,0,1,1
2002-05,NYA,USA,5,6035.27002,-0.5921411796458886,-4.372011395792197,3.77299098835997,0.017330004037718894,3.764459328303994,159.16512766192037,205.2949966922883,137.87667772846837,3.2632959591828437,-6.378553075536553,38.434391070895146,-7.141906512616192,-19.228603110713394,6.386640324555559,0.22283561106419553,0,1,0
2002-06,NYA,USA,5,5636.540039,-6.606663491089327,-0.5921411796458886,-4.372011395792197,3.77299098835997,4.073582690180771,147.7977030436198,185.49468332926432,127.91307754516602,-7.141906512616192,-9.644810483473298,-7.2264579822009285,-19.228603110713394,6.386640324555559,34.05336231874485,0.10795986852254974,0,1,0
2002-07,NYA,USA,5,5195.609863,-7.822709906239355,-6.606663491089327,-0.5921411796458886,-4.372011395792197,4.4935556522888,119.37826931861139,161.98243344214654,92.84361993112871,-19.228603110713394,-12.675430618883077,-27.416631893368603,6.386640324555559,34.05336231874485,-1.1482428597716532,-0.13781889802288977,0,0,1
2002-08,NYA,USA,5,5239.810059,0.8507219973302504,-7.822709906239355,-6.606663491089327,-0.5921411796458886,4.450503331102153,127.00253000567037,157.38569099672378,101.13534890451739,6.386640324555559,-2.8378030553939837,8.930854892925822,34.05336231874485,-1.1482428597716532,-7.277545082473935,-0.10494483165416127,0,0,1
2002-09,NYA,USA,5,4709.959961,-10.112009634584362,0.8507219973302504,-7.822709906239355,-6.606663491089327,4.829742208288917,170.25116170247395,185.25534108479818,167.88976720174153,34.05336231874485,17.707867793810127,66.00503090195247,-1.1482428597716532,-7.277545082473935,12.179669045440855,0.20325984695605837,0,0,0
2002-10,NYA,USA,5,5000.319824,6.164805336017176,-10.112009634584362,0.8507219973302504,-7.822709906239355,5.302138859897776,168.296264894547,195.84739069784843,161.10799457180886,-1.1482428597716532,5.717540747287764,-4.039419878272565,-7.277545082473935,12.179669045440855,17.26225132075463,0.15715499103937208,0,0,0
2002-11,NYA,USA,5,5236.850098,4.730302907120598,6.164805336017176,-10.112009634584362,0.8507219973302504,5.155629601069463,156.04842834472657,175.04123814900717,151.88629328409831,-7.277545082473935,-10.623655732508986,-5.723925316195444,12.179669045440855,17.26225132075463,15.061801848864963,0.020633136554032164,0,0,1
2002-12,NYA,USA,5,5000.0,-4.522758787585978,4.730302907120598,6.164805336017176,-10.112009634584362,5.146220535326653,175.05461046772618,174.67416357224988,183.75799191382623,12.179669045440855,-0.20970748415570784,20.983920234403875,17.26225132075463,15.061801848864963,47.86395462919402,0.13548947851311843,0,0,1
2003-01,NYA,USA,5,4868.680176,-2.626396480000004,-4.522758787585978,4.730302907120598,6.164805336017176,5.15300417148113,205.2729772752331,176.48827115951045,244.28261073943108,17.26225132075463,1.0385666375383629,32.93713552006381,15.061801848864963,47.86395462919402,-27.597525181866878,0.3400154865225365,0,0,1
2003-02,NYA,USA,5,4716.069824,-3.1345322856138225,-2.626396480000004,-4.522758787585978,4.730302907120598,5.134476366285313,236.19078636169434,210.63462039402552,291.2838772365025,15.061801848864963,19.34765920147381,19.240528973716554,47.86395462919402,-27.597525181866878,-36.85013674083216,0.547533154274486,0,0,1
2003-03,NYA,USA,5,4730.209961,0.299828830524107,-3.1345322856138225,-2.626396480000004,-4.522758787585978,4.869117410280483,349.2410371841923,413.45056693784653,352.7903245495212,47.86395462919402,96.28803952760548,21.115637396943754,-27.597525181866878,-36.85013674083216,-8.741552754206271,1.3891505960157058,1,0,0
2003-04,NYA,USA,5,5131.560059,8.484826282746072,0.299828830524107,-3.1345322856138225,-2.626396480000004,5.715555873751622,252.85915400187176,326.76046600341795,210.79934641520182,-27.597525181866878,-20.967464520966683,-40.2479796790425,-36.85013674083216,-8.741552754206271,-8.073495492440319,0.5148805034165131,0,0,0
2003-05,NYA,USA,5,5435.370117,5.920422922209823,8.484826282746072,0.299828830524107,-3.1345322856138225,6.080282194495084,159.68020999047064,183.58484895767705,150.55725589875252,-36.85013674083216,-43.81668896391011,-28.577930406763798,-8.741552754206271,-8.073495492440319,2.5679680059377485,-0.33859645096062396,0,0,0
2003-06,NYA,USA,5,5505.169922,1.2841775904402386,5.920422922209823,8.484826282746072,0.299828830524107,5.803554342411255,145.7216801961263,176.93343124389648,127.7050184249878,-8.741552754206271,-3.623075516059593,-15.178436494042181,-8.073495492440319,2.5679680059377485,-13.59457280674885,-0.5029181585692353,0,0,0
2003-07,NYA,USA,5,5558.990234,0.9776321669004329,1.2841775904402386,5.920422922209823,8.484826282746072,5.26143526109662,133.95684691398375,166.529414761451,106.6518937387774,-8.073495492440319,-5.880186920754349,-16.485745780285622,2.5679680059377485,-13.59457280674885,-9.404549940243411,-0.6575022098566479,0,0,1
2003-08,NYA,USA,5,5660.160156,1.819933436493959,0.9776321669004329,1.2841775904402386,5.920422922209823,5.271504598154392,137.39681588449787,179.2770211004442,108.98332251271894,2.5679680059377485,7.654867674430843,2.186017230647508,-13.59457280674885,-9.404549940243411,9.037235190035675,-0.6740441743414888,0,0,0
2003-09,NYA,USA,5,5644.029785,-0.28498082307620853,1.819933436493959,0.9776321669004329,1.2841775904402386,4.047984420908567,118.71830571492514,145.99144999186197,97.7679594039917,-13.59457280674885,-18.56655744515813,-10.290898506437395,-9.404549940243411,9.037235190035675,12.52368017722989,-0.8383518008892655,0,0,0
2003-10,NYA,USA,5,5959.009766,5.580763975362335,-0.28498082307620853,1.819933436493959,0.9776321669004329,3.99112791211047,107.55338336575416,129.5931615521831,91.48407450029927,-9.404549940243411,-11.232362196959455,-6.4273458728196236,9.037235190035675,12.52368017722989,-13.501723875035932,-1.156165429144045,0,0,1
2003-11,NYA,USA,5,6073.02002,1.9132416035043676,5.580763975362335,-0.28498082307620853,1.819933436493959,3.8676183464394125,117.27323557535807,152.34808400472005,93.18425509134929,9.037235190035675,17.55873703519013,1.85844432524096,12.52368017722989,-13.501723875035932,0.6077524070589702,-0.9411455660729602,0,0,1
2003-12,NYA,USA,5,6464.0,6.437982728731395,1.9132416035043676,5.580763975362335,-0.28498082307620853,3.6534063460225457,131.9601605323053,166.63024114793348,112.74830061389554,12.52368017722989,9.374687733369157,20.995011982837084,-13.501723875035932,0.6077524070589702,19.33554692769983,-0.607084009889599,0,0,0
2004-01,NYA,USA,5,6551.629883,1.3556603186881233,6.437982728731395,1.9132416035043676,5.580763975362335,3.3403517578060202,114.1432640321793,127.11111671693864,107.96992640341482,-13.501723875035932,-23.716658008020264,-4.238089784469723,0.6077524070589702,19.33554692769983,8.529074870679644,-0.8844800294625489,0,0,1
2004-02,NYA,USA,5,6692.370117,2.1481713178760353,1.3556603186881233,6.437982728731395,1.9132416035043676,2.831816651538367,114.83697246683055,130.29377562424233,103.49829351490942,0.6077524070589702,2.503839939028385,-4.141554076639597,19.33554692769983,8.529074870679644,-18.08536449217786,-0.8379888001533916,0,0,1
2004-03,NYA,USA,5,6599.060059,-1.3942752174296746,2.1481713178760353,1.3556603186881233,6.437982728731395,3.014706438545943,137.0413291685043,182.14090384206463,107.18084593742124,19.33554692769983,39.792482771660254,3.558080329103519,8.529074870679644,-18.08536449217786,12.444061856436273,-0.41912189126732874,0,0,1
2004-04,NYA,USA,5,6439.419922,-2.419134476314977,-1.3942752174296746,2.1481713178760353,1.3556603186881233,2.798646441103796,148.72968673706055,203.51488087972004,120.71956570943196,8.529074870679644,11.734858335933641,12.631659746290346,-18.08536449217786,12.444061856436273,-4.812826861738328,-0.20109534769664494,0,0,0
2004-05,NYA,USA,5,6484.720215,0.7034840645387064,-2.419134476314977,-1.3942752174296746,2.1481713178760353,2.515870102062007,121.83138078258884,160.97313985516948,91.7239502937563,-18.08536449217786,-20.903503881710396,-24.018985858073037,12.444061856436273,-4.812826861738328,7.326084232038577,-0.6577450373351099,0,0,1
2004-06,NYA,USA,5,6602.990234,1.8238260877689871,0.7034840645387064,-2.419134476314977,-1.3942752174296746,2.5162853178033187,136.9921531677246,177.06919593811034,107.51701380411784,12.444061856436273,9.9992185636826,17.21803679386078,-4.812826861738328,7.326084232038577,9.302013958189859,-0.37433464268107997,0,0,0
2004-07,NYA,USA,5,6403.149902,-3.026512608953824,1.8238260877689871,0.7034840645387064,-2.419134476314977,2.8439881474324076,130.39895802159464,159.34060545890563,120.38267381729618,-4.812826861738328,-10.012238653526872,11.96616196634508,7.326084232038577,9.302013958189859,-22.82005024743897,-0.5042698226408638,0,0,1
2004-08,NYA,USA,5,6454.220215,0.7975810933935623,-3.026512608953824,1.8238260877689871,0.7034840645387064,2.8397417623345778,139.9520955239573,177.53836158014113,126.08562567926222,7.326084232038577,11.420664600103292,4.737352711255904,9.302013958189859,-22.82005024743897,5.420373167086323,-0.3422804943272867,0,0,1
2004-09,NYA,USA,5,6570.25,1.7977351428192678,0.7975810933935623,-3.026512608953824,1.8238260877689871,2.80845113587188,152.970458984375,188.2974100748698,129.69852345784506,9.302013958189859,6.060126047672232,2.8654319309747045,-22.82005024743897,5.420373167086323,-13.892755620942731,-0.09186768304555457,0,0,0
2004-10,NYA,USA,5,6692.709961,1.863855424070615,1.7977351428192678,0.7975810933935623,-3.026512608953824,2.4804051734041246,118.0625233804026,147.26095236501385,96.84527255642799,-22.82005024743897,-21.793426523253423,-25.33047410681982,5.420373167086323,-13.892755620942731,-7.26291042543833,-0.6838368102148895,0,0,1
2004-11,NYA,USA,5,7005.720215,4.67688359160916,1.863855424070615,1.7977351428192678,0.7975810933935623,2.692156119104738,124.46195271809896,154.47430343627929,99.13031984965006,5.420373167086323,4.898346068946902,2.3594825363217,-13.892755620942731,-7.26291042543833,10.283956104618763,-0.5408137756069878,0,0,0
2004-12,NYA,USA,5,7250.060059,3.48771912810395,4.67688359160916,1.863855424070615,1.7977351428192678,2.27588562250539,107.17075778592017,141.9146915558846,79.30897829609532,-13.892755620942731,-8.130550907824963,-19.995236153396423,-7.26291042543833,10.283956104618763,-17.45270714392596,-0.7913484165691447,0,0,0
2005-01,NYA,USA,5,7089.830078,-2.2100503953908057,3.48771912810395,4.67688359160916,1.863855424070615,2.4492052052628073,99.38704164566532,126.41269216229838,77.36354717131584,-7.26291042543833,-10.923463401589872,-2.4529771616982887,10.283956104618763,-17.45270714392596,-3.9145466707558807,-0.8546164799301317,0,0,1
2005-02,NYA,USA,5,7321.22998,3.263828603143004,-2.2100503953908057,3.48771912810395,4.67688359160916,2.5295523303680674,109.60796138218471,108.7996129989624,105.78578090667725,10.283956104618763,-13.932999022537196,36.73853484564569,-17.45270714392596,-3.9145466707558807,13.63922143399825,-0.6093248456395398,0,0,0
2005-03,NYA,USA,5,7167.529785,-2.0993766815121995,3.263828603143004,-2.2100503953908057,3.48771912810395,2.5920766013114793,90.47840487572455,87.14632021996283,87.85526915519468,-17.45270714392596,-19.901994301400748,-16.94983162935727,-3.9145466707558807,13.63922143399825,-17.244799928592734,-1.3114835862782213,0,0,0
2005-04,NYA,USA,5,7008.319824,-2.2212668210070063,-2.0993766815121995,3.263828603143004,-2.2100503953908057,2.5708230119606874,86.93658548990885,102.42798690795898,72.97031523386637,-3.9145466707558807,17.535641951862413,-16.942585304740586,13.63922143399825,-17.244799928592734,101.53634744222848,-1.9681854593802057,0,0,1
2005-05,NYA,USA,5,7134.330078,1.7980094682391368,-2.2212668210070063,-2.0993766815121995,3.263828603143004,2.5888348693849976,98.79405889203471,105.33132522336898,90.99365062098349,13.63922143399825,2.834516622902017,24.69954436862878,-17.244799928592734,101.53634744222848,-29.06039521641346,-1.26982662995963,0,0,0
2005-06,NYA,USA,5,7217.779785,1.1696922638515517,1.7980094682391368,-2.2212668210070063,-2.0993766815121995,2.5728286849255535,81.75722109476725,95.1893081665039,69.31578687032064,-17.244799928592734,-9.628680770281385,-23.82349054326638,101.53634744222848,-29.06039521641346,-11.224524686306193,-1.9527645530909168,0,0,1
2005-07,NYA,USA,5,7476.660156,3.58670365003384,1.1696922638515517,1.7980094682391368,-2.2212668210070063,2.386051224027717,164.77051716466104,237.00151295815743,116.65942007495511,101.53634744222848,148.97913171466425,68.30137165319535,-29.06039521641346,-11.224524686306193,-15.755245474037638,2.096672493283496,1,0,0
2005-08,NYA,USA,5,7496.089844,0.25987122049955236,3.58670365003384,1.1696922638515517,1.7980094682391368,2.4018722460964006,116.88755367648217,143.29871208437027,94.36514368364888,-29.06039521641346,-39.53679438760814,-19.11056679090457,-11.224524686306193,-15.755245474037638,-6.115837148029257,-0.13086161533737817,0,0,0
2005-09,NYA,USA,5,7632.97998,1.8261538862100135,0.25987122049955236,3.58670365003384,1.1696922638515517,2.40244186008359,103.76748135884603,130.99529851277669,78.09897527694702,-11.224524686306193,-8.585850767695435,-17.237475376748023,-15.755245474037638,-6.115837148029257,16.183129415888263,-0.7222024783719024,0,0,0
2005-10,NYA,USA,5,7433.120117,-2.6183726869934754,1.8261538862100135,0.25987122049955236,3.58670365003384,2.64063721442243,87.41865994853359,105.815919445407,73.7711932274603,-15.755245474037638,-19.221589899208325,-5.541406957184714,-6.115837148029257,16.183129415888263,-1.7312131574054201,-1.4009850531265875,0,0,0
2005-11,NYA,USA,5,7645.279785,2.854247807926269,-2.6183726869934754,1.8261538862100135,0.25987122049955236,2.4497941618204124,82.0722770690918,93.67955487569174,70.19666430155436,-6.115837148029257,-11.469318258843575,-4.84542647274867,16.183129415888263,-1.7312131574054201,3.0493001694113175,-1.4956872910468275,0,0,1
2005-12,NYA,USA,5,7753.950195,1.4214052730053384,2.854247807926269,-2.6183726869934754,1.8261538862100135,2.309067909339212,95.3541398817493,131.53387844947076,69.47696587347215,16.183129415888263,40.40830854075885,-1.0252601533749406,-1.7312131574054201,3.0493001694113175,-4.876761101613781,-0.8501301787759667,0,0,0
2006-01,NYA,USA,5,8106.549805,4.547354588727792,1.4214052730053384,2.854247807926269,-2.6183726869934754,2.387853030253963,93.70335646598569,99.09636282151745,89.04377758887506,-1.7312131574054201,-24.660958842184765,28.163019886385033,3.0493001694113175,-4.876761101613781,-2.7477636832640484,-0.86918062114162,0,0,1
2006-02,NYA,USA,5,8060.609863,-0.5667015327737168,4.547354588727792,1.4214052730053384,2.854247807926269,2.3348896795899403,96.56065307344709,102.5961035319737,90.61754550252643,3.0493001694113175,3.5316540494625848,1.7674091960896199,-4.876761101613781,-2.7477636832640484,-5.529103500524313,-0.708329151877598,0,0,0
2006-03,NYA,USA,5,8233.200195,2.1411572440967364,-0.5667015327737168,4.547354588727792,1.4214052730053384,2.16605619798353,91.85162070489699,96.46455383300781,86.54391436423025,-4.876761101613781,-5.976396264459504,-4.495411032935781,-2.7477636832640484,-5.529103500524313,21.25192544792216,-0.831433334170445,0,0,0
2006-04,NYA,USA,5,8471.429688,2.8935224136135584,2.1411572440967364,-0.5667015327737168,4.547354588727792,1.9250652286337762,89.32775522867838,92.80472908020019,86.14640655517579,-2.7477636832640484,-3.7939580989958643,-0.45931341559326544,-5.529103500524313,21.25192544792216,34.3204566344385,-0.8681456484447946,0,0,0
2006-05,NYA,USA,5,8189.109863,-3.332611322973189,2.8935224136135584,2.1411572440967364,-0.5667015327737168,2.3923959530122643,84.38873118738974,80.68312811082409,83.90371753323463,-5.529103500524313,-13.06140440203304,-2.603345991576267,21.25192544792216,34.3204566344385,7.312638981344266,-0.999507531482902,0,0,1
2006-06,NYA,USA,5,8169.069824,-0.24471571801160108,-3.332611322973189,2.8935224136135584,2.1411572440967364,2.427633047025745,102.32296142578124,114.45484237670898,90.22701250712076,21.25192544792216,41.857219788872115,7.536370449118013,34.3204566344385,7.312638981344266,-22.965425288660548,-0.17227721348087163,0,0,1
2006-07,NYA,USA,5,8242.120117,0.894230243759031,-0.24471571801160108,-3.332611322973189,2.8935224136135584,2.2940258634441886,137.44066902898973,144.67092710925687,133.83614447809035,34.3204566344385,26.40000554375559,48.33267860611912,7.312638981344266,-22.965425288660548,-0.7804776668569935,1.359095430202944,0,0,1
2006-08,NYA,USA,5,8388.55957,1.7767206849844008,0.894230243759031,-0.24471571801160108,-3.332611322973189,2.3009560990285642,147.491208968624,160.77977629630797,141.31128421906502,7.312638981344266,11.134821286439633,5.585292201986869,-22.965425288660548,-0.7804776668569935,-22.11167420803153,1.7460298472526472,0,0,0
2006-09,NYA,USA,5,8469.650391,0.9666834970094795,1.7767206849844008,0.894230243759031,-0.24471571801160108,2.2850705772163833,113.61922556559244,117.84904912312825,111.18667894999186,-22.965425288660548,-26.701571654174238,-21.317904961059643,-0.7804776668569935,-22.11167420803153,4.216522278378543,0.39923758677984533,0,0,0
2006-10,NYA,USA,5,8774.980469,3.604990334954672,0.9666834970094795,1.7767206849844008,0.894230243759031,2.115249940064736,112.73245288479713,100.46679675194525,124.12324234747118,-0.7804776668569935,-14.749590684454382,11.634993975580254,-22.11167420803153,4.216522278378543,6.4485592524549995,0.36987798774225267,0,0,0
2006-11,NYA,USA,5,8969.0,2.211053707588606,3.604990334954672,0.9666834970094795,1.7767206849844008,2.0833180567115286,87.80542017618815,84.66829687754313,86.73696505228678,-22.11167420803153,-15.7250956387203,-30.120287375772126,4.216522278378543,6.4485592524549995,-2.420350593251641,-0.7445585542708184,0,0,1
2006-12,NYA,USA,5,9139.019531,1.895635310513999,2.211053707588606,3.604990334954672,0.9666834970094795,2.089090602104427,91.50775527954102,79.05746866041615,96.69359145625945,4.216522278378543,-6.626834865052256,11.479103975992967,6.4485592524549995,-2.420350593251641,-9.379331496809673,-0.5335730533010896,0,0,1
2007-01,NYA,USA,5,9254.730469,1.2661198239866112,1.895635310513999,2.211053707588606,3.604990334954672,1.8393485721426375,97.40868709933373,96.73051378803868,95.33105973274478,6.4485592524549995,22.35468125539841,-1.4091230897458562,-2.420350593251641,-9.379331496809673,-12.100478069879417,-0.24936871439441408,0,0,0
2007-02,NYA,USA,5,9124.540039,-1.4067446959810548,1.2661198239866112,1.895635310513999,2.211053707588606,1.9236602859895404,95.05105536324638,89.62849848611015,97.72646740504673,-2.420350593251641,-7.342063040718328,2.5127253164051178,-9.379331496809673,-12.100478069879417,21.277337532296347,-0.3323976887352762,0,0,0
2007-03,NYA,USA,5,9261.820313,1.5045171966284299,-1.4067446959810548,1.2661198239866112,1.895635310513999,1.8996255892529343,86.13590178951141,82.20472852645382,85.6678963938067,-9.379331496809673,-8.282823080882917,-12.339104575693804,-12.100478069879417,21.277337532296347,7.364126721593589,-0.7423013756406779,0,0,0
2007-04,NYA,USA,5,9627.730469,3.9507369354424116,1.5045171966284299,-1.4067446959810548,1.2661198239866112,2.0162397497706848,75.71304588317871,82.1852602005005,68.55693855285645,-12.100478069879417,-0.023682732492769087,-19.973594031412766,21.277337532296347,7.364126721593589,15.619378517191729,-1.1858271590857998,0,0,1
2007-05,NYA,USA,5,9978.639648,3.6447756834269596,3.9507369354424116,1.5045171966284299,-1.4067446959810548,1.5845891364026632,91.82276621172505,103.15781870195943,82.37121458976499,21.277337532296347,25.518637344815765,20.150077189135175,7.364126721593589,15.619378517191729,-27.075906953096485,-0.4274257163072001,0,0,1
2007-06,NYA,USA,5,9873.019531,-1.0584620822655877,3.6447756834269596,3.9507369354424116,1.5045171966284299,1.68810255399785,98.5847110748291,110.01365140279134,88.00655695597331,7.364126721593589,6.645965169775048,6.841397682763484,15.619378517191729,-27.075906953096485,11.546988654440726,-0.15149908320847785,0,0,1
2007-07,NYA,USA,5,9554.5,-3.2261612569476794,-1.0584620822655877,3.6447756834269596,3.9507369354424116,2.1900607038567554,113.9830302576865,129.01673864549207,104.86104534518334,15.619378517191729,17.2733901660304,19.151400727609147,-27.075906953096485,11.546988654440726,8.890282235271773,0.8438942046709289,0,0,0
2007-08,NYA,USA,5,9596.980469,0.44461216180857743,-3.2261612569476794,-1.0584620822655877,3.6447756834269596,2.1952882593693235,83.12109104279548,100.07418700187436,73.35449858634702,-27.075906953096485,-22.433175685168337,-30.045997210043584,11.546988654440726,8.890282235271773,-11.738998432242253,-0.9018285901965774,0,0,1
2007-09,NYA,USA,5,10039.28027,4.6087392011342265,0.44461216180857743,-3.2261612569476794,-1.0584620822655877,2.409025620119614,92.71907399495443,90.46699282328288,93.58469161987304,11.546988654440726,-9.600072172868657,27.578667189324,8.890282235271773,-11.738998432242253,6.2146853340762975,-0.3042948164958451,0,0,1
2007-10,NYA,USA,5,10311.61035,2.7126454554097457,4.6087392011342265,0.44461216180857743,-3.2261612569476794,2.3496093188338567,100.96206135903635,95.91243030178931,103.74951417984501,8.890282235271773,6.019253330486496,10.861629593502276,-11.738998432242253,6.2146853340762975,-14.642856634877798,0.15333338680998607,0,0,0
2007-11,NYA,USA,5,9856.849609,-4.410181587204754,2.7126454554097457,4.6087392011342265,0.44461216180857743,2.858728729499722,89.11012655893961,80.4546085993449,95.28441146214803,-11.738998432242253,-16.116598916121973,-8.159173355764459,6.2146853340762975,-14.642856634877798,1.0531282092792749,-0.5828290894031587,0,0,1
2007-12,NYA,USA,5,9740.320313,-1.1822164344843067,-4.410181587204754,2.7126454554097457,4.6087392011342265,2.892031572504095,94.64804052537487,85.06247354322865,97.48771335232642,6.2146853340762975,5.727285265696103,2.3123424454939867,-14.642856634877798,1.0531282092792749,-4.221155249228914,-0.24424836443298129,0,0,0
2008-01,NYA,USA,5,9126.160156,-6.305338400219817,-1.1822164344843067,-4.410181587204754,2.7126454554097457,3.4905239915836823,80.78886364352319,81.53163952981272,76.77330804640248,-14.642856634877798,-4.150871549275559,-21.248221538503877,1.0531282092792749,-4.221155249228914,-8.092695384500992,-1.030238765598614,0,0,1
2008-02,NYA,USA,5,8962.459961,-1.7937466820848513,-6.305338400219817,-1.1822164344843067,-4.410181587204754,3.5058498123823973,81.6396739565093,88.45064189516265,72.8041961275298,1.0531282092792749,8.48627895287195,-5.169911288013928,-4.221155249228914,-8.092695384500992,1.7020307479039154,-0.924475523282837,0,0,0
2008-03,NYA,USA,5,8797.290039,-1.8429083389910228,-1.7937466820848513,-6.305338400219817,-1.1822164344843067,3.500395580259788,78.19353657384073,84.13256103761735,72.61432629246866,-4.221155249228914,-4.881910142227531,-0.2607951809928011,-8.092695384500992,1.7020307479039154,18.740602004999385,-1.0661920521595403,0,0,0
2008-04,NYA,USA,5,9299.599609,5.7098216356761045,-1.8429083389910228,-1.7937466820848513,-6.305338400219817,3.7273338286623825,71.86557184855143,70.36499150594075,69.58370641072591,-8.092695384500992,-16.364139355654284,-4.173583969554883,1.7020307479039154,18.740602004999385,3.0983884950956497,-1.3333965961012133,0,0,1
2008-05,NYA,USA,5,9401.080078,1.0912348194194177,5.7098216356761045,-1.8429083389910228,-1.7937466820848513,3.555249558802623,73.08874597857076,75.19145030360067,71.38500275150422,1.7020307479039154,6.85917626701118,2.588675472596913,18.740602004999385,3.0983884950956497,-1.1180904357439236,-1.2102508567294472,0,0,1
2008-06,NYA,USA,5,8660.480469,-7.877814068759181,1.0912348194194177,5.7098216356761045,-1.8429083389910228,4.15750085607003,86.7860169728597,80.27725048065186,87.26098276774088,18.740602004999385,6.763801145630577,22.23993752791742,3.0983884950956497,-1.1180904357439236,0.8402831055205118,-0.4430783950807696,0,0,1
2008-07,NYA,USA,5,8438.639648,-2.561530180618432,-7.877814068759181,1.0912348194194177,5.7098216356761045,4.12956764119642,89.47498493809854,87.2099857945596,84.52966382426601,3.0983884950956497,8.635989987697258,-3.130057508915207,-1.1180904357439236,0.8402831055205118,-27.17747676132537,-0.21996002846280854,0,0,0
2008-08,NYA,USA,5,8382.080078,-0.6702451148438926,-2.561530180618432,-7.877814068759181,1.0912348194194177,4.107809861380301,88.47457368912235,105.41860654277187,75.39880838701802,-1.1180904357439236,20.879054826480868,-10.801954040927797,0.8402831055205118,-27.17747676132537,21.79458180831557,-0.18480278958268545,0,1,1
2008-09,NYA,USA,5,7532.799805,-10.13209448128588,-0.6702451148438926,-2.561530180618432,-7.877814068759181,4.45342882707102,89.21801058451335,95.21897468566894,82.42706019083658,0.8402831055205118,-9.675362055715087,9.321436179392805,-27.17747676132537,21.79458180831557,18.90005212057766,-0.03769254696213948,0,1,0
2008-10,NYA,USA,5,6061.089844,-19.53735661504149,-10.13209448128588,-0.6702451148438926,-2.561530180618432,6.397158291488886,64.97080649099043,76.1353960960142,53.63574997071297,-27.17747676132537,-20.041781223387755,-34.929439620272106,21.79458180831557,18.90005212057766,-8.348161215059768,-2.1434157026319185,0,1,1
2008-11,NYA,USA,5,5599.299805,-7.618927468252856,-19.53735661504149,-10.13209448128588,-0.6702451148438926,6.47668233273036,79.13092206319173,96.24985440572102,67.7355552037557,21.79458180831557,26.41932575531689,26.288073236119036,18.90005212057766,-8.348161215059768,-22.161447104217558,-0.7595182677418102,0,1,1
2008-12,NYA,USA,5,5757.049805,2.8173165483858176,-7.618927468252856,-19.53735661504149,-10.13209448128588,6.753931379491875,94.08670757662865,107.55399310204291,87.6594942154423,18.90005212057766,11.744577450134797,29.414299405612443,-8.348161215059768,-22.161447104217558,7.35467474432232,0.6233375017235697,0,1,0
2009-01,NYA,USA,5,5195.790039,-9.749086511507077,2.8173165483858176,-7.618927468252856,-19.53735661504149,6.928901563255978,86.23219754618984,91.03520405677057,87.53845571702526,-8.348161215059768,-15.358601358110413,-0.1380780250905378,-22.161447104217558,7.35467474432232,19.28906303929281,-0.06406076130466869,0,1,0
2009-02,NYA,USA,5,4617.029785,-11.139023125564773,-9.749086511507077,2.8173165483858176,-7.618927468252856,7.137856759605567,67.12189470018659,63.14009993416922,65.29873490333557,-22.161447104217558,-30.642106437423532,-25.40565815506419,7.35467474432232,19.28906303929281,6.075574369099579,-1.6713881846745218,0,1,1
2009-03,NYA,USA,5,4978.97998,7.839459822761374,-11.139023125564773,-9.749086511507077,2.8173165483858176,8.03372920908114,72.05849173761183,73.33846209126133,69.22285332218293,7.35467474432232,16.151957579612763,6.0094861327044,19.28906303929281,6.075574369099579,-10.888347911835139,-1.1405010755464262,0,1,1
2009-04,NYA,USA,5,5513.359863,10.732718049611423,7.839459822761374,-11.139023125564773,-9.749086511507077,8.706442522723044,85.95789963404337,83.50890401204427,85.18863232930501,19.28906303929281,13.86781455565156,23.06431798298285,6.075574369099579,-10.888347911835139,-0.2073196231979657,0.0329756834210831,0,1,1
2009-05,NYA,USA,5,6004.069824,8.900379681238313,10.732718049611423,7.839459822761374,-11.139023125564773,9.37930951162363,91.18033575242565,93.24943800895444,89.41171313870338,6.075574369099579,11.664066379682492,4.957329040186531,-10.888347911835139,-0.2073196231979657,-9.032432357199339,0.4977999095413013,0,1,0
2009-06,NYA,USA,5,5905.149902,-1.647547828384488,8.900379681238313,10.732718049611423,7.839459822761374,9.271650235316596,81.25230356852214,73.67756567001342,81.75211544036866,-10.888347911835139,-20.988729537503048,-8.566660261226033,-0.2073196231979657,-9.032432357199339,23.549742301368237,-0.3265552025967795,0,1,0
2009-07,NYA,USA,5,6424.279785,8.79113810174703,-1.647547828384488,8.900379681238313,10.732718049611423,9.851523636135486,81.08385159892421,76.3114563111336,80.97563048331968,-0.2073196231979657,3.5748882542032234,-0.9498041156076997,-9.032432357199339,23.549742301368237,-0.8148729801666255,-0.2627382909944407,0,0,0
2009-08,NYA,USA,5,6643.240234,3.408326790362537,8.79113810174703,-1.647547828384488,8.900379681238313,9.963181572902172,73.76000755063949,78.4546751206921,65.25164118120748,-9.032432357199339,2.8085151472149406,-19.418174589392322,23.549742301368237,-0.8148729801666255,-10.353229076577463,-1.0040004553560047,0,0,1
2009-09,NYA,USA,5,6910.879883,4.028751626807425,3.408326790362537,8.79113810174703,-1.647547828384488,9.675122227690244,91.13029925028484,75.68046391805014,96.45980974833171,23.549742301368237,-3.5360686898189386,47.82740786619817,-0.8148729801666255,-10.353229076577463,18.25563652218536,0.8816289056537101,0,0,0
2009-10,NYA,USA,5,6739.450195,-2.4805768715745913,4.028751626807425,3.408326790362537,8.79113810174703,7.621208352106395,90.38770306494928,89.20428694448164,89.28504986916819,-0.8148729801666255,17.869635473000866,-7.4380821379212865,-10.353229076577463,18.25563652218536,-2.2371733163945695,0.9151397601578731,0,0,0
2009-11,NYA,USA,5,7092.359863,5.236475643989813,-2.4805768715745913,4.028751626807425,3.408326790362537,7.16536312258308,81.02965710957845,82.64781697591145,73.95016460418701,-10.353229076577463,-7.349949417398238,-17.175199305428855,18.25563652218536,-2.2371733163945695,-13.029217772023905,-0.1425267675173771,0,0,1
2009-12,NYA,USA,5,7184.959961,1.3056316908436116,5.236475643989813,-2.4805768715745913,4.028751626807425,7.167352368379763,95.82213678667623,100.3492317199707,92.03632293208953,18.25563652218536,21.41788542245284,24.457225247174776,-2.2371733163945695,-13.029217772023905,-10.73701462694614,1.5908561015288483,0,0,0
2010-01,NYA,USA,5,6883.779785,-4.191814256931248,1.3056316908436116,5.236475643989813,-2.4805768715745913,6.478412600911898,93.6784295112856,102.653564453125,87.86365244465489,-2.2371733163945695,2.296313278794848,-4.53372142052385,-13.029217772023905,-10.73701462694614,21.862566984562726,1.2320588451155279,0,0,0
2010-02,NYA,USA,5,7035.040039,2.1973430110242997,-4.191814256931248,1.3056316908436116,5.236475643989813,4.853984148039752,81.47286292484829,81.01815795898438,80.05752774647304,-13.029217772023905,-21.07613759872904,-8.88436171384852,-10.73701462694614,21.862566984562726,-1.6770919748616664,-0.1517539998744288,0,0,0
2010-03,NYA,USA,5,7447.799805,5.867198533509277,2.1973430110242997,-4.191814256931248,1.3056316908436116,4.732079197263143,72.72510971561555,67.32707777330953,73.52030064982753,-10.73701462694614,-16.898779891547267,-8.165661969162553,21.862566984562726,-1.6770919748616664,10.567262949366473,-1.0941896353363345,0,0,1
2010-04,NYA,USA,5,7474.399902,0.3571537594517782,5.867198533509277,2.1973430110242997,-4.191814256931248,4.2121957721463295,88.62468554178874,79.6067726135254,92.83870468139648,21.862566984562726,18.238865024799743,26.2762854080008,-1.6770919748616664,10.567262949366473,-17.59668875597209,0.607960427043267,0,0,0
2010-05,NYA,USA,5,6791.569824,-9.135583952596493,0.3571537594517782,5.867198533509277,2.1973430110242997,4.934207906266326,87.13836805282101,83.16650359861312,86.94786573225453,-1.6770919748616664,4.471643389400404,-6.345240349225156,10.567262949366473,-17.59668875597209,2.79697724964445,0.3828726247882139,0,0,1
2010-06,NYA,USA,5,6469.649902,-4.739992819663019,-9.135583952596493,0.3571537594517782,5.867198533509277,5.168493369972473,96.34650853474935,69.67944971720378,111.88416697184245,10.567262949366473,-16.216930251753723,28.67960131002669,-17.59668875597209,2.79697724964445,-11.994283766920088,1.357065673567289,0,0,0
2010-07,NYA,USA,5,6998.990234,8.181900721341373,-4.739992819663019,-9.135583952596493,0.3571537594517782,5.086129199986288,79.39271330064342,81.76249122619629,76.34224307152533,-17.59668875597209,17.340896861315503,-31.766714506854075,2.79697724964445,-11.994283766920088,-8.726501270000398,-0.5011396530748392,0,0,1
2010-08,NYA,USA,5,6704.149902,-4.212612421827822,8.181900721341373,-4.739992819663019,-9.135583952596493,5.2100524869858225,81.61330942953786,84.75737048733619,74.11711311340332,2.79697724964445,3.6629011863820837,-2.9146772070048788,-11.994283766920088,-8.726501270000398,45.83401536726808,-0.22012562720000922,0,0,0
2010-09,NYA,USA,5,7281.069824,8.60541501060248,-4.212612421827822,8.181900721341373,-4.739992819663019,5.663493203929549,71.82437750498454,70.37432320912679,69.72902139027913,-11.994283766920088,-16.969671422685785,-5.920483865055792,-8.726501270000398,45.83401536726808,2.3956021728043453,-1.2145632690267665,0,0,0
2010-10,NYA,USA,5,7513.350098,3.1901942930742555,8.60541501060248,-4.212612421827822,8.181900721341373,5.621096829725492,65.55662228984218,74.25972569373346,63.16021014798072,-8.726501270000398,5.521051297446489,-9.4204839123329,45.83401536726808,2.3956021728043453,-19.46454465246935,-1.919177895726568,0,0,1
2010-11,NYA,USA,5,7430.939941,-1.096849686559087,3.1901942930742555,8.60541501060248,-4.212612421827822,5.488571113710391,95.60385462443034,80.85895284016927,102.02185897827148,45.83401536726808,8.886683979486731,61.528688297965076,2.3956021728043453,-19.46454465246935,12.806536842294957,1.291041578905604,1,0,1
2010-12,NYA,USA,5,7964.02002,7.173790707939198,-1.096849686559087,3.1901942930742555,8.60541501060248,5.8158763672828275,97.89414264309791,94.39043466506466,98.9651261606524,2.3956021728043453,16.73467358851721,-2.9961547929352017,-19.46454465246935,12.806536842294957,53.00774228080458,1.4848186772493326,0,0,0
2011-01,NYA,USA,5,8139.160156,2.19914233716354,7.173790707939198,-1.096849686559087,3.1901942930742555,5.583571575065693,78.83949353618007,77.48969244187877,77.08557048920662,-19.46454465246935,-17.9051429132163,-22.108349193561573,12.806536842294957,53.00774228080458,-33.36802641662523,-0.4750384228910944,0,1,1
2011-02,NYA,USA,5,8438.549805,3.6783850331203682,2.19914233716354,7.173790707939198,-1.096849686559087,5.615484684476033,88.93610232216972,84.70568302699498,89.67357962472099,12.806536842294957,9.312194122500305,16.329916293837265,53.00774228080458,-33.36802641662523,15.221272067740333,0.5147852069653104,0,1,1
2011-03,NYA,USA,5,8404.980469,-0.39780930107339296,3.6783850331203682,2.19914233716354,7.173790707939198,5.479617062255997,136.0791222356981,156.13775290212322,126.68266185637444,53.00774228080458,84.32972537670638,41.27088757528632,-33.36802641662523,15.221272067740333,-19.08316741489856,3.6246571728768533,1,1,0
2011-04,NYA,USA,5,8671.410156,3.1699025117627455,-0.39780930107339296,3.6783850331203682,2.19914233716354,5.502717265103377,90.67220478057861,111.14294446309408,73.5580285390218,-33.36802641662523,-28.817379271004796,-41.935204501451274,15.221272067740333,-19.08316741489856,-7.395183206081024,0.2582538320621,0,1,1
2011-05,NYA,USA,5,8477.280273,-2.2387348713481803,3.1699025117627455,-0.39780930107339296,3.6783850331203682,4.58821111683475,104.47366776004914,120.63443325411889,96.0221432101342,15.221272067740333,8.53989323107822,30.539310415579468,-19.08316741489856,-7.395183206081024,10.35534745366633,1.1963348470666315,0,1,0
2011-06,NYA,USA,5,8319.099609,-1.8659364667203748,-2.2387348713481803,3.1699025117627455,-0.39780930107339296,4.270740956815469,84.53678283691406,97.33198216756185,72.88245728810628,-19.08316741489856,-19.316583547476828,-24.098281030229863,-7.395183206081024,10.35534745366633,-3.7587201796722147,-0.2381333011797011,0,1,0
2011-07,NYA,USA,5,8079.439941,-2.880836620116023,-1.8659364667203748,-2.2387348713481803,3.1699025117627455,4.050142936425819,78.2851328695974,99.24549016644877,60.417874859225364,-7.395183206081024,1.9659601667134652,-17.102308144754364,10.35534745366633,-3.7587201796722147,-9.59658500968753,-0.6744404095941262,0,1,1
2011-08,NYA,USA,5,7528.390137,-6.820396067351608,-2.880836620116023,-1.8659364667203748,-2.2387348713481803,4.424164277064119,86.39183038280856,111.57653574789724,62.886020106654016,10.35534745366633,12.424791857813933,4.085124233812376,-3.7587201796722147,-9.59658500968753,10.75561755834511,-0.13693057664267147,0,1,0
2011-09,NYA,USA,5,6791.649902,-9.786159080400491,-6.820396067351608,-2.880836620116023,-1.8659364667203748,4.746409756896767,83.14460322062175,93.88602275848389,70.98976675669353,-3.7587201796722147,-15.855047722026761,12.886404062931067,-9.59658500968753,10.75561755834511,1.885317306908374,-0.3489112784017622,0,1,0
2011-10,NYA,USA,5,7563.379883,11.362923474202358,-9.786159080400491,-6.820396067351608,-2.880836620116023,5.791180477791514,75.16556069158739,90.57414713213521,63.65037210526005,-9.59658500968753,-3.5275491804230286,-10.338665679221236,10.75561755834511,1.885317306908374,-8.156193496580155,-0.8690907544536027,0,0,1
2011-11,NYA,USA,5,7484.5,-1.0429184335603137,11.362923474202358,-9.786159080400491,-6.820396067351608,5.790096510811943,83.25008093516031,70.99307772318522,95.16603965759278,10.75561755834511,-21.6188283621196,49.51372083137953,1.885317306908374,-8.156193496580155,17.437683308734808,-0.29755002076007414,0,0,1
2011-12,NYA,USA,5,7477.029785,-0.09980913888704146,-1.0429184335603137,11.362923474202358,-9.786159080400491,5.3598527080142,84.81960911904612,77.63644483012538,86.84766141829952,1.885317306908374,9.357767433106435,-8.740910380659695,-8.156193496580155,17.437683308734808,-3.722992679209569,-0.15314732600468142,0,0,0
2012-01,NYA,USA,5,7838.47998,4.834141435749273,-0.09980913888704146,-1.0429184335603137,11.362923474202358,5.527091779105254,77.90155767625377,61.71806113950668,91.26849322165212,-8.156193496580155,-20.503751460347488,5.090329124764548,17.437683308734808,-3.722992679209569,11.683646516830692,-0.6044036259967932,0,0,1
2012-02,NYA,USA,5,8113.240234,3.5052746795431577,4.834141435749273,-0.09980913888704146,-1.0429184335603137,5.516338501128037,91.4857845964103,77.98118065143454,103.34518873280493,17.437683308734808,26.350664962022897,13.232053126837195,-3.722992679209569,11.683646516830692,-21.032583801878502,0.3455942766440141,0,0,0
2012-03,NYA,USA,5,8206.929688,1.1547723387676623,3.5052746795431577,4.834141435749273,-0.09980913888704146,5.52917192968483,88.0797755333685,86.14695296748992,86.66009946023264,-3.722992679209569,10.47146535592387,-16.145008274851524,11.683646516830692,-21.032583801878502,-0.11563419129990704,0.05496641858514284,0,0,1
2012-04,NYA,USA,5,8119.060059,-1.070676030385409,1.1547723387676623,3.5052746795431577,4.834141435749273,5.438820539058593,98.3707051595052,88.1813424428304,104.64068247477213,11.683646516830692,2.3615338735291314,20.748398774675515,-21.032583801878502,-0.11563419129990704,4.661354718603983,0.7745442600702505,0,0,0
2012-05,NYA,USA,5,7463.959961,-8.0686691961814,-1.070676030385409,1.1547723387676623,3.5052746795431577,5.860805905177363,77.68080416033345,69.08255398658014,79.93533497471964,-21.032583801878502,-21.65853674617435,-23.60969645434864,-0.11563419129990704,4.661354718603983,-7.806712344159738,-0.6966679763797997,0,0,0
2012-06,NYA,USA,5,7801.839844,4.526817999633703,-8.0686691961814,-1.070676030385409,1.1547723387676623,6.052257907549603,77.59097859064738,81.92765919367473,70.51085557937623,-0.11563419129990704,18.59384817994694,-11.790129356840751,4.661354718603983,-7.806712344159738,-7.87534886252107,-0.6468544531804323,0,0,1
2012-07,NYA,USA,5,7863.930176,0.7958421762239931,4.526817999633703,-8.0686691961814,-1.070676030385409,6.006232357845954,81.20776933239353,89.00009404459307,77.46019707956621,4.661354718603983,8.632536216126097,9.8557044062058,-7.806712344159738,-7.87534886252107,18.802659577001602,-0.3926547006231566,0,0,0
2012-08,NYA,USA,5,8014.930176,1.9201594701443003,0.7958421762239931,4.526817999633703,-8.0686691961814,5.6299402394224565,74.8681123795048,78.25724669425718,70.49690803404778,-7.806712344159738,-12.070602245603512,-8.989505976038025,-7.87534886252107,18.802659577001602,-2.6717656381202715,-0.8201291777019274,0,0,0
2012-09,NYA,USA,5,8251.0,2.9453759273772695,1.9201594701443003,0.7958421762239931,4.526817999633703,4.582719699540672,68.97198734283447,65.10240313212077,68.31967938741049,-7.87534886252107,-16.80974493458861,-3.0884030340532886,18.802659577001602,-2.6717656381202715,-5.994197564654025,-1.2202075636257568,0,0,1
2012-10,NYA,USA,5,8221.400391,-0.35873965579931166,2.9453759273772695,1.9201594701443003,0.7958421762239931,3.452807475848046,81.94055532640026,86.90206847652313,75.07558896464687,18.802659577001602,33.48519301224788,9.888672836016443,-2.6717656381202715,-5.994197564654025,20.367269576878645,-0.3694110124128443,0,0,0
2012-11,NYA,USA,5,8260.429688,0.47472808942290445,-0.35873965579931166,2.9453759273772695,1.9201594701443003,3.408537936282466,79.75129572550456,87.46022033691406,73.34758491516114,-2.6717656381202715,0.6422768412488677,-2.301685638855866,-5.994197564654025,20.367269576878645,-8.164537558505069,-0.4847113582862031,0,0,0
2012-12,NYA,USA,5,8443.509766,2.216350540044676,0.47472808942290445,-0.35873965579931166,2.9453759273772695,3.413589133672366,74.97084549934634,85.26028196273312,64.21883093926215,-5.994197564654025,-2.515358829084069,-12.44588214657365,20.367269576878645,-8.164537558505069,-9.751520162523587,-0.7721678806588171,0,0,1
2013-01,NYA,USA,5,8894.709961,5.343751680336495,2.216350540044676,0.47472808942290445,-0.35873965579931166,3.4673810458650887,90.24035970626339,109.75873522604665,83.89209476594002,20.367269576878645,28.73372301773727,30.634727445108332,-8.164537558505069,-9.751520162523587,25.47476088535521,0.33378525699886924,0,0,0
2013-02,NYA,USA,5,8868.719727,-0.29219878010591227,5.343751680336495,2.216350540044676,0.47472808942290445,3.402115159023733,82.87265164511544,87.37166687420437,78.62591293879917,-8.164537558505069,-20.3966165478642,-6.2773278481525026,-9.751520162523587,25.47476088535521,-11.144978564302333,-0.19920816864343685,0,0,0
2013-03,NYA,USA,5,9107.040039,2.6872008512621726,-0.29219878010591227,5.343751680336495,2.216350540044676,3.4451734463156365,74.79130831072408,70.25588681620937,79.46081779849145,-9.751520162523587,-19.589622895300696,1.0618698447955044,25.47476088535521,-11.144978564302333,-0.965878998260461,-1.013514684973251,0,0,1
2013-04,NYA,USA,5,9276.879883,1.864929145723293,2.6872008512621726,-0.29219878010591227,5.343751680336495,3.394303505534504,93.84421526590982,83.1100798924764,99.8020144144694,25.47476088535521,18.296250547507608,25.599027520157392,-11.144978564302333,-0.965878998260461,-6.660023976577866,1.3038201103451614,0,0,0
2013-05,NYA,USA,5,9302.269531,0.2736873638574,1.864929145723293,2.6872008512621726,-0.29219878010591227,1.8181767275077936,83.38529759068643,96.31220405332503,76.66901059304514,-11.144978564302333,15.885105847484283,-23.178894691799336,-0.965878998260461,-6.660023976577866,15.266434567502763,0.1681061665247437,0,0,0
2013-06,NYA,USA,5,9112.69043,-2.0379876154762333,0.2736873638574,1.864929145723293,2.6872008512621726,1.9291936814845907,82.57989651362101,85.31224797566732,78.08507897059123,-0.965878998260461,-11.421144584716792,1.8469892419278766,-6.660023976577866,15.266434567502763,10.38976028717007,0.06282779852477731,0,0,0
2013-07,NYA,USA,5,9558.830078,4.895806034749728,-2.0379876154762333,0.2736873638574,1.864929145723293,2.1753834586639185,77.08005560598066,75.28471995938209,75.0804361527966,-6.660023976577866,-11.753913716053145,-3.847909046651865,15.266434567502763,10.38976028717007,-24.991962578693006,-0.7292898821973308,0,0,1
2013-08,NYA,USA,5,9270.660156,-3.0146986571425116,4.895806034749728,-2.0379876154762333,0.2736873638574,2.5552386775075395,88.84743185966245,104.42809732498661,78.84740774093136,15.266434567502763,38.71087968624718,5.017247875956099,10.38976028717007,-24.991962578693006,4.327385501849101,0.9539072115700641,0,0,1
2013-09,NYA,USA,5,9621.240234,3.7816085597000892,-3.0146986571425116,4.895806034749728,-2.0379876154762333,2.6163543422438056,98.07846705118816,97.374010403951,98.14722569783528,10.38976028717007,-6.754970263494176,24.47742863064981,-24.991962578693006,4.327385501849101,-8.47958052592066,1.985063817732131,0,0,0
2013-10,NYA,USA,5,10009.63965,4.036895520262074,3.7816085597000892,-3.0146986571425116,4.895806034749728,2.6672373509717198,73.56673326799947,80.33374651016727,65.35439909658125,-24.991962578693006,-17.499807005065403,-33.411873201809016,4.327385501849101,-8.47958052592066,11.926947066993353,-1.1842847482493826,0,0,1
2013-11,NYA,USA,5,10183.23047,1.734236456753968,4.036895520262074,3.7816085597000892,-3.0146986571425116,2.639887409030916,76.75024941762288,52.19944121042887,91.32140051523844,4.327385501849101,-35.02177667784688,39.732599148043505,-8.47958052592066,11.926947066993353,-10.628031863710918,-0.7302356457466846,0,0,0
2013-12,NYA,USA,5,10400.32031,2.13183665674217,1.734236456753968,4.036895520262074,3.7816085597000892,2.638761384928325,70.2421502144106,68.61865160542149,68.88867827384702,-8.47958052592066,31.45476276039567,-24.564584111528333,11.926947066993353,-10.628031863710918,70.12768145517792,-1.4153214775509915,0,0,1
2014-01,NYA,USA,5,9967.650391,-4.160159553778209,2.13183665674217,1.734236456753968,4.036895520262074,2.887641472436374,78.61989428920131,86.78251980197045,68.41249278283888,11.926947066993353,26.4707448654002,-0.6912391164121345,-10.628031863710918,70.12768145517792,-22.3830484610423,-0.400710165838595,0,0,0
2014-02,NYA,USA,5,10425.86035,4.596970610182405,-4.160159553778209,2.13183665674217,1.734236456753968,3.0313539124842195,70.26414687292916,61.49816117967878,73.86041593551636,-10.628031863710918,-29.135312825656822,7.963345481315476,70.12768145517792,-22.3830484610423,-10.343908404842095,-1.3004457666171292,0,1,1
2014-03,NYA,USA,5,10527.76953,0.9774654232731939,4.596970610182405,-4.160159553778209,2.13183665674217,3.005381006887496,119.53876396917528,75.00083989481772,150.81426780454575,70.12768145517792,21.956231627297342,104.18821894560378,-22.3830484610423,-10.343908404842095,18.018621331537332,3.2754976148498836,1,1,0
2014-04,NYA,USA,5,10627.16992,0.9441733096146265,0.9774654232731939,4.596970610182405,-4.160159553778209,3.0001905253689656,92.7823445002238,61.30099623998006,112.3606637954712,-22.3830484610423,-18.266253650026478,-25.49732500038402,-10.343908404842095,18.018621331537332,38.660193810520525,0.9648550951925742,0,1,0
2014-05,NYA,USA,5,10756.30957,1.2151838257235648,0.9441733096146265,0.9774654232731939,4.596970610182405,2.9866151172762807,83.18502376925561,75.96359517497402,92.24833537686256,-10.343908404842095,23.919022257963118,-17.89979494533681,18.018621331537332,38.660193810520525,-2.7048677246242936,0.07732757889483634,0,1,1
2014-06,NYA,USA,5,10979.41992,2.074227675840312,1.2151838257235648,0.9441733096146265,0.9774654232731939,2.804354007790333,98.1738182067871,105.45366484324137,96.13338797887167,18.018621331537332,38.82131908098889,4.211515130476329,38.660193810520525,-2.7048677246242936,-1.419314844118058,1.3100368914918,0,1,1
2014-07,NYA,USA,5,10726.42969,-2.3042221888166847,2.074227675840312,1.2151838257235648,0.9441733096146265,2.80559911154529,136.12800659671908,115.96761592741936,161.79567853866084,38.660193810520525,9.970209285573105,68.30331473828896,-2.7048677246242936,-1.419314844118058,-38.12192153075063,3.222536139713079,0,1,0
2014-08,NYA,USA,5,11046.29004,2.981983374190178,-2.3042221888166847,2.074227675840312,1.2151838257235648,2.5474677230131415,132.44592408211,107.58255644767515,154.04245942638767,-2.7048677246242936,-7.230518117223495,-4.791981579669047,-1.419314844118058,-38.12192153075063,4.1467635433172,2.445848791870672,0,1,0
2014-09,NYA,USA,5,10702.92969,-3.1083770999733695,2.981983374190178,-2.3042221888166847,2.074227675840312,2.7547089007078855,130.56609942118328,121.00510635375977,142.43847586313885,-1.419314844118058,12.476511387431977,-7.53297734044166,-38.12192153075063,4.1467635433172,1.5573648683008257,2.034635004614549,0,1,0
2014-10,NYA,USA,5,10845.0,1.3273964616691725,-3.1083770999733695,2.981983374190178,-2.3042221888166847,2.5822472207275977,80.79179345407793,74.09397866649013,83.08987451368763,-38.12192153075063,-38.76789096000993,-41.66613058010812,4.1467635433172,1.5573648683008257,26.783666844919374,-0.48645379517397036,0,0,1
2014-11,NYA,USA,5,10955.41016,1.0180743199631026,1.3273964616691725,-3.1083770999733695,2.981983374190178,2.5644079997255487,84.14203809102376,77.99142316182454,87.09242757161458,4.1467635433172,5.26013660688609,4.817136963262114,1.5573648683008257,26.783666844919374,3.8473610430540095,-0.32739728608346297,0,0,1
2014-12,NYA,USA,5,10839.24023,-1.0603886874464563,1.0180743199631026,1.3273964616691725,-3.1083770999733695,2.5612917215950604,85.45243663172567,94.30592924548733,80.33614915417087,1.5573648683008257,20.918333609340344,-7.7575957012888885,26.783666844919374,3.8473610430540095,-8.025303643352133,-0.2865574549034715,0,0,1
2015-01,NYA,USA,5,10537.21973,-2.7863622688617085,-1.0603886874464563,1.0180743199631026,1.3273964616691725,2.3631854048992276,108.33973257003292,146.6483586834323,81.6583960748488,26.783666844919374,55.50279802841731,1.6458928323044741,3.8473610430540095,-8.025303643352133,-3.786405996924136,0.8398251083784557,0,0,1
2015-02,NYA,USA,5,11062.79004,4.987751261404116,-2.7863622688617085,-1.0603886874464563,1.0180743199631026,2.426767083549003,112.50795323508126,110.62664944784981,116.82035664149693,3.8473610430540095,-24.56332246673284,43.05982269651534,-8.025303643352133,-3.786405996924136,-25.261601602650142,0.9715915138357889,0,0,0
2015-03,NYA,USA,5,10899.19043,-1.4788277587160947,4.987751261404116,-2.7863622688617085,-1.0603886874464563,2.4877053007301435,103.47884836504537,80.65029876462874,119.2300068024666,-8.025303643352133,-27.096862132981926,2.0626971447831766,-3.786405996924136,-25.261601602650142,14.61646704169861,0.4687794836747721,0,0,0
2015-04,NYA,USA,5,11049.74023,1.3812934177717562,-1.4788277587160947,4.987751261404116,-2.7863622688617085,2.500880278835914,99.56071904500325,92.08395849863687,107.84801419576009,-3.786405996924136,14.17683493941706,-9.546248391618018,-25.261601602650142,14.61646704169861,24.558055668202016,0.25841467982350513,0,0,0
2015-05,NYA,USA,5,11056.29981,0.05936411049909385,1.3812934177717562,-1.4788277587160947,4.987751261404116,2.4869151833652516,74.41008684712071,71.70904147240424,75.1276002699329,-25.261601602650142,-22.126456506031122,-30.339375434799198,14.61646704169861,24.558055668202016,-23.96457036562888,-0.976620995350697,0,0,1
2015-06,NYA,USA,5,10805.2002,-2.27109986446723,0.05936411049909385,1.3812934177717562,-1.4788277587160947,2.5145654264056074,85.28621266682943,88.44556840260823,80.42666390736898,14.61646704169861,23.33949330035976,7.053417942802098,24.558055668202016,-23.96457036562888,19.18166619724222,-0.44308919114331674,0,0,1
2015-07,NYA,USA,5,10882.28027,0.7133608685936155,-2.27109986446723,0.05936411049909385,1.3812934177717562,2.423829413200906,106.23084825085056,89.69054517438335,118.30285398421749,24.558055668202016,1.4076191653921155,47.09407084256565,-23.96457036562888,19.18166619724222,-10.263558111944526,0.5456361334795071,0,0,0
2015-08,NYA,USA,5,10176.5,-6.485591737107499,0.7133608685936155,-2.27109986446723,0.05936411049909385,2.909377713069334,80.77308187177104,72.6687409493231,83.29964871560374,-23.96457036562888,-18.978370788097155,-29.58779445277242,19.18166619724222,-10.263558111944526,69.33668679688365,-0.7123350831475163,0,0,1
2015-09,NYA,USA,5,9799.69043,-3.7027422984326597,-6.485591737107499,0.7133608685936155,-2.27109986446723,2.9598066959014693,96.26670481363932,79.88457260131835,111.3503412882487,19.18166619724222,9.929760111059792,33.674442815976114,-10.263558111944526,69.33668679688365,-3.9551845660048213,0.0642386706420011,0,0,0
2015-10,NYA,USA,5,10460.95996,6.747861421985757,-3.7027422984326597,-6.485591737107499,0.7133608685936155,3.63298660892822,86.38631562263735,101.0595084159605,75.2390812904604,-10.263558111944526,26.506915071474868,-32.43030922043458,69.33668679688365,-3.9551845660048213,-17.462244964117836,-0.46539997130577987,0,0,1
2015-11,NYA,USA,5,10409.58984,-0.49106506665187455,6.747861421985757,-3.7027422984326597,-6.485591737107499,3.6115430707535725,146.2837247212728,206.72467168172201,112.25876941680909,69.33668679688365,104.55736914021405,49.20273811350009,-3.9551845660048213,-17.462244964117836,-12.711604183681224,2.2021073610924744,1,0,0
2015-12,NYA,USA,5,10143.41992,-2.556968373309132,-0.49106506665187455,6.747861421985757,-3.7027422984326597,3.6631901511976594,140.49793341852003,194.36913816390498,108.1629870014806,-3.9551845660048213,-5.976806453387384,-3.648518896658426,-17.462244964117836,-12.711604183681224,4.015245447232085,1.7405500614050073,0,0,0
2016-01,NYA,USA,5,9632.700195,-5.03498552783962,-2.556968373309132,-0.49106506665187455,6.747861421985757,3.8443548182800877,115.96384011545489,110.91858869983304,120.46343551143524,-17.462244964117836,-42.934053344261315,11.37214203393464,-12.711604183681224,4.015245447232085,-20.571703453499047,0.5901208640110405,0,0,0
2016-02,NYA,USA,5,9559.530273,-0.7595992869992907,-5.03498552783962,-2.556968373309132,-0.49106506665187455,3.4075734121079564,101.22297576378132,113.22725730106748,90.85711604151233,-12.711604183681224,2.0814082006417767,-24.57701736981631,4.015245447232085,-20.571703453499047,1.2679298080407353,-0.14074225534914356,0,0,1
2016-03,NYA,USA,5,10207.37012,6.776900417688547,-0.7595992869992907,-5.03498552783962,-2.556968373309132,4.099708318442461,105.2873266896894,122.04758010372039,93.74349009606146,4.015245447232085,7.78992886774601,3.1768277272089085,-20.571703453499047,1.2679298080407353,4.556577350732516,0.08165049546770788,0,0,0
2016-04,NYA,USA,5,10436.91992,2.2488632948679754,6.776900417688547,-0.7595992869992907,-5.03498552783962,4.1427206654995326,83.62793006896973,90.3290501912435,79.78639167149862,-20.571703453499047,-25.98865941096199,-14.888605502377427,1.2679298080407353,4.556577350732516,26.501697966147653,-0.929113059578285,0,0,1
2016-05,NYA,USA,5,10441.0,0.03909275946614166,2.2488632948679754,6.776900417688547,-0.7595992869992907,4.142522092118626,84.68827352216167,88.0693675010435,82.82368420016381,1.2679298080407353,-2.5016123665817624,3.806780160168821,4.556577350732516,26.501697966147653,-11.965066413420121,-0.8842870925696081,0,0,1
2016-06,NYA,USA,5,10489.75977,0.4670028732880027,0.03909275946614166,2.2488632948679754,6.776900417688547,4.105210985938531,88.54716021219889,97.87790400187174,80.03160365422566,4.556577350732516,11.137285050573364,-3.3711136770858907,26.501697966147653,-11.965066413420121,5.177677420867943,-0.675385337292379,0,0,1
2016-07,NYA,USA,5,10785.50977,2.819416330637292,0.4670028732880027,0.03909275946614166,2.2488632948679754,4.190533089499454,112.01366116923671,143.21993846278036,94.82303280984202,26.501697966147653,46.32509750110867,18.481985216143258,-11.965066413420121,5.177677420867943,-16.921676258939698,0.504740816275006,0,0,0
2016-08,NYA,USA,5,10764.75,-0.1924783384624429,2.819416330637292,0.4670028732880027,0.03909275946614166,3.665175206503356,98.61115221823415,123.22047128985005,80.60763149876749,-11.965066413420121,-13.964164059550777,-14.991506693929601,5.177677420867943,-16.921676258939698,-3.0021981619094418,-0.09695177493770867,0,0,1
2016-09,NYA,USA,5,10721.74023,-0.3995426740054375,-0.1924783384624429,2.819416330637292,0.4670028732880027,3.4351997309088365,103.71691958109538,119.65013109842936,94.2956667582194,5.177677420867943,-2.897521940994874,16.98106619056434,-16.921676258939698,-3.0021981619094418,21.584843002401332,0.24419612754655895,0,0,0
2016-10,NYA,USA,5,10481.88965,-2.237048975770606,-0.3995426740054375,-0.1924783384624429,2.819416330637292,2.969884908339374,86.16627822383758,100.4282025367983,80.40413419661984,-16.921676258939698,-16.065112829519823,-14.731888578950725,-3.0021981619094418,21.584843002401332,3.2171336265169437,-0.755613313542009,0,0,0
2016-11,NYA,USA,5,10838.45996,3.401775079744329,-2.237048975770606,-0.3995426740054375,-0.1924783384624429,3.113745736237848,83.57939580281575,85.52786210378011,80.94508310953776,-3.0021981619094418,-14.836808841180337,0.6727874360229924,21.584843002401332,3.2171336265169437,7.91479544055298,-0.8991235723515687,0,0,1
2016-12,NYA,USA,5,11056.90039,2.0154194489454103,3.401775079744329,-2.237048975770606,-0.3995426740054375,2.9991916032900234,101.61987716920915,112.50576536117062,94.95736854307113,21.584843002401332,31.54282428415589,17.310854341296356,3.2171336265169437,7.91479544055298,-12.981087348955,0.08052018995459746,0,0,1
2017-01,NYA,USA,5,11222.95996,1.5018636701311427,2.0154194489454103,3.401775079744329,-2.237048975770606,2.3803600803527596,104.88912440884498,102.22949655594364,108.44574915978217,3.2171336265169437,-9.133993064477785,14.204669762508138,7.91479544055298,-12.981087348955,16.858108837707487,0.2764772290213544,0,0,1
2017-02,NYA,USA,5,11512.38965,2.578906910757617,1.5018636701311427,2.0154194489454103,3.401775079744329,2.310975144410193,113.19088404519218,94.91658476420811,125.99899278368268,7.91479544055298,-7.153426396591556,16.186197946807358,-12.981087348955,16.858108837707487,-11.924009642381684,0.7499284136946149,0,0,0
2017-03,NYA,USA,5,11492.84961,-0.16973053027266038,2.578906910757617,1.5018636701311427,2.0154194489454103,1.6746453501327054,98.49747651623142,99.26259293094758,97.23793039014262,-12.981087348955,4.578765847439437,-22.826422464279194,16.858108837707487,-11.924009642381684,25.21966237763813,-0.07970292612513222,0,0,1
2017-04,NYA,USA,5,11536.08008,0.3761510109937083,-0.16973053027266038,2.578906910757617,1.5018636701311427,1.6350989532496183,115.10228830973307,101.26866887410482,124.87095286051432,16.858108837707487,2.0209787835713477,28.417945918327536,-11.924009642381684,25.21966237763813,-19.96658607237466,0.8218982347521404,0,0,0
2017-05,NYA,USA,5,11598.03027,0.5370124823197209,0.3761510109937083,-0.16973053027266038,2.578906910757617,1.6188855896229521,101.37748035307854,98.86025521063036,100.89005654858005,-11.924009642381684,-2.378241651885993,-19.204543380654638,25.21966237763813,-19.96658607237466,34.9537634693037,-0.016757352017186686,0,0,1
2017-06,NYA,USA,5,11761.7002,1.4111872980997253,0.5370124823197209,0.3761510109937083,-0.16973053027266038,1.6193198685567414,126.94453862508138,146.7019323984782,113.13888193766276,25.21966237763813,48.393236580177735,12.140765708843393,-19.96658607237466,34.9537634693037,-13.40475581527194,1.3684569567814138,0,0,0
2017-07,NYA,USA,5,11967.66992,1.7511900192797025,1.4111872980997253,0.5370124823197209,0.3761510109937083,1.5356228216397294,101.59804805632561,69.98286450293756,124.43094007430538,-19.96658607237466,-52.29588093437852,9.980705079677499,34.9537634693037,-13.40475581527194,-22.585571348701183,-0.09325574279342158,0,0,1
2017-08,NYA,USA,5,11875.69043,-0.7685664011027438,1.7511900192797025,1.4111872980997253,0.5370124823197209,1.5805876014911815,137.11038946336316,109.75087941077447,156.3583743187689,34.9537634693037,56.82536030826179,25.658758364597812,-13.40475581527194,-22.585571348701183,1.45640671502556,1.769125616283447,0,0,0
2017-09,NYA,USA,5,12209.16016,2.8080028859425177,-0.7685664011027438,1.7511900192797025,1.4111872980997253,1.6237874413000182,118.73107655843098,86.45641419092814,146.35588200887045,-13.40475581527194,-21.22485518558812,-6.397158037411099,-22.585571348701183,1.45640671502556,-9.265018521286283,0.6833153665668898,0,0,0
2017-10,NYA,USA,5,12341.00977,1.0799236661008793,2.8080028859425177,-0.7685664011027438,1.7511900192797025,1.2412524248958214,91.91498454924553,71.24007597277242,109.52413552807224,-22.585571348701183,-17.60001078063723,-25.16588057497128,1.45640671502556,-9.265018521286283,8.729366354164325,-0.8369177242663346,0,0,1
2017-11,NYA,USA,5,12627.79981,2.323878234803467,1.0799236661008793,2.8080028859425177,-0.7685664011027438,1.113865936648656,93.25364055633545,80.09026870727538,105.41860446929931,1.45640671502556,12.423053476087631,-3.748517200321233,-9.265018521286283,8.729366354164325,-28.45406203269154,-0.7153023093285192,0,0,0
2017-12,NYA,USA,5,12808.83984,1.4336624964281786,2.323878234803467,1.0799236661008793,2.8080028859425177,1.0917251669371195,84.61367348701724,64.52695954230524,98.77827345940375,-9.265018521286283,-19.432209950316203,-6.29901244028458,8.729366354164325,-28.45406203269154,65.97083380479091,-1.2336645984463541,0,0,1
2018-01,NYA,USA,5,13367.95996,4.365111337046734,1.4336624964281786,2.323878234803467,1.0799236661008793,1.418480329756414,91.99991103141538,75.9898567199707,106.7695834867416,8.729366354164325,17.76450844572981,8.09014953133611,-28.45406203269154,65.97083380479091,11.699680256456425,-0.6525128056178033,0,0,0
2018-02,NYA,USA,5,12652.54981,-5.351677833720858,4.365111337046734,1.4336624964281786,2.323878234803467,2.3800691254164956,65.82219927651542,53.66386883599417,76.22563787869045,-28.45406203269154,-29.380221055357104,-28.60734734611382,65.97083380479091,11.699680256456425,0.0402988402496085,-2.142949409571251,0,0,1
2018-03,NYA,USA,5,12452.05957,-1.5845836847964256,-5.351677833720858,4.365111337046734,1.4336624964281786,2.466821965489528,109.2456529678837,64.72115756619361,142.5100219480453,65.97083380479091,20.60471779251023,86.95812316433921,11.699680256456425,0.0402988402496085,-15.333763880707775,0.5900008957372371,1,0,1
2018-04,NYA,USA,5,12515.36035,0.5083559040506724,-1.5845836847964256,-5.351677833720858,4.365111337046734,2.465546624067304,122.0270450592041,94.80569979349772,144.06638272603354,11.699680256456425,46.483319147274415,1.092106194858089,0.0402988402496085,-15.333763880707775,5.999256123072527,1.2755117361317614,0,0,1
2018-05,NYA,USA,5,12527.13965,0.0941187442517144,0.5083559040506724,-1.5845836847964256,-5.351677833720858,2.471670036162456,122.07622054315382,62.3412499273977,166.9032696139428,0.0402988402496085,-34.24314143222706,15.851641761102208,-15.333763880707775,5.999256123072527,3.182714359079064,1.1736073459445548,0,0,0
2018-06,NYA,USA,5,12504.25,-0.18272048240477456,0.0941187442517144,0.5083559040506724,-1.5845836847964256,2.471195365113769,103.35734113057454,56.24654754002889,136.8462231318156,-15.333763880707775,-9.776355774814693,-18.008662473569824,5.999256123072527,3.182714359079064,-34.571624462700555,-0.01799698964290039,0,0,1
2018-07,NYA,USA,5,12963.28027,3.6709940220325032,-0.18272048240477456,0.0941187442517144,0.5083559040506724,2.614729855780847,109.5580127469955,85.10936841657085,127.5609563396823,5.999256123072527,51.3148311120806,-6.7851830906501265,3.182714359079064,-34.571624462700555,25.17349771161239,0.37867626972426766,0,0,1
2018-08,NYA,USA,5,13016.88965,0.41354795147077184,3.6709940220325032,-0.18272048240477456,0.0941187442517144,2.5763706354730775,113.04493135021579,67.86267332876882,146.81783097790134,3.182714359079064,-20.264155883976787,15.096213755986486,-34.571624462700555,25.17349771161239,-13.771045076727717,0.557552855944708,0,0,0
2018-09,NYA,USA,5,13082.51953,0.5041901849417663,0.41354795147077184,3.6709940220325032,-0.18272048240477456,2.4976254558256956,73.96346220970153,49.602893877029416,88.1794579188029,-34.571624462700555,-26.906955703436154,-39.939544582922316,25.17349771161239,-13.771045076727717,8.45156427798377,-1.6910069748655194,0,0,1
2018-10,NYA,USA,5,12208.05957,-6.684186161501571,0.5041901849417663,0.41354795147077184,3.6709940220325032,3.254672816315545,92.58265267649004,61.918164991563366,115.57533417978594,25.17349771161239,24.8277270779095,31.06832011397669,-13.771045076727717,8.45156427798377,1.0709526807535674,-0.6268948726858339,0,0,0
2018-11,NYA,USA,5,12457.54981,2.0436518888972133,-6.684186161501571,0.5041901849417663,0.41354795147077184,3.237122076980419,79.83305384318034,48.951593685150144,103.46333103179931,-13.771045076727717,-20.94146573655724,-10.479747459908284,8.45156427798377,1.0709526807535674,12.624990293825844,-1.3560584289494768,0,0,1
2018-12,NYA,USA,5,11374.38965,-8.69480898346897,2.0436518888972133,-6.684186161501571,0.5041901849417663,4.033552498769848,86.58019570381411,64.75931516770393,99.9929014944261,8.45156427798377,32.292557386848046,-3.3542603961847828,1.0709526807535674,12.624990293825844,-19.17630273940678,-0.9074144937294559,0,0,1
2019-01,NYA,USA,5,12299.03027,8.129144933943767,-8.69480898346897,2.0436518888972133,-6.684186161501571,4.589017378265446,87.5074286307058,54.891605531015706,113.59607076644897,1.0709526807535674,-15.237513879098808,13.60413496230144,12.624990293825844,-19.17630273940678,-0.8685045212788456,-0.801073848206824,0,0,1
2019-02,NYA,USA,5,12644.80957,2.811435474253865,8.129144933943767,-8.69480898346897,2.0436518888972133,4.421707507012143,98.55523300170898,57.736959321158274,130.96962765284948,12.624990293825844,5.183586383777472,15.294153018831214,-19.17630273940678,-0.8685045212788456,33.10270858929771,-0.14271946978709077,0,0,0
2019-03,NYA,USA,5,12696.87988,0.41179196659109074,2.811435474253865,8.129144933943767,-8.69480898346897,4.390595175787022,79.65598315577353,67.75160512616557,85.8987022830594,-19.17630273940678,17.345294803804002,-34.41326525662569,-0.8685045212788456,33.10270858929771,-1.685648374379367,-1.1424746158846457,0,0,0
2019-04,NYA,USA,5,13060.65039,2.8650386034840603,0.41179196659109074,2.811435474253865,8.129144933943767,4.45532790024741,78.96416734059652,57.763711071014406,93.91384995778402,-0.8685045212788456,-14.741929783880291,9.330929876347316,33.10270858929771,-1.685648374379367,-9.939817225846037,-1.0844430097283153,0,0,1
2019-05,NYA,USA,5,12264.49023,-6.0958691659765085,2.8650386034840603,0.41179196659109074,2.811435474253865,4.841673301546451,105.10344554531959,63.40447973435925,133.1031727944651,33.10270858929771,9.765246309071296,41.729013190596916,-1.685648374379367,-9.939817225846037,13.921162899248628,0.33804429903187627,0,0,0
2019-06,NYA,USA,5,13049.70996,6.402383754029062,-6.0958691659765085,2.8650386034840603,0.41179196659109074,5.1881846979491435,103.3317710240682,51.50454092025757,138.8043354034424,-1.685648374379367,-18.768293445444108,4.283265747376963,-9.939817225846037,13.921162899248628,-12.699931906120154,0.3113759427556039,0,0,0
2019-07,NYA,USA,5,13066.59961,0.1294254818825058,6.402383754029062,-6.0958691659765085,2.8650386034840603,5.090055537504648,93.06078184804609,47.329337519984094,126.32542345600743,-9.939817225846037,-8.10647629446455,-8.990289756558633,13.921162899248628,-12.699931906120154,2.8698387190764008,-0.2605231431616406,0,0,1
2019-08,NYA,USA,5,12736.87988,-2.5233782303060837,0.1294254818825058,6.402383754029062,-6.0958691659765085,5.148409378526013,106.01592488442698,74.11447860348609,125.86253258489793,13.921162899248628,56.593103742879094,-0.3664273259061712,-12.699931906120154,2.8698387190764008,-22.581225044357122,0.6360280812730083,0,0,0
2019-09,NYA,USA,5,13004.74023,2.1030295686513156,-2.5233782303060837,0.1294254818825058,6.402383754029062,5.184852569669445,92.55197461446126,70.08315865198772,112.63771381378174,-12.699931906120154,-5.439314999523937,-10.507351552135392,2.8698387190764008,-22.581225044357122,-1.8944804802661475,-0.18151693898220844,0,0,1
2019-10,NYA,USA,5,13171.80957,1.284680332288346,2.1030295686513156,-2.5233782303060837,0.1294254818825058,4.730919505552975,95.20806701721683,69.20361838802215,118.00913903021043,2.8698387190764008,-1.2549951812718674,4.768762641355617,-22.581225044357122,-1.8944804802661475,93.42482713456963,-0.008370969890582997,0,0,0
2019-11,NYA,USA,5,13545.20996,2.8348450379244383,1.284680332288346,2.1030295686513156,-2.5233782303060837,4.7562023791851775,73.70891914367675,52.628954823811846,86.17964719136556,-22.581225044357122,-23.95057361202817,-26.972056656303966,-1.8944804802661475,93.42482713456963,-45.859153499296525,-1.3702344917470703,0,0,0
2019-12,NYA,USA,5,13913.03027,2.7155009858555124,2.8348450379244383,1.284680332288346,2.1030295686513156,3.709869582796572,72.31251805828464,60.52569272441249,79.17934866874448,-1.8944804802661475,15.004550113215975,-8.122913879046889,93.42482713456963,-45.859153499296525,9.297101316181845,-1.3788146832098769,0,0,1
2020-01,NYA,USA,5,13614.09961,-2.1485661584778493,2.7155009858555124,2.8348450379244383,1.284680332288346,3.2643209149124908,139.8703630508915,84.9525350447624,191.54257983546103,93.42482713456963,40.35780710775339,141.90976947385673,-45.859153499296525,9.297101316181845,-15.71040369340041,2.3984234895573473,1,1,0
2020-02,NYA,USA,5,12380.96973,-9.057740984164864,-2.1485661584778493,2.7155009858555124,2.8348450379244383,4.27421219311914,75.72699855935984,56.10202249987372,87.16311290346343,-45.859153499296525,-33.960743525413385,-54.49413233426306,9.297101316181845,-15.71040369340041,-0.37686680923350035,-1.1696176844696133,0,1,1
2020-03,NYA,USA,5,10301.87012,-16.792704088131238,-9.057740984164864,-2.1485661584778493,2.7155009858555124,6.431621920645006,82.76741433912709,64.03543063132993,98.19669649677891,9.297101316181845,14.141037663079015,12.658546976787765,-15.71040369340041,-0.37686680923350035,3.027754065969246,-0.7094840570068491,0,1,0
2020-04,NYA,USA,5,11372.33984,10.391023256270682,-16.792704088131238,-9.057740984164864,-2.1485661584778493,7.217413422000057,69.76431941986084,47.72460098266602,82.26346549987792,-15.71040369340041,-25.47157017272198,-16.225831993669605,-0.37686680923350035,3.027754065969246,-4.293498750492198,-1.3384281588774083,0,1,0
2020-05,NYA,USA,5,11802.9502,3.7864710873782625,10.391023256270682,-16.792704088131238,-9.057740984164864,7.133525045479605,69.50140085527974,42.106849024372714,85.36720494301089,-0.37686680923350035,-11.771186856719284,3.772925714073616,3.027754065969246,-4.293498750492198,-5.254596548829982,-1.2641225588871834,0,1,1
2020-06,NYA,USA,5,11893.78027,0.769553954400326,3.7864710873782625,10.391023256270682,-16.792704088131238,6.848325104517916,71.60573234558106,51.320197105407715,86.46775321960449,3.027754065969246,21.88087756388999,1.289193288369117,-4.293498750492198,-5.254596548829982,27.892667765632396,-1.0480468176075706,0,1,0
2020-07,NYA,USA,5,12465.04981,4.803094785943962,0.769553954400326,3.7864710873782625,10.391023256270682,7.0207296392535365,68.53134112204275,36.44394225458945,92.3572107745755,-4.293498750492198,-28.98713506548618,6.811160618471734,-5.254596548829982,27.892667765632396,-7.62341761045866,-1.1294147111936224,0,0,0
2020-08,NYA,USA,5,13045.59961,4.657420618843067,4.803094785943962,0.769553954400326,3.7864710873782625,7.105819573413585,64.93029563657699,27.294767964270807,89.9976692199707,-5.254596548829982,-25.104787584187527,-2.5547994951514386,27.892667765632396,-7.62341761045866,-8.272171743840929,-1.2409867889200987,0,0,1
2020-09,NYA,USA,5,12701.88965,-2.6346811973022133,4.657420618843067,4.803094785943962,0.769553954400326,7.136904665862797,83.04108727773031,49.94818175633748,105.76334724426269,27.892667765632396,82.9954437484879,17.517873697104093,-7.62341761045866,-8.272171743840929,-11.477018729790899,-0.19368612145326036,0,0,0
2020-10,NYA,USA,5,12429.33008,-2.145819067165333,-2.6346811973022133,4.657420618843067,4.803094785943962,7.151675388796803,76.71051840628347,43.048690057569935,98.63585779743809,-7.62341761045866,-13.813299015418378,-6.739092164285898,-8.272171743840929,-11.477018729790899,20.377331218205175,-0.5310391234579444,0,0,0
2020-11,NYA,USA,5,14006.45996,12.688776224052134,-2.145819067165333,-2.6346811973022133,4.657420618843067,8.046015841665591,70.364892578125,62.07505849202474,79.94887498219808,-8.272171743840929,44.197322633999846,-18.94542535800341,-11.477018729790899,20.377331218205175,-3.544024808415902,-0.8727351360468183,0,0,0
2020-12,NYA,USA,5,14524.79981,3.700719892680149,12.688776224052134,-2.145819067165333,-2.6346811973022133,8.074695849114889,62.28910067773634,29.27726056498866,85.56250313789614,-11.477018729790899,-52.8357100642118,7.021522387836021,20.377331218205175,-3.544024808415902,7.229044395559336,-1.241929193326495,0,0,1
2021-01,NYA,USA,5,14397.2002,-0.8784947928311637,3.700719892680149,12.688776224052134,-2.145819067165333,8.042679865711118,74.98195703567997,47.25387308674474,95.04665202479208,20.377331218205175,61.40127926877659,11.084468708928341,-3.544024808415902,7.229044395559336,9.128842161979843,-0.4909869325486777,0,0,0
2021-02,NYA,USA,5,15010.46973,4.25964438557993,-0.8784947928311637,3.700719892680149,12.688776224052134,7.460439468413544,72.32457787649972,46.01375893184117,91.39712776456561,-3.544024808415902,-2.6243651025749215,-3.8397188985410335,7.229044395559336,9.128842161979843,6.3745163092844725,-0.5840812846265266,0,0,1
2001-01,SSMI,Europa,2,8057.399902,-0.9587727824027947,1.9231010396602244,0.05515389533061743,3.425255100660518,3.3721041559537097,47.34544200281943,39.250703688590754,53.58126591097924,2.8989908486964033,-11.863157433402927,14.962542983127358,18.989927506775352,9.558998400811113,-20.567427445911946,-1.1276709843340298,0,0,1
2001-02,SSMI,Europa,2,7701.799805,-4.413335583749955,-0.9587727824027947,1.9231010396602244,0.05515389533061743,3.7576742685047044,56.336307116917204,45.95857455049242,65.78157465798515,18.989927506775352,17.089810453134604,22.769728448140224,9.558998400811113,-20.567427445911946,22.282612275385794,-0.5528914270022299,0,0,1
2001-03,SSMI,Europa,2,7167.799805,-6.933444305489845,-4.413335583749955,-0.9587727824027947,1.9231010396602244,3.7889745736251155,61.72149381329936,57.44915543833086,65.804611175291,9.558998400811113,25.002039336999694,0.035019710953454464,-20.567427445911946,22.282612275385794,18.33193624265337,-0.16449345719586606,0,0,0
2001-04,SSMI,Europa,2,7327.200195,2.2238398718782415,-6.933444305489845,-4.413335583749955,-0.9587727824027947,3.8550477539124186,49.026970354715985,47.12476806640625,50.69535102844238,-20.567427445911946,-17.97134752138766,-22.96079237760469,22.282612275385794,18.33193624265337,-15.444990282835402,-0.9863278333381387,0,0,1
2001-05,SSMI,Europa,2,7487.600098,2.1891022318382136,2.2238398718782415,-6.933444305489845,-4.413335583749955,3.6727816163039555,59.95146006922568,56.56440058062154,60.64858498111848,22.282612275385794,20.031149014703598,19.633425453730236,18.33193624265337,-15.444990282835402,6.919856867837648,-0.08072137279815189,0,0,1
2001-06,SSMI,Europa,2,7240.200195,-3.3041281553762736,2.1891022318382136,2.2238398718782415,-6.933444305489845,3.7752364613488085,70.94172350565593,62.602798779805504,78.85646438598633,18.33193624265337,10.675262421595733,30.02193606089316,-15.444990282835402,6.919856867837648,636.705984061322,0.8917469952324577,0,0,0
2001-07,SSMI,Europa,2,6847.299805,-5.426650913207254,-3.3041281553762736,2.1891022318382136,2.2238398718782415,3.8069577459448176,59.984781203731416,53.3461978666244,62.87733785567745,-15.444990282835402,-14.786241340007166,-20.26355943641387,6.919856867837648,636.705984061322,6.680150322070344,-0.040735325784857314,0,0,1
2001-08,SSMI,Europa,2,6582.399902,-3.868676858673048,-5.426650913207254,-3.3041281553762736,2.1891022318382136,3.684376973228336,64.13564220551521,73.31873946036062,56.88255968401509,6.919856867837648,37.43948471017813,-9.534083942011339,636.705984061322,6.680150322070344,-41.24090377218973,0.3121450090099885,0,1,1
2001-09,SSMI,Europa,2,6014.200195,-8.632105545993307,-3.868676858673048,-5.426650913207254,-3.3041281553762736,4.0067823168371675,472.49111404418943,791.8359584172566,249.4176373163859,636.705984061322,979.9912331353685,338.47822373309316,6.680150322070344,-41.24090377218973,-21.93115492388762,4.651889065398863,1,1,1
2001-10,SSMI,Europa,2,6081.0,1.1107013872856175,-8.632105545993307,-3.868676858673048,-5.426650913207254,3.771926772133582,504.05423072076616,840.6995652721774,257.8192534908172,6.680150322070344,6.170925472062505,3.368493208751655,-41.24090377218973,-21.93115492388762,-26.483715938044828,3.36038803354654,0,1,0
2001-11,SSMI,Europa,2,6237.0,2.5653675382338426,1.1107013872856175,-8.632105545993307,-3.868676858673048,3.9708831611697115,296.1777104695638,494.21396484375,141.4245381673177,-41.24090377218973,-41.21396212644078,-45.14585848323587,-21.93115492388762,-26.483715938044828,-15.629290096238414,1.4919838256736058,0,1,0
2001-12,SSMI,Europa,2,6417.799805,2.8988264389931073,2.5653675382338426,1.1107013872856175,-8.632105545993307,4.06647313491879,231.22251793646043,376.6929409888483,121.45619632351783,-21.93115492388762,-23.77938144505022,-14.119432244619079,-26.483715938044828,-15.629290096238414,4.7790402345696315,0.9207024060052467,0,1,0
2002-01,SSMI,Europa,2,6237.299805,-2.812490346915708,2.8988264389931073,2.5653675382338426,1.1107013872856175,4.0635416399522315,169.9862031013735,259.16573752126385,104.05673919185516,-26.483715938044828,-31.199736092496554,-14.325705611030715,-15.629290096238414,4.7790402345696315,2.5704229747520735,0.4178106412301901,0,1,0
2002-02,SSMI,Europa,2,6352.799805,1.8517628398656116,-2.812490346915708,2.8988264389931073,2.5653675382338426,4.131891604008616,143.41856629507882,209.38243239266532,93.08014828818185,-15.629290096238414,-19.20906119950132,-10.548659307337282,4.7790402345696315,2.5704229747520735,3.2632959591828437,0.1896965876609148,0,1,1
2002-03,SSMI,Europa,2,6655.200195,4.760112065266009,1.8517628398656116,-2.812490346915708,2.8988264389931073,4.115804427266013,150.27259728216356,217.83082137569303,97.68620583318895,4.7790402345696315,4.034908223429179,4.948485396420366,2.5704229747520735,3.2632959591828437,-7.141906512616192,0.2115393086592408,0,1,1
2002-04,SSMI,Europa,2,6557.600098,-1.4665238330971109,4.760112065266009,1.8517628398656116,-2.812490346915708,4.027688003700992,154.13523864746094,219.28201649983723,99.5971280415853,2.5704229747520735,0.6662028426368982,1.9561842863049517,3.2632959591828437,-7.141906512616192,-19.228603110713394,0.20906450846680694,0,1,1
2002-05,SSMI,Europa,2,6574.799805,0.2622866100853827,-1.4665238330971109,4.760112065266009,1.8517628398656116,3.933048789987589,159.16512766192037,205.2949966922883,137.87667772846837,3.2632959591828437,-6.378553075536553,38.434391070895146,-7.141906512616192,-19.228603110713394,6.386640324555559,0.22283561106419553,0,1,0
2002-06,SSMI,Europa,2,5979.700195,-9.051220229510836,0.2622866100853827,-1.4665238330971109,4.760112065266009,4.541319324768351,147.7977030436198,185.49468332926432,127.91307754516602,-7.141906512616192,-9.644810483473298,-7.2264579822009285,-19.228603110713394,6.386640324555559,34.05336231874485,0.10795986852254974,0,1,0
2002-07,SSMI,Europa,2,5196.700195,-13.09430196274246,-9.051220229510836,0.2622866100853827,-1.4665238330971109,5.5695097064125525,119.37826931861139,161.98243344214654,92.84361993112871,-19.228603110713394,-12.675430618883077,-27.416631893368603,6.386640324555559,34.05336231874485,-1.1482428597716532,-0.13781889802288977,0,0,1
2002-08,SSMI,Europa,2,5230.5,0.6504089851579353,-13.09430196274246,-9.051220229510836,0.2622866100853827,5.593474967149744,127.00253000567037,157.38569099672378,101.13534890451739,6.386640324555559,-2.8378030553939837,8.930854892925822,34.05336231874485,-1.1482428597716532,-7.277545082473935,-0.10494483165416127,0,0,1
2002-09,SSMI,Europa,2,4783.0,-8.555587419940736,0.6504089851579353,-13.09430196274246,-9.051220229510836,5.584948877607462,170.25116170247395,185.25534108479818,167.88976720174153,34.05336231874485,17.707867793810127,66.00503090195247,-1.1482428597716532,-7.277545082473935,12.179669045440855,0.20325984695605837,0,0,0
2002-10,SSMI,Europa,2,4949.100098,3.4727179176249123,-8.555587419940736,0.6504089851579353,-13.09430196274246,5.7341834282318835,168.296264894547,195.84739069784843,161.10799457180886,-1.1482428597716532,5.717540747287764,-4.039419878272565,-7.277545082473935,12.179669045440855,17.26225132075463,0.15715499103937208,0,0,0
2002-11,SSMI,Europa,2,5117.5,3.402636816096183,3.4727179176249123,-8.555587419940736,0.6504089851579353,5.793507694239478,156.04842834472657,175.04123814900717,151.88629328409831,-7.277545082473935,-10.623655732508986,-5.723925316195444,12.179669045440855,17.26225132075463,15.061801848864963,0.020633136554032164,0,0,1
2002-12,SSMI,Europa,2,4630.799805,-9.510506985832933,3.402636816096183,3.4727179176249123,-8.555587419940736,6.044208025141515,175.05461046772618,174.67416357224988,183.75799191382623,12.179669045440855,-0.20970748415570784,20.983920234403875,17.26225132075463,15.061801848864963,47.86395462919402,0.13548947851311843,0,0,1
2003-01,SSMI,Europa,2,4422.5,-4.498138847960842,-9.510506985832933,3.402636816096183,3.4727179176249123,6.071465291304969,205.2729772752331,176.48827115951045,244.28261073943108,17.26225132075463,1.0385666375383629,32.93713552006381,15.061801848864963,47.86395462919402,-27.597525181866878,0.3400154865225365,0,0,1
2003-02,SSMI,Europa,2,4148.200195,-6.202369813453923,-4.498138847960842,-9.510506985832933,3.402636816096183,5.973190468634887,236.19078636169434,210.63462039402552,291.2838772365025,15.061801848864963,19.34765920147381,19.240528973716554,47.86395462919402,-27.597525181866878,-36.85013674083216,0.547533154274486,0,0,1
2003-03,SSMI,Europa,2,4085.600098,-1.5090905466774496,-6.202369813453923,-4.498138847960842,-9.510506985832933,5.453897093195881,349.2410371841923,413.45056693784653,352.7903245495212,47.86395462919402,96.28803952760548,21.115637396943754,-27.597525181866878,-36.85013674083216,-8.741552754206271,1.3891505960157058,1,0,0
2003-04,SSMI,Europa,2,4542.700195,11.188077296741849,-1.5090905466774496,-6.202369813453923,-4.498138847960842,6.968117409588302,252.85915400187176,326.76046600341795,210.79934641520182,-27.597525181866878,-20.967464520966683,-40.2479796790425,-36.85013674083216,-8.741552754206271,-8.073495492440319,0.5148805034165131,0,0,0
2003-05,SSMI,Europa,2,4630.799805,1.9393665929564818,11.188077296741849,-1.5090905466774496,-6.202369813453923,7.05116093579721,159.68020999047064,183.58484895767705,150.55725589875252,-36.85013674083216,-43.81668896391011,-28.577930406763798,-8.741552754206271,-8.073495492440319,2.5679680059377485,-0.33859645096062396,0,0,0
2003-06,SSMI,Europa,2,4813.700195,3.9496501188092337,1.9393665929564818,11.188077296741849,-1.5090905466774496,6.9761463565484405,145.7216801961263,176.93343124389648,127.7050184249878,-8.741552754206271,-3.623075516059593,-15.178436494042181,-8.073495492440319,2.5679680059377485,-13.59457280674885,-0.5029181585692353,0,0,0
2003-07,SSMI,Europa,2,5079.100098,5.513428178922952,3.9496501188092337,1.9393665929564818,11.188077296741849,6.2057032562188,133.95684691398375,166.529414761451,106.6518937387774,-8.073495492440319,-5.880186920754349,-16.485745780285622,2.5679680059377485,-13.59457280674885,-9.404549940243411,-0.6575022098566479,0,0,1
2003-08,SSMI,Europa,2,5124.200195,0.8879544826801089,5.513428178922952,3.9496501188092337,1.9393665929564818,6.2083911108440315,137.39681588449787,179.2770211004442,108.98332251271894,2.5679680059377485,7.654867674430843,2.186017230647508,-13.59457280674885,-9.404549940243411,9.037235190035675,-0.6740441743414888,0,0,0
2003-09,SSMI,Europa,2,5043.5,-1.574883726805687,0.8879544826801089,5.513428178922952,3.9496501188092337,5.633630697757545,118.71830571492514,145.99144999186197,97.7679594039917,-13.59457280674885,-18.56655744515813,-10.290898506437395,-9.404549940243411,9.037235190035675,12.52368017722989,-0.8383518008892655,0,0,0
2003-10,SSMI,Europa,2,5211.399902,3.329035431743832,-1.574883726805687,0.8879544826801089,5.513428178922952,5.627091681053932,107.55338336575416,129.5931615521831,91.48407450029927,-9.404549940243411,-11.232362196959455,-6.4273458728196236,9.037235190035675,12.52368017722989,-13.501723875035932,-1.156165429144045,0,0,1
2003-11,SSMI,Europa,2,5317.5,2.0359231683463985,3.329035431743832,-1.574883726805687,0.8879544826801089,5.578304803992777,117.27323557535807,152.34808400472005,93.18425509134929,9.037235190035675,17.55873703519013,1.85844432524096,12.52368017722989,-13.501723875035932,0.6077524070589702,-0.9411455660729602,0,0,1
2003-12,SSMI,Europa,2,5487.799805,3.2026291490361958,2.0359231683463985,3.329035431743832,-1.574883726805687,4.640478132803728,131.9601605323053,166.63024114793348,112.74830061389554,12.52368017722989,9.374687733369157,20.995011982837084,-13.501723875035932,0.6077524070589702,19.33554692769983,-0.607084009889599,0,0,0
2004-01,SSMI,Europa,2,5736.399902,4.530050399679264,3.2026291490361958,2.0359231683463985,3.329035431743832,4.294732448168397,114.1432640321793,127.11111671693864,107.96992640341482,-13.501723875035932,-23.716658008020264,-4.238089784469723,0.6077524070589702,19.33554692769983,8.529074870679644,-0.8844800294625489,0,0,1
2004-02,SSMI,Europa,2,5798.399902,1.080817255756239,4.530050399679264,3.2026291490361958,2.0359231683463985,3.4118014979530615,114.83697246683055,130.29377562424233,103.49829351490942,0.6077524070589702,2.503839939028385,-4.141554076639597,19.33554692769983,8.529074870679644,-18.08536449217786,-0.8379888001533916,0,0,1
2004-03,SSMI,Europa,2,5618.600098,-3.100852080553862,1.080817255756239,4.530050399679264,3.2026291490361958,3.6224433669559724,137.0413291685043,182.14090384206463,107.18084593742124,19.33554692769983,39.792482771660254,3.558080329103519,8.529074870679644,-18.08536449217786,12.444061856436273,-0.41912189126732874,0,0,1
2004-04,SSMI,Europa,2,5774.399902,2.772929222271192,-3.100852080553862,1.080817255756239,4.530050399679264,2.4719303015486,148.72968673706055,203.51488087972004,120.71956570943196,8.529074870679644,11.734858335933641,12.631659746290346,-18.08536449217786,12.444061856436273,-4.812826861738328,-0.20109534769664494,0,0,0
2004-05,SSMI,Europa,2,5627.100098,-2.550911029715519,2.772929222271192,-3.100852080553862,1.080817255756239,2.8068965585016996,121.83138078258884,160.97313985516948,91.7239502937563,-18.08536449217786,-20.903503881710396,-24.018985858073037,12.444061856436273,-4.812826861738328,7.326084232038577,-0.6577450373351099,0,0,1
2004-06,SSMI,Europa,2,5619.100098,-0.1421691432651695,-2.550911029715519,2.772929222271192,-3.100852080553862,2.75320720817994,136.9921531677246,177.06919593811034,107.51701380411784,12.444061856436273,9.9992185636826,17.21803679386078,-4.812826861738328,7.326084232038577,9.302013958189859,-0.37433464268107997,0,0,0
2004-07,SSMI,Europa,2,5547.200195,-1.2795625944729272,-0.1421691432651695,-2.550911029715519,2.772929222271192,2.5022193430434796,130.39895802159464,159.34060545890563,120.38267381729618,-4.812826861738328,-10.012238653526872,11.96616196634508,7.326084232038577,9.302013958189859,-22.82005024743897,-0.5042698226408638,0,0,1
2004-08,SSMI,Europa,2,5421.700195,-2.262402574061062,-1.2795625944729272,-0.1421691432651695,-2.550911029715519,2.6491998630099363,139.9520955239573,177.53836158014113,126.08562567926222,7.326084232038577,11.420664600103292,4.737352711255904,9.302013958189859,-22.82005024743897,5.420373167086323,-0.3422804943272867,0,0,1
2004-09,SSMI,Europa,2,5465.299805,0.8041685897757223,-2.262402574061062,-1.2795625944729272,-0.1421691432651695,2.567285053060229,152.970458984375,188.2974100748698,129.69852345784506,9.302013958189859,6.060126047672232,2.8654319309747045,-22.82005024743897,5.420373167086323,-13.892755620942731,-0.09186768304555457,0,0,0
2004-10,SSMI,Europa,2,5363.399902,-1.8644888045624697,0.8041685897757223,-2.262402574061062,-1.2795625944729272,2.5214451631017725,118.0625233804026,147.26095236501385,96.84527255642799,-22.82005024743897,-21.793426523253423,-25.33047410681982,5.420373167086323,-13.892755620942731,-7.26291042543833,-0.6838368102148895,0,0,1
2004-11,SSMI,Europa,2,5444.200195,1.5065125568926918,-1.8644888045624697,0.8041685897757223,-2.262402574061062,2.492177607483684,124.46195271809896,154.47430343627929,99.13031984965006,5.420373167086323,4.898346068946902,2.3594825363217,-13.892755620942731,-7.26291042543833,10.283956104618763,-0.5408137756069878,0,0,0
2004-12,SSMI,Europa,2,5693.200195,4.573674572597164,1.5065125568926918,-1.8644888045624697,0.8041685897757223,2.6664453499652896,107.17075778592017,141.9146915558846,79.30897829609532,-13.892755620942731,-8.130550907824963,-19.995236153396423,-7.26291042543833,10.283956104618763,-17.45270714392596,-0.7913484165691447,0,0,0
2005-01,SSMI,Europa,2,5771.399902,1.3735632741086024,4.573674572597164,1.5065125568926918,-1.8644888045624697,2.3526435693290075,99.38704164566532,126.41269216229838,77.36354717131584,-7.26291042543833,-10.923463401589872,-2.4529771616982887,10.283956104618763,-17.45270714392596,-3.9145466707558807,-0.8546164799301317,0,0,1
2005-02,SSMI,Europa,2,5931.299805,2.770556636433885,1.3735632741086024,4.573674572597164,1.5065125568926918,2.4660880911612173,109.60796138218471,108.7996129989624,105.78578090667725,10.283956104618763,-13.932999022537196,36.73853484564569,-17.45270714392596,-3.9145466707558807,13.63922143399825,-0.6093248456395398,0,0,0
2005-03,SSMI,Europa,2,5929.700195,-0.026968962159878984,2.770556636433885,1.3735632741086024,4.573674572597164,2.239379065326649,90.47840487572455,87.14632021996283,87.85526915519468,-17.45270714392596,-19.901994301400748,-16.94983162935727,-3.9145466707558807,13.63922143399825,-17.244799928592734,-1.3114835862782213,0,0,0
2005-04,SSMI,Europa,2,5870.799805,-0.9933114333447457,-0.026968962159878984,2.770556636433885,1.3735632741086024,2.1498554412301676,86.93658548990885,102.42798690795898,72.97031523386637,-3.9145466707558807,17.535641951862413,-16.942585304740586,13.63922143399825,-17.244799928592734,101.53634744222848,-1.9681854593802057,0,0,1
2005-05,SSMI,Europa,2,6127.200195,4.3673843175785265,-0.9933114333447457,-0.026968962159878984,2.770556636433885,2.2807138747960183,98.79405889203471,105.33132522336898,90.99365062098349,13.63922143399825,2.834516622902017,24.69954436862878,-17.244799928592734,101.53634744222848,-29.06039521641346,-1.26982662995963,0,0,0
2005-06,SSMI,Europa,2,6253.100098,2.054770514969273,4.3673843175785265,-0.9933114333447457,-0.026968962159878984,2.291998392401945,81.75722109476725,95.1893081665039,69.31578687032064,-17.244799928592734,-9.628680770281385,-23.82349054326638,101.53634744222848,-29.06039521641346,-11.224524686306193,-1.9527645530909168,0,0,1
2005-07,SSMI,Europa,2,6600.899902,5.5620380059363095,2.054770514969273,4.3673843175785265,-0.9933114333447457,2.5336642891490873,164.77051716466104,237.00151295815743,116.65942007495511,101.53634744222848,148.97913171466425,68.30137165319535,-29.06039521641346,-11.224524686306193,-15.755245474037638,2.096672493283496,1,0,0
2005-08,SSMI,Europa,2,6517.200195,-1.2680044879129215,5.5620380059363095,2.054770514969273,4.3673843175785265,2.4132224229549917,116.88755367648217,143.29871208437027,94.36514368364888,-29.06039521641346,-39.53679438760814,-19.11056679090457,-11.224524686306193,-15.755245474037638,-6.115837148029257,-0.13086161533737817,0,0,0
2005-09,SSMI,Europa,2,6898.899902,5.856805001829457,-1.2680044879129215,5.5620380059363095,2.054770514969273,2.6918409559945733,103.76748135884603,130.99529851277669,78.09897527694702,-11.224524686306193,-8.585850767695435,-17.237475376748023,-15.755245474037638,-6.115837148029257,16.183129415888263,-0.7222024783719024,0,0,0
2005-10,SSMI,Europa,2,7036.600098,1.9959732414740472,5.856805001829457,-1.2680044879129215,5.5620380059363095,2.404279806830646,87.41865994853359,105.815919445407,73.7711932274603,-15.755245474037638,-19.221589899208325,-5.541406957184714,-6.115837148029257,16.183129415888263,-1.7312131574054201,-1.4009850531265875,0,0,0
2005-11,SSMI,Europa,2,7407.5,5.271010101958473,1.9959732414740472,5.856805001829457,-1.2680044879129215,2.5315098214604825,82.0722770690918,93.67955487569174,70.19666430155436,-6.115837148029257,-11.469318258843575,-4.84542647274867,16.183129415888263,-1.7312131574054201,3.0493001694113175,-1.4956872910468275,0,0,1
2005-12,SSMI,Europa,2,7583.899902,2.381368909888626,5.271010101958473,1.9959732414740472,5.856805001829457,2.4563307222685298,95.3541398817493,131.53387844947076,69.47696587347215,16.183129415888263,40.40830854075885,-1.0252601533749406,-1.7312131574054201,3.0493001694113175,-4.876761101613781,-0.8501301787759667,0,0,0
2006-01,SSMI,Europa,2,7810.899902,2.993182965668306,2.381368909888626,5.271010101958473,1.9959732414740472,2.4364970703543953,93.70335646598569,99.09636282151745,89.04377758887506,-1.7312131574054201,-24.660958842184765,28.163019886385033,3.0493001694113175,-4.876761101613781,-2.7477636832640484,-0.86918062114162,0,0,1
2006-02,SSMI,Europa,2,7892.600098,1.0459767379566554,2.993182965668306,2.381368909888626,5.271010101958473,2.4748213215706283,96.56065307344709,102.5961035319737,90.61754550252643,3.0493001694113175,3.5316540494625848,1.7674091960896199,-4.876761101613781,-2.7477636832640484,-5.529103500524313,-0.708329151877598,0,0,0
2006-03,SSMI,Europa,2,8023.299805,1.6559778194402464,1.0459767379566554,2.993182965668306,2.381368909888626,2.367891888780053,91.85162070489699,96.46455383300781,86.54391436423025,-4.876761101613781,-5.976396264459504,-4.495411032935781,-2.7477636832640484,-5.529103500524313,21.25192544792216,-0.831433334170445,0,0,0
2006-04,SSMI,Europa,2,8047.299805,0.2991287946767729,1.6559778194402464,1.0459767379566554,2.993182965668306,2.215207434172148,89.32775522867838,92.80472908020019,86.14640655517579,-2.7477636832640484,-3.7939580989958643,-0.45931341559326544,-5.529103500524313,21.25192544792216,34.3204566344385,-0.8681456484447946,0,0,0
2006-05,SSMI,Europa,2,7604.399902,-5.503708246644601,0.2991287946767729,1.6559778194402464,1.0459767379566554,3.163370152580253,84.38873118738974,80.68312811082409,83.90371753323463,-5.529103500524313,-13.06140440203304,-2.603345991576267,21.25192544792216,34.3204566344385,7.312638981344266,-0.999507531482902,0,0,1
2006-06,SSMI,Europa,2,7652.100098,0.6272710090832412,-5.503708246644601,0.2991287946767729,1.6559778194402464,3.1822479735252576,102.32296142578124,114.45484237670898,90.22701250712076,21.25192544792216,41.857219788872115,7.536370449118013,34.3204566344385,7.312638981344266,-22.965425288660548,-0.17227721348087163,0,0,1
2006-07,SSMI,Europa,2,7941.799805,3.785884963471897,0.6272710090832412,-5.503708246644601,0.2991287946767729,3.0259402760785914,137.44066902898973,144.67092710925687,133.83614447809035,34.3204566344385,26.40000554375559,48.33267860611912,7.312638981344266,-22.965425288660548,-0.7804776668569935,1.359095430202944,0,0,1
2006-08,SSMI,Europa,2,8168.0,2.848223331663302,3.785884963471897,0.6272710090832412,-5.503708246644601,2.902674239791148,147.491208968624,160.77977629630797,141.31128421906502,7.312638981344266,11.134821286439633,5.585292201986869,-22.965425288660548,-0.7804776668569935,-22.11167420803153,1.7460298472526472,0,0,0
2006-09,SSMI,Europa,2,8425.900391,3.1574484696375915,2.848223331663302,3.785884963471897,0.6272710090832412,2.666356026931312,113.61922556559244,117.84904912312825,111.18667894999186,-22.965425288660548,-26.701571654174238,-21.317904961059643,-0.7804776668569935,-22.11167420803153,4.216522278378543,0.39923758677984533,0,0,0
2006-10,SSMI,Europa,2,8569.700195,1.7066402084885635,3.1574484696375915,2.848223331663302,3.785884963471897,2.664873753766506,112.73245288479713,100.46679675194525,124.12324234747118,-0.7804776668569935,-14.749590684454382,11.634993975580254,-22.11167420803153,4.216522278378543,6.4485592524549995,0.36987798774225267,0,0,0
2006-11,SSMI,Europa,2,8484.599609,-0.9930404105577773,1.7066402084885635,3.1574484696375915,2.848223331663302,2.5083529530582083,87.80542017618815,84.66829687754313,86.73696505228678,-22.11167420803153,-15.7250956387203,-30.120287375772126,4.216522278378543,6.4485592524549995,-2.420350593251641,-0.7445585542708184,0,0,1
2006-12,SSMI,Europa,2,8785.700195,3.5487895702303707,-0.9930404105577773,1.7066402084885635,3.1574484696375915,2.5813098867765407,91.50775527954102,79.05746866041615,96.69359145625945,4.216522278378543,-6.626834865052256,11.479103975992967,6.4485592524549995,-2.420350593251641,-9.379331496809673,-0.5335730533010896,0,0,1
2007-01,SSMI,Europa,2,9135.099609,3.9769102774397824,3.5487895702303707,-0.9930404105577773,1.7066402084885635,2.655753860501462,97.40868709933373,96.73051378803868,95.33105973274478,6.4485592524549995,22.35468125539841,-1.4091230897458562,-2.420350593251641,-9.379331496809673,-12.100478069879417,-0.24936871439441408,0,0,0
2007-02,SSMI,Europa,2,8789.700195,-3.7810142065633268,3.9769102774397824,3.5487895702303707,-0.9930404105577773,3.0427370942339387,95.05105536324638,89.62849848611015,97.72646740504673,-2.420350593251641,-7.342063040718328,2.5127253164051178,-9.379331496809673,-12.100478069879417,21.277337532296347,-0.3323976887352762,0,0,0
2007-03,SSMI,Europa,2,8977.0,2.130900950484582,-3.7810142065633268,3.9769102774397824,3.5487895702303707,3.055899275914174,86.13590178951141,82.20472852645382,85.6678963938067,-9.379331496809673,-8.282823080882917,-12.339104575693804,-12.100478069879417,21.277337532296347,7.364126721593589,-0.7423013756406779,0,0,0
2007-04,SSMI,Europa,2,9428.299805,5.027289796145706,2.130900950484582,-3.7810142065633268,3.9769102774397824,3.2577670369328633,75.71304588317871,82.1852602005005,68.55693855285645,-12.100478069879417,-0.023682732492769087,-19.973594031412766,21.277337532296347,7.364126721593589,15.619378517191729,-1.1858271590857998,0,0,1
2007-05,SSMI,Europa,2,9450.799805,0.23864323860456338,5.027289796145706,2.130900950484582,-3.7810142065633268,2.4852302610183314,91.82276621172505,103.15781870195943,82.37121458976499,21.277337532296347,25.518637344815765,20.150077189135175,7.364126721593589,15.619378517191729,-27.075906953096485,-0.4274257163072001,0,0,1
2007-06,SSMI,Europa,2,9209.400391,-2.554274971228232,0.23864323860456338,5.027289796145706,2.130900950484582,2.780423893284324,98.5847110748291,110.01365140279134,88.00655695597331,7.364126721593589,6.645965169775048,6.841397682763484,15.619378517191729,-27.075906953096485,11.546988654440726,-0.15149908320847785,0,0,1
2007-07,SSMI,Europa,2,8885.0,-3.5224919889141004,-2.554274971228232,0.23864323860456338,5.027289796145706,3.043892023773095,113.9830302576865,129.01673864549207,104.86104534518334,15.619378517191729,17.2733901660304,19.151400727609147,-27.075906953096485,11.546988654440726,8.890282235271773,0.8438942046709289,0,0,0
2007-08,SSMI,Europa,2,8881.5,-0.03939223410241999,-3.5224919889141004,-2.554274971228232,0.23864323860456338,2.9967204668693883,83.12109104279548,100.07418700187436,73.35449858634702,-27.075906953096485,-22.433175685168337,-30.045997210043584,11.546988654440726,8.890282235271773,-11.738998432242253,-0.9018285901965774,0,0,1
2007-09,SSMI,Europa,2,8933.5,0.5854866858075791,-0.03939223410241999,-3.5224919889141004,-2.554274971228232,2.8985775694863345,92.71907399495443,90.46699282328288,93.58469161987304,11.546988654440726,-9.600072172868657,27.578667189324,8.890282235271773,-11.738998432242253,6.2146853340762975,-0.3042948164958451,0,0,1
2007-10,SSMI,Europa,2,9019.599609,0.9637836122460497,0.5854866858075791,-0.03939223410241999,-3.5224919889141004,2.8789608146877077,100.96206135903635,95.91243030178931,103.74951417984501,8.890282235271773,6.019253330486496,10.861629593502276,-11.738998432242253,6.2146853340762975,-14.642856634877798,0.15333338680998607,0,0,0
2007-11,SSMI,Europa,2,8828.400391,-2.119819352171881,0.9637836122460497,0.5854866858075791,-0.03939223410241999,2.9483812883017846,89.11012655893961,80.4546085993449,95.28441146214803,-11.738998432242253,-16.116598916121973,-8.159173355764459,6.2146853340762975,-14.642856634877798,1.0531282092792749,-0.5828290894031587,0,0,1
2007-12,SSMI,Europa,2,8484.5,-3.895387338238354,-2.119819352171881,0.9637836122460497,0.5854866858075791,3.0016918872523344,94.64804052537487,85.06247354322865,97.48771335232642,6.2146853340762975,5.727285265696103,2.3123424454939867,-14.642856634877798,1.0531282092792749,-4.221155249228914,-0.24424836443298129,0,0,0
2008-01,SSMI,Europa,2,7670.399902,-9.595145241322411,-3.895387338238354,-2.119819352171881,0.9637836122460497,3.7325431595700236,80.78886364352319,81.53163952981272,76.77330804640248,-14.642856634877798,-4.150871549275559,-21.248221538503877,1.0531282092792749,-4.221155249228914,-8.092695384500992,-1.030238765598614,0,0,1
2008-02,SSMI,Europa,2,7533.899902,-1.7795682329992846,-9.595145241322411,-3.895387338238354,-2.119819352171881,3.659509491449251,81.6396739565093,88.45064189516265,72.8041961275298,1.0531282092792749,8.48627895287195,-5.169911288013928,-4.221155249228914,-8.092695384500992,1.7020307479039154,-0.924475523282837,0,0,0
2008-03,SSMI,Europa,2,7224.299805,-4.109426738173305,-1.7795682329992846,-9.595145241322411,-3.895387338238354,3.5836807650041256,78.19353657384073,84.13256103761735,72.61432629246866,-4.221155249228914,-4.881910142227531,-0.2607951809928011,-8.092695384500992,1.7020307479039154,18.740602004999385,-1.0661920521595403,0,0,0
2008-04,SSMI,Europa,2,7529.0,4.217712487362646,-4.109426738173305,-1.7795682329992846,-9.595145241322411,3.4499632216459943,71.86557184855143,70.36499150594075,69.58370641072591,-8.092695384500992,-16.364139355654284,-4.173583969554883,1.7020307479039154,18.740602004999385,3.0983884950956497,-1.3333965961012133,0,0,1
2008-05,SSMI,Europa,2,7511.299805,-0.23509357152344812,4.217712487362646,-4.109426738173305,-1.7795682329992846,3.4271389088651127,73.08874597857076,75.19145030360067,71.38500275150422,1.7020307479039154,6.85917626701118,2.588675472596913,18.740602004999385,3.0983884950956497,-1.1180904357439236,-1.2102508567294472,0,0,1
2008-06,SSMI,Europa,2,6958.509766,-7.359445812987353,-0.23509357152344812,4.217712487362646,-4.109426738173305,3.780634265329361,86.7860169728597,80.27725048065186,87.26098276774088,18.740602004999385,6.763801145630577,22.23993752791742,3.0983884950956497,-1.1180904357439236,0.8402831055205118,-0.4430783950807696,0,0,1
2008-07,SSMI,Europa,2,7141.209961,2.6255649721538266,-7.359445812987353,-0.23509357152344812,4.217712487362646,4.001286243188715,89.47498493809854,87.2099857945596,84.52966382426601,3.0983884950956497,8.635989987697258,-3.130057508915207,-1.1180904357439236,0.8402831055205118,-27.17747676132537,-0.21996002846280854,0,0,0
2008-08,SSMI,Europa,2,7238.740234,1.3657387688170264,2.6255649721538266,-7.359445812987353,-0.23509357152344812,4.075086235686648,88.47457368912235,105.41860654277187,75.39880838701802,-1.1180904357439236,20.879054826480868,-10.801954040927797,0.8402831055205118,-27.17747676132537,21.79458180831557,-0.18480278958268545,0,1,1
2008-09,SSMI,Europa,2,6654.890137,-8.06563128564395,1.3657387688170264,2.6255649721538266,-7.359445812987353,4.403152867062296,89.21801058451335,95.21897468566894,82.42706019083658,0.8402831055205118,-9.675362055715087,9.321436179392805,-27.17747676132537,21.79458180831557,18.90005212057766,-0.03769254696213948,0,1,0
2008-10,SSMI,Europa,2,6153.209961,-7.538519279390488,-8.06563128564395,1.3657387688170264,2.6255649721538266,4.5073980893698815,64.97080649099043,76.1353960960142,53.63574997071297,-27.17747676132537,-20.041781223387755,-34.929439620272106,21.79458180831557,18.90005212057766,-8.348161215059768,-2.1434157026319185,0,1,1
2008-11,SSMI,Europa,2,5816.600098,-5.4704758188569125,-7.538519279390488,-8.06563128564395,1.3657387688170264,4.548754882377174,79.13092206319173,96.24985440572102,67.7355552037557,21.79458180831557,26.41932575531689,26.288073236119036,18.90005212057766,-8.348161215059768,-22.161447104217558,-0.7595182677418102,0,1,1
2008-12,SSMI,Europa,2,5534.529785,-4.8494018541344825,-5.4704758188569125,-7.538519279390488,-8.06563128564395,4.568022112838291,94.08670757662865,107.55399310204291,87.6594942154423,18.90005212057766,11.744577450134797,29.414299405612443,-8.348161215059768,-22.161447104217558,7.35467474432232,0.6233375017235697,0,1,0
2009-01,SSMI,Europa,2,5290.049805,-4.417357743066153,-4.8494018541344825,-5.4704758188569125,-7.538519279390488,4.155507965216099,86.23219754618984,91.03520405677057,87.53845571702526,-8.348161215059768,-15.358601358110413,-0.1380780250905378,-22.161447104217558,7.35467474432232,19.28906303929281,-0.06406076130466869,0,1,0
2009-02,SSMI,Europa,2,4690.669922,-11.330325896619787,-4.417357743066153,-4.8494018541344825,-5.4704758188569125,4.775558735378848,67.12189470018659,63.14009993416922,65.29873490333557,-22.161447104217558,-30.642106437423532,-25.40565815506419,7.35467474432232,19.28906303929281,6.075574369099579,-1.6713881846745218,0,1,1
2009-03,SSMI,Europa,2,4927.430176,5.047472065547742,-11.330325896619787,-4.417357743066153,-4.8494018541344825,5.405374866640269,72.05849173761183,73.33846209126133,69.22285332218293,7.35467474432232,16.151957579612763,6.0094861327044,19.28906303929281,6.075574369099579,-10.888347911835139,-1.1405010755464262,0,1,1
2009-04,SSMI,Europa,2,5225.919922,6.0577164026362595,5.047472065547742,-11.330325896619787,-4.417357743066153,5.6493488302766925,85.95789963404337,83.50890401204427,85.18863232930501,19.28906303929281,13.86781455565156,23.06431798298285,6.075574369099579,-10.888347911835139,-0.2073196231979657,0.0329756834210831,0,1,1
2009-05,SSMI,Europa,2,5349.740234,2.3693495852996627,6.0577164026362595,5.047472065547742,-11.330325896619787,5.806673680739641,91.18033575242565,93.24943800895444,89.41171313870338,6.075574369099579,11.664066379682492,4.957329040186531,-10.888347911835139,-0.2073196231979657,-9.032432357199339,0.4977999095413013,0,1,0
2009-06,SSMI,Europa,2,5403.970215,1.0136937239558774,2.3693495852996627,6.0577164026362595,5.047472065547742,5.688631891908,81.25230356852214,73.67756567001342,81.75211544036866,-10.888347911835139,-20.988729537503048,-8.566660261226033,-0.2073196231979657,-9.032432357199339,23.549742301368237,-0.3265552025967795,0,1,0
2009-07,SSMI,Europa,2,5950.689941,10.1170010982379,1.0136937239558774,2.3693495852996627,6.0577164026362595,6.576171152643993,81.08385159892421,76.3114563111336,80.97563048331968,-0.2073196231979657,3.5748882542032234,-0.9498041156076997,-9.032432357199339,23.549742301368237,-0.8148729801666255,-0.2627382909944407,0,0,0
2009-08,SSMI,Europa,2,6217.120117,4.477298912253991,10.1170010982379,1.0136937239558774,2.3693495852996627,6.750237321489511,73.76000755063949,78.4546751206921,65.25164118120748,-9.032432357199339,2.8085151472149406,-19.418174589392322,23.549742301368237,-0.8148729801666255,-10.353229076577463,-1.0040004553560047,0,0,1
2009-09,SSMI,Europa,2,6323.180176,1.7059354975302865,4.477298912253991,10.1170010982379,1.0136937239558774,6.407554206219955,91.13029925028484,75.68046391805014,96.45980974833171,23.549742301368237,-3.5360686898189386,47.82740786619817,-0.8148729801666255,-10.353229076577463,18.25563652218536,0.8816289056537101,0,0,0
2009-10,SSMI,Europa,2,6285.759766,-0.5917973070264759,1.7059354975302865,4.477298912253991,10.1170010982379,5.9877602046576985,90.38770306494928,89.20428694448164,89.28504986916819,-0.8148729801666255,17.869635473000866,-7.4380821379212865,-10.353229076577463,18.25563652218536,-2.2371733163945695,0.9151397601578731,0,0,0
2009-11,SSMI,Europa,2,6260.950195,-0.39469486463984405,-0.5917973070264759,1.7059354975302865,4.477298912253991,5.712630626525254,81.02965710957845,82.64781697591145,73.95016460418701,-10.353229076577463,-7.349949417398238,-17.175199305428855,18.25563652218536,-2.2371733163945695,-13.029217772023905,-0.1425267675173771,0,0,1
2009-12,SSMI,Europa,2,6545.910156,4.551385207113912,-0.39469486463984405,-0.5917973070264759,1.7059354975302865,5.513514608608383,95.82213678667623,100.3492317199707,92.03632293208953,18.25563652218536,21.41788542245284,24.457225247174776,-2.2371733163945695,-13.029217772023905,-10.73701462694614,1.5908561015288483,0,0,0
2010-01,SSMI,Europa,2,6440.720215,-1.606956687353589,4.551385207113912,-0.39469486463984405,-0.5917973070264759,5.29221932043838,93.6784295112856,102.653564453125,87.86365244465489,-2.2371733163945695,2.296313278794848,-4.53372142052385,-13.029217772023905,-10.73701462694614,21.862566984562726,1.2320588451155279,0,0,0
2010-02,SSMI,Europa,2,6710.990234,4.196270137158864,-1.606956687353589,4.551385207113912,-0.39469486463984405,3.3276587482245015,81.47286292484829,81.01815795898438,80.05752774647304,-13.029217772023905,-21.07613759872904,-8.88436171384852,-10.73701462694614,21.862566984562726,-1.6770919748616664,-0.1517539998744288,0,0,0
2010-03,SSMI,Europa,2,6873.370117,2.4196113738525815,4.196270137158864,-1.606956687353589,4.551385207113912,3.272315659494391,72.72510971561555,67.32707777330953,73.52030064982753,-10.73701462694614,-16.898779891547267,-8.165661969162553,21.862566984562726,-1.6770919748616664,10.567262949366473,-1.0941896353363345,0,0,1
2010-04,SSMI,Europa,2,6616.819824,-3.7325255098000776,2.4196113738525815,4.196270137158864,-1.606956687353589,3.60591286312438,88.62468554178874,79.6067726135254,92.83870468139648,21.862566984562726,18.238865024799743,26.2762854080008,-1.6770919748616664,10.567262949366473,-17.59668875597209,0.607960427043267,0,0,0
2010-05,SSMI,Europa,2,6312.600098,-4.5976728109863085,-3.7325255098000776,2.4196113738525815,4.196270137158864,4.078610694468718,87.13836805282101,83.16650359861312,86.94786573225453,-1.6770919748616664,4.471643389400404,-6.345240349225156,10.567262949366473,-17.59668875597209,2.79697724964445,0.3828726247882139,0,0,1
2010-06,SSMI,Europa,2,6128.060059,-2.923360202374714,-4.5976728109863085,-3.7325255098000776,2.4196113738525815,4.271824324569194,96.34650853474935,69.67944971720378,111.88416697184245,10.567262949366473,-16.216930251753723,28.67960131002669,-17.59668875597209,2.79697724964445,-11.994283766920088,1.357065673567289,0,0,0
2010-07,SSMI,Europa,2,6200.779785,1.1866679715907713,-2.923360202374714,-4.5976728109863085,-3.7325255098000776,3.2109821760568584,79.39271330064342,81.76249122619629,76.34224307152533,-17.59668875597209,17.340896861315503,-31.766714506854075,2.79697724964445,-11.994283766920088,-8.726501270000398,-0.5011396530748392,0,0,1
2010-08,SSMI,Europa,2,6180.890137,-0.3207604315849655,1.1866679715907713,-2.923360202374714,-4.5976728109863085,2.9434568140152826,81.61330942953786,84.75737048733619,74.11711311340332,2.79697724964445,3.6629011863820837,-2.9146772070048788,-11.994283766920088,-8.726501270000398,45.83401536726808,-0.22012562720000922,0,0,0
2010-09,SSMI,Europa,2,6296.330078,1.8676911972428378,-0.3207604315849655,1.1866679715907713,-2.923360202374714,2.9523811822145563,71.82437750498454,70.37432320912679,69.72902139027913,-11.994283766920088,-16.969671422685785,-5.920483865055792,-8.726501270000398,45.83401536726808,2.3956021728043453,-1.2145632690267665,0,0,0
2010-10,SSMI,Europa,2,6472.22998,2.793689336818783,1.8676911972428378,-0.3207604315849655,1.1866679715907713,3.0503511154809972,65.55662228984218,74.25972569373346,63.16021014798072,-8.726501270000398,5.521051297446489,-9.4204839123329,45.83401536726808,2.3956021728043453,-19.46454465246935,-1.919177895726568,0,0,1
2010-11,SSMI,Europa,2,6312.430176,-2.469006887792946,2.793689336818783,1.8676911972428378,-0.3207604315849655,3.1496284581212164,95.60385462443034,80.85895284016927,102.02185897827148,45.83401536726808,8.886683979486731,61.528688297965076,2.3956021728043453,-19.46454465246935,12.806536842294957,1.291041578905604,1,0,1
2010-12,SSMI,Europa,2,6436.040039,1.9581977075955326,-2.469006887792946,2.793689336818783,1.8676911972428378,2.8962477887752227,97.89414264309791,94.39043466506466,98.9651261606524,2.3956021728043453,16.73467358851721,-2.9961547929352017,-19.46454465246935,12.806536842294957,53.00774228080458,1.4848186772493326,0,0,0
2011-01,SSMI,Europa,2,6479.149902,0.6698196832022552,1.9581977075955326,-2.469006887792946,2.793689336818783,2.8631066327186914,78.83949353618007,77.48969244187877,77.08557048920662,-19.46454465246935,-17.9051429132163,-22.108349193561573,12.806536842294957,53.00774228080458,-33.36802641662523,-0.4750384228910944,0,1,1
2011-02,SSMI,Europa,2,6610.439941,2.026346681058766,0.6698196832022552,1.9581977075955326,-2.469006887792946,2.6398249036159496,88.93610232216972,84.70568302699498,89.67357962472099,12.806536842294957,9.312194122500305,16.329916293837265,53.00774228080458,-33.36802641662523,15.221272067740333,0.5147852069653104,0,1,1
2011-03,SSMI,Europa,2,6357.549805,-3.8256173304214935,2.026346681058766,0.6698196832022552,1.9581977075955326,2.7139184726939574,136.0791222356981,156.13775290212322,126.68266185637444,53.00774228080458,84.32972537670638,41.27088757528632,-33.36802641662523,15.221272067740333,-19.08316741489856,3.6246571728768533,1,1,0
2011-04,SSMI,Europa,2,6539.700195,2.865103626191745,-3.8256173304214935,2.026346681058766,0.6698196832022552,2.69290044114059,90.67220478057861,111.14294446309408,73.5580285390218,-33.36802641662523,-28.817379271004796,-41.935204501451274,15.221272067740333,-19.08316741489856,-7.395183206081024,0.2582538320621,0,1,1
2011-05,SSMI,Europa,2,6554.709961,0.22951764687126897,2.865103626191745,-3.8256173304214935,2.026346681058766,2.2835322593253817,104.47366776004914,120.63443325411889,96.0221432101342,15.221272067740333,8.53989323107822,30.539310415579468,-19.08316741489856,-7.395183206081024,10.35534745366633,1.1963348470666315,0,1,0
2011-06,SSMI,Europa,2,6187.069824,-5.608793359087261,0.22951764687126897,2.865103626191745,-3.8256173304214935,2.7217584247219686,84.53678283691406,97.33198216756185,72.88245728810628,-19.08316741489856,-19.316583547476828,-24.098281030229863,-7.395183206081024,10.35534745366633,-3.7587201796722147,-0.2381333011797011,0,1,0
2011-07,SSMI,Europa,2,5783.350098,-6.525216903710184,-5.608793359087261,0.22951764687126897,2.865103626191745,3.2955395004103396,78.2851328695974,99.24549016644877,60.417874859225364,-7.395183206081024,1.9659601667134652,-17.102308144754364,10.35534745366633,-3.7587201796722147,-9.59658500968753,-0.6744404095941262,0,1,1
2011-08,SSMI,Europa,2,5528.52002,-4.406270996599792,-6.525216903710184,-5.608793359087261,0.22951764687126897,3.47813183961552,86.39183038280856,111.57653574789724,62.886020106654016,10.35534745366633,12.424791857813933,4.085124233812376,-3.7587201796722147,-9.59658500968753,10.75561755834511,-0.13693057664267147,0,1,0
2011-09,SSMI,Europa,2,5531.740234,0.058247306482583916,-4.406270996599792,-6.525216903710184,-5.608793359087261,3.3867378224355167,83.14460322062175,93.88602275848389,70.98976675669353,-3.7587201796722147,-15.855047722026761,12.886404062931067,-9.59658500968753,10.75561755834511,1.885317306908374,-0.3489112784017622,0,1,0
2011-10,SSMI,Europa,2,5731.27002,3.6069984771450514,0.058247306482583916,-4.406270996599792,-6.525216903710184,3.4769222834040567,75.16556069158739,90.57414713213521,63.65037210526005,-9.59658500968753,-3.5275491804230286,-10.338665679221236,10.75561755834511,1.885317306908374,-8.156193496580155,-0.8690907544536027,0,0,1
2011-11,SSMI,Europa,2,5652.310059,-1.3777044306839237,3.6069984771450514,0.058247306482583916,-4.406270996599792,3.4477784495403117,83.25008093516031,70.99307772318522,95.16603965759278,10.75561755834511,-21.6188283621196,49.51372083137953,1.885317306908374,-8.156193496580155,17.437683308734808,-0.29755002076007414,0,0,1
2011-12,SSMI,Europa,2,5936.22998,5.023077609621263,-1.3777044306839237,3.6069984771450514,0.058247306482583916,3.77370446165087,84.81960911904612,77.63644483012538,86.84766141829952,1.885317306908374,9.357767433106435,-8.740910380659695,-8.156193496580155,17.437683308734808,-3.722992679209569,-0.15314732600468142,0,0,0
2012-01,SSMI,Europa,2,5970.490234,0.5771382529893065,5.023077609621263,-1.3777044306839237,3.6069984771450514,3.770951163098989,77.90155767625377,61.71806113950668,91.26849322165212,-8.156193496580155,-20.503751460347488,5.090329124764548,17.437683308734808,-3.722992679209569,11.683646516830692,-0.6044036259967932,0,0,1
2012-02,SSMI,Europa,2,6109.930176,2.3354856391177847,0.5771382529893065,5.023077609621263,-1.3777044306839237,3.7916212966689153,91.4857845964103,77.98118065143454,103.34518873280493,17.437683308734808,26.350664962022897,13.232053126837195,-3.722992679209569,11.683646516830692,-21.032583801878502,0.3455942766440141,0,0,0
2012-03,SSMI,Europa,2,6235.509766,2.055335926640889,2.3354856391177847,0.5771382529893065,5.023077609621263,3.7142897242623847,88.0797755333685,86.14695296748992,86.66009946023264,-3.722992679209569,10.47146535592387,-16.145008274851524,11.683646516830692,-21.032583801878502,-0.11563419129990704,0.05496641858514284,0,0,1
2012-04,SSMI,Europa,2,6096.339844,-2.2318932568888505,2.055335926640889,2.3354856391177847,0.5771382529893065,3.635326363429999,98.3707051595052,88.1813424428304,104.64068247477213,11.683646516830692,2.3615338735291314,20.748398774675515,-21.032583801878502,-0.11563419129990704,4.661354718603983,0.7745442600702505,0,0,0
2012-05,SSMI,Europa,2,5849.899902,-4.042424607324757,-2.2318932568888505,2.055335926640889,2.3354856391177847,3.762003088469532,77.68080416033345,69.08255398658014,79.93533497471964,-21.032583801878502,-21.65853674617435,-23.60969645434864,-0.11563419129990704,4.661354718603983,-7.806712344159738,-0.6966679763797997,0,0,0
2012-06,SSMI,Europa,2,6066.859863,3.70878074214267,-4.042424607324757,-2.2318932568888505,2.055335926640889,3.6569082492793736,77.59097859064738,81.92765919367473,70.51085557937623,-0.11563419129990704,18.59384817994694,-11.790129356840751,4.661354718603983,-7.806712344159738,-7.87534886252107,-0.6468544531804323,0,0,1
2012-07,SSMI,Europa,2,6399.27002,5.479113816807812,3.70878074214267,-4.042424607324757,-2.2318932568888505,3.3706500437765543,81.20776933239353,89.00009404459307,77.46019707956621,4.661354718603983,8.632536216126097,9.8557044062058,-7.806712344159738,-7.87534886252107,18.802659577001602,-0.3926547006231566,0,0,0
2012-08,SSMI,Europa,2,6388.009766,-0.1759615388131408,5.479113816807812,3.70878074214267,-4.042424607324757,2.9617859972974974,74.8681123795048,78.25724669425718,70.49690803404778,-7.806712344159738,-12.070602245603512,-8.989505976038025,-7.87534886252107,18.802659577001602,-2.6717656381202715,-0.8201291777019274,0,0,0
2012-09,SSMI,Europa,2,6495.879883,1.688634190481908,-0.1759615388131408,5.479113816807812,3.70878074214267,2.9393900241651605,68.97198734283447,65.10240313212077,68.31967938741049,-7.87534886252107,-16.80974493458861,-3.0884030340532886,18.802659577001602,-2.6717656381202715,-5.994197564654025,-1.2202075636257568,0,0,1
2012-10,SSMI,Europa,2,6595.129883,1.5278915526092396,1.688634190481908,-0.1759615388131408,5.479113816807812,2.8567667443377416,81.94055532640026,86.90206847652313,75.07558896464687,18.802659577001602,33.48519301224788,9.888672836016443,-2.6717656381202715,-5.994197564654025,20.367269576878645,-0.3694110124128443,0,0,0
2012-11,SSMI,Europa,2,6820.600098,3.418738053683912,1.5278915526092396,1.688634190481908,-0.1759615388131408,2.796092762555682,79.75129572550456,87.46022033691406,73.34758491516114,-2.6717656381202715,0.6422768412488677,-2.301685638855866,-5.994197564654025,20.367269576878645,-8.164537558505069,-0.4847113582862031,0,0,0
2012-12,SSMI,Europa,2,6822.439941,0.026974796551093583,3.418738053683912,1.5278915526092396,1.688634190481908,2.607904656064822,74.97084549934634,85.26028196273312,64.21883093926215,-5.994197564654025,-2.515358829084069,-12.44588214657365,20.367269576878645,-8.164537558505069,-9.751520162523587,-0.7721678806588171,0,0,1
2013-01,SSMI,Europa,2,7390.859863,8.331622218966483,0.026974796551093583,3.418738053683912,1.5278915526092396,3.3072304914792143,90.24035970626339,109.75873522604665,83.89209476594002,20.367269576878645,28.73372301773727,30.634727445108332,-8.164537558505069,-9.751520162523587,25.47476088535521,0.33378525699886924,0,0,0
2013-02,SSMI,Europa,2,7593.669922,2.7440658158775832,8.331622218966483,0.026974796551093583,3.418738053683912,3.314850139762891,82.87265164511544,87.37166687420437,78.62591293879917,-8.164537558505069,-20.3966165478642,-6.2773278481525026,-9.751520162523587,25.47476088535521,-11.144978564302333,-0.19920816864343685,0,0,0
2013-03,SSMI,Europa,2,7813.669922,2.8971498927366834,2.7440658158775832,8.331622218966483,0.026974796551093583,3.3278361636434095,74.79130831072408,70.25588681620937,79.46081779849145,-9.751520162523587,-19.589622895300696,1.0618698447955044,25.47476088535521,-11.144978564302333,-0.965878998260461,-1.013514684973251,0,0,1
2013-04,SSMI,Europa,2,7906.209961,1.1843351449930761,2.8971498927366834,2.7440658158775832,8.331622218966483,3.0742395588100666,93.84421526590982,83.1100798924764,99.8020144144694,25.47476088535521,18.296250547507608,25.599027520157392,-11.144978564302333,-0.965878998260461,-6.660023976577866,1.3038201103451614,0,0,0
2013-05,SSMI,Europa,2,7947.009766,0.5160475778060336,1.1843351449930761,2.8971498927366834,2.7440658158775832,2.4457969330428497,83.38529759068643,96.31220405332503,76.66901059304514,-11.144978564302333,15.885105847484283,-23.178894691799336,-0.965878998260461,-6.660023976577866,15.266434567502763,0.1681061665247437,0,0,0
2013-06,SSMI,Europa,2,7683.040039,-3.3216232869041074,0.5160475778060336,1.1843351449930761,2.8971498927366834,2.949440616080694,82.57989651362101,85.31224797566732,78.08507897059123,-0.965878998260461,-11.421144584716792,1.8469892419278766,-6.660023976577866,15.266434567502763,10.38976028717007,0.06282779852477731,0,0,0
2013-07,SSMI,Europa,2,7820.430176,1.7882262268918536,-3.3216232869041074,0.5160475778060336,1.1843351449930761,2.7417908601673306,77.08005560598066,75.28471995938209,75.0804361527966,-6.660023976577866,-11.753913716053145,-3.847909046651865,15.266434567502763,10.38976028717007,-24.991962578693006,-0.7292898821973308,0,0,1
2013-08,SSMI,Europa,2,7745.970215,-0.9521210384117795,1.7882262268918536,-3.3216232869041074,0.5160475778060336,2.799109420603847,88.84743185966245,104.42809732498661,78.84740774093136,15.266434567502763,38.71087968624718,5.017247875956099,10.38976028717007,-24.991962578693006,4.327385501849101,0.9539072115700641,0,0,1
2013-09,SSMI,Europa,2,8022.600098,3.57127480898789,-0.9521210384117795,1.7882262268918536,-3.3216232869041074,2.853449615842116,98.07846705118816,97.374010403951,98.14722569783528,10.38976028717007,-6.754970263494176,24.47742863064981,-24.991962578693006,4.327385501849101,-8.47958052592066,1.985063817732131,0,0,0
2013-10,SSMI,Europa,2,8234.290039,2.638669987461717,3.57127480898789,-0.9521210384117795,1.7882262268918536,2.861434514112281,73.56673326799947,80.33374651016727,65.35439909658125,-24.991962578693006,-17.499807005065403,-33.411873201809016,4.327385501849101,-8.47958052592066,11.926947066993353,-1.1842847482493826,0,0,1
2013-11,SSMI,Europa,2,8264.200195,0.36323903892547804,2.638669987461717,3.57127480898789,-0.9521210384117795,2.850279511463101,76.75024941762288,52.19944121042887,91.32140051523844,4.327385501849101,-35.02177667784688,39.732599148043505,-8.47958052592066,11.926947066993353,-10.628031863710918,-0.7302356457466846,0,0,0
2013-12,SSMI,Europa,2,8202.980469,-0.7407822239959616,0.36323903892547804,2.638669987461717,3.57127480898789,2.898212315443025,70.2421502144106,68.61865160542149,68.88867827384702,-8.47958052592066,31.45476276039567,-24.564584111528333,11.926947066993353,-10.628031863710918,70.12768145517792,-1.4153214775509915,0,0,1
2014-01,SSMI,Europa,2,8191.330078,-0.14202631645934272,-0.7407822239959616,0.36323903892547804,2.638669987461717,1.9972316422371745,78.61989428920131,86.78251980197045,68.41249278283888,11.926947066993353,26.4707448654002,-0.6912391164121345,-10.628031863710918,70.12768145517792,-22.3830484610423,-0.400710165838595,0,0,0
2014-02,SSMI,Europa,2,8475.330078,3.4670804044725223,-0.14202631645934272,-0.7407822239959616,0.36323903892547804,2.0682577172673517,70.26414687292916,61.49816117967878,73.86041593551636,-10.628031863710918,-29.135312825656822,7.963345481315476,70.12768145517792,-22.3830484610423,-10.343908404842095,-1.3004457666171292,0,1,1
2014-03,SSMI,Europa,2,8453.820313,-0.2537926523455969,3.4670804044725223,-0.14202631645934272,-0.7407822239959616,1.995822804324569,119.53876396917528,75.00083989481772,150.81426780454575,70.12768145517792,21.956231627297342,104.18821894560378,-22.3830484610423,-10.343908404842095,18.018621331537332,3.2754976148498836,1,1,0
2014-04,SSMI,Europa,2,8476.660156,0.2701718531310293,-0.2537926523455969,3.4670804044725223,-0.14202631645934272,1.9921217684416055,92.7823445002238,61.30099623998006,112.3606637954712,-22.3830484610423,-18.266253650026478,-25.49732500038402,-10.343908404842095,18.018621331537332,38.660193810520525,0.9648550951925742,0,1,0
2014-05,SSMI,Europa,2,8674.519531,2.334166657134995,0.2701718531310293,-0.2537926523455969,3.4670804044725223,2.0533241552745127,83.18502376925561,75.96359517497402,92.24833537686256,-10.343908404842095,23.919022257963118,-17.89979494533681,18.018621331537332,38.660193810520525,-2.7048677246242936,0.07732757889483634,0,1,1
2014-06,SSMI,Europa,2,8554.519531,-1.3833619207514358,2.334166657134995,0.2701718531310293,-0.2537926523455969,1.758881961098134,98.1738182067871,105.45366484324137,96.13338797887167,18.018621331537332,38.82131908098889,4.211515130476329,38.660193810520525,-2.7048677246242936,-1.419314844118058,1.3100368914918,0,1,1
2014-07,SSMI,Europa,2,8410.269531,-1.686243154595235,-1.3833619207514358,2.334166657134995,0.2701718531310293,1.8833509822788614,136.12800659671908,115.96761592741936,161.79567853866084,38.660193810520525,9.970209285573105,68.30331473828896,-2.7048677246242936,-1.419314844118058,-38.12192153075063,3.222536139713079,0,1,0
2014-08,SSMI,Europa,2,8658.969727,2.9571013756847897,-1.686243154595235,-1.3833619207514358,2.334166657134995,1.9236316648937777,132.44592408211,107.58255644767515,154.04245942638767,-2.7048677246242936,-7.230518117223495,-4.791981579669047,-1.419314844118058,-38.12192153075063,4.1467635433172,2.445848791870672,0,1,0
2014-09,SSMI,Europa,2,8835.139648,2.034536746914317,2.9571013756847897,-1.686243154595235,-1.3833619207514358,1.7789459300802033,130.56609942118328,121.00510635375977,142.43847586313885,-1.419314844118058,12.476511387431977,-7.53297734044166,-38.12192153075063,4.1467635433172,1.5573648683008257,2.034635004614549,0,1,0
2014-10,SSMI,Europa,2,8837.780273,0.02988775622350115,2.034536746914317,2.9571013756847897,-1.686243154595235,1.6940769271870193,80.79179345407793,74.09397866649013,83.08987451368763,-38.12192153075063,-38.76789096000993,-41.66613058010812,4.1467635433172,1.5573648683008257,26.783666844919374,-0.48645379517397036,0,0,1
2014-11,SSMI,Europa,2,9150.459961,3.537988933208225,0.02988775622350115,2.034536746914317,2.9571013756847897,1.8896421519738251,84.14203809102376,77.99142316182454,87.09242757161458,4.1467635433172,5.26013660688609,4.817136963262114,1.5573648683008257,26.783666844919374,3.8473610430540095,-0.32739728608346297,0,0,1
2014-12,SSMI,Europa,2,8983.370117,-1.8260267211938075,3.537988933208225,0.02988775622350115,2.034536746914317,1.996616549143612,85.45243663172567,94.30592924548733,80.33614915417087,1.5573648683008257,20.918333609340344,-7.7575957012888885,26.783666844919374,3.8473610430540095,-8.025303643352133,-0.2865574549034715,0,0,1
2015-01,SSMI,Europa,2,8385.129883,-6.659418750518798,-1.8260267211938075,3.537988933208225,0.02988775622350115,2.9354275868569744,108.33973257003292,146.6483586834323,81.6583960748488,26.783666844919374,55.50279802841731,1.6458928323044741,3.8473610430540095,-8.025303643352133,-3.786405996924136,0.8398251083784557,0,0,1
2015-02,SSMI,Europa,2,9014.530273,7.50614956216773,-6.659418750518798,-1.8260267211938075,3.537988933208225,3.5142106908057373,112.50795323508126,110.62664944784981,116.82035664149693,3.8473610430540095,-24.56332246673284,43.05982269651534,-8.025303643352133,-3.786405996924136,-25.261601602650142,0.9715915138357889,0,0,0
2015-03,SSMI,Europa,2,9128.980469,1.2696190764680981,7.50614956216773,-6.659418750518798,-1.8260267211938075,3.5091893132414667,103.47884836504537,80.65029876462874,119.2300068024666,-8.025303643352133,-27.096862132981926,2.0626971447831766,-3.786405996924136,-25.261601602650142,14.61646704169861,0.4687794836747721,0,0,0
2015-04,SSMI,Europa,2,9077.120117,-0.5680848170954711,1.2696190764680981,7.50614956216773,-6.659418750518798,3.5267945935889764,99.56071904500325,92.08395849863687,107.84801419576009,-3.786405996924136,14.17683493941706,-9.546248391618018,-25.261601602650142,14.61646704169861,24.558055668202016,0.25841467982350513,0,0,0
2015-05,SSMI,Europa,2,9237.790039,1.7700539370310908,-0.5680848170954711,1.2696190764680981,7.50614956216773,3.505694262393371,74.41008684712071,71.70904147240424,75.1276002699329,-25.261601602650142,-22.126456506031122,-30.339375434799198,14.61646704169861,24.558055668202016,-23.96457036562888,-0.976620995350697,0,0,1
2015-06,SSMI,Europa,2,8780.910156,-4.945770374420166,1.7700539370310908,-0.5680848170954711,1.2696190764680981,3.8236558226897412,85.28621266682943,88.44556840260823,80.42666390736898,14.61646704169861,23.33949330035976,7.053417942802098,24.558055668202016,-23.96457036562888,19.18166619724222,-0.44308919114331674,0,0,1
2015-07,SSMI,Europa,2,9428.169922,7.371214993672681,-4.945770374420166,1.7700539370310908,-0.5680848170954711,4.267384498048478,106.23084825085056,89.69054517438335,118.30285398421749,24.558055668202016,1.4076191653921155,47.09407084256565,-23.96457036562888,19.18166619724222,-10.263558111944526,0.5456361334795071,0,0,0
2015-08,SSMI,Europa,2,8824.55957,-6.402200607262243,7.371214993672681,-4.945770374420166,1.7700539370310908,4.716733741363997,80.77308187177104,72.6687409493231,83.29964871560374,-23.96457036562888,-18.978370788097155,-29.58779445277242,19.18166619724222,-10.263558111944526,69.33668679688365,-0.7123350831475163,0,0,1
2015-09,SSMI,Europa,2,8513.410156,-3.5259483663953484,-6.402200607262243,7.371214993672681,-4.945770374420166,4.798951499630848,96.26670481363932,79.88457260131835,111.3503412882487,19.18166619724222,9.929760111059792,33.674442815976114,-10.263558111944526,69.33668679688365,-3.9551845660048213,0.0642386706420011,0,0,0
2015-10,SSMI,Europa,2,8938.650391,4.994945940673401,-3.5259483663953484,-6.402200607262243,7.371214993672681,5.02941155910923,86.38631562263735,101.0595084159605,75.2390812904604,-10.263558111944526,26.506915071474868,-32.43030922043458,69.33668679688365,-3.9551845660048213,-17.462244964117836,-0.46539997130577987,0,0,1
2015-11,SSMI,Europa,2,8993.099609,0.6091436136133499,4.994945940673401,-3.5259483663953484,-6.402200607262243,4.923182443889693,146.2837247212728,206.72467168172201,112.25876941680909,69.33668679688365,104.55736914021405,49.20273811350009,-3.9551845660048213,-17.462244964117836,-12.711604183681224,2.2021073610924744,1,0,0
2015-12,SSMI,Europa,2,8818.089844,-1.9460449968201954,0.6091436136133499,4.994945940673401,-3.5259483663953484,4.92727445057109,140.49793341852003,194.36913816390498,108.1629870014806,-3.9551845660048213,-5.976806453387384,-3.648518896658426,-17.462244964117836,-12.711604183681224,4.015245447232085,1.7405500614050073,0,0,0
2016-01,SSMI,Europa,2,8319.80957,-5.650659982093975,-1.9460449968201954,0.6091436136133499,4.994945940673401,4.81138952765858,115.96384011545489,110.91858869983304,120.46343551143524,-17.462244964117836,-42.934053344261315,11.37214203393464,-12.711604183681224,4.015245447232085,-20.571703453499047,0.5901208640110405,0,0,0
2016-02,SSMI,Europa,2,7843.629883,-5.723444545137591,-5.650659982093975,-1.9460449968201954,0.6091436136133499,4.44704412816874,101.22297576378132,113.22725730106748,90.85711604151233,-12.711604183681224,2.0814082006417767,-24.57701736981631,4.015245447232085,-20.571703453499047,1.2679298080407353,-0.14074225534914356,0,0,1
2016-03,SSMI,Europa,2,7807.890137,-0.45565314188855677,-5.723444545137591,-5.650659982093975,-1.9460449968201954,4.392353530972233,105.2873266896894,122.04758010372039,93.74349009606146,4.015245447232085,7.78992886774601,3.1768277272089085,-20.571703453499047,1.2679298080407353,4.556577350732516,0.08165049546770788,0,0,0
2016-04,SSMI,Europa,2,7960.850098,1.9590434588103722,-0.45565314188855677,-5.723444545137591,-5.650659982093975,4.485319690591156,83.62793006896973,90.3290501912435,79.78639167149862,-20.571703453499047,-25.98865941096199,-14.888605502377427,1.2679298080407353,4.556577350732516,26.501697966147653,-0.929113059578285,0,0,1
2016-05,SSMI,Europa,2,8216.419922,3.210333329404169,1.9590434588103722,-0.45565314188855677,-5.723444545137591,4.584229241605173,84.68827352216167,88.0693675010435,82.82368420016381,1.2679298080407353,-2.5016123665817624,3.806780160168821,4.556577350732516,26.501697966147653,-11.965066413420121,-0.8842870925696081,0,0,1
2016-06,SSMI,Europa,2,8020.149902,-2.3887535187250286,3.210333329404169,1.9590434588103722,-0.45565314188855677,4.434823972380473,88.54716021219889,97.87790400187174,80.03160365422566,4.556577350732516,11.137285050573364,-3.3711136770858907,26.501697966147653,-11.965066413420121,5.177677420867943,-0.675385337292379,0,0,1
2016-07,SSMI,Europa,2,8127.200195,1.334766735136772,-2.3887535187250286,3.210333329404169,1.9590434588103722,3.726541503561793,112.01366116923671,143.21993846278036,94.82303280984202,26.501697966147653,46.32509750110867,18.481985216143258,-11.965066413420121,5.177677420867943,-16.921676258939698,0.504740816275006,0,0,0
2016-08,SSMI,Europa,2,8202.129883,0.9219618835782706,1.334766735136772,-2.3887535187250286,3.210333329404169,3.3739718490028863,98.61115221823415,123.22047128985005,80.60763149876749,-11.965066413420121,-13.964164059550777,-14.991506693929601,5.177677420867943,-16.921676258939698,-3.0021981619094418,-0.09695177493770867,0,0,1
2016-09,SSMI,Europa,2,8139.009766,-0.7695576380815972,0.9219618835782706,1.334766735136772,-2.3887535187250286,3.2446746384761975,103.71691958109538,119.65013109842936,94.2956667582194,5.177677420867943,-2.897521940994874,16.98106619056434,-16.921676258939698,-3.0021981619094418,21.584843002401332,0.24419612754655895,0,0,0
2016-10,SSMI,Europa,2,7827.740234,-3.824415266096637,-0.7695576380815972,0.9219618835782706,1.334766735136772,2.9117881054430645,86.16627822383758,100.4282025367983,80.40413419661984,-16.921676258939698,-16.065112829519823,-14.731888578950725,-3.0021981619094418,21.584843002401332,3.2171336265169437,-0.755613313542009,0,0,0
2016-11,SSMI,Europa,2,7875.189941,0.6061737561742442,-3.824415266096637,-0.7695576380815972,0.9219618835782706,2.9116334357403715,83.57939580281575,85.52786210378011,80.94508310953776,-3.0021981619094418,-14.836808841180337,0.6727874360229924,21.584843002401332,3.2171336265169437,7.91479544055298,-0.8991235723515687,0,0,1
2016-12,SSMI,Europa,2,8219.870117,4.376785557965013,0.6061737561742442,-3.824415266096637,-0.7695576380815972,3.2849842127350346,101.61987716920915,112.50576536117062,94.95736854307113,21.584843002401332,31.54282428415589,17.310854341296356,3.2171336265169437,7.91479544055298,-12.981087348955,0.08052018995459746,0,0,1
2017-01,SSMI,Europa,2,8291.69043,0.8737402413629969,4.376785557965013,0.6061737561742442,-3.824415266096637,2.8754692861689666,104.88912440884498,102.22949655594364,108.44574915978217,3.2171336265169437,-9.133993064477785,14.204669762508138,7.91479544055298,-12.981087348955,16.858108837707487,0.2764772290213544,0,0,1
2017-02,SSMI,Europa,2,8545.80957,3.0647446638935705,0.8737402413629969,4.376785557965013,0.6061737561742442,2.3543611228518055,113.19088404519218,94.91658476420811,125.99899278368268,7.91479544055298,-7.153426396591556,16.186197946807358,-12.981087348955,16.858108837707487,-11.924009642381684,0.7499284136946149,0,0,0
2017-03,SSMI,Europa,2,8658.889648,1.3232225346673676,3.0647446638935705,0.8737402413629969,4.376785557965013,2.3279212956428212,98.49747651623142,99.26259293094758,97.23793039014262,-12.981087348955,4.578765847439437,-22.826422464279194,16.858108837707487,-11.924009642381684,25.21966237763813,-0.07970292612513222,0,0,1
2017-04,SSMI,Europa,2,8812.669922,1.7759814508724991,1.3232225346673676,3.0647446638935705,0.8737402413629969,2.3208727824765507,115.10228830973307,101.26866887410482,124.87095286051432,16.858108837707487,2.0209787835713477,28.417945918327536,-11.924009642381684,25.21966237763813,-19.96658607237466,0.8218982347521404,0,0,0
2017-05,SSMI,Europa,2,9016.639648,2.3145054541394927,1.7759814508724991,1.3232225346673676,3.0647446638935705,2.2523365212019266,101.37748035307854,98.86025521063036,100.89005654858005,-11.924009642381684,-2.378241651885993,-19.204543380654638,25.21966237763813,-19.96658607237466,34.9537634693037,-0.016757352017186686,0,0,1
2017-06,SSMI,Europa,2,8906.889648,-1.217194035522351,2.3145054541394927,1.7759814508724991,1.3232225346673676,2.123204558135883,126.94453862508138,146.7019323984782,113.13888193766276,25.21966237763813,48.393236580177735,12.140765708843393,-19.96658607237466,34.9537634693037,-13.40475581527194,1.3684569567814138,0,0,0
2017-07,SSMI,Europa,2,9055.0,1.6628739981443097,-1.217194035522351,2.3145054541394927,1.7759814508724991,2.131431690214957,101.59804805632561,69.98286450293756,124.43094007430538,-19.96658607237466,-52.29588093437852,9.980705079677499,34.9537634693037,-13.40475581527194,-22.585571348701183,-0.09325574279342158,0,0,1
2017-08,SSMI,Europa,2,8925.450195,-1.4306991165102256,1.6628739981443097,-1.217194035522351,2.3145054541394927,2.237379330033976,137.11038946336316,109.75087941077447,156.3583743187689,34.9537634693037,56.82536030826179,25.658758364597812,-13.40475581527194,-22.585571348701183,1.45640671502556,1.769125616283447,0,0,0
2017-09,SSMI,Europa,2,9157.459961,2.5994180789891352,-1.4306991165102256,1.6628739981443097,-1.217194035522351,2.2435139221063136,118.73107655843098,86.45641419092814,146.35588200887045,-13.40475581527194,-21.22485518558812,-6.397158037411099,-22.585571348701183,1.45640671502556,-9.265018521286283,0.6833153665668898,0,0,0
2017-10,SSMI,Europa,2,9242.179688,0.9251443889550792,2.5994180789891352,-1.4306991165102256,1.6628739981443097,1.654706922846265,91.91498454924553,71.24007597277242,109.52413552807224,-22.585571348701183,-17.60001078063723,-25.16588057497128,1.45640671502556,-9.265018521286283,8.729366354164325,-0.8369177242663346,0,0,1
2017-11,SSMI,Europa,2,9318.769531,0.8286989171985448,0.9251443889550792,2.5994180789891352,-1.4306991165102256,1.646150690317376,93.25364055633545,80.09026870727538,105.41860446929931,1.45640671502556,12.423053476087631,-3.748517200321233,-9.265018521286283,8.729366354164325,-28.45406203269154,-0.7153023093285192,0,0,0
2017-12,SSMI,Europa,2,9381.870117,0.6771343125300922,0.8286989171985448,0.9251443889550792,2.5994180789891352,1.3655457457095788,84.61367348701724,64.52695954230524,98.77827345940375,-9.265018521286283,-19.432209950316203,-6.29901244028458,8.729366354164325,-28.45406203269154,65.97083380479091,-1.2336645984463541,0,0,1
2018-01,SSMI,Europa,2,9335.400391,-0.49531410497569706,0.6771343125300922,0.8286989171985448,0.9251443889550792,1.442680240262625,91.99991103141538,75.9898567199707,106.7695834867416,8.729366354164325,17.76450844572981,8.09014953133611,-28.45406203269154,65.97083380479091,11.699680256456425,-0.6525128056178033,0,0,0
2018-02,SSMI,Europa,2,8906.379883,-4.595630503578684,-0.49531410497569706,0.6771343125300922,0.8286989171985448,2.024594119388966,65.82219927651542,53.66386883599417,76.22563787869045,-28.45406203269154,-29.380221055357104,-28.60734734611382,65.97083380479091,11.699680256456425,0.0402988402496085,-2.142949409571251,0,0,1
2018-03,SSMI,Europa,2,8740.969727,-1.8572097549502176,-4.595630503578684,-0.49531410497569706,0.6771343125300922,2.094573194649757,109.2456529678837,64.72115756619361,142.5100219480453,65.97083380479091,20.60471779251023,86.95812316433921,11.699680256456425,0.0402988402496085,-15.333763880707775,0.5900008957372371,1,0,1
2018-04,SSMI,Europa,2,8886.259766,1.6621730029702908,-1.8572097549502176,-4.595630503578684,-0.49531410497569706,2.0865317833926142,122.0270450592041,94.80569979349772,144.06638272603354,11.699680256456425,46.483319147274415,1.092106194858089,0.0402988402496085,-15.333763880707775,5.999256123072527,1.2755117361317614,0,0,1
2018-05,SSMI,Europa,2,8456.950195,-4.831161616978552,1.6621730029702908,-1.8572097549502176,-4.595630503578684,2.391212327855036,122.07622054315382,62.3412499273977,166.9032696139428,0.0402988402496085,-34.24314143222706,15.851641761102208,-15.333763880707775,5.999256123072527,3.182714359079064,1.1736073459445548,0,0,0
2018-06,SSMI,Europa,2,8609.299805,1.80147223865732,-4.831161616978552,1.6621730029702908,-1.8572097549502176,2.467166425072948,103.35734113057454,56.24654754002889,136.8462231318156,-15.333763880707775,-9.776355774814693,-18.008662473569824,5.999256123072527,3.182714359079064,-34.571624462700555,-0.01799698964290039,0,0,1
2018-07,SSMI,Europa,2,9174.330078,6.563022380424588,1.80147223865732,-4.831161616978552,1.6621730029702908,3.1298650974693363,109.5580127469955,85.10936841657085,127.5609563396823,5.999256123072527,51.3148311120806,-6.7851830906501265,3.182714359079064,-34.571624462700555,25.17349771161239,0.37867626972426766,0,0,1
2018-08,SSMI,Europa,2,8973.55957,-2.1883942074577,6.563022380424588,1.80147223865732,-4.831161616978552,3.172096928065324,113.04493135021579,67.86267332876882,146.81783097790134,3.182714359079064,-20.264155883976787,15.096213755986486,-34.571624462700555,25.17349771161239,-13.771045076727717,0.557552855944708,0,0,0
2018-09,SSMI,Europa,2,9087.990234,1.2751981318824823,-2.1883942074577,6.563022380424588,1.80147223865732,3.0990854669055357,73.96346220970153,49.602893877029416,88.1794579188029,-34.571624462700555,-26.906955703436154,-39.939544582922316,25.17349771161239,-13.771045076727717,8.45156427798377,-1.6910069748655194,0,0,1
2018-10,SSMI,Europa,2,9022.160156,-0.7243634324530568,1.2751981318824823,-2.1883942074577,6.563022380424588,3.0899417397520086,92.58265267649004,61.918164991563366,115.57533417978594,25.17349771161239,24.8277270779095,31.06832011397669,-13.771045076727717,8.45156427798377,1.0709526807535674,-0.6268948726858339,0,0,0
2018-11,SSMI,Europa,2,9037.759766,0.1729032707275202,-0.7243634324530568,1.2751981318824823,-2.1883942074577,3.0766938184395425,79.83305384318034,48.951593685150144,103.46333103179931,-13.771045076727717,-20.94146573655724,-10.479747459908284,8.45156427798377,1.0709526807535674,12.624990293825844,-1.3560584289494768,0,0,1
2018-12,SSMI,Europa,2,8429.299805,-6.732420165548348,0.1729032707275202,-0.7243634324530568,1.2751981318824823,3.5838199186843283,86.58019570381411,64.75931516770393,99.9929014944261,8.45156427798377,32.292557386848046,-3.3542603961847828,1.0709526807535674,12.624990293825844,-19.17630273940678,-0.9074144937294559,0,0,1
2019-01,SSMI,Europa,2,8969.269531,6.4058668986919365,-6.732420165548348,0.1729032707275202,-0.7243634324530568,4.151084147708329,87.5074286307058,54.891605531015706,113.59607076644897,1.0709526807535674,-15.237513879098808,13.60413496230144,12.624990293825844,-19.17630273940678,-0.8685045212788456,-0.801073848206824,0,0,1
2019-02,SSMI,Europa,2,9388.94043,4.6789863717386915,6.4058668986919365,-6.732420165548348,0.1729032707275202,4.132616663967552,98.55523300170898,57.736959321158274,130.96962765284948,12.624990293825844,5.183586383777472,15.294153018831214,-19.17630273940678,-0.8685045212788456,33.10270858929771,-0.14271946978709077,0,0,0
2019-03,SSMI,Europa,2,9477.839844,0.9468524660774635,4.6789863717386915,6.4058668986919365,-6.732420165548348,4.064771943085268,79.65598315577353,67.75160512616557,85.8987022830594,-19.17630273940678,17.345294803804002,-34.41326525662569,-0.8685045212788456,33.10270858929771,-1.685648374379367,-1.1424746158846457,0,0,0
2019-04,SSMI,Europa,2,9769.740234,3.0798198197534488,0.9468524660774635,4.6789863717386915,6.4058668986919365,4.113917444717502,78.96416734059652,57.763711071014406,93.91384995778402,-0.8685045212788456,-14.741929783880291,9.330929876347316,33.10270858929771,-1.685648374379367,-9.939817225846037,-1.0844430097283153,0,0,1
2019-05,SSMI,Europa,2,9523.980469,-2.5155199535881634,3.0798198197534488,0.9468524660774635,4.6789863717386915,3.8691804698936223,105.10344554531959,63.40447973435925,133.1031727944651,33.10270858929771,9.765246309071296,41.729013190596916,-1.685648374379367,-9.939817225846037,13.921162899248628,0.33804429903187627,0,0,0
2019-06,SSMI,Europa,2,9898.240234,3.929656998123776,-2.5155199535881634,3.0798198197534488,0.9468524660774635,3.953921524240575,103.3317710240682,51.50454092025757,138.8043354034424,-1.685648374379367,-18.768293445444108,4.283265747376963,-9.939817225846037,13.921162899248628,-12.699931906120154,0.3113759427556039,0,0,0
2019-07,SSMI,Europa,2,9919.269531,0.21245490615355855,3.929656998123776,-2.5155199535881634,3.0798198197534488,3.5845781948132363,93.06078184804609,47.329337519984094,126.32542345600743,-9.939817225846037,-8.10647629446455,-8.990289756558633,13.921162899248628,-12.699931906120154,2.8698387190764008,-0.2605231431616406,0,0,1
2019-08,SSMI,Europa,2,9895.650391,-0.23811370309260171,0.21245490615355855,3.929656998123776,-2.5155199535881634,3.48393239524754,106.01592488442698,74.11447860348609,125.86253258489793,13.921162899248628,56.593103742879094,-0.3664273259061712,-12.699931906120154,2.8698387190764008,-22.581225044357122,0.6360280812730083,0,0,0
2019-09,SSMI,Europa,2,10078.32031,1.8459617284593666,-0.23811370309260171,0.21245490615355855,3.929656998123776,3.4937856568481225,92.55197461446126,70.08315865198772,112.63771381378174,-12.699931906120154,-5.439314999523937,-10.507351552135392,2.8698387190764008,-22.581225044357122,-1.8944804802661475,-0.18151693898220844,0,0,1
2019-10,SSMI,Europa,2,10219.82031,1.4040037987242737,1.8459617284593666,-0.23811370309260171,0.21245490615355855,3.456442195092194,95.20806701721683,69.20361838802215,118.00913903021043,2.8698387190764008,-1.2549951812718674,4.768762641355617,-22.581225044357122,-1.8944804802661475,93.42482713456963,-0.008370969890582997,0,0,0
2019-11,SSMI,Europa,2,10493.24023,2.6753887221721673,1.4040037987242737,1.8459617284593666,-0.23811370309260171,3.4709361202884756,73.70891914367675,52.628954823811846,86.17964719136556,-22.581225044357122,-23.95057361202817,-26.972056656303966,-1.8944804802661475,93.42482713456963,-45.859153499296525,-1.3702344917470703,0,0,0
2019-12,SSMI,Europa,2,10616.94043,1.1788560758033917,2.6753887221721673,1.4040037987242737,1.8459617284593666,2.387049173665483,72.31251805828464,60.52569272441249,79.17934866874448,-1.8944804802661475,15.004550113215975,-8.122913879046889,93.42482713456963,-45.859153499296525,9.297101316181845,-1.3788146832098769,0,0,1
2020-01,SSMI,Europa,2,10627.87988,0.1030376884199935,1.1788560758033917,2.6753887221721673,1.4040037987242737,1.9803262147657172,139.8703630508915,84.9525350447624,191.54257983546103,93.42482713456963,40.35780710775339,141.90976947385673,-45.859153499296525,9.297101316181845,-15.71040369340041,2.3984234895573473,1,1,0
2020-02,SSMI,Europa,2,9831.030273,-7.4977287662005505,0.1030376884199935,1.1788560758033917,2.6753887221721673,3.018397240495254,75.72699855935984,56.10202249987372,87.16311290346343,-45.859153499296525,-33.960743525413385,-54.49413233426306,9.297101316181845,-15.71040369340041,-0.37686680923350035,-1.1696176844696133,0,1,1
2020-03,SSMI,Europa,2,9311.919922,-5.280325017670718,-7.4977287662005505,0.1030376884199935,1.1788560758033917,3.4283639093294127,82.76741433912709,64.03543063132993,98.19669649677891,9.297101316181845,14.141037663079015,12.658546976787765,-15.71040369340041,-0.37686680923350035,3.027754065969246,-0.7094840570068491,0,1,0
2020-04,SSMI,Europa,2,9629.400391,3.409398616604653,-5.280325017670718,-7.4977287662005505,0.1030376884199935,3.457280690815042,69.76431941986084,47.72460098266602,82.26346549987792,-15.71040369340041,-25.47157017272198,-16.225831993669605,-0.37686680923350035,3.027754065969246,-4.293498750492198,-1.3384281588774083,0,1,0
2020-05,SSMI,Europa,2,9831.490234,2.0986752528109998,3.409398616604653,-5.280325017670718,-7.4977287662005505,3.416237418091251,69.50140085527974,42.106849024372714,85.36720494301089,-0.37686680923350035,-11.771186856719284,3.772925714073616,3.027754065969246,-4.293498750492198,-5.254596548829982,-1.2641225588871834,0,1,1
2020-06,SSMI,Europa,2,10045.29981,2.1747422914645043,2.0986752528109998,3.409398616604653,-5.280325017670718,3.2826213328072336,71.60573234558106,51.320197105407715,86.46775321960449,3.027754065969246,21.88087756388999,1.289193288369117,-4.293498750492198,-5.254596548829982,27.892667765632396,-1.0480468176075706,0,1,0
2020-07,SSMI,Europa,2,10005.90039,-0.3922174623476993,2.1747422914645043,2.0986752528109998,3.409398616604653,3.2866136097132355,68.53134112204275,36.44394225458945,92.3572107745755,-4.293498750492198,-28.98713506548618,6.811160618471734,-5.254596548829982,27.892667765632396,-7.62341761045866,-1.1294147111936224,0,0,0
2020-08,SSMI,Europa,2,10135.55957,1.295827211407996,-0.3922174623476993,2.1747422914645043,2.0986752528109998,3.3010701655436336,64.93029563657699,27.294767964270807,89.9976692199707,-5.254596548829982,-25.104787584187527,-2.5547994951514386,27.892667765632396,-7.62341761045866,-8.272171743840929,-1.2409867889200987,0,0,1
2020-09,SSMI,Europa,2,10187.0,0.5075243221129844,1.295827211407996,-0.3922174623476993,2.1747422914645043,3.2647028463739667,83.04108727773031,49.94818175633748,105.76334724426269,27.892667765632396,82.9954437484879,17.517873697104093,-7.62341761045866,-8.272171743840929,-11.477018729790899,-0.19368612145326036,0,0,0
2020-10,SSMI,Europa,2,9587.150391,-5.888383321880841,0.5075243221129844,1.295827211407996,-0.3922174623476993,3.6624610624351805,76.71051840628347,43.048690057569935,98.63585779743809,-7.62341761045866,-13.813299015418378,-6.739092164285898,-8.272171743840929,-11.477018729790899,20.377331218205175,-0.5310391234579444,0,0,0
2020-11,SSMI,Europa,2,10476.42969,9.275741620104538,-5.888383321880841,0.5075243221129844,1.295827211407996,4.562477158639763,70.364892578125,62.07505849202474,79.94887498219808,-8.272171743840929,44.197322633999846,-18.94542535800341,-11.477018729790899,20.377331218205175,-3.544024808415902,-0.8727351360468183,0,0,0
2020-12,SSMI,Europa,2,10703.50977,2.1675330882691135,9.275741620104538,-5.888383321880841,0.5075243221129844,4.592908416654361,62.28910067773634,29.27726056498866,85.56250313789614,-11.477018729790899,-52.8357100642118,7.021522387836021,20.377331218205175,-3.544024808415902,7.229044395559336,-1.241929193326495,0,0,1
2021-01,SSMI,Europa,2,10591.05957,-1.0505918377836987,2.1675330882691135,9.275741620104538,-5.888383321880841,4.606365327977844,74.98195703567997,47.25387308674474,95.04665202479208,20.377331218205175,61.40127926877659,11.084468708928341,-3.544024808415902,7.229044395559336,9.128842161979843,-0.4909869325486777,0,0,0
2021-02,SSMI,Europa,2,10522.21973,-0.6499806704420075,-1.0505918377836987,2.1675330882691135,9.275741620104538,3.963096065581546,72.32457787649972,46.01375893184117,91.39712776456561,-3.544024808415902,-2.6243651025749215,-3.8397188985410335,7.229044395559336,9.128842161979843,6.3745163092844725,-0.5840812846265266,0,0,1
2001-01,TWII,Asien_Pazifik,0,5936.200195,25.13227968372378,-9.758361207497234,-5.181108673983326,-13.807991249198547,10.762248504464068,47.34544200281943,39.250703688590754,53.58126591097924,2.8989908486964033,-11.863157433402927,14.962542983127358,18.989927506775352,9.558998400811113,-20.567427445911946,-1.1276709843340298,0,0,1
2001-02,TWII,Asien_Pazifik,0,5674.689941,-4.40534761985063,25.13227968372378,-9.758361207497234,-5.181108673983326,10.764238665209113,56.336307116917204,45.95857455049242,65.78157465798515,18.989927506775352,17.089810453134604,22.769728448140224,9.558998400811113,-20.567427445911946,22.282612275385794,-0.5528914270022299,0,0,1
2001-03,TWII,Asien_Pazifik,0,5797.919922,2.171572055587667,-4.40534761985063,25.13227968372378,-9.758361207497234,10.628299223779269,61.72149381329936,57.44915543833086,65.804611175291,9.558998400811113,25.002039336999694,0.035019710953454464,-20.567427445911946,22.282612275385794,18.33193624265337,-0.16449345719586606,0,0,0
2001-04,TWII,Asien_Pazifik,0,5381.669922,-7.179298879595663,2.171572055587667,-4.40534761985063,25.13227968372378,10.483820321594047,49.026970354715985,47.12476806640625,50.69535102844238,-20.567427445911946,-17.97134752138766,-22.96079237760469,22.282612275385794,18.33193624265337,-15.444990282835402,-0.9863278333381387,0,0,1
2001-05,TWII,Asien_Pazifik,0,5048.859863,-6.1841410533093,-7.179298879595663,2.171572055587667,-4.40534761985063,10.39008721017894,59.95146006922568,56.56440058062154,60.64858498111848,22.282612275385794,20.031149014703598,19.633425453730236,18.33193624265337,-15.444990282835402,6.919856867837648,-0.08072137279815189,0,0,1
2001-06,TWII,Asien_Pazifik,0,4883.430176,-3.2765751375341767,-6.1841410533093,-7.179298879595663,2.171572055587667,10.337685253345617,70.94172350565593,62.602798779805504,78.85646438598633,18.33193624265337,10.675262421595733,30.02193606089316,-15.444990282835402,6.919856867837648,636.705984061322,0.8917469952324577,0,0,0
2001-07,TWII,Asien_Pazifik,0,4352.97998,-10.862245939482019,-3.2765751375341767,-6.1841410533093,-7.179298879595663,10.505734933977884,59.984781203731416,53.3461978666244,62.87733785567745,-15.444990282835402,-14.786241340007166,-20.26355943641387,6.919856867837648,636.705984061322,6.680150322070344,-0.040735325784857314,0,0,1
2001-08,TWII,Asien_Pazifik,0,4509.439941,3.59431841448532,-10.862245939482019,-3.2765751375341767,-6.1841410533093,10.747990434046072,64.13564220551521,73.31873946036062,56.88255968401509,6.919856867837648,37.43948471017813,-9.534083942011339,636.705984061322,6.680150322070344,-41.24090377218973,0.3121450090099885,0,1,1
2001-09,TWII,Asien_Pazifik,0,3636.939941,-19.348300707305054,3.59431841448532,-10.862245939482019,-3.2765751375341767,11.173536739334345,472.49111404418943,791.8359584172566,249.4176373163859,636.705984061322,979.9912331353685,338.47822373309316,6.680150322070344,-41.24090377218973,-21.93115492388762,4.651889065398863,1,1,1
2001-10,TWII,Asien_Pazifik,0,3903.48999,7.328964825487616,-19.348300707305054,3.59431841448532,-10.862245939482019,11.168699878205182,504.05423072076616,840.6995652721774,257.8192534908172,6.680150322070344,6.170925472062505,3.368493208751655,-41.24090377218973,-21.93115492388762,-26.483715938044828,3.36038803354654,0,1,0
2001-11,TWII,Asien_Pazifik,0,4441.120117,13.773062781698076,7.328964825487616,-19.348300707305054,3.59431841448532,12.035575659838154,296.1777104695638,494.21396484375,141.4245381673177,-41.24090377218973,-41.21396212644078,-45.14585848323587,-21.93115492388762,-26.483715938044828,-15.629290096238414,1.4919838256736058,0,1,0
2001-12,TWII,Asien_Pazifik,0,5551.240234,24.996399281132064,13.773062781698076,7.328964825487616,-19.348300707305054,13.733026333528748,231.22251793646043,376.6929409888483,121.45619632351783,-21.93115492388762,-23.77938144505022,-14.119432244619079,-26.483715938044828,-15.629290096238414,4.7790402345696315,0.9207024060052467,0,1,0
2002-01,TWII,Asien_Pazifik,0,5872.140137,5.780688449304838,24.996399281132064,13.773062781698076,7.328964825487616,11.78656611795869,169.9862031013735,259.16573752126385,104.05673919185516,-26.483715938044828,-31.199736092496554,-14.325705611030715,-15.629290096238414,4.7790402345696315,2.5704229747520735,0.4178106412301901,0,1,0
2002-02,TWII,Asien_Pazifik,0,5696.109863,-2.997719228307316,5.780688449304838,24.996399281132064,13.773062781698076,11.739868947300597,143.41856629507882,209.38243239266532,93.08014828818185,-15.629290096238414,-19.20906119950132,-10.548659307337282,4.7790402345696315,2.5704229747520735,3.2632959591828437,0.1896965876609148,0,1,1
2002-03,TWII,Asien_Pazifik,0,6167.470215,8.27512747009671,-2.997719228307316,5.780688449304838,24.996399281132064,11.942270310724949,150.27259728216356,217.83082137569303,97.68620583318895,4.7790402345696315,4.034908223429179,4.948485396420366,2.5704229747520735,3.2632959591828437,-7.141906512616192,0.2115393086592408,0,1,1
2002-04,TWII,Asien_Pazifik,0,6065.72998,-1.6496266938193949,8.27512747009671,-2.997719228307316,5.780688449304838,11.695438838987487,154.13523864746094,219.28201649983723,99.5971280415853,2.5704229747520735,0.6662028426368982,1.9561842863049517,3.2632959591828437,-7.141906512616192,-19.228603110713394,0.20906450846680694,0,1,1
2002-05,TWII,Asien_Pazifik,0,5675.649902,-6.430884317076046,-1.6496266938193949,8.27512747009671,-2.997719228307316,11.71061220352528,159.16512766192037,205.2949966922883,137.87667772846837,3.2632959591828437,-6.378553075536553,38.434391070895146,-7.141906512616192,-19.228603110713394,6.386640324555559,0.22283561106419553,0,1,0
2002-06,TWII,Asien_Pazifik,0,5153.709961,-9.196126435072715,-6.430884317076046,-1.6496266938193949,8.27512747009671,12.054276964955136,147.7977030436198,185.49468332926432,127.91307754516602,-7.141906512616192,-9.644810483473298,-7.2264579822009285,-19.228603110713394,6.386640324555559,34.05336231874485,0.10795986852254974,0,1,0
2002-07,TWII,Asien_Pazifik,0,4940.379883,-4.139349703695904,-9.196126435072715,-6.430884317076046,-1.6496266938193949,11.59498014411593,119.37826931861139,161.98243344214654,92.84361993112871,-19.228603110713394,-12.675430618883077,-27.416631893368603,6.386640324555559,34.05336231874485,-1.1482428597716532,-0.13781889802288977,0,0,1
2002-08,TWII,Asien_Pazifik,0,4764.939941,-3.551142749238667,-4.139349703695904,-9.196126435072715,-6.430884317076046,11.67015653755386,127.00253000567037,157.38569099672378,101.13534890451739,6.386640324555559,-2.8378030553939837,8.930854892925822,34.05336231874485,-1.1482428597716532,-7.277545082473935,-0.10494483165416127,0,0,1
2002-09,TWII,Asien_Pazifik,0,4191.810059,-12.028060984955847,-3.551142749238667,-4.139349703695904,-9.196126435072715,10.652799297392459,170.25116170247395,185.25534108479818,167.88976720174153,34.05336231874485,17.707867793810127,66.00503090195247,-1.1482428597716532,-7.277545082473935,12.179669045440855,0.20325984695605837,0,0,0
2002-10,TWII,Asien_Pazifik,0,4579.140137,9.2401629021426,-12.028060984955847,-3.551142749238667,-4.139349703695904,10.75869165218565,168.296264894547,195.84739069784843,161.10799457180886,-1.1482428597716532,5.717540747287764,-4.039419878272565,-7.277545082473935,12.179669045440855,17.26225132075463,0.15715499103937208,0,0,0
2002-11,TWII,Asien_Pazifik,0,4646.689941,1.4751635018589893,9.2401629021426,-12.028060984955847,-3.551142749238667,10.08311154113226,156.04842834472657,175.04123814900717,151.88629328409831,-7.277545082473935,-10.623655732508986,-5.723925316195444,12.179669045440855,17.26225132075463,15.061801848864963,0.020633136554032164,0,0,1
2002-12,TWII,Asien_Pazifik,0,4452.450195,-4.180174456791875,1.4751635018589893,9.2401629021426,-12.028060984955847,6.657919013453836,175.05461046772618,174.67416357224988,183.75799191382623,12.179669045440855,-0.20970748415570784,20.983920234403875,17.26225132075463,15.061801848864963,47.86395462919402,0.13548947851311843,0,0,1
2003-01,TWII,Asien_Pazifik,0,5015.160156,12.638208994048039,-4.180174456791875,1.4751635018589893,9.2401629021426,7.580901719615284,205.2729772752331,176.48827115951045,244.28261073943108,17.26225132075463,1.0385666375383629,32.93713552006381,15.061801848864963,47.86395462919402,-27.597525181866878,0.3400154865225365,0,0,1
2003-02,TWII,Asien_Pazifik,0,4432.459961,-11.618775410449732,12.638208994048039,-4.180174456791875,1.4751635018589893,8.168467585542619,236.19078636169434,210.63462039402552,291.2838772365025,15.061801848864963,19.34765920147381,19.240528973716554,47.86395462919402,-27.597525181866878,-36.85013674083216,0.547533154274486,0,0,1
2003-03,TWII,Asien_Pazifik,0,4321.220215,-2.509661609552427,-11.618775410449732,12.638208994048039,-4.180174456791875,7.53203047792395,349.2410371841923,413.45056693784653,352.7903245495212,47.86395462919402,96.28803952760548,21.115637396943754,-27.597525181866878,-36.85013674083216,-8.741552754206271,1.3891505960157058,1,0,0
2003-04,TWII,Asien_Pazifik,0,4148.069824,-4.00697910277642,-2.509661609552427,-11.618775410449732,12.638208994048039,7.533952413323182,252.85915400187176,326.76046600341795,210.79934641520182,-27.597525181866878,-20.967464520966683,-40.2479796790425,-36.85013674083216,-8.741552754206271,-8.073495492440319,0.5148805034165131,0,0,0
2003-05,TWII,Asien_Pazifik,0,4555.899902,9.831803593092081,-4.00697910277642,-2.509661609552427,-11.618775410449732,8.26065345412186,159.68020999047064,183.58484895767705,150.55725589875252,-36.85013674083216,-43.81668896391011,-28.577930406763798,-8.741552754206271,-8.073495492440319,2.5679680059377485,-0.33859645096062396,0,0,0
2003-06,TWII,Asien_Pazifik,0,4872.149902,6.941548471272796,9.831803593092081,-4.00697910277642,-2.509661609552427,8.207925942976203,145.7216801961263,176.93343124389648,127.7050184249878,-8.741552754206271,-3.623075516059593,-15.178436494042181,-8.073495492440319,2.5679680059377485,-13.59457280674885,-0.5029181585692353,0,0,0
2003-07,TWII,Asien_Pazifik,0,5318.339844,9.157968268111794,6.941548471272796,9.831803593092081,-4.00697910277642,8.513607870381746,133.95684691398375,166.529414761451,106.6518937387774,-8.073495492440319,-5.880186920754349,-16.485745780285622,2.5679680059377485,-13.59457280674885,-9.404549940243411,-0.6575022098566479,0,0,1
2003-08,TWII,Asien_Pazifik,0,5650.830078,6.251767351330617,9.157968268111794,6.941548471272796,9.831803593092081,8.512842225462798,137.39681588449787,179.2770211004442,108.98332251271894,2.5679680059377485,7.654867674430843,2.186017230647508,-13.59457280674885,-9.404549940243411,9.037235190035675,-0.6740441743414888,0,0,0
2003-09,TWII,Asien_Pazifik,0,5611.410156,-0.6975952462890511,6.251767351330617,9.157968268111794,6.941548471272796,7.399301999927692,118.71830571492514,145.99144999186197,97.7679594039917,-13.59457280674885,-18.56655744515813,-10.290898506437395,-9.404549940243411,9.037235190035675,12.52368017722989,-0.8383518008892655,0,0,0
2003-10,TWII,Asien_Pazifik,0,6045.120117,7.729072531549952,-0.6975952462890511,6.251767351330617,9.157968268111794,7.290124174780927,107.55338336575416,129.5931615521831,91.48407450029927,-9.404549940243411,-11.232362196959455,-6.4273458728196236,9.037235190035675,12.52368017722989,-13.501723875035932,-1.156165429144045,0,0,1
2003-11,TWII,Asien_Pazifik,0,5771.77002,-4.521830694997919,7.729072531549952,-0.6975952462890511,6.251767351330617,7.573132392426049,117.27323557535807,152.34808400472005,93.18425509134929,9.037235190035675,17.55873703519013,1.85844432524096,12.52368017722989,-13.501723875035932,0.6077524070589702,-0.9411455660729602,0,0,1
2003-12,TWII,Asien_Pazifik,0,5890.689941,2.0603717852222925,-4.521830694997919,7.729072531549952,-0.6975952462890511,7.313644394683311,131.9601605323053,166.63024114793348,112.74830061389554,12.52368017722989,9.374687733369157,20.995011982837084,-13.501723875035932,0.6077524070589702,19.33554692769983,-0.607084009889599,0,0,0
2004-01,TWII,Asien_Pazifik,0,6375.379883,8.228067456521382,2.0603717852222925,-4.521830694997919,7.729072531549952,6.860381311550078,114.1432640321793,127.11111671693864,107.96992640341482,-13.501723875035932,-23.716658008020264,-4.238089784469723,0.6077524070589702,19.33554692769983,8.529074870679644,-0.8844800294625489,0,0,1
2004-02,TWII,Asien_Pazifik,0,6750.540039,5.88451453693557,8.228067456521382,2.0603717852222925,-4.521830694997919,5.338534380097893,114.83697246683055,130.29377562424233,103.49829351490942,0.6077524070589702,2.503839939028385,-4.141554076639597,19.33554692769983,8.529074870679644,-18.08536449217786,-0.8379888001533916,0,0,1
2004-03,TWII,Asien_Pazifik,0,6522.189941,-3.382693779767987,5.88451453693557,8.228067456521382,2.0603717852222925,5.435850415688587,137.0413291685043,182.14090384206463,107.18084593742124,19.33554692769983,39.792482771660254,3.558080329103519,8.529074870679644,-18.08536449217786,12.444061856436273,-0.41912189126732874,0,0,1
2004-04,TWII,Asien_Pazifik,0,6117.810059,-6.20006294907135,-3.382693779767987,5.88451453693557,8.228067456521382,5.7438374557614384,148.72968673706055,203.51488087972004,120.71956570943196,8.529074870679644,11.734858335933641,12.631659746290346,-18.08536449217786,12.444061856436273,-4.812826861738328,-0.20109534769664494,0,0,0
2004-05,TWII,Asien_Pazifik,0,5977.839844,-2.2879137085024093,-6.20006294907135,-3.382693779767987,5.88451453693557,5.58103517898686,121.83138078258884,160.97313985516948,91.7239502937563,-18.08536449217786,-20.903503881710396,-24.018985858073037,12.444061856436273,-4.812826861738328,7.326084232038577,-0.6577450373351099,0,0,1
2004-06,TWII,Asien_Pazifik,0,5839.439941,-2.3152159745282175,-2.2879137085024093,-6.20006294907135,-3.382693779767987,5.540387361775577,136.9921531677246,177.06919593811034,107.51701380411784,12.444061856436273,9.9992185636826,17.21803679386078,-4.812826861738328,7.326084232038577,9.302013958189859,-0.37433464268107997,0,0,0
2004-07,TWII,Asien_Pazifik,0,5420.569824,-7.1731214163026085,-2.3152159745282175,-2.2879137085024093,-6.20006294907135,5.536630602569346,130.39895802159464,159.34060545890563,120.38267381729618,-4.812826861738328,-10.012238653526872,11.96616196634508,7.326084232038577,9.302013958189859,-22.82005024743897,-0.5042698226408638,0,0,1
2004-08,TWII,Asien_Pazifik,0,5765.540039,6.364095034300954,-7.1731214163026085,-2.3152159745282175,-2.2879137085024093,5.547695562027953,139.9520955239573,177.53836158014113,126.08562567926222,7.326084232038577,11.420664600103292,4.737352711255904,9.302013958189859,-22.82005024743897,5.420373167086323,-0.3422804943272867,0,0,1
2004-09,TWII,Asien_Pazifik,0,5845.689941,1.3901542866381789,6.364095034300954,-7.1731214163026085,-2.3152159745282175,5.546052569771111,152.970458984375,188.2974100748698,129.69852345784506,9.302013958189859,6.060126047672232,2.8654319309747045,-22.82005024743897,5.420373167086323,-13.892755620942731,-0.09186768304555457,0,0,0
2004-10,TWII,Asien_Pazifik,0,5705.930176,-2.3908172758148605,1.3901542866381789,6.364095034300954,-7.1731214163026085,5.094827313806864,118.0625233804026,147.26095236501385,96.84527255642799,-22.82005024743897,-21.793426523253423,-25.33047410681982,5.420373167086323,-13.892755620942731,-7.26291042543833,-0.6838368102148895,0,0,1
2004-11,TWII,Asien_Pazifik,0,5844.759766,2.4330755147327077,-2.3908172758148605,1.3901542866381789,6.364095034300954,4.972723837789102,124.46195271809896,154.47430343627929,99.13031984965006,5.420373167086323,4.898346068946902,2.3594825363217,-13.892755620942731,-7.26291042543833,10.283956104618763,-0.5408137756069878,0,0,0
2004-12,TWII,Asien_Pazifik,0,6139.689941,5.046061545859604,2.4330755147327077,-2.3908172758148605,1.3901542866381789,5.145020086561686,107.17075778592017,141.9146915558846,79.30897829609532,-13.892755620942731,-8.130550907824963,-19.995236153396423,-7.26291042543833,10.283956104618763,-17.45270714392596,-0.7913484165691447,0,0,0
2005-01,TWII,Asien_Pazifik,0,5994.22998,-2.369174378475336,5.046061545859604,2.4330755147327077,-2.3908172758148605,4.5688762077993434,99.38704164566532,126.41269216229838,77.36354717131584,-7.26291042543833,-10.923463401589872,-2.4529771616982887,10.283956104618763,-17.45270714392596,-3.9145466707558807,-0.8546164799301317,0,0,1
2005-02,TWII,Asien_Pazifik,0,6207.830078,3.5634284755954537,-2.369174378475336,5.046061545859604,2.4330755147327077,4.320225396610449,109.60796138218471,108.7996129989624,105.78578090667725,10.283956104618763,-13.932999022537196,36.73853484564569,-17.45270714392596,-3.9145466707558807,13.63922143399825,-0.6093248456395398,0,0,0
2005-03,TWII,Asien_Pazifik,0,6005.879883,-3.253152751646571,3.5634284755954537,-2.369174378475336,5.046061545859604,4.312823338970002,90.47840487572455,87.14632021996283,87.85526915519468,-17.45270714392596,-19.901994301400748,-16.94983162935727,-3.9145466707558807,13.63922143399825,-17.244799928592734,-1.3114835862782213,0,0,0
2005-04,TWII,Asien_Pazifik,0,5818.069824,-3.127103149891608,-3.253152751646571,3.5634284755954537,-2.369174378475336,4.032140767209106,86.93658548990885,102.42798690795898,72.97031523386637,-3.9145466707558807,17.535641951862413,-16.942585304740586,13.63922143399825,-17.244799928592734,101.53634744222848,-1.9681854593802057,0,0,1
2005-05,TWII,Asien_Pazifik,0,6011.560059,3.325677430027363,-3.127103149891608,-3.253152751646571,3.5634284755954537,4.110890949122423,98.79405889203471,105.33132522336898,90.99365062098349,13.63922143399825,2.834516622902017,24.69954436862878,-17.244799928592734,101.53634744222848,-29.06039521641346,-1.26982662995963,0,0,0
2005-06,TWII,Asien_Pazifik,0,6241.939941,3.832281133997717,3.325677430027363,-3.127103149891608,-3.253152751646571,4.161947535072605,81.75722109476725,95.1893081665039,69.31578687032064,-17.244799928592734,-9.628680770281385,-23.82349054326638,101.53634744222848,-29.06039521641346,-11.224524686306193,-1.9527645530909168,0,0,1
2005-07,TWII,Asien_Pazifik,0,6311.97998,1.1220876788631706,3.832281133997717,3.325677430027363,-3.127103149891608,3.3581187138909914,164.77051716466104,237.00151295815743,116.65942007495511,101.53634744222848,148.97913171466425,68.30137165319535,-29.06039521641346,-11.224524686306193,-15.755245474037638,2.096672493283496,1,0,0
2005-08,TWII,Asien_Pazifik,0,6033.470215,-4.412399372027154,1.1220876788631706,3.832281133997717,3.325677430027363,3.3297539087346957,116.88755367648217,143.29871208437027,94.36514368364888,-29.06039521641346,-39.53679438760814,-19.11056679090457,-11.224524686306193,-15.755245474037638,-6.115837148029257,-0.13086161533737817,0,0,0
2005-09,TWII,Asien_Pazifik,0,6118.609863,1.4111223718040522,-4.412399372027154,1.1220876788631706,3.832281133997717,3.330309019508916,103.76748135884603,130.99529851277669,78.09897527694702,-11.224524686306193,-8.585850767695435,-17.237475376748023,-15.755245474037638,-6.115837148029257,16.183129415888263,-0.7222024783719024,0,0,0
2005-10,TWII,Asien_Pazifik,0,5764.299805,-5.790695369262833,1.4111223718040522,-4.412399372027154,1.1220876788631706,3.7147037730547905,87.41865994853359,105.815919445407,73.7711932274603,-15.755245474037638,-19.221589899208325,-5.541406957184714,-6.115837148029257,16.183129415888263,-1.7312131574054201,-1.4009850531265875,0,0,0
2005-11,TWII,Asien_Pazifik,0,6203.470215,7.618798897639922,-5.790695369262833,1.4111223718040522,-4.412399372027154,4.265453742926031,82.0722770690918,93.67955487569174,70.19666430155436,-6.115837148029257,-11.469318258843575,-4.84542647274867,16.183129415888263,-1.7312131574054201,3.0493001694113175,-1.4956872910468275,0,0,1
2005-12,TWII,Asien_Pazifik,0,6548.339844,5.55930176252164,7.618798897639922,-5.790695369262833,1.4111223718040522,4.316566901576069,95.3541398817493,131.53387844947076,69.47696587347215,16.183129415888263,40.40830854075885,-1.0252601533749406,-1.7312131574054201,3.0493001694113175,-4.876761101613781,-0.8501301787759667,0,0,0
2006-01,TWII,Asien_Pazifik,0,6532.180176,-0.24677503588649286,5.55930176252164,7.618798897639922,-5.790695369262833,4.225321843166415,93.70335646598569,99.09636282151745,89.04377758887506,-1.7312131574054201,-24.660958842184765,28.163019886385033,3.0493001694113175,-4.876761101613781,-2.7477636832640484,-0.86918062114162,0,0,1
2006-02,TWII,Asien_Pazifik,0,6561.629883,0.45084039641467566,-0.24677503588649286,5.55930176252164,7.618798897639922,4.134842537086775,96.56065307344709,102.5961035319737,90.61754550252643,3.0493001694113175,3.5316540494625848,1.7674091960896199,-4.876761101613781,-2.7477636832640484,-5.529103500524313,-0.708329151877598,0,0,0
2006-03,TWII,Asien_Pazifik,0,6613.970215,0.7976727266437944,0.45084039641467566,-0.24677503588649286,5.55930176252164,3.958539279319364,91.85162070489699,96.46455383300781,86.54391436423025,-4.876761101613781,-5.976396264459504,-4.495411032935781,-2.7477636832640484,-5.529103500524313,21.25192544792216,-0.831433334170445,0,0,0
2006-04,TWII,Asien_Pazifik,0,7171.77002,8.433660673810571,0.7976727266437944,0.45084039641467566,-0.24677503588649286,4.288151228957532,89.32775522867838,92.80472908020019,86.14640655517579,-2.7477636832640484,-3.7939580989958643,-0.45931341559326544,-5.529103500524313,21.25192544792216,34.3204566344385,-0.8681456484447946,0,0,0
2006-05,TWII,Asien_Pazifik,0,6846.950195,-4.529144466347512,8.433660673810571,0.7976727266437944,0.45084039641467566,4.6271544158832345,84.38873118738974,80.68312811082409,83.90371753323463,-5.529103500524313,-13.06140440203304,-2.603345991576267,21.25192544792216,34.3204566344385,7.312638981344266,-0.999507531482902,0,0,1
2006-06,TWII,Asien_Pazifik,0,6704.410156,-2.081803356830181,-4.529144466347512,8.433660673810571,0.7976727266437944,4.634766968418085,102.32296142578124,114.45484237670898,90.22701250712076,21.25192544792216,41.857219788872115,7.536370449118013,34.3204566344385,7.312638981344266,-22.965425288660548,-0.17227721348087163,0,0,1
2006-07,TWII,Asien_Pazifik,0,6454.580078,-3.7263543277766042,-2.081803356830181,-4.529144466347512,8.433660673810571,4.802393425408934,137.44066902898973,144.67092710925687,133.83614447809035,34.3204566344385,26.40000554375559,48.33267860611912,7.312638981344266,-22.965425288660548,-0.7804776668569935,1.359095430202944,0,0,1
2006-08,TWII,Asien_Pazifik,0,6611.77002,2.4353240660189623,-3.7263543277766042,-2.081803356830181,-4.529144466347512,4.595157853803843,147.491208968624,160.77977629630797,141.31128421906502,7.312638981344266,11.134821286439633,5.585292201986869,-22.965425288660548,-0.7804776668569935,-22.11167420803153,1.7460298472526472,0,0,0
2006-09,TWII,Asien_Pazifik,0,6883.049805,4.102982774346398,2.4353240660189623,-3.7263543277766042,-2.081803356830181,4.689196780178239,113.61922556559244,117.84904912312825,111.18667894999186,-22.965425288660548,-26.701571654174238,-21.317904961059643,-0.7804776668569935,-22.11167420803153,4.216522278378543,0.39923758677984533,0,0,0
2006-10,TWII,Asien_Pazifik,0,7021.319824,2.0088481547752,4.102982774346398,2.4353240660189623,-3.7263543277766042,4.160181178366957,112.73245288479713,100.46679675194525,124.12324234747118,-0.7804776668569935,-14.749590684454382,11.634993975580254,-22.11167420803153,4.216522278378543,6.4485592524549995,0.36987798774225267,0,0,0
2006-11,TWII,Asien_Pazifik,0,7567.720215,7.782018262895751,2.0088481547752,4.102982774346398,2.4353240660189623,4.181378752277213,87.80542017618815,84.66829687754313,86.73696505228678,-22.11167420803153,-15.7250956387203,-30.120287375772126,4.216522278378543,6.4485592524549995,-2.420350593251641,-0.7445585542708184,0,0,1
2006-12,TWII,Asien_Pazifik,0,7823.720215,3.3827889077159723,7.782018262895751,2.0088481547752,4.102982774346398,4.046084438843755,91.50775527954102,79.05746866041615,96.69359145625945,4.216522278378543,-6.626834865052256,11.479103975992967,6.4485592524549995,-2.420350593251641,-9.379331496809673,-0.5335730533010896,0,0,1
2007-01,TWII,Asien_Pazifik,0,7699.640137,-1.5859472807080666,3.3827889077159723,7.782018262895751,2.0088481547752,4.118494788904045,97.40868709933373,96.73051378803868,95.33105973274478,6.4485592524549995,22.35468125539841,-1.4091230897458562,-2.420350593251641,-9.379331496809673,-12.100478069879417,-0.24936871439441408,0,0,0
2007-02,TWII,Asien_Pazifik,0,7901.959961,2.6276529863748843,-1.5859472807080666,3.3827889077159723,7.782018262895751,4.11814107844329,95.05105536324638,89.62849848611015,97.72646740504673,-2.420350593251641,-7.342063040718328,2.5127253164051178,-9.379331496809673,-12.100478069879417,21.277337532296347,-0.3323976887352762,0,0,0
2007-03,TWII,Asien_Pazifik,0,7884.410156,-0.22209432959184872,2.6276529863748843,-1.5859472807080666,3.3827889077159723,4.147460067416546,86.13590178951141,82.20472852645382,85.6678963938067,-9.379331496809673,-8.282823080882917,-12.339104575693804,-12.100478069879417,21.277337532296347,7.364126721593589,-0.7423013756406779,0,0,0
2007-04,TWII,Asien_Pazifik,0,7875.419922,-0.11402544796782488,-0.22209432959184872,2.6276529863748843,-1.5859472807080666,3.5490214501369355,75.71304588317871,82.1852602005005,68.55693855285645,-12.100478069879417,-0.023682732492769087,-19.973594031412766,21.277337532296347,7.364126721593589,15.619378517191729,-1.1858271590857998,0,0,1
2007-05,TWII,Asien_Pazifik,0,8144.950195,3.422424145880365,-0.11402544796782488,-0.22209432959184872,2.6276529863748843,3.1783787806003163,91.82276621172505,103.15781870195943,82.37121458976499,21.277337532296347,25.518637344815765,20.150077189135175,7.364126721593589,15.619378517191729,-27.075906953096485,-0.4274257163072001,0,0,1
2007-06,TWII,Asien_Pazifik,0,8883.209961,9.064018174760612,3.422424145880365,-0.11402544796782488,-0.22209432959184872,3.631885552991851,98.5847110748291,110.01365140279134,88.00655695597331,7.364126721593589,6.645965169775048,6.841397682763484,15.619378517191729,-27.075906953096485,11.546988654440726,-0.15149908320847785,0,0,1
2007-07,TWII,Asien_Pazifik,0,9287.25,4.5483562898305685,9.064018174760612,3.422424145880365,-0.11402544796782488,3.1035614277759405,113.9830302576865,129.01673864549207,104.86104534518334,15.619378517191729,17.2733901660304,19.151400727609147,-27.075906953096485,11.546988654440726,8.890282235271773,0.8438942046709289,0,0,0
2007-08,TWII,Asien_Pazifik,0,8982.160156,-3.285039640367171,4.5483562898305685,9.064018174760612,3.422424145880365,3.6155431096022252,83.12109104279548,100.07418700187436,73.35449858634702,-27.075906953096485,-22.433175685168337,-30.045997210043584,11.546988654440726,8.890282235271773,-11.738998432242253,-0.9018285901965774,0,0,1
2007-09,TWII,Asien_Pazifik,0,9411.950195,4.784929588601283,-3.285039640367171,4.5483562898305685,9.064018174760612,3.6457872766436803,92.71907399495443,90.46699282328288,93.58469161987304,11.546988654440726,-9.600072172868657,27.578667189324,8.890282235271773,-11.738998432242253,6.2146853340762975,-0.3042948164958451,0,0,1
2007-10,TWII,Asien_Pazifik,0,9711.370117,3.1812739740066265,4.784929588601283,-3.285039640367171,4.5483562898305685,3.6412544894510885,100.96206135903635,95.91243030178931,103.74951417984501,8.890282235271773,6.019253330486496,10.861629593502276,-11.738998432242253,6.2146853340762975,-14.642856634877798,0.15333338680998607,0,0,0
2007-11,TWII,Asien_Pazifik,0,8586.400391,-11.584047487086435,3.1812739740066265,4.784929588601283,-3.285039640367171,5.192902891005091,89.11012655893961,80.4546085993449,95.28441146214803,-11.738998432242253,-16.116598916121973,-8.159173355764459,6.2146853340762975,-14.642856634877798,1.0531282092792749,-0.5828290894031587,0,0,1
2007-12,TWII,Asien_Pazifik,0,8506.280273,-0.933104844306798,-11.584047487086435,3.1812739740066265,4.784929588601283,5.176280697459318,94.64804052537487,85.06247354322865,97.48771335232642,6.2146853340762975,5.727285265696103,2.3123424454939867,-14.642856634877798,1.0531282092792749,-4.221155249228914,-0.24424836443298129,0,0,0
2008-01,TWII,Asien_Pazifik,0,7521.129883,-11.581447570296877,-0.933104844306798,-11.584047487086435,3.1812739740066265,6.285057771154092,80.78886364352319,81.53163952981272,76.77330804640248,-14.642856634877798,-4.150871549275559,-21.248221538503877,1.0531282092792749,-4.221155249228914,-8.092695384500992,-1.030238765598614,0,0,1
2008-02,TWII,Asien_Pazifik,0,8412.759766,11.854999140692279,-11.581447570296877,-0.933104844306798,-11.584047487086435,7.142718411161194,81.6396739565093,88.45064189516265,72.8041961275298,1.0531282092792749,8.48627895287195,-5.169911288013928,-4.221155249228914,-8.092695384500992,1.7020307479039154,-0.924475523282837,0,0,0
2008-03,TWII,Asien_Pazifik,0,8572.589844,1.899853109391647,11.854999140692279,-11.581447570296877,-0.933104844306798,7.142424335661788,78.19353657384073,84.13256103761735,72.61432629246866,-4.221155249228914,-4.881910142227531,-0.2607951809928011,-8.092695384500992,1.7020307479039154,18.740602004999385,-1.0661920521595403,0,0,0
2008-04,TWII,Asien_Pazifik,0,8919.919922,4.051635320487157,1.899853109391647,11.854999140692279,-11.581447570296877,7.187722270316421,71.86557184855143,70.36499150594075,69.58370641072591,-8.092695384500992,-16.364139355654284,-4.173583969554883,1.7020307479039154,18.740602004999385,3.0983884950956497,-1.3333965961012133,0,0,1
2008-05,TWII,Asien_Pazifik,0,8619.080078,-3.372674268723086,4.051635320487157,1.899853109391647,11.854999140692279,7.271230942510061,73.08874597857076,75.19145030360067,71.38500275150422,1.7020307479039154,6.85917626701118,2.588675472596913,18.740602004999385,3.0983884950956497,-1.1180904357439236,-1.2102508567294472,0,0,1
2008-06,TWII,Asien_Pazifik,0,7523.540039,-12.710637667659464,-3.372674268723086,4.051635320487157,1.899853109391647,7.703517840979485,86.7860169728597,80.27725048065186,87.26098276774088,18.740602004999385,6.763801145630577,22.23993752791742,3.0983884950956497,-1.1180904357439236,0.8402831055205118,-0.4430783950807696,0,0,1
2008-07,TWII,Asien_Pazifik,0,7024.060059,-6.638895751346185,-12.710637667659464,-3.372674268723086,4.051635320487157,7.635043663812617,89.47498493809854,87.2099857945596,84.52966382426601,3.0983884950956497,8.635989987697258,-3.130057508915207,-1.1180904357439236,0.8402831055205118,-27.17747676132537,-0.21996002846280854,0,0,0
2008-08,TWII,Asien_Pazifik,0,7046.109863,0.31391821560162736,-6.638895751346185,-12.710637667659464,-3.372674268723086,7.6518337721960865,88.47457368912235,105.41860654277187,75.39880838701802,-1.1180904357439236,20.879054826480868,-10.801954040927797,0.8402831055205118,-27.17747676132537,21.79458180831557,-0.18480278958268545,0,1,1
2008-09,TWII,Asien_Pazifik,0,5719.279785,-18.830675419458753,0.31391821560162736,-6.638895751346185,-12.710637667659464,8.778443503623032,89.21801058451335,95.21897468566894,82.42706019083658,0.8402831055205118,-9.675362055715087,9.321436179392805,-27.17747676132537,21.79458180831557,18.90005212057766,-0.03769254696213948,0,1,0
2008-10,TWII,Asien_Pazifik,0,4870.660156,-14.837875762358777,-18.830675419458753,0.31391821560162736,-6.638895751346185,9.032594460146935,64.97080649099043,76.1353960960142,53.63574997071297,-27.17747676132537,-20.041781223387755,-34.929439620272106,21.79458180831557,18.90005212057766,-8.348161215059768,-2.1434157026319185,0,1,1
2008-11,TWII,Asien_Pazifik,0,4460.490234,-8.421238782071994,-14.837875762358777,-18.830675419458753,0.31391821560162736,8.87404656730891,79.13092206319173,96.24985440572102,67.7355552037557,21.79458180831557,26.41932575531689,26.288073236119036,18.90005212057766,-8.348161215059768,-22.161447104217558,-0.7595182677418102,0,1,1
2008-12,TWII,Asien_Pazifik,0,4591.220215,2.9308433410191848,-8.421238782071994,-14.837875762358777,-18.830675419458753,9.099645129440068,94.08670757662865,107.55399310204291,87.6594942154423,18.90005212057766,11.744577450134797,29.414299405612443,-8.348161215059768,-22.161447104217558,7.35467474432232,0.6233375017235697,0,1,0
2009-01,TWII,Asien_Pazifik,0,4247.970215,-7.4762260123913515,2.9308433410191848,-8.421238782071994,-14.837875762358777,8.88852124732526,86.23219754618984,91.03520405677057,87.53845571702526,-8.348161215059768,-15.358601358110413,-0.1380780250905378,-22.161447104217558,7.35467474432232,19.28906303929281,-0.06406076130466869,0,1,0
2009-02,TWII,Asien_Pazifik,0,4557.149902,7.278292251397045,-7.4762260123913515,2.9308433410191848,-8.421238782071994,8.205697319670463,67.12189470018659,63.14009993416922,65.29873490333557,-22.161447104217558,-30.642106437423532,-25.40565815506419,7.35467474432232,19.28906303929281,6.075574369099579,-1.6713881846745218,0,1,1
2009-03,TWII,Asien_Pazifik,0,5210.839844,14.34427122340467,7.278292251397045,-7.4762260123913515,2.9308433410191848,9.749932391953452,72.05849173761183,73.33846209126133,69.22285332218293,7.35467474432232,16.151957579612763,6.0094861327044,19.28906303929281,6.075574369099579,-10.888347911835139,-1.1405010755464262,0,1,1
2009-04,TWII,Asien_Pazifik,0,5992.569824,15.001995904750753,14.34427122340467,7.278292251397045,-7.4762260123913515,10.968865480932338,85.95789963404337,83.50890401204427,85.18863232930501,19.28906303929281,13.86781455565156,23.06431798298285,6.075574369099579,-10.888347911835139,-0.2073196231979657,0.0329756834210831,0,1,1
2009-05,TWII,Asien_Pazifik,0,6890.439941,14.983056407687823,15.001995904750753,14.34427122340467,7.278292251397045,12.089417589101602,91.18033575242565,93.24943800895444,89.41171313870338,6.075574369099579,11.664066379682492,4.957329040186531,-10.888347911835139,-0.2073196231979657,-9.032432357199339,0.4977999095413013,0,1,0
2009-06,TWII,Asien_Pazifik,0,6432.160156,-6.65095101218588,14.983056407687823,15.001995904750753,14.34427122340467,11.683368596326233,81.25230356852214,73.67756567001342,81.75211544036866,-10.888347911835139,-20.988729537503048,-8.566660261226033,-0.2073196231979657,-9.032432357199339,23.549742301368237,-0.3265552025967795,0,1,0
2009-07,TWII,Asien_Pazifik,0,7077.709961,10.036283135733527,-6.65095101218588,14.983056407687823,15.001995904750753,11.898187871665026,81.08385159892421,76.3114563111336,80.97563048331968,-0.2073196231979657,3.5748882542032234,-0.9498041156076997,-9.032432357199339,23.549742301368237,-0.8148729801666255,-0.2627382909944407,0,0,0
2009-08,TWII,Asien_Pazifik,0,6825.950195,-3.5570794421820096,10.036283135733527,-6.65095101218588,14.983056407687823,11.9625774665008,73.76000755063949,78.4546751206921,65.25164118120748,-9.032432357199339,2.8085151472149406,-19.418174589392322,23.549742301368237,-0.8148729801666255,-10.353229076577463,-1.0040004553560047,0,0,1
2009-09,TWII,Asien_Pazifik,0,7509.169922,10.009151949284023,-3.5570794421820096,10.036283135733527,-6.65095101218588,10.562963306608726,91.13029925028484,75.68046391805014,96.45980974833171,23.549742301368237,-3.5360686898189386,47.82740786619817,-0.8148729801666255,-10.353229076577463,18.25563652218536,0.8816289056537101,0,0,0
2009-10,TWII,Asien_Pazifik,0,7340.080078,-2.2517781027248995,10.009151949284023,-3.5570794421820096,10.036283135733527,9.187333704389093,90.38770306494928,89.20428694448164,89.28504986916819,-0.8148729801666255,17.869635473000866,-7.4380821379212865,-10.353229076577463,18.25563652218536,-2.2371733163945695,0.9151397601578731,0,0,0
2009-11,TWII,Asien_Pazifik,0,7582.209961,3.298736259373003,-2.2517781027248995,10.009151949284023,-3.5570794421820096,8.348653746302244,81.02965710957845,82.64781697591145,73.95016460418701,-10.353229076577463,-7.349949417398238,-17.175199305428855,18.25563652218536,-2.2371733163945695,-13.029217772023905,-0.1425267675173771,0,0,1
2009-12,TWII,Asien_Pazifik,0,8188.109863,7.991072591190673,3.298736259373003,-2.2517781027248995,10.009151949284023,8.371831965288692,95.82213678667623,100.3492317199707,92.03632293208953,18.25563652218536,21.41788542245284,24.457225247174776,-2.2371733163945695,-13.029217772023905,-10.73701462694614,1.5908561015288483,0,0,0
2010-01,TWII,Asien_Pazifik,0,7640.439941,-6.688600069654438,7.991072591190673,3.298736259373003,-2.2517781027248995,8.265393495261195,93.6784295112856,102.653564453125,87.86365244465489,-2.2371733163945695,2.296313278794848,-4.53372142052385,-13.029217772023905,-10.73701462694614,21.862566984562726,1.2320588451155279,0,0,0
2010-02,TWII,Asien_Pazifik,0,7436.100098,-2.674451269533251,-6.688600069654438,7.991072591190673,3.298736259373003,8.54522755577516,81.47286292484829,81.01815795898438,80.05752774647304,-13.029217772023905,-21.07613759872904,-8.88436171384852,-10.73701462694614,21.862566984562726,-1.6770919748616664,-0.1517539998744288,0,0,0
2010-03,TWII,Asien_Pazifik,0,7920.060059,6.5082496822516545,-2.674451269533251,-6.688600069654438,7.991072591190673,8.005848873497731,72.72510971561555,67.32707777330953,73.52030064982753,-10.73701462694614,-16.898779891547267,-8.165661969162553,21.862566984562726,-1.6770919748616664,10.567262949366473,-1.0941896353363345,0,0,1
2010-04,TWII,Asien_Pazifik,0,8004.25,1.0629962446349062,6.5082496822516545,-2.674451269533251,-6.688600069654438,7.209762461725435,88.62468554178874,79.6067726135254,92.83870468139648,21.862566984562726,18.238865024799743,26.2762854080008,-1.6770919748616664,10.567262949366473,-17.59668875597209,0.607960427043267,0,0,0
2010-05,TWII,Asien_Pazifik,0,7373.97998,-7.874192085454601,1.0629962446349062,6.5082496822516545,-2.674451269533251,6.660056622693741,87.13836805282101,83.16650359861312,86.94786573225453,-1.6770919748616664,4.471643389400404,-6.345240349225156,10.567262949366473,-17.59668875597209,2.79697724964445,0.3828726247882139,0,0,1
2010-06,TWII,Asien_Pazifik,0,7329.370117,-0.6049631694280744,-7.874192085454601,1.0629962446349062,6.5082496822516545,6.264797308397865,96.34650853474935,69.67944971720378,111.88416697184245,10.567262949366473,-16.216930251753723,28.67960131002669,-17.59668875597209,2.79697724964445,-11.994283766920088,1.357065673567289,0,0,0
2010-07,TWII,Asien_Pazifik,0,7760.629883,5.883994928837333,-0.6049631694280744,-7.874192085454601,1.0629962446349062,5.8367149193813646,79.39271330064342,81.76249122619629,76.34224307152533,-17.59668875597209,17.340896861315503,-31.766714506854075,2.79697724964445,-11.994283766920088,-8.726501270000398,-0.5011396530748392,0,0,1
2010-08,TWII,Asien_Pazifik,0,7616.279785,-1.8600306956553236,5.883994928837333,-0.6049631694280744,-7.874192085454601,5.737960725099987,81.61330942953786,84.75737048733619,74.11711311340332,2.79697724964445,3.6629011863820837,-2.9146772070048788,-11.994283766920088,-8.726501270000398,45.83401536726808,-0.22012562720000922,0,0,0
2010-09,TWII,Asien_Pazifik,0,8237.780273,8.160158312776588,-1.8600306956553236,5.883994928837333,-0.6049631694280744,5.495707962433131,71.82437750498454,70.37432320912679,69.72902139027913,-11.994283766920088,-16.969671422685785,-5.920483865055792,-8.726501270000398,45.83401536726808,2.3956021728043453,-1.2145632690267665,0,0,0
2010-10,TWII,Asien_Pazifik,0,8287.089844,0.5985783714287152,8.160158312776588,-1.8600306956553236,5.883994928837333,5.407395155668762,65.55662228984218,74.25972569373346,63.16021014798072,-8.726501270000398,5.521051297446489,-9.4204839123329,45.83401536726808,2.3956021728043453,-19.46454465246935,-1.919177895726568,0,0,1
2010-11,TWII,Asien_Pazifik,0,8372.480469,1.0304054451856226,0.5985783714287152,8.160158312776588,-1.8600306956553236,5.364938278039137,95.60385462443034,80.85895284016927,102.02185897827148,45.83401536726808,8.886683979486731,61.528688297965076,2.3956021728043453,-19.46454465246935,12.806536842294957,1.291041578905604,1,0,1
2010-12,TWII,Asien_Pazifik,0,8972.5,7.166568297431519,1.0304054451856226,0.5985783714287152,8.160158312776588,5.271181203301465,97.89414264309791,94.39043466506466,98.9651261606524,2.3956021728043453,16.73467358851721,-2.9961547929352017,-19.46454465246935,12.806536842294957,53.00774228080458,1.4848186772493326,0,0,0
2011-01,TWII,Asien_Pazifik,0,9145.349609,1.926437548063542,7.166568297431519,1.0304054451856226,0.5985783714287152,4.700597186909724,78.83949353618007,77.48969244187877,77.08557048920662,-19.46454465246935,-17.9051429132163,-22.108349193561573,12.806536842294957,53.00774228080458,-33.36802641662523,-0.4750384228910944,0,1,1
2011-02,TWII,Asien_Pazifik,0,8599.650391,-5.966958523520793,1.926437548063542,7.166568297431519,1.0304054451856226,5.056087293085056,88.93610232216972,84.70568302699498,89.67357962472099,12.806536842294957,9.312194122500305,16.329916293837265,53.00774228080458,-33.36802641662523,15.221272067740333,0.5147852069653104,0,1,1
2011-03,TWII,Asien_Pazifik,0,8683.299805,0.9727071473457194,-5.966958523520793,1.926437548063542,7.166568297431519,4.786627246602644,136.0791222356981,156.13775290212322,126.68266185637444,53.00774228080458,84.32972537670638,41.27088757528632,-33.36802641662523,15.221272067740333,-19.08316741489856,3.6246571728768533,1,1,0
2011-04,TWII,Asien_Pazifik,0,9007.870117,3.7378683137613944,0.9727071473457194,-5.966958523520793,1.926437548063542,4.857947077650075,90.67220478057861,111.14294446309408,73.5580285390218,-33.36802641662523,-28.817379271004796,-41.935204501451274,15.221272067740333,-19.08316741489856,-7.395183206081024,0.2582538320621,0,1,1
2011-05,TWII,Asien_Pazifik,0,8988.839844,-0.2112627375042364,3.7378683137613944,0.9727071473457194,-5.966958523520793,3.9991322028193714,104.47366776004914,120.63443325411889,96.0221432101342,15.221272067740333,8.53989323107822,30.539310415579468,-19.08316741489856,-7.395183206081024,10.35534745366633,1.1963348470666315,0,1,0
2011-06,TWII,Asien_Pazifik,0,8652.589844,-3.7407497055856997,-0.2112627375042364,3.7378683137613944,0.9727071473457194,4.259958138734845,84.53678283691406,97.33198216756185,72.88245728810628,-19.08316741489856,-19.316583547476828,-24.098281030229863,-7.395183206081024,10.35534745366633,-3.7587201796722147,-0.2381333011797011,0,1,0
2011-07,TWII,Asien_Pazifik,0,8644.179688,-0.09719813549040612,-3.7407497055856997,-0.2112627375042364,3.7378683137613944,4.041475302145479,78.2851328695974,99.24549016644877,60.417874859225364,-7.395183206081024,1.9659601667134652,-17.102308144754364,10.35534745366633,-3.7587201796722147,-9.59658500968753,-0.6744404095941262,0,1,1
2011-08,TWII,Asien_Pazifik,0,7741.359863,-10.444251017286355,-0.09719813549040612,-3.7407497055856997,-0.2112627375042364,5.186639719929519,86.39183038280856,111.57653574789724,62.886020106654016,10.35534745366633,12.424791857813933,4.085124233812376,-3.7587201796722147,-9.59658500968753,10.75561755834511,-0.13693057664267147,0,1,0
2011-09,TWII,Asien_Pazifik,0,7225.379883,-6.665236975562106,-10.444251017286355,-0.09719813549040612,-3.7407497055856997,4.891312565020458,83.14460322062175,93.88602275848389,70.98976675669353,-3.7587201796722147,-15.855047722026761,12.886404062931067,-9.59658500968753,10.75561755834511,1.885317306908374,-0.3489112784017622,0,1,0
2011-10,TWII,Asien_Pazifik,0,7587.689941,5.014408430654971,-6.665236975562106,-10.444251017286355,-0.09719813549040612,5.178110765652481,75.16556069158739,90.57414713213521,63.65037210526005,-9.59658500968753,-3.5275491804230286,-10.338665679221236,10.75561755834511,1.885317306908374,-8.156193496580155,-0.8690907544536027,0,0,1
2011-11,TWII,Asien_Pazifik,0,6904.120117,-9.008931958412491,5.014408430654971,-6.665236975562106,-10.444251017286355,5.676624764240897,83.25008093516031,70.99307772318522,95.16603965759278,10.75561755834511,-21.6188283621196,49.51372083137953,1.885317306908374,-8.156193496580155,17.437683308734808,-0.29755002076007414,0,0,1
2011-12,TWII,Asien_Pazifik,0,7072.080078,2.43274969371452,-9.008931958412491,5.014408430654971,-6.665236975562106,5.165388593590567,84.81960911904612,77.63644483012538,86.84766141829952,1.885317306908374,9.357767433106435,-8.740910380659695,-8.156193496580155,17.437683308734808,-3.722992679209569,-0.15314732600468142,0,0,0
2012-01,TWII,Asien_Pazifik,0,7517.080078,6.2923495646537875,2.43274969371452,-9.008931958412491,5.014408430654971,5.590842613496249,77.90155767625377,61.71806113950668,91.26849322165212,-8.156193496580155,-20.503751460347488,5.090329124764548,17.437683308734808,-3.722992679209569,11.683646516830692,-0.6044036259967932,0,0,1
2012-02,TWII,Asien_Pazifik,0,8121.439941,8.039822068262392,6.2923495646537875,2.43274969371452,-9.008931958412491,6.013632626893035,91.4857845964103,77.98118065143454,103.34518873280493,17.437683308734808,26.350664962022897,13.232053126837195,-3.722992679209569,11.683646516830692,-21.032583801878502,0.3455942766440141,0,0,0
2012-03,TWII,Asien_Pazifik,0,7933.0,-2.3202774676530646,8.039822068262392,6.2923495646537875,2.43274969371452,6.025076272357214,88.0797755333685,86.14695296748992,86.66009946023264,-3.722992679209569,10.47146535592387,-16.145008274851524,11.683646516830692,-21.032583801878502,-0.11563419129990704,0.05496641858514284,0,0,1
2012-04,TWII,Asien_Pazifik,0,7501.720215,-5.43652823648052,-2.3202774676530646,8.039822068262392,6.2923495646537875,6.009298546101014,98.3707051595052,88.1813424428304,104.64068247477213,11.683646516830692,2.3615338735291314,20.748398774675515,-21.032583801878502,-0.11563419129990704,4.661354718603983,0.7745442600702505,0,0,0
2012-05,TWII,Asien_Pazifik,0,7301.5,-2.6689907016213654,-5.43652823648052,-2.3202774676530646,8.039822068262392,6.009012093652419,77.68080416033345,69.08255398658014,79.93533497471964,-21.032583801878502,-21.65853674617435,-23.60969645434864,-0.11563419129990704,4.661354718603983,-7.806712344159738,-0.6966679763797997,0,0,0
2012-06,TWII,Asien_Pazifik,0,7296.279785,-0.07149510374581114,-2.6689907016213654,-5.43652823648052,-2.3202774676530646,5.980702779853316,77.59097859064738,81.92765919367473,70.51085557937623,-0.11563419129990704,18.59384817994694,-11.790129356840751,4.661354718603983,-7.806712344159738,-7.87534886252107,-0.6468544531804323,0,0,1
2012-07,TWII,Asien_Pazifik,0,7270.490234,-0.35346165114198413,-0.07149510374581114,-2.6689907016213654,-5.43652823648052,5.976689995185803,81.20776933239353,89.00009404459307,77.46019707956621,4.661354718603983,8.632536216126097,9.8557044062058,-7.806712344159738,-7.87534886252107,18.802659577001602,-0.3926547006231566,0,0,0
2012-08,TWII,Asien_Pazifik,0,7397.060059,1.740870573047526,-0.35346165114198413,-0.07149510374581114,-2.6689907016213654,5.268711730977447,74.8681123795048,78.25724669425718,70.49690803404778,-7.806712344159738,-12.070602245603512,-8.989505976038025,-7.87534886252107,18.802659577001602,-2.6717656381202715,-0.8201291777019274,0,0,0
2012-09,TWII,Asien_Pazifik,0,7715.160156,4.300358445960795,1.740870573047526,-0.35346165114198413,-0.07149510374581114,4.999011952013082,68.97198734283447,65.10240313212077,68.31967938741049,-7.87534886252107,-16.80974493458861,-3.0884030340532886,18.802659577001602,-2.6717656381202715,-5.994197564654025,-1.2202075636257568,0,0,1
2012-10,TWII,Asien_Pazifik,0,7166.049805,-7.117290372422957,4.300358445960795,1.740870573047526,-0.35346165114198413,5.259057120053214,81.94055532640026,86.90206847652313,75.07558896464687,18.802659577001602,33.48519301224788,9.888672836016443,-2.6717656381202715,-5.994197564654025,20.367269576878645,-0.3694110124128443,0,0,0
2012-11,TWII,Asien_Pazifik,0,7580.169922,5.778917650154414,-7.117290372422957,4.300358445960795,1.740870573047526,4.753235724545172,79.75129572550456,87.46022033691406,73.34758491516114,-2.6717656381202715,0.6422768412488677,-2.301685638855866,-5.994197564654025,20.367269576878645,-8.164537558505069,-0.4847113582862031,0,0,0
2012-12,TWII,Asien_Pazifik,0,7699.5,1.574240145378103,5.778917650154414,-7.117290372422957,4.300358445960795,4.7342410892833735,74.97084549934634,85.26028196273312,64.21883093926215,-5.994197564654025,-2.515358829084069,-12.44588214657365,20.367269576878645,-8.164537558505069,-9.751520162523587,-0.7721678806588171,0,0,1
2013-01,TWII,Asien_Pazifik,0,7850.02002,1.954932398207676,1.574240145378103,5.778917650154414,-7.117290372422957,4.433941566388393,90.24035970626339,109.75873522604665,83.89209476594002,20.367269576878645,28.73372301773727,30.634727445108332,-8.164537558505069,-9.751520162523587,25.47476088535521,0.33378525699886924,0,0,0
2013-02,TWII,Asien_Pazifik,0,7897.97998,0.6109533463329875,1.954932398207676,1.574240145378103,5.778917650154414,3.742942904300942,82.87265164511544,87.37166687420437,78.62591293879917,-8.164537558505069,-20.3966165478642,-6.2773278481525026,-9.751520162523587,25.47476088535521,-11.144978564302333,-0.19920816864343685,0,0,0
2013-03,TWII,Asien_Pazifik,0,7918.609863,0.2612045491662496,0.6109533463329875,1.954932398207676,1.574240145378103,3.6816359717909943,74.79130831072408,70.25588681620937,79.46081779849145,-9.751520162523587,-19.589622895300696,1.0618698447955044,25.47476088535521,-11.144978564302333,-0.965878998260461,-1.013514684973251,0,0,1
2013-04,TWII,Asien_Pazifik,0,8093.660156,2.210618985258117,0.2612045491662496,0.6109533463329875,1.954932398207676,3.2866870244206385,93.84421526590982,83.1100798924764,99.8020144144694,25.47476088535521,18.296250547507608,25.599027520157392,-11.144978564302333,-0.965878998260461,-6.660023976577866,1.3038201103451614,0,0,0
2013-05,TWII,Asien_Pazifik,0,8254.799805,1.9909366824667707,2.210618985258117,0.2612045491662496,0.6109533463329875,3.1257202957948422,83.38529759068643,96.31220405332503,76.66901059304514,-11.144978564302333,15.885105847484283,-23.178894691799336,-0.965878998260461,-6.660023976577866,15.266434567502763,0.1681061665247437,0,0,0
2013-06,TWII,Asien_Pazifik,0,8062.209961,-2.333064987031519,1.9909366824667707,2.210618985258117,0.2612045491662496,3.2660566949573244,82.57989651362101,85.31224797566732,78.08507897059123,-0.965878998260461,-11.421144584716792,1.8469892419278766,-6.660023976577866,15.266434567502763,10.38976028717007,0.06282779852477731,0,0,0
2013-07,TWII,Asien_Pazifik,0,8107.939941,0.5672139552456823,-2.333064987031519,1.9909366824667707,2.210618985258117,3.245067218292282,77.08005560598066,75.28471995938209,75.0804361527966,-6.660023976577866,-11.753913716053145,-3.847909046651865,15.266434567502763,10.38976028717007,-24.991962578693006,-0.7292898821973308,0,0,1
2013-08,TWII,Asien_Pazifik,0,8021.890137,-1.061302928070118,0.5672139552456823,-2.333064987031519,1.9909366824667707,3.2844803415877424,88.84743185966245,104.42809732498661,78.84740774093136,15.266434567502763,38.71087968624718,5.017247875956099,10.38976028717007,-24.991962578693006,4.327385501849101,0.9539072115700641,0,0,1
2013-09,TWII,Asien_Pazifik,0,8173.870117,1.894565712125762,-1.061302928070118,0.5672139552456823,-2.333064987031519,3.1156995693110887,98.07846705118816,97.374010403951,98.14722569783528,10.38976028717007,-6.754970263494176,24.47742863064981,-24.991962578693006,4.327385501849101,-8.47958052592066,1.985063817732131,0,0,0
2013-10,TWII,Asien_Pazifik,0,8450.05957,3.3789312656874904,1.894565712125762,-1.061302928070118,0.5672139552456823,2.073359273770627,73.56673326799947,80.33374651016727,65.35439909658125,-24.991962578693006,-17.499807005065403,-33.411873201809016,4.327385501849101,-8.47958052592066,11.926947066993353,-1.1842847482493826,0,0,1
2013-11,TWII,Asien_Pazifik,0,8406.830078,-0.5115880147576135,3.3789312656874904,1.894565712125762,-1.061302928070118,1.60957999957244,76.75024941762288,52.19944121042887,91.32140051523844,4.327385501849101,-35.02177667784688,39.732599148043505,-8.47958052592066,11.926947066993353,-10.628031863710918,-0.7302356457466846,0,0,0
2013-12,TWII,Asien_Pazifik,0,8611.509766,2.434683300375351,-0.5115880147576135,3.3789312656874904,1.894565712125762,1.6617298179725601,70.2421502144106,68.61865160542149,68.88867827384702,-8.47958052592066,31.45476276039567,-24.564584111528333,11.926947066993353,-10.628031863710918,70.12768145517792,-1.4153214775509915,0,0,1
2014-01,TWII,Asien_Pazifik,0,8462.570313,-1.7295393844647622,2.434683300375351,-0.5115880147576135,3.3789312656874904,1.7942431666109417,78.61989428920131,86.78251980197045,68.41249278283888,11.926947066993353,26.4707448654002,-0.6912391164121345,-10.628031863710918,70.12768145517792,-22.3830484610423,-0.400710165838595,0,0,0
2014-02,TWII,Asien_Pazifik,0,8639.580078,2.0916785143644034,-1.7295393844647622,2.434683300375351,-0.5115880147576135,1.8421310129562252,70.26414687292916,61.49816117967878,73.86041593551636,-10.628031863710918,-29.135312825656822,7.963345481315476,70.12768145517792,-22.3830484610423,-10.343908404842095,-1.3004457666171292,0,1,1
2014-03,TWII,Asien_Pazifik,0,8849.280273,2.4272035574273376,2.0916785143644034,-1.7295393844647622,2.434683300375351,1.893550912403255,119.53876396917528,75.00083989481772,150.81426780454575,70.12768145517792,21.956231627297342,104.18821894560378,-22.3830484610423,-10.343908404842095,18.018621331537332,3.2754976148498836,1,1,0
2014-04,TWII,Asien_Pazifik,0,8791.44043,-0.6536107029684102,2.4272035574273376,2.0916785143644034,-1.7295393844647622,1.9002561446548696,92.7823445002238,61.30099623998006,112.3606637954712,-22.3830484610423,-18.266253650026478,-25.49732500038402,-10.343908404842095,18.018621331537332,38.660193810520525,0.9648550951925742,0,1,0
2014-05,TWII,Asien_Pazifik,0,9075.910156,3.2357578745488835,-0.6536107029684102,2.4272035574273376,2.0916785143644034,2.0076034348133485,83.18502376925561,75.96359517497402,92.24833537686256,-10.343908404842095,23.919022257963118,-17.89979494533681,18.018621331537332,38.660193810520525,-2.7048677246242936,0.07732757889483634,0,1,1
2014-06,TWII,Asien_Pazifik,0,9393.070313,3.494527287605731,3.2357578745488835,-0.6536107029684102,2.4272035574273376,1.8784089060545532,98.1738182067871,105.45366484324137,96.13338797887167,18.018621331537332,38.82131908098889,4.211515130476329,38.660193810520525,-2.7048677246242936,-1.419314844118058,1.3100368914918,0,1,1
2014-07,TWII,Asien_Pazifik,0,9315.849609,-0.8221029059382823,3.494527287605731,3.2357578745488835,-0.6536107029684102,1.968174656533334,136.12800659671908,115.96761592741936,161.79567853866084,38.660193810520525,9.970209285573105,68.30331473828896,-2.7048677246242936,-1.419314844118058,-38.12192153075063,3.222536139713079,0,1,0
2014-08,TWII,Asien_Pazifik,0,9436.269531,1.2926348862873693,-0.8221029059382823,3.494527287605731,3.2357578745488835,1.8372605131992181,132.44592408211,107.58255644767515,154.04245942638767,-2.7048677246242936,-7.230518117223495,-4.791981579669047,-1.419314844118058,-38.12192153075063,4.1467635433172,2.445848791870672,0,1,0
2014-09,TWII,Asien_Pazifik,0,8966.919922,-4.973889389849395,1.2926348862873693,-0.8221029059382823,3.494527287605731,2.5809770551300226,130.56609942118328,121.00510635375977,142.43847586313885,-1.419314844118058,12.476511387431977,-7.53297734044166,-38.12192153075063,4.1467635433172,1.5573648683008257,2.034635004614549,0,1,0
2014-10,TWII,Asien_Pazifik,0,8974.759766,0.0874307350594794,-4.973889389849395,1.2926348862873693,-0.8221029059382823,2.4544095966210713,80.79179345407793,74.09397866649013,83.08987451368763,-38.12192153075063,-38.76789096000993,-41.66613058010812,4.1467635433172,1.5573648683008257,26.783666844919374,-0.48645379517397036,0,0,1
2014-11,TWII,Asien_Pazifik,0,9187.150391,2.366532704358515,0.0874307350594794,-4.973889389849395,1.2926348862873693,2.4837053451412503,84.14203809102376,77.99142316182454,87.09242757161458,4.1467635433172,5.26013660688609,4.817136963262114,1.5573648683008257,26.783666844919374,3.8473610430540095,-0.32739728608346297,0,0,1
2014-12,TWII,Asien_Pazifik,0,9307.259766,1.3073626738238975,2.366532704358515,0.0874307350594794,-4.973889389849395,2.4359154118421555,85.45243663172567,94.30592924548733,80.33614915417087,1.5573648683008257,20.918333609340344,-7.7575957012888885,26.783666844919374,3.8473610430540095,-8.025303643352133,-0.2865574549034715,0,0,1
2015-01,TWII,Asien_Pazifik,0,9361.910156,0.5871802375135404,1.3073626738238975,2.366532704358515,0.0874307350594794,2.3167355217901107,108.33973257003292,146.6483586834323,81.6583960748488,26.783666844919374,55.50279802841731,1.6458928323044741,3.8473610430540095,-8.025303643352133,-3.786405996924136,0.8398251083784557,0,0,1
2015-02,TWII,Asien_Pazifik,0,9622.099609,2.779234671817976,0.5871802375135404,1.3073626738238975,2.366532704358515,2.357832240138656,112.50795323508126,110.62664944784981,116.82035664149693,3.8473610430540095,-24.56332246673284,43.05982269651534,-8.025303643352133,-3.786405996924136,-25.261601602650142,0.9715915138357889,0,0,0
2015-03,TWII,Asien_Pazifik,0,9586.44043,-0.37059665196821356,2.779234671817976,0.5871802375135404,1.3073626738238975,2.334249499535946,103.47884836504537,80.65029876462874,119.2300068024666,-8.025303643352133,-27.096862132981926,2.0626971447831766,-3.786405996924136,-25.261601602650142,14.61646704169861,0.4687794836747721,0,0,0
2015-04,TWII,Asien_Pazifik,0,9820.049805,2.4368729634926645,-0.37059665196821356,2.779234671817976,0.5871802375135404,2.3424984255248633,99.56071904500325,92.08395849863687,107.84801419576009,-3.786405996924136,14.17683493941706,-9.546248391618018,-25.261601602650142,14.61646704169861,24.558055668202016,0.25841467982350513,0,0,0
2015-05,TWII,Asien_Pazifik,0,9701.070313,-1.2115976432158226,2.4368729634926645,-0.37059665196821356,2.779234671817976,2.2997110563355556,74.41008684712071,71.70904147240424,75.1276002699329,-25.261601602650142,-22.126456506031122,-30.339375434799198,14.61646704169861,24.558055668202016,-23.96457036562888,-0.976620995350697,0,0,1
2015-06,TWII,Asien_Pazifik,0,9323.019531,-3.897000741179968,-1.2115976432158226,2.4368729634926645,-0.37059665196821356,2.4343805899740074,85.28621266682943,88.44556840260823,80.42666390736898,14.61646704169861,23.33949330035976,7.053417942802098,24.558055668202016,-23.96457036562888,19.18166619724222,-0.44308919114331674,0,0,1
2015-07,TWII,Asien_Pazifik,0,8665.339844,-7.05436350115054,-3.897000741179968,-1.2115976432158226,2.4368729634926645,3.170970825445427,106.23084825085056,89.69054517438335,118.30285398421749,24.558055668202016,1.4076191653921155,47.09407084256565,-23.96457036562888,19.18166619724222,-10.263558111944526,0.5456361334795071,0,0,0
2015-08,TWII,Asien_Pazifik,0,8174.919922,-5.659557857267117,-7.05436350115054,-3.897000741179968,-1.2115976432158226,3.4275883339905997,80.77308187177104,72.6687409493231,83.29964871560374,-23.96457036562888,-18.978370788097155,-29.58779445277242,19.18166619724222,-10.263558111944526,69.33668679688365,-0.7123350831475163,0,0,1
2015-09,TWII,Asien_Pazifik,0,8181.240234,0.07731344233710136,-5.659557857267117,-7.05436350115054,-3.897000741179968,3.2167681012801546,96.26670481363932,79.88457260131835,111.3503412882487,19.18166619724222,9.929760111059792,33.674442815976114,-10.263558111944526,69.33668679688365,-3.9551845660048213,0.0642386706420011,0,0,0
2015-10,TWII,Asien_Pazifik,0,8554.30957,4.560058442601167,0.07731344233710136,-5.659557857267117,-7.05436350115054,3.55882262993152,86.38631562263735,101.0595084159605,75.2390812904604,-10.263558111944526,26.506915071474868,-32.43030922043458,69.33668679688365,-3.9551845660048213,-17.462244964117836,-0.46539997130577987,0,0,1
2015-11,TWII,Asien_Pazifik,0,8320.610352,-2.731947167537452,4.560058442601167,0.07731344233710136,-5.659557857267117,3.5103549429284926,146.2837247212728,206.72467168172201,112.25876941680909,69.33668679688365,104.55736914021405,49.20273811350009,-3.9551845660048213,-17.462244964117836,-12.711604183681224,2.2021073610924744,1,0,0
2015-12,TWII,Asien_Pazifik,0,8338.05957,0.2097107935814524,-2.731947167537452,4.560058442601167,0.07731344233710136,3.4654662831383005,140.49793341852003,194.36913816390498,108.1629870014806,-3.9551845660048213,-5.976806453387384,-3.648518896658426,-17.462244964117836,-12.711604183681224,4.015245447232085,1.7405500614050073,0,0,0
2016-01,TWII,Asien_Pazifik,0,8080.600098,-3.0877624444700325,0.2097107935814524,-2.731947167537452,4.560058442601167,3.488616989313111,115.96384011545489,110.91858869983304,120.46343551143524,-17.462244964117836,-42.934053344261315,11.37214203393464,-12.711604183681224,4.015245447232085,-20.571703453499047,0.5901208640110405,0,0,0
2016-02,TWII,Asien_Pazifik,0,8411.160156,4.090786005878644,-3.0877624444700325,0.2097107935814524,-2.731947167537452,3.6405699883338185,101.22297576378132,113.22725730106748,90.85711604151233,-12.711604183681224,2.0814082006417767,-24.57701736981631,4.015245447232085,-20.571703453499047,1.2679298080407353,-0.14074225534914356,0,0,1
2016-03,TWII,Asien_Pazifik,0,8744.830078,3.9669904723188765,4.090786005878644,-3.0877624444700325,0.2097107935814524,3.9191777499795357,105.2873266896894,122.04758010372039,93.74349009606146,4.015245447232085,7.78992886774601,3.1768277272089085,-20.571703453499047,1.2679298080407353,4.556577350732516,0.08165049546770788,0,0,0
2016-04,TWII,Asien_Pazifik,0,8377.900391,-4.195961313452079,3.9669904723188765,4.090786005878644,-3.0877624444700325,3.905532906539748,83.62793006896973,90.3290501912435,79.78639167149862,-20.571703453499047,-25.98865941096199,-14.888605502377427,1.2679298080407353,4.556577350732516,26.501697966147653,-0.929113059578285,0,0,1
2016-05,TWII,Asien_Pazifik,0,8535.589844,1.8822073030302366,-4.195961313452079,3.9669904723188765,4.090786005878644,4.00865309128768,84.68827352216167,88.0693675010435,82.82368420016381,1.2679298080407353,-2.5016123665817624,3.806780160168821,4.556577350732516,26.501697966147653,-11.965066413420121,-0.8842870925696081,0,0,1
2016-06,TWII,Asien_Pazifik,0,8666.580078,1.5346359934583553,1.8822073030302366,-4.195961313452079,3.9669904723188765,3.9564703426187773,88.54716021219889,97.87790400187174,80.03160365422566,4.556577350732516,11.137285050573364,-3.3711136770858907,26.501697966147653,-11.965066413420121,5.177677420867943,-0.675385337292379,0,0,1
2016-07,TWII,Asien_Pazifik,0,8984.410156,3.667306770831158,1.5346359934583553,1.8822073030302366,-4.195961313452079,3.5386997745205497,112.01366116923671,143.21993846278036,94.82303280984202,26.501697966147653,46.32509750110867,18.481985216143258,-11.965066413420121,5.177677420867943,-16.921676258939698,0.504740816275006,0,0,0
2016-08,TWII,Asien_Pazifik,0,9068.849609,0.9398441470708008,3.667306770831158,1.5346359934583553,1.8822073030302366,2.988234476228465,98.61115221823415,123.22047128985005,80.60763149876749,-11.965066413420121,-13.964164059550777,-14.991506693929601,5.177677420867943,-16.921676258939698,-3.0021981619094418,-0.09695177493770867,0,0,1
2016-09,TWII,Asien_Pazifik,0,9166.849609,1.080622176188073,0.9398441470708008,3.667306770831158,1.5346359934583553,2.976850035542015,103.71691958109538,119.65013109842936,94.2956667582194,5.177677420867943,-2.897521940994874,16.98106619056434,-16.921676258939698,-3.0021981619094418,21.584843002401332,0.24419612754655895,0,0,0
2016-10,TWII,Asien_Pazifik,0,9290.120117,1.3447423406943715,1.080622176188073,0.9398441470708008,3.667306770831158,2.763669431013501,86.16627822383758,100.4282025367983,80.40413419661984,-16.921676258939698,-16.065112829519823,-14.731888578950725,-3.0021981619094418,21.584843002401332,3.2171336265169437,-0.755613313542009,0,0,0
2016-11,TWII,Asien_Pazifik,0,9240.709961,-0.5318570199063899,1.3447423406943715,1.080622176188073,0.9398441470708008,2.5803798970635246,83.57939580281575,85.52786210378011,80.94508310953776,-3.0021981619094418,-14.836808841180337,0.6727874360229924,21.584843002401332,3.2171336265169437,7.91479544055298,-0.8991235723515687,0,0,1
2016-12,TWII,Asien_Pazifik,0,9253.5,0.13840970070460035,-0.5318570199063899,1.3447423406943715,1.080622176188073,2.582216540342445,101.61987716920915,112.50576536117062,94.95736854307113,21.584843002401332,31.54282428415589,17.310854341296356,3.2171336265169437,7.91479544055298,-12.981087348955,0.08052018995459746,0,0,1
2017-01,TWII,Asien_Pazifik,0,9447.950195,2.1013691576160287,0.13840970070460035,-0.5318570199063899,1.3447423406943715,2.268709382334445,104.88912440884498,102.22949655594364,108.44574915978217,3.2171336265169437,-9.133993064477785,14.204669762508138,7.91479544055298,-12.981087348955,16.858108837707487,0.2764772290213544,0,0,1
2017-02,TWII,Asien_Pazifik,0,9750.469727,3.20195942777195,2.1013691576160287,0.13840970070460035,-0.5318570199063899,2.1834642517379175,113.19088404519218,94.91658476420811,125.99899278368268,7.91479544055298,-7.153426396591556,16.186197946807358,-12.981087348955,16.858108837707487,-11.924009642381684,0.7499284136946149,0,0,0
2017-03,TWII,Asien_Pazifik,0,9811.519531,0.6261216711534123,3.20195942777195,2.1013691576160287,0.13840970070460035,2.013415975592041,98.49747651623142,99.26259293094758,97.23793039014262,-12.981087348955,4.578765847439437,-22.826422464279194,16.858108837707487,-11.924009642381684,25.21966237763813,-0.07970292612513222,0,0,1
2017-04,TWII,Asien_Pazifik,0,9872.0,0.6164230607594412,0.6261216711534123,3.20195942777195,2.1013691576160287,1.2053062312553215,115.10228830973307,101.26866887410482,124.87095286051432,16.858108837707487,2.0209787835713477,28.417945918327536,-11.924009642381684,25.21966237763813,-19.96658607237466,0.8218982347521404,0,0,0
2017-05,TWII,Asien_Pazifik,0,10040.71973,1.709073440032416,0.6164230607594412,0.6261216711534123,3.20195942777195,1.1998173783984114,101.37748035307854,98.86025521063036,100.89005654858005,-11.924009642381684,-2.378241651885993,-19.204543380654638,25.21966237763813,-19.96658607237466,34.9537634693037,-0.016757352017186686,0,0,1
2017-06,TWII,Asien_Pazifik,0,10395.07031,3.5291352565220757,1.709073440032416,0.6164230607594412,0.6261216711534123,1.3531851168833902,126.94453862508138,146.7019323984782,113.13888193766276,25.21966237763813,48.393236580177735,12.140765708843393,-19.96658607237466,34.9537634693037,-13.40475581527194,1.3684569567814138,0,0,0
2017-07,TWII,Asien_Pazifik,0,10427.33008,0.31033719867163967,3.5291352565220757,1.709073440032416,0.6164230607594412,1.2119831657198628,101.59804805632561,69.98286450293756,124.43094007430538,-19.96658607237466,-52.29588093437852,9.980705079677499,34.9537634693037,-13.40475581527194,-22.585571348701183,-0.09325574279342158,0,0,1
2017-08,TWII,Asien_Pazifik,0,10585.78027,1.5195662627378814,0.31033719867163967,3.5291352565220757,1.709073440032416,1.2098085342270863,137.11038946336316,109.75087941077447,156.3583743187689,34.9537634693037,56.82536030826179,25.658758364597812,-13.40475581527194,-22.585571348701183,1.45640671502556,1.769125616283447,0,0,0
2017-09,TWII,Asien_Pazifik,0,10329.94043,-2.416825528913036,1.5195662627378814,0.31033719867163967,3.5291352565220757,1.6201593906635166,118.73107655843098,86.45641419092814,146.35588200887045,-13.40475581527194,-21.22485518558812,-6.397158037411099,-22.585571348701183,1.45640671502556,-9.265018521286283,0.6833153665668898,0,0,0
2017-10,TWII,Asien_Pazifik,0,10793.79981,4.490436156368038,-2.416825528913036,1.5195662627378814,0.31033719867163967,1.9077814371684054,91.91498454924553,71.24007597277242,109.52413552807224,-22.585571348701183,-17.60001078063723,-25.16588057497128,1.45640671502556,-9.265018521286283,8.729366354164325,-0.8369177242663346,0,0,1
2017-11,TWII,Asien_Pazifik,0,10560.44043,-2.1619761725041653,4.490436156368038,-2.416825528913036,1.5195662627378814,2.096771818578679,93.25364055633545,80.09026870727538,105.41860446929931,1.45640671502556,12.423053476087631,-3.748517200321233,-9.265018521286283,8.729366354164325,-28.45406203269154,-0.7153023093285192,0,0,0
2017-12,TWII,Asien_Pazifik,0,10642.86035,0.780459115756793,-2.1619761725041653,4.490436156368038,-2.416825528913036,2.077026192425774,84.61367348701724,64.52695954230524,98.77827345940375,-9.265018521286283,-19.432209950316203,-6.29901244028458,8.729366354164325,-28.45406203269154,65.97083380479091,-1.2336645984463541,0,0,1
2018-01,TWII,Asien_Pazifik,0,11103.79004,4.330881688210808,0.780459115756793,-2.1619761725041653,4.490436156368038,2.2576142297049793,91.99991103141538,75.9898567199707,106.7695834867416,8.729366354164325,17.76450844572981,8.09014953133611,-28.45406203269154,65.97083380479091,11.699680256456425,-0.6525128056178033,0,0,0
2018-02,TWII,Asien_Pazifik,0,10815.46973,-2.5965936762255226,4.330881688210808,0.780459115756793,-2.1619761725041653,2.4445352682756845,65.82219927651542,53.66386883599417,76.22563787869045,-28.45406203269154,-29.380221055357104,-28.60734734611382,65.97083380479091,11.699680256456425,0.0402988402496085,-2.142949409571251,0,0,1
2018-03,TWII,Asien_Pazifik,0,10906.21973,0.8390759002198322,-2.5965936762255226,4.330881688210808,0.780459115756793,2.443180441961566,109.2456529678837,64.72115756619361,142.5100219480453,65.97083380479091,20.60471779251023,86.95812316433921,11.699680256456425,0.0402988402496085,-15.333763880707775,0.5900008957372371,1,0,1
2018-04,TWII,Asien_Pazifik,0,10657.87988,-2.2770479244690667,0.8390759002198322,-2.5965936762255226,4.330881688210808,2.6120056223932995,122.0270450592041,94.80569979349772,144.06638272603354,11.699680256456425,46.483319147274415,1.092106194858089,0.0402988402496085,-15.333763880707775,5.999256123072527,1.2755117361317614,0,0,1
2018-05,TWII,Asien_Pazifik,0,10874.95996,2.0368035898711945,-2.2770479244690667,0.8390759002198322,-2.5965936762255226,2.6255204244867603,122.07622054315382,62.3412499273977,166.9032696139428,0.0402988402496085,-34.24314143222706,15.851641761102208,-15.333763880707775,5.999256123072527,3.182714359079064,1.1736073459445548,0,0,0
2018-06,TWII,Asien_Pazifik,0,10836.91016,-0.34988450660926596,2.0368035898711945,-2.2770479244690667,0.8390759002198322,2.480122851129644,103.35734113057454,56.24654754002889,136.8462231318156,-15.333763880707775,-9.776355774814693,-18.008662473569824,5.999256123072527,3.182714359079064,-34.571624462700555,-0.01799698964290039,0,0,1
2018-07,TWII,Asien_Pazifik,0,11057.50977,2.0356319905119546,-0.34988450660926596,2.0368035898711945,-2.2770479244690667,2.525597359709377,109.5580127469955,85.10936841657085,127.5609563396823,5.999256123072527,51.3148311120806,-6.7851830906501265,3.182714359079064,-34.571624462700555,25.17349771161239,0.37867626972426766,0,0,1
2018-08,TWII,Asien_Pazifik,0,11063.94043,0.058156493946293075,2.0356319905119546,-0.34988450660926596,2.0368035898711945,2.5081493553619008,113.04493135021579,67.86267332876882,146.81783097790134,3.182714359079064,-20.264155883976787,15.096213755986486,-34.571624462700555,25.17349771161239,-13.771045076727717,0.557552855944708,0,0,0
2018-09,TWII,Asien_Pazifik,0,11006.33984,-0.5206155109423349,0.058156493946293075,2.0356319905119546,-0.34988450660926596,2.370694137613168,73.96346220970153,49.602893877029416,88.1794579188029,-34.571624462700555,-26.906955703436154,-39.939544582922316,25.17349771161239,-13.771045076727717,8.45156427798377,-1.6910069748655194,0,0,1
2018-10,TWII,Asien_Pazifik,0,9802.129883,-10.941057376981744,-0.5206155109423349,0.058156493946293075,2.0356319905119546,3.7978848980254556,92.58265267649004,61.918164991563366,115.57533417978594,25.17349771161239,24.8277270779095,31.06832011397669,-13.771045076727717,8.45156427798377,1.0709526807535674,-0.6268948726858339,0,0,0
2018-11,TWII,Asien_Pazifik,0,9888.030273,0.8763441315849052,-10.941057376981744,-0.5206155109423349,0.058156493946293075,3.795054825938598,79.83305384318034,48.951593685150144,103.46333103179931,-13.771045076727717,-20.94146573655724,-10.479747459908284,8.45156427798377,1.0709526807535674,12.624990293825844,-1.3560584289494768,0,0,1
2018-12,TWII,Asien_Pazifik,0,9727.410156,-1.6243894139218562,0.8763441315849052,-10.941057376981744,-0.5206155109423349,3.7860829911801517,86.58019570381411,64.75931516770393,99.9929014944261,8.45156427798377,32.292557386848046,-3.3542603961847828,1.0709526807535674,12.624990293825844,-19.17630273940678,-0.9074144937294559,0,0,1
2019-01,TWII,Asien_Pazifik,0,9932.259766,2.1059008175330796,-1.6243894139218562,0.8763441315849052,-10.941057376981744,3.56661995986786,87.5074286307058,54.891605531015706,113.59607076644897,1.0709526807535674,-15.237513879098808,13.60413496230144,12.624990293825844,-19.17630273940678,-0.8685045212788456,-0.801073848206824,0,0,1
2019-02,TWII,Asien_Pazifik,0,10389.16992,4.6002638348635605,2.1059008175330796,-1.6243894139218562,0.8763441315849052,3.843013044749798,98.55523300170898,57.736959321158274,130.96962765284948,12.624990293825844,5.183586383777472,15.294153018831214,-19.17630273940678,-0.8685045212788456,33.10270858929771,-0.14271946978709077,0,0,0
2019-03,TWII,Asien_Pazifik,0,10641.04004,2.424352685916986,4.6002638348635605,2.1059008175330796,-1.6243894139218562,3.911002926652969,79.65598315577353,67.75160512616557,85.8987022830594,-19.17630273940678,17.345294803804002,-34.41326525662569,-0.8685045212788456,33.10270858929771,-1.685648374379367,-1.1424746158846457,0,0,0
2019-04,TWII,Asien_Pazifik,0,10967.73047,3.070098681820199,2.424352685916986,4.6002638348635605,2.1059008175330796,3.948732650908881,78.96416734059652,57.763711071014406,93.91384995778402,-0.8685045212788456,-14.741929783880291,9.330929876347316,33.10270858929771,-1.685648374379367,-9.939817225846037,-1.0844430097283153,0,0,1
2019-05,TWII,Asien_Pazifik,0,10498.49023,-4.278371366651578,3.070098681820199,2.424352685916986,4.6002638348635605,4.115597266991185,105.10344554531959,63.40447973435925,133.1031727944651,33.10270858929771,9.765246309071296,41.729013190596916,-1.685648374379367,-9.939817225846037,13.921162899248628,0.33804429903187627,0,0,0
2019-06,TWII,Asien_Pazifik,0,10730.83008,2.2130786895059984,-4.278371366651578,3.070098681820199,2.424352685916986,4.173879400834521,103.3317710240682,51.50454092025757,138.8043354034424,-1.685648374379367,-18.768293445444108,4.283265747376963,-9.939817225846037,13.921162899248628,-12.699931906120154,0.3113759427556039,0,0,0
2019-07,TWII,Asien_Pazifik,0,10823.80957,0.8664706206959139,2.2130786895059984,-4.278371366651578,3.070098681820199,4.13555320079096,93.06078184804609,47.329337519984094,126.32542345600743,-9.939817225846037,-8.10647629446455,-8.990289756558633,13.921162899248628,-12.699931906120154,2.8698387190764008,-0.2605231431616406,0,0,1
2019-08,TWII,Asien_Pazifik,0,10618.04981,-1.900992055239925,0.8664706206959139,2.2130786895059984,-4.278371366651578,4.1674704425095115,106.01592488442698,74.11447860348609,125.86253258489793,13.921162899248628,56.593103742879094,-0.3664273259061712,-12.699931906120154,2.8698387190764008,-22.581225044357122,0.6360280812730083,0,0,0
2019-09,TWII,Asien_Pazifik,0,10829.67969,1.9931144022388159,-1.900992055239925,0.8664706206959139,2.2130786895059984,4.216022462194938,92.55197461446126,70.08315865198772,112.63771381378174,-12.699931906120154,-5.439314999523937,-10.507351552135392,2.8698387190764008,-22.581225044357122,-1.8944804802661475,-0.18151693898220844,0,0,1
2019-10,TWII,Asien_Pazifik,0,11358.70996,4.885003851854441,1.9931144022388159,-1.900992055239925,0.8664706206959139,2.703158370842042,95.20806701721683,69.20361838802215,118.00913903021043,2.8698387190764008,-1.2549951812718674,4.768762641355617,-22.581225044357122,-1.8944804802661475,93.42482713456963,-0.008370969890582997,0,0,0
2019-11,TWII,Asien_Pazifik,0,11489.57031,1.1520705296713007,4.885003851854441,1.9931144022388159,-1.900992055239925,2.700685826911279,73.70891914367675,52.628954823811846,86.17964719136556,-22.581225044357122,-23.95057361202817,-26.972056656303966,-1.8944804802661475,93.42482713456963,-45.859153499296525,-1.3702344917470703,0,0,0
2019-12,TWII,Asien_Pazifik,0,11997.13965,4.41765293483809,1.1520705296713007,4.885003851854441,1.9931144022388159,2.6705517509062826,72.31251805828464,60.52569272441249,79.17934866874448,-1.8944804802661475,15.004550113215975,-8.122913879046889,93.42482713456963,-45.859153499296525,9.297101316181845,-1.3788146832098769,0,0,1
2020-01,TWII,Asien_Pazifik,0,11495.09961,-4.184664467084032,4.41765293483809,1.1520705296713007,4.885003851854441,3.1740639603390584,139.8703630508915,84.9525350447624,191.54257983546103,93.42482713456963,40.35780710775339,141.90976947385673,-45.859153499296525,9.297101316181845,-15.71040369340041,2.3984234895573473,1,1,0
2020-02,TWII,Asien_Pazifik,0,11292.16992,-1.7653582559951309,-4.184664467084032,4.41765293483809,1.1520705296713007,3.0981910078499832,75.72699855935984,56.10202249987372,87.16311290346343,-45.859153499296525,-33.960743525413385,-54.49413233426306,9.297101316181845,-15.71040369340041,-0.37686680923350035,-1.1696176844696133,0,1,1
2020-03,TWII,Asien_Pazifik,0,9708.05957,-14.028396324379798,-1.7653582559951309,-4.184664467084032,4.41765293483809,5.20778752114689,82.76741433912709,64.03543063132993,98.19669649677891,9.297101316181845,14.141037663079015,12.658546976787765,-15.71040369340041,-0.37686680923350035,3.027754065969246,-0.7094840570068491,0,1,0
2020-04,TWII,Asien_Pazifik,0,10992.13965,13.226948915394843,-14.028396324379798,-1.7653582559951309,-4.184664467084032,6.52310270247231,69.76431941986084,47.72460098266602,82.26346549987792,-15.71040369340041,-25.47157017272198,-16.225831993669605,-0.37686680923350035,3.027754065969246,-4.293498750492198,-1.3384281588774083,0,1,0
2020-05,TWII,Asien_Pazifik,0,10942.16016,-0.4546839067860575,13.226948915394843,-14.028396324379798,-1.7653582559951309,6.375298309712085,69.50140085527974,42.106849024372714,85.36720494301089,-0.37686680923350035,-11.771186856719284,3.772925714073616,3.027754065969246,-4.293498750492198,-5.254596548829982,-1.2641225588871834,0,1,1
2020-06,TWII,Asien_Pazifik,0,11621.24023,6.206087829736173,-0.4546839067860575,13.226948915394843,-14.028396324379798,6.572014795279833,71.60573234558106,51.320197105407715,86.46775321960449,3.027754065969246,21.88087756388999,1.289193288369117,-4.293498750492198,-5.254596548829982,27.892667765632396,-1.0480468176075706,0,1,0
2020-07,TWII,Asien_Pazifik,0,12664.79981,8.979760846059026,6.206087829736173,-0.4546839067860575,13.226948915394843,6.976741108240489,68.53134112204275,36.44394225458945,92.3572107745755,-4.293498750492198,-28.98713506548618,6.811160618471734,-5.254596548829982,27.892667765632396,-7.62341761045866,-1.1294147111936224,0,0,0
2020-08,TWII,Asien_Pazifik,0,12591.4502,-0.5791612271840663,8.979760846059026,6.206087829736173,-0.4546839067860575,6.927669438747473,64.93029563657699,27.294767964270807,89.9976692199707,-5.254596548829982,-25.104787584187527,-2.5547994951514386,27.892667765632396,-7.62341761045866,-8.272171743840929,-1.2409867889200987,0,0,1
2020-09,TWII,Asien_Pazifik,0,12515.61035,-0.6023122737681019,-0.5791612271840663,8.979760846059026,6.206087829736173,6.956575684815402,83.04108727773031,49.94818175633748,105.76334724426269,27.892667765632396,82.9954437484879,17.517873697104093,-7.62341761045866,-8.272171743840929,-11.477018729790899,-0.19368612145326036,0,0,0
2020-10,TWII,Asien_Pazifik,0,12546.33984,0.24552929614016783,-0.6023122737681019,-0.5791612271840663,8.979760846059026,6.876028597830712,76.71051840628347,43.048690057569935,98.63585779743809,-7.62341761045866,-13.813299015418378,-6.739092164285898,-8.272171743840929,-11.477018729790899,20.377331218205175,-0.5310391234579444,0,0,0
2020-11,TWII,Asien_Pazifik,0,13722.88965,9.37763383587733,0.24552929614016783,-0.6023122737681019,-0.5791612271840663,7.284851860546148,70.364892578125,62.07505849202474,79.94887498219808,-8.272171743840929,44.197322633999846,-18.94542535800341,-11.477018729790899,20.377331218205175,-3.544024808415902,-0.8727351360468183,0,0,0
2020-12,TWII,Asien_Pazifik,0,14732.53027,7.357347073034282,9.37763383587733,0.24552929614016783,-0.6023122737681019,7.431165425407818,62.28910067773634,29.27726056498866,85.56250313789614,-11.477018729790899,-52.8357100642118,7.021522387836021,20.377331218205175,-3.544024808415902,7.229044395559336,-1.241929193326495,0,0,1
2021-01,TWII,Asien_Pazifik,0,15138.30957,2.754308272668493,7.357347073034282,9.37763383587733,0.24552929614016783,7.173225296846703,74.98195703567997,47.25387308674474,95.04665202479208,20.377331218205175,61.40127926877659,11.084468708928341,-3.544024808415902,7.229044395559336,9.128842161979843,-0.4909869325486777,0,0,0
2021-02,TWII,Asien_Pazifik,0,15953.79981,5.3869306624306335,2.754308272668493,7.357347073034282,9.37763383587733,7.0776818632332335,72.32457787649972,46.01375893184117,91.39712776456561,-3.544024808415902,-2.6243651025749215,-3.8397188985410335,7.229044395559336,9.128842161979843,6.3745163092844725,-0.5840812846265266,0,0,1
