Index,YearMonth,Close_last,Stock_monthly_pct,GPRD_mean,GPRD_ACT_mean,GPRD_THREAT_mean,GPRD_monthly_pct,GPRD_ACT_monthly_pct,GPRD_THREAT_monthly_pct
000001.SS,2000-02,1714.578003,11.69911479198591,63.89095319550613,69.82025521377037,56.801463094250906,-2.9042100082795064,5.873836985806324,-14.821458008439558
000001.SS,2000-03,1800.224976,4.9952217309532365,50.673104070848034,41.77679486428538,55.219184998543035,-20.688138873451322,-40.16522177357223,-2.785629118535893
000001.SS,2000-04,1836.321045,2.005086557581448,49.652309608459475,41.48203840255737,54.45606384277344,-2.0144699660817,-0.7055506835446423,-1.3819855468524822
000001.SS,2000-05,1894.553955,3.1711726094170167,79.68136535152313,82.95394897460938,78.51787874775547,60.478668524912834,99.97558502210744,44.1857402225283
000001.SS,2000-06,1928.105957,1.7709710463220896,64.1265432993571,52.05603179931641,72.9901512145996,-19.521279515661185,-37.24707208905779,-7.040087711633303
000001.SS,2000-07,2023.53894,4.9495715032428445,51.13137294400123,40.80166629052931,56.502953067902595,-20.264885157915803,-21.61971460324582,-22.58825043151742
000001.SS,2000-08,2021.198975,-0.11563726072896241,47.5130286985828,41.88413973777525,50.82666443240258,-7.076563833678429,2.6530128439808287,-10.046003487071765
000001.SS,2000-09,1910.161011,-5.493668133292029,52.75809377034505,36.65586573282878,63.30135205586751,11.039214328003254,-12.482705954280583,24.54358900544371
000001.SS,2000-10,1961.286987,2.6765270417300924,74.84650722626716,74.61284114468482,80.27979493910267,41.86734560970407,103.54952653010727,26.82161175364879
000001.SS,2000-11,2070.613037,5.574199529423596,45.440477244059245,47.08891073862711,44.53256746927897,-39.28844654475468,-36.88899924435919,-44.52829942694827
000001.SS,2000-12,2073.477051,0.13831720117774005,46.011570776662516,44.53382098290228,46.60758584545505,1.2567947504951382,-5.426096538752367,4.659552534462641
000001.SS,2001-01,2065.605957,-0.37960844544691064,47.34544200281943,39.250703688590754,53.58126591097924,2.8989908486964033,-11.863157433402927,14.962542983127358
000001.SS,2001-02,1959.180054,-5.152284860495316,56.336307116917204,45.95857455049242,65.78157465798515,18.989927506775352,17.089810453134604,22.769728448140224
000001.SS,2001-03,2112.774902,7.839751516784288,61.72149381329936,57.44915543833086,65.804611175291,9.558998400811113,25.002039336999694,0.035019710953454464
000001.SS,2001-04,2119.184082,0.30335366034182076,49.026970354715985,47.12476806640625,50.69535102844238,-20.567427445911946,-17.97134752138766,-22.96079237760469
000001.SS,2001-05,2214.25708,4.4863020068683035,59.95146006922568,56.56440058062154,60.64858498111848,22.282612275385794,20.031149014703598,19.633425453730236
000001.SS,2001-06,2218.029053,0.17034937063407085,70.94172350565593,62.602798779805504,78.85646438598633,18.33193624265337,10.675262421595733,30.02193606089316
000001.SS,2001-07,1920.317993,-13.422324635348238,59.984781203731416,53.3461978666244,62.87733785567745,-15.444990282835402,-14.786241340007166,-20.26355943641387
000001.SS,2001-08,1834.137939,-4.4878012034541115,64.13564220551521,73.31873946036062,56.88255968401509,6.919856867837648,37.43948471017813,-9.534083942011339
000001.SS,2001-09,1764.866943,-3.7767604348104555,472.49111404418943,791.8359584172566,249.4176373163859,636.705984061322,979.9912331353685,338.47822373309316
000001.SS,2001-10,1689.170044,-4.289099487088077,504.05423072076616,840.6995652721774,257.8192534908172,6.680150322070344,6.170925472062505,3.368493208751655
000001.SS,2001-11,1747.993042,3.4823609505118647,296.1777104695638,494.21396484375,141.4245381673177,-41.24090377218973,-41.21396212644078,-45.14585848323587
000001.SS,2001-12,1645.970947,-5.836527523202806,231.22251793646043,376.6929409888483,121.45619632351783,-21.93115492388762,-23.77938144505022,-14.119432244619079
000001.SS,2002-01,1491.665039,-9.37476498484029,169.9862031013735,259.16573752126385,104.05673919185516,-26.483715938044828,-31.199736092496554,-14.325705611030715
000001.SS,2002-02,1524.70105,2.2147070646736378,143.41856629507882,209.38243239266532,93.08014828818185,-15.629290096238414,-19.20906119950132,-10.548659307337282
000001.SS,2002-03,1603.905029,5.19472187679022,150.27259728216356,217.83082137569303,97.68620583318895,4.7790402345696315,4.034908223429179,4.948485396420366
000001.SS,2002-04,1667.749023,3.9805345606906295,154.13523864746094,219.28201649983723,99.5971280415853,2.5704229747520735,0.6662028426368982,1.9561842863049517
000001.SS,2002-05,1515.733032,-9.115040027218768,159.16512766192037,205.2949966922883,137.87667772846837,3.2632959591828437,-6.378553075536553,38.434391070895146
000001.SS,2002-06,1732.755005,14.31795497084607,147.7977030436198,185.49468332926432,127.91307754516602,-7.141906512616192,-9.644810483473298,-7.2264579822009285
000001.SS,2002-07,1651.593994,-4.683928816584193,119.37826931861139,161.98243344214654,92.84361993112871,-19.228603110713394,-12.675430618883077,-27.416631893368603
000001.SS,2002-08,1666.618042,0.9096695710071767,127.00253000567037,157.38569099672378,101.13534890451739,6.386640324555559,-2.8378030553939837,8.930854892925822
000001.SS,2002-09,1581.618042,-5.100148795821092,170.25116170247395,185.25534108479818,167.88976720174153,34.05336231874485,17.707867793810127,66.00503090195247
000001.SS,2002-10,1507.495972,-4.686470945050091,168.296264894547,195.84739069784843,161.10799457180886,-1.1482428597716532,5.717540747287764,-4.039419878272565
000001.SS,2002-11,1434.182007,-4.863294254958039,156.04842834472657,175.04123814900717,151.88629328409831,-7.277545082473935,-10.623655732508986,-5.723925316195444
000001.SS,2002-12,1357.654053,-5.336000146876763,175.05461046772618,174.67416357224988,183.75799191382623,12.179669045440855,-0.20970748415570784,20.983920234403875
000001.SS,2003-01,1499.814941,10.471068655956062,205.2729772752331,176.48827115951045,244.28261073943108,17.26225132075463,1.0385666375383629,32.93713552006381
000001.SS,2003-02,1511.932007,0.8079040732799303,236.19078636169434,210.63462039402552,291.2838772365025,15.061801848864963,19.34765920147381,19.240528973716554
000001.SS,2003-03,1510.578003,-0.08955455627178699,349.2410371841923,413.45056693784653,352.7903245495212,47.86395462919402,96.28803952760548,21.115637396943754
000001.SS,2003-04,1521.44397,0.7193251178304161,252.85915400187176,326.76046600341795,210.79934641520182,-27.597525181866878,-20.967464520966683,-40.2479796790425
000001.SS,2003-05,1576.260986,3.6029598907937332,159.68020999047064,183.58484895767705,150.55725589875252,-36.85013674083216,-43.81668896391011,-28.577930406763798
000001.SS,2003-06,1486.024048,-5.724746016139736,145.7216801961263,176.93343124389648,127.7050184249878,-8.741552754206271,-3.623075516059593,-15.178436494042181
000001.SS,2003-07,1476.741943,-0.6246268364561436,133.95684691398375,166.529414761451,106.6518937387774,-8.073495492440319,-5.880186920754349,-16.485745780285622
000001.SS,2003-08,1421.983032,-3.7080893692744477,137.39681588449787,179.2770211004442,108.98332251271894,2.5679680059377485,7.654867674430843,2.186017230647508
000001.SS,2003-09,1367.161011,-3.8553217419826535,118.71830571492514,145.99144999186197,97.7679594039917,-13.59457280674885,-18.56655744515813,-10.290898506437395
000001.SS,2003-10,1348.302979,-1.3793570653544474,107.55338336575416,129.5931615521831,91.48407450029927,-9.404549940243411,-11.232362196959455,-6.4273458728196236
000001.SS,2003-11,1397.224976,3.628412735265485,117.27323557535807,152.34808400472005,93.18425509134929,9.037235190035675,17.55873703519013,1.85844432524096
000001.SS,2003-12,1497.043945,7.144087080790906,131.9601605323053,166.63024114793348,112.74830061389554,12.52368017722989,9.374687733369157,20.995011982837084
000001.SS,2004-01,1590.729004,6.25800326790007,114.1432640321793,127.11111671693864,107.96992640341482,-13.501723875035932,-23.716658008020264,-4.238089784469723
000001.SS,2004-02,1675.067017,5.301846687143197,114.83697246683055,130.29377562424233,103.49829351490942,0.6077524070589702,2.503839939028385,-4.141554076639597
000001.SS,2004-03,1741.623047,3.9733353546176353,137.0413291685043,182.14090384206463,107.18084593742124,19.33554692769983,39.792482771660254,3.558080329103519
000001.SS,2004-04,1595.587036,-8.385052738682564,148.72968673706055,203.51488087972004,120.71956570943196,8.529074870679644,11.734858335933641,12.631659746290346
000001.SS,2004-05,1555.906006,-2.486923565102217,121.83138078258884,160.97313985516948,91.7239502937563,-18.08536449217786,-20.903503881710396,-24.018985858073037
000001.SS,2004-06,1399.161987,-10.074131624632344,136.9921531677246,177.06919593811034,107.51701380411784,12.444061856436273,9.9992185636826,17.21803679386078
000001.SS,2004-07,1386.202026,-0.9262659449309374,130.39895802159464,159.34060545890563,120.38267381729618,-4.812826861738328,-10.012238653526872,11.96616196634508
000001.SS,2004-08,1342.062012,-3.18424105376397,139.9520955239573,177.53836158014113,126.08562567926222,7.326084232038577,11.420664600103292,4.737352711255904
000001.SS,2004-09,1396.699951,4.071193321281497,152.970458984375,188.2974100748698,129.69852345784506,9.302013958189859,6.060126047672232,2.8654319309747045
000001.SS,2004-10,1320.536011,-5.453135438679491,118.0625233804026,147.26095236501385,96.84527255642799,-22.82005024743897,-21.793426523253423,-25.33047410681982
000001.SS,2004-11,1340.770996,1.532331176995072,124.46195271809896,154.47430343627929,99.13031984965006,5.420373167086323,4.898346068946902,2.3594825363217
000001.SS,2004-12,1266.495972,-5.53972484649422,107.17075778592017,141.9146915558846,79.30897829609532,-13.892755620942731,-8.130550907824963,-19.995236153396423
000001.SS,2005-01,1191.822998,-5.896029332180131,99.38704164566532,126.41269216229838,77.36354717131584,-7.26291042543833,-10.923463401589872,-2.4529771616982887
000001.SS,2005-02,1306.003052,9.580286182730635,109.60796138218471,108.7996129989624,105.78578090667725,10.283956104618763,-13.932999022537196,36.73853484564569
000001.SS,2005-03,1181.235962,-9.553353631825978,90.47840487572455,87.14632021996283,87.85526915519468,-17.45270714392596,-19.901994301400748,-16.94983162935727
000001.SS,2005-04,1159.145996,-1.8700722557242977,86.93658548990885,102.42798690795898,72.97031523386637,-3.9145466707558807,17.535641951862413,-16.942585304740586
000001.SS,2005-05,1060.738037,-8.489694942620485,98.79405889203471,105.33132522336898,90.99365062098349,13.63922143399825,2.834516622902017,24.69954436862878
000001.SS,2005-06,1080.937988,1.9043298435049705,81.75722109476725,95.1893081665039,69.31578687032064,-17.244799928592734,-9.628680770281385,-23.82349054326638
000001.SS,2005-07,1083.032959,0.19381047046707067,164.77051716466104,237.00151295815743,116.65942007495511,101.53634744222848,148.97913171466425,68.30137165319535
000001.SS,2005-08,1162.797974,7.364966535612161,116.88755367648217,143.29871208437027,94.36514368364888,-29.06039521641346,-39.53679438760814,-19.11056679090457
000001.SS,2005-09,1155.614014,-0.6178166939255547,103.76748135884603,130.99529851277669,78.09897527694702,-11.224524686306193,-8.585850767695435,-17.237475376748023
000001.SS,2005-10,1092.817017,-5.434080604702663,87.41865994853359,105.815919445407,73.7711932274603,-15.755245474037638,-19.221589899208325,-5.541406957184714
000001.SS,2005-11,1099.260986,0.5896658726718851,82.0722770690918,93.67955487569174,70.19666430155436,-6.115837148029257,-11.469318258843575,-4.84542647274867
000001.SS,2005-12,1161.057007,5.621596853433686,95.3541398817493,131.53387844947076,69.47696587347215,16.183129415888263,40.40830854075885,-1.0252601533749406
000001.SS,2006-01,1258.046021,8.353510070156279,93.70335646598569,99.09636282151745,89.04377758887506,-1.7312131574054201,-24.660958842184765,28.163019886385033
000001.SS,2006-02,1299.030029,3.2577510930341225,96.56065307344709,102.5961035319737,90.61754550252643,3.0493001694113175,3.5316540494625848,1.7674091960896199
000001.SS,2006-03,1298.295044,-0.056579523459199255,91.85162070489699,96.46455383300781,86.54391436423025,-4.876761101613781,-5.976396264459504,-4.495411032935781
000001.SS,2006-04,1440.223022,10.931873972400364,89.32775522867838,92.80472908020019,86.14640655517579,-2.7477636832640484,-3.7939580989958643,-0.45931341559326544
000001.SS,2006-05,1641.300049,13.961520120735859,84.38873118738974,80.68312811082409,83.90371753323463,-5.529103500524313,-13.06140440203304,-2.603345991576267
000001.SS,2006-06,1672.21106,1.8833248082112286,102.32296142578124,114.45484237670898,90.22701250712076,21.25192544792216,41.857219788872115,7.536370449118013
000001.SS,2006-07,1612.733032,-3.5568493369491305,137.44066902898973,144.67092710925687,133.83614447809035,34.3204566344385,26.40000554375559,48.33267860611912
000001.SS,2006-08,1658.637939,2.8464045870674415,147.491208968624,160.77977629630797,141.31128421906502,7.312638981344266,11.134821286439633,5.585292201986869
000001.SS,2006-09,1752.42395,5.654399238964958,113.61922556559244,117.84904912312825,111.18667894999186,-22.965425288660548,-26.701571654174238,-21.317904961059643
000001.SS,2006-10,1837.993042,4.882899026802279,112.73245288479713,100.46679675194525,124.12324234747118,-0.7804776668569935,-14.749590684454382,11.634993975580254
000001.SS,2006-11,2099.289063,14.216377049810403,87.80542017618815,84.66829687754313,86.73696505228678,-22.11167420803153,-15.7250956387203,-30.120287375772126
000001.SS,2006-12,2675.474121,27.446675551036304,91.50775527954102,79.05746866041615,96.69359145625945,4.216522278378543,-6.626834865052256,11.479103975992967
000001.SS,2007-01,2786.334961,4.14359605012975,97.40868709933373,96.73051378803868,95.33105973274478,6.4485592524549995,22.35468125539841,-1.4091230897458562
000001.SS,2007-02,2881.072998,3.400095046935747,95.05105536324638,89.62849848611015,97.72646740504673,-2.420350593251641,-7.342063040718328,2.5127253164051178
000001.SS,2007-03,3183.98291,10.513788168861948,86.13590178951141,82.20472852645382,85.6678963938067,-9.379331496809673,-8.282823080882917,-12.339104575693804
000001.SS,2007-04,3841.271973,20.643611526168648,75.71304588317871,82.1852602005005,68.55693855285645,-12.100478069879417,-0.023682732492769087,-19.973594031412766
000001.SS,2007-05,4109.653809,6.986795985455729,91.82276621172505,103.15781870195943,82.37121458976499,21.277337532296347,25.518637344815765,20.150077189135175
000001.SS,2007-06,3820.702881,-7.031028437655928,98.5847110748291,110.01365140279134,88.00655695597331,7.364126721593589,6.645965169775048,6.841397682763484
000001.SS,2007-07,4471.032227,17.021196524702997,113.9830302576865,129.01673864549207,104.86104534518334,15.619378517191729,17.2733901660304,19.151400727609147
000001.SS,2007-08,5218.825195,16.725286914376802,83.12109104279548,100.07418700187436,73.35449858634702,-27.075906953096485,-22.433175685168337,-30.045997210043584
000001.SS,2007-09,5552.300781,6.389859279431165,92.71907399495443,90.46699282328288,93.58469161987304,11.546988654440726,-9.600072172868657,27.578667189324
000001.SS,2007-10,5954.765137,7.248605071563041,100.96206135903635,95.91243030178931,103.74951417984501,8.890282235271773,6.019253330486496,10.861629593502276
000001.SS,2007-11,4871.777832,-18.186902087386226,89.11012655893961,80.4546085993449,95.28441146214803,-11.738998432242253,-16.116598916121973,-8.159173355764459
000001.SS,2007-12,5261.562988,8.000881186324182,94.64804052537487,85.06247354322865,97.48771335232642,6.2146853340762975,5.727285265696103,2.3123424454939867
000001.SS,2008-01,4383.393066,-16.690286213485127,80.78886364352319,81.53163952981272,76.77330804640248,-14.642856634877798,-4.150871549275559,-21.248221538503877
000001.SS,2008-02,4348.542969,-0.7950484128452007,81.6396739565093,88.45064189516265,72.8041961275298,1.0531282092792749,8.48627895287195,-5.169911288013928
000001.SS,2008-03,3472.712891,-20.140770925885732,78.19353657384073,84.13256103761735,72.61432629246866,-4.221155249228914,-4.881910142227531,-0.2607951809928011
000001.SS,2008-04,3693.105957,6.346423471147822,71.86557184855143,70.36499150594075,69.58370641072591,-8.092695384500992,-16.364139355654284,-4.173583969554883
000001.SS,2008-05,3433.354004,-7.033428123221331,73.08874597857076,75.19145030360067,71.38500275150422,1.7020307479039154,6.85917626701118,2.588675472596913
000001.SS,2008-06,2736.103027,-20.308158616550276,86.7860169728597,80.27725048065186,87.26098276774088,18.740602004999385,6.763801145630577,22.23993752791742
000001.SS,2008-07,2775.717041,1.4478261092176314,89.47498493809854,87.2099857945596,84.52966382426601,3.0983884950956497,8.635989987697258,-3.130057508915207
000001.SS,2008-08,2397.368896,-13.630645321963131,88.47457368912235,105.41860654277187,75.39880838701802,-1.1180904357439236,20.879054826480868,-10.801954040927797
000001.SS,2008-09,2293.783936,-4.320776838843255,89.21801058451335,95.21897468566894,82.42706019083658,0.8402831055205118,-9.675362055715087,9.321436179392805
000001.SS,2008-10,1728.786011,-24.63169769970871,64.97080649099043,76.1353960960142,53.63574997071297,-27.17747676132537,-20.041781223387755,-34.929439620272106
000001.SS,2008-11,1871.156006,8.235258389073108,79.13092206319173,96.24985440572102,67.7355552037557,21.79458180831557,26.41932575531689,26.288073236119036
000001.SS,2008-12,1820.805054,-2.6909008034897153,94.08670757662865,107.55399310204291,87.6594942154423,18.90005212057766,11.744577450134797,29.414299405612443
000001.SS,2009-01,1990.656982,9.328397217860541,86.23219754618984,91.03520405677057,87.53845571702526,-8.348161215059768,-15.358601358110413,-0.1380780250905378
000001.SS,2009-02,2082.852051,4.631389025515187,67.12189470018659,63.14009993416922,65.29873490333557,-22.161447104217558,-30.642106437423532,-25.40565815506419
000001.SS,2009-03,2373.212891,13.940540801282308,72.05849173761183,73.33846209126133,69.22285332218293,7.35467474432232,16.151957579612763,6.0094861327044
000001.SS,2009-04,2477.569092,4.397254093627789,85.95789963404337,83.50890401204427,85.18863232930501,19.28906303929281,13.86781455565156,23.06431798298285
000001.SS,2009-05,2632.929932,6.270696567117162,91.18033575242565,93.24943800895444,89.41171313870338,6.075574369099579,11.664066379682492,4.957329040186531
000001.SS,2009-06,2959.362061,12.398056060384356,81.25230356852214,73.67756567001342,81.75211544036866,-10.888347911835139,-20.988729537503048,-8.566660261226033
000001.SS,2009-07,3412.062012,15.297214118066638,81.08385159892421,76.3114563111336,80.97563048331968,-0.2073196231979657,3.5748882542032234,-0.9498041156076997
000001.SS,2009-08,2667.745117,-21.814283925153934,73.76000755063949,78.4546751206921,65.25164118120748,-9.032432357199339,2.8085151472149406,-19.418174589392322
000001.SS,2009-09,2779.426025,4.186341014676498,91.13029925028484,75.68046391805014,96.45980974833171,23.549742301368237,-3.5360686898189386,47.82740786619817
000001.SS,2009-10,2995.8479,7.786567192411598,90.38770306494928,89.20428694448164,89.28504986916819,-0.8148729801666255,17.869635473000866,-7.4380821379212865
000001.SS,2009-11,3195.301025,6.657651912168161,81.02965710957845,82.64781697591145,73.95016460418701,-10.353229076577463,-7.349949417398238,-17.175199305428855
000001.SS,2009-12,3277.138916,2.5611950285654217,95.82213678667623,100.3492317199707,92.03632293208953,18.25563652218536,21.41788542245284,24.457225247174776
000001.SS,2010-01,2989.291992,-8.783482524791452,93.6784295112856,102.653564453125,87.86365244465489,-2.2371733163945695,2.296313278794848,-4.53372142052385
000001.SS,2010-02,3051.943115,2.095851565108675,81.47286292484829,81.01815795898438,80.05752774647304,-13.029217772023905,-21.07613759872904,-8.88436171384852
000001.SS,2010-03,3109.10498,1.8729662659521695,72.72510971561555,67.32707777330953,73.52030064982753,-10.73701462694614,-16.898779891547267,-8.165661969162553
000001.SS,2010-04,2870.611084,-7.67082158801855,88.62468554178874,79.6067726135254,92.83870468139648,21.862566984562726,18.238865024799743,26.2762854080008
000001.SS,2010-05,2592.145996,-9.700550853164614,87.13836805282101,83.16650359861312,86.94786573225453,-1.6770919748616664,4.471643389400404,-6.345240349225156
000001.SS,2010-06,2398.370117,-7.4755001955530425,96.34650853474935,69.67944971720378,111.88416697184245,10.567262949366473,-16.216930251753723,28.67960131002669
000001.SS,2010-07,2637.50293,9.970638447543667,79.39271330064342,81.76249122619629,76.34224307152533,-17.59668875597209,17.340896861315503,-31.766714506854075
000001.SS,2010-08,2638.798096,0.04910576535359645,81.61330942953786,84.75737048733619,74.11711311340332,2.79697724964445,3.6629011863820837,-2.9146772070048788
000001.SS,2010-09,2655.657959,0.6389220541562768,71.82437750498454,70.37432320912679,69.72902139027913,-11.994283766920088,-16.969671422685785,-5.920483865055792
000001.SS,2010-10,2978.834961,12.169375988528785,65.55662228984218,74.25972569373346,63.16021014798072,-8.726501270000398,5.521051297446489,-9.4204839123329
000001.SS,2010-11,2820.180908,-5.326043741165831,95.60385462443034,80.85895284016927,102.02185897827148,45.83401536726808,8.886683979486731,61.528688297965076
000001.SS,2010-12,2808.076904,-0.42919246654228305,97.89414264309791,94.39043466506466,98.9651261606524,2.3956021728043453,16.73467358851721,-2.9961547929352017
000001.SS,2011-01,2790.694092,-0.6190290577597346,78.83949353618007,77.48969244187877,77.08557048920662,-19.46454465246935,-17.9051429132163,-22.108349193561573
000001.SS,2011-02,2905.052979,4.097865377929777,88.93610232216972,84.70568302699498,89.67357962472099,12.806536842294957,9.312194122500305,16.329916293837265
000001.SS,2011-03,2928.111084,0.7937240789301248,136.0791222356981,156.13775290212322,126.68266185637444,53.00774228080458,84.32972537670638,41.27088757528632
000001.SS,2011-04,2911.51001,-0.5669550615997054,90.67220478057861,111.14294446309408,73.5580285390218,-33.36802641662523,-28.817379271004796,-41.935204501451274
000001.SS,2011-05,2743.471924,-5.7715098152796624,104.47366776004914,120.63443325411889,96.0221432101342,15.221272067740333,8.53989323107822,30.539310415579468
000001.SS,2011-06,2762.075928,0.6781189862834713,84.53678283691406,97.33198216756185,72.88245728810628,-19.08316741489856,-19.316583547476828,-24.098281030229863
000001.SS,2011-07,2701.729004,-2.184839431394525,78.2851328695974,99.24549016644877,60.417874859225364,-7.395183206081024,1.9659601667134652,-17.102308144754364
000001.SS,2011-08,2567.340088,-4.974181933163269,86.39183038280856,111.57653574789724,62.886020106654016,10.35534745366633,12.424791857813933,4.085124233812376
000001.SS,2011-09,2359.218994,-8.106487137126027,83.14460322062175,93.88602275848389,70.98976675669353,-3.7587201796722147,-15.855047722026761,12.886404062931067
000001.SS,2011-10,2468.25,4.621487292077986,75.16556069158739,90.57414713213521,63.65037210526005,-9.59658500968753,-3.5275491804230286,-10.338665679221236
000001.SS,2011-11,2333.414063,-5.462815233465001,83.25008093516031,70.99307772318522,95.16603965759278,10.75561755834511,-21.6188283621196,49.51372083137953
000001.SS,2011-12,2199.416992,-5.742532931670263,84.81960911904612,77.63644483012538,86.84766141829952,1.885317306908374,9.357767433106435,-8.740910380659695
000001.SS,2012-01,2292.610107,4.237173548216355,77.90155767625377,61.71806113950668,91.26849322165212,-8.156193496580155,-20.503751460347488,5.090329124764548
000001.SS,2012-02,2428.487061,5.92673623766764,91.4857845964103,77.98118065143454,103.34518873280493,17.437683308734808,26.350664962022897,13.232053126837195
000001.SS,2012-03,2262.788086,-6.823136003523467,88.0797755333685,86.14695296748992,86.66009946023264,-3.722992679209569,10.47146535592387,-16.145008274851524
000001.SS,2012-04,2396.315918,5.901031246635258,98.3707051595052,88.1813424428304,104.64068247477213,11.683646516830692,2.3615338735291314,20.748398774675515
000001.SS,2012-05,2372.233887,-1.0049606072015438,77.68080416033345,69.08255398658014,79.93533497471964,-21.032583801878502,-21.65853674617435,-23.60969645434864
000001.SS,2012-06,2225.429932,-6.188426689480131,77.59097859064738,81.92765919367473,70.51085557937623,-0.11563419129990704,18.59384817994694,-11.790129356840751
000001.SS,2012-07,2103.63501,-5.472871567362381,81.20776933239353,89.00009404459307,77.46019707956621,4.661354718603983,8.632536216126097,9.8557044062058
000001.SS,2012-08,2047.521973,-2.667432170184314,74.8681123795048,78.25724669425718,70.49690803404778,-7.806712344159738,-12.070602245603512,-8.989505976038025
000001.SS,2012-09,2086.168945,1.8874997440625707,68.97198734283447,65.10240313212077,68.31967938741049,-7.87534886252107,-16.80974493458861,-3.0884030340532886
000001.SS,2012-10,2068.879883,-0.8287469737979336,81.94055532640026,86.90206847652313,75.07558896464687,18.802659577001602,33.48519301224788,9.888672836016443
000001.SS,2012-11,1980.116943,-4.290386345256958,79.75129572550456,87.46022033691406,73.34758491516114,-2.6717656381202715,0.6422768412488677,-2.301685638855866
000001.SS,2012-12,2269.12793,14.595652444755647,74.97084549934634,85.26028196273312,64.21883093926215,-5.994197564654025,-2.515358829084069,-12.44588214657365
000001.SS,2013-01,2385.422119,5.125060930346037,90.24035970626339,109.75873522604665,83.89209476594002,20.367269576878645,28.73372301773727,30.634727445108332
000001.SS,2013-02,2365.593018,-0.8312617226972185,82.87265164511544,87.37166687420437,78.62591293879917,-8.164537558505069,-20.3966165478642,-6.2773278481525026
000001.SS,2013-03,2236.621094,-5.451991235121234,74.79130831072408,70.25588681620937,79.46081779849145,-9.751520162523587,-19.589622895300696,1.0618698447955044
000001.SS,2013-04,2177.912109,-2.62489632944507,93.84421526590982,83.1100798924764,99.8020144144694,25.47476088535521,18.296250547507608,25.599027520157392
000001.SS,2013-05,2300.594971,5.633049262779055,83.38529759068643,96.31220405332503,76.66901059304514,-11.144978564302333,15.885105847484283,-23.178894691799336
000001.SS,2013-06,1979.206055,-13.969817375559234,82.57989651362101,85.31224797566732,78.08507897059123,-0.965878998260461,-11.421144584716792,1.8469892419278766
000001.SS,2013-07,1993.79895,0.7373105474861807,77.08005560598066,75.28471995938209,75.0804361527966,-6.660023976577866,-11.753913716053145,-3.847909046651865
000001.SS,2013-08,2098.38208,5.245420056019179,88.84743185966245,104.42809732498661,78.84740774093136,15.266434567502763,38.71087968624718,5.017247875956099
000001.SS,2013-09,2174.665039,3.6353226481995238,98.07846705118816,97.374010403951,98.14722569783528,10.38976028717007,-6.754970263494176,24.47742863064981
000001.SS,2013-10,2141.614014,-1.5198214165064283,73.56673326799947,80.33374651016727,65.35439909658125,-24.991962578693006,-17.499807005065403,-33.411873201809016
000001.SS,2013-11,2220.503906,3.683665286288118,76.75024941762288,52.19944121042887,91.32140051523844,4.327385501849101,-35.02177667784688,39.732599148043505
000001.SS,2013-12,2115.978027,-4.707304441913451,70.2421502144106,68.61865160542149,68.88867827384702,-8.47958052592066,31.45476276039567,-24.564584111528333
000001.SS,2014-01,2033.083008,-3.917574660145562,78.61989428920131,86.78251980197045,68.41249278283888,11.926947066993353,26.4707448654002,-0.6912391164121345
000001.SS,2014-02,2056.302002,1.1420583374429416,70.26414687292916,61.49816117967878,73.86041593551636,-10.628031863710918,-29.135312825656822,7.963345481315476
000001.SS,2014-03,2033.30603,-1.1183168609296468,119.53876396917528,75.00083989481772,150.81426780454575,70.12768145517792,21.956231627297342,104.18821894560378
000001.SS,2014-04,2026.358032,-0.34170940810124284,92.7823445002238,61.30099623998006,112.3606637954712,-22.3830484610423,-18.266253650026478,-25.49732500038402
000001.SS,2014-05,2039.212036,0.6343402200899906,83.18502376925561,75.96359517497402,92.24833537686256,-10.343908404842095,23.919022257963118,-17.89979494533681
000001.SS,2014-06,2048.326904,0.4469799039573896,98.1738182067871,105.45366484324137,96.13338797887167,18.018621331537332,38.82131908098889,4.211515130476329
000001.SS,2014-07,2201.562012,7.48098888418447,136.12800659671908,115.96761592741936,161.79567853866084,38.660193810520525,9.970209285573105,68.30331473828896
000001.SS,2014-08,2217.199951,0.7103110843466043,132.44592408211,107.58255644767515,154.04245942638767,-2.7048677246242936,-7.230518117223495,-4.791981579669047
000001.SS,2014-09,2363.870117,6.615107759399352,130.56609942118328,121.00510635375977,142.43847586313885,-1.419314844118058,12.476511387431977,-7.53297734044166
000001.SS,2014-10,2420.177979,2.3820201285619236,80.79179345407793,74.09397866649013,83.08987451368763,-38.12192153075063,-38.76789096000993,-41.66613058010812
000001.SS,2014-11,2682.918945,10.856266286191163,84.14203809102376,77.99142316182454,87.09242757161458,4.1467635433172,5.26013660688609,4.817136963262114
000001.SS,2014-12,3234.677002,20.565588014810498,85.45243663172567,94.30592924548733,80.33614915417087,1.5573648683008257,20.918333609340344,-7.7575957012888885
000001.SS,2015-01,3210.363037,-0.7516659309404483,108.33973257003292,146.6483586834323,81.6583960748488,26.783666844919374,55.50279802841731,1.6458928323044741
000001.SS,2015-02,3310.302979,3.113041760329738,112.50795323508126,110.62664944784981,116.82035664149693,3.8473610430540095,-24.56332246673284,43.05982269651534
000001.SS,2015-03,3747.898926,13.219211346394388,103.47884836504537,80.65029876462874,119.2300068024666,-8.025303643352133,-27.096862132981926,2.0626971447831766
000001.SS,2015-04,4441.654785,18.510527436779654,99.56071904500325,92.08395849863687,107.84801419576009,-3.786405996924136,14.17683493941706,-9.546248391618018
000001.SS,2015-05,4611.744141,3.829414131292075,74.41008684712071,71.70904147240424,75.1276002699329,-25.261601602650142,-22.126456506031122,-30.339375434799198
000001.SS,2015-06,4277.222168,-7.253697576714712,85.28621266682943,88.44556840260823,80.42666390736898,14.61646704169861,23.33949330035976,7.053417942802098
000001.SS,2015-07,3663.726074,-14.34333008441473,106.23084825085056,89.69054517438335,118.30285398421749,24.558055668202016,1.4076191653921155,47.09407084256565
000001.SS,2015-08,3205.986084,-12.493837714789812,80.77308187177104,72.6687409493231,83.29964871560374,-23.96457036562888,-18.978370788097155,-29.58779445277242
000001.SS,2015-09,3052.781006,-4.778719370136852,96.26670481363932,79.88457260131835,111.3503412882487,19.18166619724222,9.929760111059792,33.674442815976114
000001.SS,2015-10,3382.561035,10.802610090663013,86.38631562263735,101.0595084159605,75.2390812904604,-10.263558111944526,26.506915071474868,-32.43030922043458
000001.SS,2015-11,3445.405029,1.85788204114401,146.2837247212728,206.72467168172201,112.25876941680909,69.33668679688365,104.55736914021405,49.20273811350009
000001.SS,2015-12,3539.181885,2.7217948313965845,140.49793341852003,194.36913816390498,108.1629870014806,-3.9551845660048213,-5.976806453387384,-3.648518896658426
000001.SS,2016-01,2737.600098,-22.648787574250374,115.96384011545489,110.91858869983304,120.46343551143524,-17.462244964117836,-42.934053344261315,11.37214203393464
000001.SS,2016-02,2687.979004,-1.8125764254703136,101.22297576378132,113.22725730106748,90.85711604151233,-12.711604183681224,2.0814082006417767,-24.57701736981631
000001.SS,2016-03,3003.915039,11.753664538668396,105.2873266896894,122.04758010372039,93.74349009606146,4.015245447232085,7.78992886774601,3.1768277272089085
000001.SS,2016-04,2938.323975,-2.183519278955215,83.62793006896973,90.3290501912435,79.78639167149862,-20.571703453499047,-25.98865941096199,-14.888605502377427
000001.SS,2016-05,2916.615967,-0.7387887851951214,84.68827352216167,88.0693675010435,82.82368420016381,1.2679298080407353,-2.5016123665817624,3.806780160168821
000001.SS,2016-06,2929.605957,0.4453788276199244,88.54716021219889,97.87790400187174,80.03160365422566,4.556577350732516,11.137285050573364,-3.3711136770858907
000001.SS,2016-07,2979.339111,1.6976055732398798,112.01366116923671,143.21993846278036,94.82303280984202,26.501697966147653,46.32509750110867,18.481985216143258
000001.SS,2016-08,3085.490967,3.5629329876574856,98.61115221823415,123.22047128985005,80.60763149876749,-11.965066413420121,-13.964164059550777,-14.991506693929601
000001.SS,2016-09,3004.702881,-2.6183219093507737,103.71691958109538,119.65013109842936,94.2956667582194,5.177677420867943,-2.897521940994874,16.98106619056434
000001.SS,2016-10,3100.491943,3.1879711836306557,86.16627822383758,100.4282025367983,80.40413419661984,-16.921676258939698,-16.065112829519823,-14.731888578950725
000001.SS,2016-11,3250.033936,4.823169863015497,83.57939580281575,85.52786210378011,80.94508310953776,-3.0021981619094418,-14.836808841180337,0.6727874360229924
000001.SS,2016-12,3103.636963,-4.504475211116688,101.61987716920915,112.50576536117062,94.95736854307113,21.584843002401332,31.54282428415589,17.310854341296356
000001.SS,2017-01,3159.166016,1.7891607060358528,104.88912440884498,102.22949655594364,108.44574915978217,3.2171336265169437,-9.133993064477785,14.204669762508138
000001.SS,2017-02,3241.73291,2.613566162139924,113.19088404519218,94.91658476420811,125.99899278368268,7.91479544055298,-7.153426396591556,16.186197946807358
000001.SS,2017-03,3222.513916,-0.5928617357930377,98.49747651623142,99.26259293094758,97.23793039014262,-12.981087348955,4.578765847439437,-22.826422464279194
000001.SS,2017-04,3154.657959,-2.1056839091707413,115.10228830973307,101.26866887410482,124.87095286051432,16.858108837707487,2.0209787835713477,28.417945918327536
000001.SS,2017-05,3117.177979,-1.1880837950457468,101.37748035307854,98.86025521063036,100.89005654858005,-11.924009642381684,-2.378241651885993,-19.204543380654638
000001.SS,2017-06,3192.427002,2.41401111861248,126.94453862508138,146.7019323984782,113.13888193766276,25.21966237763813,48.393236580177735,12.140765708843393
000001.SS,2017-07,3273.028076,2.5247585598513256,101.59804805632561,69.98286450293756,124.43094007430538,-19.96658607237466,-52.29588093437852,9.980705079677499
000001.SS,2017-08,3360.810059,2.6819807518204675,137.11038946336316,109.75087941077447,156.3583743187689,34.9537634693037,56.82536030826179,25.658758364597812
000001.SS,2017-09,3348.943115,-0.3530977291686277,118.73107655843098,86.45641419092814,146.35588200887045,-13.40475581527194,-21.22485518558812,-6.397158037411099
000001.SS,2017-10,3393.342041,1.3257593358673603,91.91498454924553,71.24007597277242,109.52413552807224,-22.585571348701183,-17.60001078063723,-25.16588057497128
000001.SS,2017-11,3317.187988,-2.244219771537015,93.25364055633545,80.09026870727538,105.41860446929931,1.45640671502556,12.423053476087631,-3.748517200321233
000001.SS,2017-12,3307.172119,-0.30193854060225345,84.61367348701724,64.52695954230524,98.77827345940375,-9.265018521286283,-19.432209950316203,-6.29901244028458
000001.SS,2018-01,3480.833008,5.251038734945279,91.99991103141538,75.9898567199707,106.7695834867416,8.729366354164325,17.76450844572981,8.09014953133611
000001.SS,2018-02,3259.407959,-6.361266067378091,65.82219927651542,53.66386883599417,76.22563787869045,-28.45406203269154,-29.380221055357104,-28.60734734611382
000001.SS,2018-03,3168.896973,-2.7769149225422285,109.2456529678837,64.72115756619361,142.5100219480453,65.97083380479091,20.60471779251023,86.95812316433921
000001.SS,2018-04,3082.231934,-2.734864520317748,122.0270450592041,94.80569979349772,144.06638272603354,11.699680256456425,46.483319147274415,1.092106194858089
000001.SS,2018-05,3095.474121,0.4296298034526913,122.07622054315382,62.3412499273977,166.9032696139428,0.0402988402496085,-34.24314143222706,15.851641761102208
000001.SS,2018-06,2847.417969,-8.013510767774246,103.35734113057454,56.24654754002889,136.8462231318156,-15.333763880707775,-9.776355774814693,-18.008662473569824
000001.SS,2018-07,2876.400879,1.017866372817,109.5580127469955,85.10936841657085,127.5609563396823,5.999256123072527,51.3148311120806,-6.7851830906501265
000001.SS,2018-08,2725.25,-5.254861382623011,113.04493135021579,67.86267332876882,146.81783097790134,3.182714359079064,-20.264155883976787,15.096213755986486
000001.SS,2018-09,2821.350098,3.5262855884781175,73.96346220970153,49.602893877029416,88.1794579188029,-34.571624462700555,-26.906955703436154,-39.939544582922316
000001.SS,2018-10,2602.782959,-7.746898874937136,92.58265267649004,61.918164991563366,115.57533417978594,25.17349771161239,24.8277270779095,31.06832011397669
000001.SS,2018-11,2588.187988,-0.5607448346598765,79.83305384318034,48.951593685150144,103.46333103179931,-13.771045076727717,-20.94146573655724,-10.479747459908284
000001.SS,2018-12,2493.895996,-3.643166278383947,86.58019570381411,64.75931516770393,99.9929014944261,8.45156427798377,32.292557386848046,-3.3542603961847828
000001.SS,2019-01,2584.572021,3.6359184643399933,87.5074286307058,54.891605531015706,113.59607076644897,1.0709526807535674,-15.237513879098808,13.60413496230144
000001.SS,2019-02,2940.954102,13.788823762864698,98.55523300170898,57.736959321158274,130.96962765284948,12.624990293825844,5.183586383777472,15.294153018831214
000001.SS,2019-03,3090.758057,5.093719582299006,79.65598315577353,67.75160512616557,85.8987022830594,-19.17630273940678,17.345294803804002,-34.41326525662569
000001.SS,2019-04,3086.398926,-0.14103760047240455,78.96416734059652,57.763711071014406,93.91384995778402,-0.8685045212788456,-14.741929783880291,9.330929876347316
000001.SS,2019-05,2898.696045,-6.081614382987888,105.10344554531959,63.40447973435925,133.1031727944651,33.10270858929771,9.765246309071296,41.729013190596916
000001.SS,2019-06,2978.87793,2.766136350801829,103.3317710240682,51.50454092025757,138.8043354034424,-1.685648374379367,-18.768293445444108,4.283265747376963
000001.SS,2019-07,2932.51001,-1.556556565579048,93.06078184804609,47.329337519984094,126.32542345600743,-9.939817225846037,-8.10647629446455,-8.990289756558633
000001.SS,2019-08,2886.23999,-1.5778299082430003,106.01592488442698,74.11447860348609,125.86253258489793,13.921162899248628,56.593103742879094,-0.3664273259061712
000001.SS,2019-09,2905.189941,0.6565618613024737,92.55197461446126,70.08315865198772,112.63771381378174,-12.699931906120154,-5.439314999523937,-10.507351552135392
000001.SS,2019-10,2929.060059,0.8216370868950218,95.20806701721683,69.20361838802215,118.00913903021043,2.8698387190764008,-1.2549951812718674,4.768762641355617
000001.SS,2019-11,2871.97998,-1.9487507203757137,73.70891914367675,52.628954823811846,86.17964719136556,-22.581225044357122,-23.95057361202817,-26.972056656303966
000001.SS,2019-12,3050.124023,6.202830250926739,72.31251805828464,60.52569272441249,79.17934866874448,-1.8944804802661475,15.004550113215975,-8.122913879046889
000001.SS,2020-01,2976.528076,-2.4128837530879577,139.8703630508915,84.9525350447624,191.54257983546103,93.42482713456963,40.35780710775339,141.90976947385673
000001.SS,2020-02,2880.303955,-3.232763761775459,75.72699855935984,56.10202249987372,87.16311290346343,-45.859153499296525,-33.960743525413385,-54.49413233426306
000001.SS,2020-03,2750.295898,-4.513692271064496,82.76741433912709,64.03543063132993,98.19669649677891,9.297101316181845,14.141037663079015,12.658546976787765
000001.SS,2020-04,2860.082031,3.991793504103902,69.76431941986084,47.72460098266602,82.26346549987792,-15.71040369340041,-25.47157017272198,-16.225831993669605
000001.SS,2020-05,2852.351074,-0.2703054288724971,69.50140085527974,42.106849024372714,85.36720494301089,-0.37686680923350035,-11.771186856719284,3.772925714073616
000001.SS,2020-06,2984.674072,4.639085251677533,71.60573234558106,51.320197105407715,86.46775321960449,3.027754065969246,21.88087756388999,1.289193288369117
000001.SS,2020-07,3310.00708,10.900118409980951,68.53134112204275,36.44394225458945,92.3572107745755,-4.293498750492198,-28.98713506548618,6.811160618471734
000001.SS,2020-08,3395.677979,2.588239146606308,64.93029563657699,27.294767964270807,89.9976692199707,-5.254596548829982,-25.104787584187527,-2.5547994951514386
000001.SS,2020-09,3218.052002,-5.230942925050552,83.04108727773031,49.94818175633748,105.76334724426269,27.892667765632396,82.9954437484879,17.517873697104093
000001.SS,2020-10,3224.532959,0.20139379338719454,76.71051840628347,43.048690057569935,98.63585779743809,-7.62341761045866,-13.813299015418378,-6.739092164285898
000001.SS,2020-11,3391.76001,5.18608595806882,70.364892578125,62.07505849202474,79.94887498219808,-8.272171743840929,44.197322633999846,-18.94542535800341
000001.SS,2020-12,3473.069092,2.3972533952955066,62.28910067773634,29.27726056498866,85.56250313789614,-11.477018729790899,-52.8357100642118,7.021522387836021
000001.SS,2021-01,3483.069092,0.28792977436107314,74.98195703567997,47.25387308674474,95.04665202479208,20.377331218205175,61.40127926877659,11.084468708928341
000001.SS,2021-02,3509.080078,0.746783520882266,72.32457787649972,46.01375893184117,91.39712776456561,-3.544024808415902,-2.6243651025749215,-3.8397188985410335
000001.SS,2021-03,3441.909912,-1.9141816233012143,77.55295372009277,49.825385385943996,99.19816903145083,7.229044395559336,8.283666760954866,8.535324312357284
000001.SS,2021-04,3446.860107,0.1438211669265721,84.63264045715331,65.75086024602254,105.25555461247762,9.128842161979843,31.96257236491182,6.106348171715048
000001.SS,2021-05,3615.47998,4.891984814166417,90.02756192607265,52.68410350430396,115.80485919214064,6.3745163092844725,-19.87313427204783,10.022563292267739
399001.SZ,2000-02,4484.160156,13.453823258198527,63.89095319550613,69.82025521377037,56.801463094250906,-2.9042100082795064,5.873836985806324,-14.821458008439558
399001.SZ,2000-03,4532.310059,1.0737775040343678,50.673104070848034,41.77679486428538,55.219184998543035,-20.688138873451322,-40.16522177357223,-2.785629118535893
399001.SZ,2000-04,4683.169922,3.328542421770786,49.652309608459475,41.48203840255737,54.45606384277344,-2.0144699660817,-0.7055506835446423,-1.3819855468524822
399001.SZ,2000-05,4643.160156,-0.8543308627783741,79.68136535152313,82.95394897460938,78.51787874775547,60.478668524912834,99.97558502210744,44.1857402225283
399001.SZ,2000-06,4830.669922,4.0384083189052955,64.1265432993571,52.05603179931641,72.9901512145996,-19.521279515661185,-37.24707208905779,-7.040087711633303
399001.SZ,2000-07,4894.129883,1.3136886192738562,51.13137294400123,40.80166629052931,56.502953067902595,-20.264885157915803,-21.61971460324582,-22.58825043151742
399001.SZ,2000-08,4826.299805,-1.3859476479284094,47.5130286985828,41.88413973777525,50.82666443240258,-7.076563833678429,2.6530128439808287,-10.046003487071765
399001.SZ,2000-09,4523.660156,-6.270635087494314,52.75809377034505,36.65586573282878,63.30135205586751,11.039214328003254,-12.482705954280583,24.54358900544371
399001.SZ,2000-10,4573.220215,1.09557432015015,74.84650722626716,74.61284114468482,80.27979493910267,41.86734560970407,103.54952653010727,26.82161175364879
399001.SZ,2000-11,4831.359863,5.644592559818373,45.440477244059245,47.08891073862711,44.53256746927897,-39.28844654475468,-36.88899924435919,-44.52829942694827
399001.SZ,2000-12,4752.75,-1.6270753003107319,46.011570776662516,44.53382098290228,46.60758584545505,1.2567947504951382,-5.426096538752367,4.659552534462641
399001.SZ,2001-01,4743.370117,-0.19735696175897655,47.34544200281943,39.250703688590754,53.58126591097924,2.8989908486964033,-11.863157433402927,14.962542983127358
399001.SZ,2001-02,4453.140137,-6.118645031721859,56.336307116917204,45.95857455049242,65.78157465798515,18.989927506775352,17.089810453134604,22.769728448140224
399001.SZ,2001-03,4965.990234,11.516594610146203,61.72149381329936,57.44915543833086,65.804611175291,9.558998400811113,25.002039336999694,0.035019710953454464
399001.SZ,2001-04,4802.589844,-3.290388871111094,49.026970354715985,47.12476806640625,50.69535102844238,-20.567427445911946,-17.97134752138766,-22.96079237760469
399001.SZ,2001-05,4857.470215,1.1427245045413148,59.95146006922568,56.56440058062154,60.64858498111848,22.282612275385794,20.031149014703598,19.633425453730236
399001.SZ,2001-06,4716.899902,-2.893899638662023,70.94172350565593,62.602798779805504,78.85646438598633,18.33193624265337,10.675262421595733,30.02193606089316
399001.SZ,2001-07,4059.01001,-13.947505897274814,59.984781203731416,53.3461978666244,62.87733785567745,-15.444990282835402,-14.786241340007166,-20.26355943641387
399001.SZ,2001-08,3860.219971,-4.897500585370573,64.13564220551521,73.31873946036062,56.88255968401509,6.919856867837648,37.43948471017813,-9.534083942011339
399001.SZ,2001-09,3498.629883,-9.36708505516407,472.49111404418943,791.8359584172566,249.4176373163859,636.705984061322,979.9912331353685,338.47822373309316
399001.SZ,2001-10,3438.530029,-1.7178111435001475,504.05423072076616,840.6995652721774,257.8192534908172,6.680150322070344,6.170925472062505,3.368493208751655
399001.SZ,2001-11,3513.75,2.187561846649788,296.1777104695638,494.21396484375,141.4245381673177,-41.24090377218973,-41.21396212644078,-45.14585848323587
399001.SZ,2001-12,3325.659912,-5.352972977588044,231.22251793646043,376.6929409888483,121.45619632351783,-21.93115492388762,-23.77938144505022,-14.119432244619079
399001.SZ,2002-01,2982.699951,-10.312538566030016,169.9862031013735,259.16573752126385,104.05673919185516,-26.483715938044828,-31.199736092496554,-14.325705611030715
399001.SZ,2002-02,3029.48999,1.5687142444318791,143.41856629507882,209.38243239266532,93.08014828818185,-15.629290096238414,-19.20906119950132,-10.548659307337282
399001.SZ,2002-03,3173.899902,4.766806045792538,150.27259728216356,217.83082137569303,97.68620583318895,4.7790402345696315,4.034908223429179,4.948485396420366
399001.SZ,2002-04,3253.459961,2.506697169304739,154.13523864746094,219.28201649983723,99.5971280415853,2.5704229747520735,0.6662028426368982,1.9561842863049517
399001.SZ,2002-05,3037.0,-6.653223448106238,159.16512766192037,205.2949966922883,137.87667772846837,3.2632959591828437,-6.378553075536553,38.434391070895146
399001.SZ,2002-06,3551.330078,16.935465195917022,147.7977030436198,185.49468332926432,127.91307754516602,-7.141906512616192,-9.644810483473298,-7.2264579822009285
399001.SZ,2002-07,3405.699951,-4.100720682151127,119.37826931861139,161.98243344214654,92.84361993112871,-19.228603110713394,-12.675430618883077,-27.416631893368603
399001.SZ,2002-08,3436.840088,0.9143535087656973,127.00253000567037,157.38569099672378,101.13534890451739,6.386640324555559,-2.8378030553939837,8.930854892925822
399001.SZ,2002-09,3243.929932,-5.613009365014133,170.25116170247395,185.25534108479818,167.88976720174153,34.05336231874485,17.707867793810127,66.00503090195247
399001.SZ,2002-10,3036.179932,-6.404269030309006,168.296264894547,195.84739069784843,161.10799457180886,-1.1482428597716532,5.717540747287764,-4.039419878272565
399001.SZ,2002-11,2920.719971,-3.8028036409536448,156.04842834472657,175.04123814900717,151.88629328409831,-7.277545082473935,-10.623655732508986,-5.723925316195444
399001.SZ,2002-12,2759.300049,-5.526716823343147,175.05461046772618,174.67416357224988,183.75799191382623,12.179669045440855,-0.20970748415570784,20.983920234403875
399001.SZ,2003-01,3051.219971,10.57949178472979,205.2729772752331,176.48827115951045,244.28261073943108,17.26225132075463,1.0385666375383629,32.93713552006381
399001.SZ,2003-02,3057.23999,0.19729875450529288,236.19078636169434,210.63462039402552,291.2838772365025,15.061801848864963,19.34765920147381,19.240528973716554
399001.SZ,2003-03,3101.860107,1.4594901658341763,349.2410371841923,413.45056693784653,352.7903245495212,47.86395462919402,96.28803952760548,21.115637396943754
399001.SZ,2003-04,3260.75,5.122406798470114,252.85915400187176,326.76046600341795,210.79934641520182,-27.597525181866878,-20.967464520966683,-40.2479796790425
399001.SZ,2003-05,3503.689941,7.450431373150357,159.68020999047064,183.58484895767705,150.55725589875252,-36.85013674083216,-43.81668896391011,-28.577930406763798
399001.SZ,2003-06,3224.810059,-7.959605064836417,145.7216801961263,176.93343124389648,127.7050184249878,-8.741552754206271,-3.623075516059593,-15.178436494042181
399001.SZ,2003-07,3318.419922,2.902802375561553,133.95684691398375,166.529414761451,106.6518937387774,-8.073495492440319,-5.880186920754349,-16.485745780285622
399001.SZ,2003-08,3192.370117,-3.7984886772265525,137.39681588449787,179.2770211004442,108.98332251271894,2.5679680059377485,7.654867674430843,2.186017230647508
399001.SZ,2003-09,3054.899902,-4.306211684790052,118.71830571492514,145.99144999186197,97.7679594039917,-13.59457280674885,-18.56655744515813,-10.290898506437395
399001.SZ,2003-10,3167.340088,3.6806504175926236,107.55338336575416,129.5931615521831,91.48407450029927,-9.404549940243411,-11.232362196959455,-6.4273458728196236
399001.SZ,2003-11,3267.939941,3.176162022548179,117.27323557535807,152.34808400472005,93.18425509134929,9.037235190035675,17.55873703519013,1.85844432524096
399001.SZ,2003-12,3479.800049,6.48298658558486,131.9601605323053,166.63024114793348,112.74830061389554,12.52368017722989,9.374687733369157,20.995011982837084
399001.SZ,2004-01,3716.870117,6.812749717275501,114.1432640321793,127.11111671693864,107.96992640341482,-13.501723875035932,-23.716658008020264,-4.238089784469723
399001.SZ,2004-02,3919.919922,5.462924412432457,114.83697246683055,130.29377562424233,103.49829351490942,0.6077524070589702,2.503839939028385,-4.141554076639597
399001.SZ,2004-03,4060.139893,3.5771131500170528,137.0413291685043,182.14090384206463,107.18084593742124,19.33554692769983,39.792482771660254,3.558080329103519
399001.SZ,2004-04,3613.169922,-11.008733264846649,148.72968673706055,203.51488087972004,120.71956570943196,8.529074870679644,11.734858335933641,12.631659746290346
399001.SZ,2004-05,3577.649902,-0.9830708426892487,121.83138078258884,160.97313985516948,91.7239502937563,-18.08536449217786,-20.903503881710396,-24.018985858073037
399001.SZ,2004-06,3275.850098,-8.435699754503268,136.9921531677246,177.06919593811034,107.51701380411784,12.444061856436273,9.9992185636826,17.21803679386078
399001.SZ,2004-07,3283.370117,0.22955931361423598,130.39895802159464,159.34060545890563,120.38267381729618,-4.812826861738328,-10.012238653526872,11.96616196634508
399001.SZ,2004-08,3175.790039,-3.276513891717314,139.9520955239573,177.53836158014113,126.08562567926222,7.326084232038577,11.420664600103292,4.737352711255904
399001.SZ,2004-09,3453.909912,8.757501899828846,152.970458984375,188.2974100748698,129.69852345784506,9.302013958189859,6.060126047672232,2.8654319309747045
399001.SZ,2004-10,3216.350098,-6.877996822518173,118.0625233804026,147.26095236501385,96.84527255642799,-22.82005024743897,-21.793426523253423,-25.33047410681982
399001.SZ,2004-11,3226.01001,0.3003377028516496,124.46195271809896,154.47430343627929,99.13031984965006,5.420373167086323,4.898346068946902,2.3594825363217
399001.SZ,2004-12,3067.570068,-4.911328281960293,107.17075778592017,141.9146915558846,79.30897829609532,-13.892755620942731,-8.130550907824963,-19.995236153396423
399001.SZ,2005-01,3045.47998,-0.7201168191865337,99.38704164566532,126.41269216229838,77.36354717131584,-7.26291042543833,-10.923463401589872,-2.4529771616982887
399001.SZ,2005-02,3376.320068,10.863315148110075,109.60796138218471,108.7996129989624,105.78578090667725,10.283956104618763,-13.932999022537196,36.73853484564569
399001.SZ,2005-03,3170.350098,-6.100427857895852,90.47840487572455,87.14632021996283,87.85526915519468,-17.45270714392596,-19.901994301400748,-16.94983162935727
399001.SZ,2005-04,3156.669922,-0.43150363767805455,86.93658548990885,102.42798690795898,72.97031523386637,-3.9145466707558807,17.535641951862413,-16.942585304740586
399001.SZ,2005-05,2801.659912,-11.246345635500365,98.79405889203471,105.33132522336898,90.99365062098349,13.63922143399825,2.834516622902017,24.69954436862878
399001.SZ,2005-06,2760.22998,-1.4787637793776565,81.75722109476725,95.1893081665039,69.31578687032064,-17.244799928592734,-9.628680770281385,-23.82349054326638
399001.SZ,2005-07,2887.570068,4.613386888870763,164.77051716466104,237.00151295815743,116.65942007495511,101.53634744222848,148.97913171466425,68.30137165319535
399001.SZ,2005-08,2950.429932,2.1769121621190157,116.88755367648217,143.29871208437027,94.36514368364888,-29.06039521641346,-39.53679438760814,-19.11056679090457
399001.SZ,2005-09,2903.110107,-1.6038281230397966,103.76748135884603,130.99529851277669,78.09897527694702,-11.224524686306193,-8.585850767695435,-17.237475376748023
399001.SZ,2005-10,2662.290039,-8.295244035675154,87.41865994853359,105.815919445407,73.7711932274603,-15.755245474037638,-19.221589899208325,-5.541406957184714
399001.SZ,2005-11,2676.850098,0.5468998038045791,82.0722770690918,93.67955487569174,70.19666430155436,-6.115837148029257,-11.469318258843575,-4.84542647274867
399001.SZ,2005-12,2863.610107,6.976857207638831,95.3541398817493,131.53387844947076,69.47696587347215,16.183129415888263,40.40830854075885,-1.0252601533749406
399001.SZ,2006-01,3242.350098,13.225962224193255,93.70335646598569,99.09636282151745,89.04377758887506,-1.7312131574054201,-24.660958842184765,28.163019886385033
399001.SZ,2006-02,3351.639893,3.3706969234264417,96.56065307344709,102.5961035319737,90.61754550252643,3.0493001694113175,3.5316540494625848,1.7674091960896199
399001.SZ,2006-03,3516.399902,4.915802838607641,91.85162070489699,96.46455383300781,86.54391436423025,-4.876761101613781,-5.976396264459504,-4.495411032935781
399001.SZ,2006-04,3848.100098,9.432948619164193,89.32775522867838,92.80472908020019,86.14640655517579,-2.7477636832640484,-3.7939580989958643,-0.45931341559326544
399001.SZ,2006-05,4292.100098,11.538161396341096,84.38873118738974,80.68312811082409,83.90371753323463,-5.529103500524313,-13.06140440203304,-2.603345991576267
399001.SZ,2006-06,4301.660156,0.22273613806105264,102.32296142578124,114.45484237670898,90.22701250712076,21.25192544792216,41.857219788872115,7.536370449118013
399001.SZ,2006-07,3946.899902,-8.247054419331024,137.44066902898973,144.67092710925687,133.83614447809035,34.3204566344385,26.40000554375559,48.33267860611912
399001.SZ,2006-08,4178.839844,5.876509355671011,147.491208968624,160.77977629630797,141.31128421906502,7.312638981344266,11.134821286439633,5.585292201986869
399001.SZ,2006-09,4326.779785,3.540215622582732,113.61922556559244,117.84904912312825,111.18667894999186,-22.965425288660548,-26.701571654174238,-21.317904961059643
399001.SZ,2006-10,4621.97998,6.822630447322386,112.73245288479713,100.46679675194525,124.12324234747118,-0.7804776668569935,-14.749590684454382,11.634993975580254
399001.SZ,2006-11,5667.0,22.60979113977035,87.80542017618815,84.66829687754313,86.73696505228678,-22.11167420803153,-15.7250956387203,-30.120287375772126
399001.SZ,2006-12,6647.140137,17.295573266278463,91.50775527954102,79.05746866041615,96.69359145625945,4.216522278378543,-6.626834865052256,11.479103975992967
399001.SZ,2007-01,7632.939941,14.830435099641392,97.40868709933373,96.73051378803868,95.33105973274478,6.4485592524549995,22.35468125539841,-1.4091230897458562
399001.SZ,2007-02,8039.700195,5.329011588511334,95.05105536324638,89.62849848611015,97.72646740504673,-2.420350593251641,-7.342063040718328,2.5127253164051178
399001.SZ,2007-03,8549.200195,6.337300989368533,86.13590178951141,82.20472852645382,85.6678963938067,-9.379331496809673,-8.282823080882917,-12.339104575693804
399001.SZ,2007-04,10865.87988,27.0982037168215,75.71304588317871,82.1852602005005,68.55693855285645,-12.100478069879417,-0.023682732492769087,-19.973594031412766
399001.SZ,2007-05,12944.23047,19.127310562538625,91.82276621172505,103.15781870195943,82.37121458976499,21.277337532296347,25.518637344815765,20.150077189135175
399001.SZ,2007-06,12546.4502,-3.073031424478345,98.5847110748291,110.01365140279134,88.00655695597331,7.364126721593589,6.645965169775048,6.841397682763484
399001.SZ,2007-07,15199.55957,21.146294989478378,113.9830302576865,129.01673864549207,104.86104534518334,15.619378517191729,17.2733901660304,19.151400727609147
399001.SZ,2007-08,17872.10938,17.583074020611257,83.12109104279548,100.07418700187436,73.35449858634702,-27.075906953096485,-22.433175685168337,-30.045997210043584
399001.SZ,2007-09,18864.55078,5.553017715472364,92.71907399495443,90.46699282328288,93.58469161987304,11.546988654440726,-9.600072172868657,27.578667189324
399001.SZ,2007-10,19531.15039,3.5336097730284566,100.96206135903635,95.91243030178931,103.74951417984501,8.890282235271773,6.019253330486496,10.861629593502276
399001.SZ,2007-11,15637.66016,-19.934771645573303,89.11012655893961,80.4546085993449,95.28441146214803,-11.738998432242253,-16.116598916121973,-8.159173355764459
399001.SZ,2007-12,17700.61914,13.192248449527622,94.64804052537487,85.06247354322865,97.48771335232642,6.2146853340762975,5.727285265696103,2.3123424454939867
399001.SZ,2008-01,15857.70996,-10.411552078624064,80.78886364352319,81.53163952981272,76.77330804640248,-14.642856634877798,-4.150871549275559,-21.248221538503877
399001.SZ,2008-02,15823.87988,-0.2133352172875802,81.6396739565093,88.45064189516265,72.8041961275298,1.0531282092792749,8.48627895287195,-5.169911288013928
399001.SZ,2008-03,13302.13965,-15.936295327843464,78.19353657384073,84.13256103761735,72.61432629246866,-4.221155249228914,-4.881910142227531,-0.2607951809928011
399001.SZ,2008-04,13504.88965,1.5241908845844865,71.86557184855143,70.36499150594075,69.58370641072591,-8.092695384500992,-16.364139355654284,-4.173583969554883
399001.SZ,2008-05,12048.24023,-10.786089022208333,73.08874597857076,75.19145030360067,71.38500275150422,1.7020307479039154,6.85917626701118,2.588675472596913
399001.SZ,2008-06,9370.780273,-22.22283010537215,86.7860169728597,80.27725048065186,87.26098276774088,18.740602004999385,6.763801145630577,22.23993752791742
399001.SZ,2008-07,9470.330078,1.0623427516151862,89.47498493809854,87.2099857945596,84.52966382426601,3.0983884950956497,8.635989987697258,-3.130057508915207
399001.SZ,2008-08,8004.240234,-15.48087375967806,88.47457368912235,105.41860654277187,75.39880838701802,-1.1180904357439236,20.879054826480868,-10.801954040927797
399001.SZ,2008-09,7559.27002,-5.5591811463863605,89.21801058451335,95.21897468566894,82.42706019083658,0.8402831055205118,-9.675362055715087,9.321436179392805
399001.SZ,2008-10,5839.330078,-22.752725295557042,64.97080649099043,76.1353960960142,53.63574997071297,-27.17747676132537,-20.041781223387755,-34.929439620272106
399001.SZ,2008-11,6658.509766,14.028658716970032,79.13092206319173,96.24985440572102,67.7355552037557,21.79458180831557,26.41932575531689,26.288073236119036
399001.SZ,2008-12,6485.509766,-2.5981789631575047,94.08670757662865,107.55399310204291,87.6594942154423,18.90005212057766,11.744577450134797,29.414299405612443
399001.SZ,2009-01,7015.240234,8.167907953467113,86.23219754618984,91.03520405677057,87.53845571702526,-8.348161215059768,-15.358601358110413,-0.1380780250905378
399001.SZ,2009-02,7608.220215,8.452739481765281,67.12189470018659,63.14009993416922,65.29873490333557,-22.161447104217558,-30.642106437423532,-25.40565815506419
399001.SZ,2009-03,8981.950195,18.055865119303704,72.05849173761183,73.33846209126133,69.22285332218293,7.35467474432232,16.151957579612763,6.0094861327044
399001.SZ,2009-04,9502.519531,5.79572726076556,85.95789963404337,83.50890401204427,85.18863232930501,19.28906303929281,13.86781455565156,23.06431798298285
399001.SZ,2009-05,10127.91992,6.581416507061744,91.18033575242565,93.24943800895444,89.41171313870338,6.075574369099579,11.664066379682492,4.957329040186531
399001.SZ,2009-06,11566.61035,14.205191602660317,81.25230356852214,73.67756567001342,81.75211544036866,-10.888347911835139,-20.988729537503048,-8.566660261226033
399001.SZ,2009-07,13670.71973,18.191235948395203,81.08385159892421,76.3114563111336,80.97563048331968,-0.2073196231979657,3.5748882542032234,-0.9498041156076997
399001.SZ,2009-08,10585.08984,-22.57108587508143,73.76000755063949,78.4546751206921,65.25164118120748,-9.032432357199339,2.8085151472149406,-19.418174589392322
399001.SZ,2009-09,11206.84961,5.8739205750567125,91.13029925028484,75.68046391805014,96.45980974833171,23.549742301368237,-3.5360686898189386,47.82740786619817
399001.SZ,2009-10,12297.16016,9.728965658886901,90.38770306494928,89.20428694448164,89.28504986916819,-0.8148729801666255,17.869635473000866,-7.4380821379212865
399001.SZ,2009-11,13486.76953,9.673854406398164,81.02965710957845,82.64781697591145,73.95016460418701,-10.353229076577463,-7.349949417398238,-17.175199305428855
399001.SZ,2009-12,13699.96973,1.5808099895661343,95.82213678667623,100.3492317199707,92.03632293208953,18.25563652218536,21.41788542245284,24.457225247174776
399001.SZ,2010-01,12137.2002,-11.407102065180997,93.6784295112856,102.653564453125,87.86365244465489,-2.2371733163945695,2.296313278794848,-4.53372142052385
399001.SZ,2010-02,12436.66016,2.467290273419076,81.47286292484829,81.01815795898438,80.05752774647304,-13.029217772023905,-21.07613759872904,-8.88436171384852
399001.SZ,2010-03,12494.34961,0.4638660963459218,72.72510971561555,67.32707777330953,73.52030064982753,-10.73701462694614,-16.898779891547267,-8.165661969162553
399001.SZ,2010-04,11162.54004,-10.659294893862025,88.62468554178874,79.6067726135254,92.83870468139648,21.862566984562726,18.238865024799743,26.2762854080008
399001.SZ,2010-05,10204.16992,-8.585591778983659,87.13836805282101,83.16650359861312,86.94786573225453,-1.6770919748616664,4.471643389400404,-6.345240349225156
399001.SZ,2010-06,9386.94043,-8.008779708756553,96.34650853474935,69.67944971720378,111.88416697184245,10.567262949366473,-16.216930251753723,28.67960131002669
399001.SZ,2010-07,10785.34961,14.897390586721748,79.39271330064342,81.76249122619629,76.34224307152533,-17.59668875597209,17.340896861315503,-31.766714506854075
399001.SZ,2010-08,11338.70996,5.130666784198956,81.61330942953786,84.75737048733619,74.11711311340332,2.79697724964445,3.6629011863820837,-2.9146772070048788
399001.SZ,2010-09,11468.54004,1.1450163242380018,71.82437750498454,70.37432320912679,69.72902139027913,-11.994283766920088,-16.969671422685785,-5.920483865055792
399001.SZ,2010-10,13367.24023,16.555727087996463,65.55662228984218,74.25972569373346,63.16021014798072,-8.726501270000398,5.521051297446489,-9.4204839123329
399001.SZ,2010-11,12336.29004,-7.712513370458063,95.60385462443034,80.85895284016927,102.02185897827148,45.83401536726808,8.886683979486731,61.528688297965076
399001.SZ,2010-12,12458.54981,0.9910578431892914,97.89414264309791,94.39043466506466,98.9651261606524,2.3956021728043453,16.73467358851721,-2.9961547929352017
399001.SZ,2011-01,11994.67969,-3.7233075042784614,78.83949353618007,77.48969244187877,77.08557048920662,-19.46454465246935,-17.9051429132163,-22.108349193561573
399001.SZ,2011-02,12902.44043,7.568028188004083,88.93610232216972,84.70568302699498,89.67357962472099,12.806536842294957,9.312194122500305,16.329916293837265
399001.SZ,2011-03,12562.90039,-2.6315954864672086,136.0791222356981,156.13775290212322,126.68266185637444,53.00774228080458,84.32972537670638,41.27088757528632
399001.SZ,2011-04,12312.99023,-1.9892712052300254,90.67220478057861,111.14294446309408,73.5580285390218,-33.36802641662523,-28.817379271004796,-41.935204501451274
399001.SZ,2011-05,11665.13965,-5.26152110818332,104.47366776004914,120.63443325411889,96.0221432101342,15.221272067740333,8.53989323107822,30.539310415579468
399001.SZ,2011-06,12110.92969,3.821557678480092,84.53678283691406,97.33198216756185,72.88245728810628,-19.08316741489856,-19.316583547476828,-24.098281030229863
399001.SZ,2011-07,11990.42969,-0.9949690328026284,78.2851328695974,99.24549016644877,60.417874859225364,-7.395183206081024,1.9659601667134652,-17.102308144754364
399001.SZ,2011-08,11397.48047,-4.945187414713914,86.39183038280856,111.57653574789724,62.886020106654016,10.35534745366633,12.424791857813933,4.085124233812376
399001.SZ,2011-09,10292.33008,-9.696444691516993,83.14460322062175,93.88602275848389,70.98976675669353,-3.7587201796722147,-15.855047722026761,12.886404062931067
399001.SZ,2011-10,10480.91016,1.8322389442838372,75.16556069158739,90.57414713213521,63.65037210526005,-9.59658500968753,-3.5275491804230286,-10.338665679221236
399001.SZ,2011-11,9693.389648,-7.513856143959153,83.25008093516031,70.99307772318522,95.16603965759278,10.75561755834511,-21.6188283621196,49.51372083137953
399001.SZ,2011-12,8918.820313,-7.990696372757633,84.81960911904612,77.63644483012538,86.84766141829952,1.885317306908374,9.357767433106435,-8.740910380659695
399001.SZ,2012-01,9303.650391,4.314809184338797,77.90155767625377,61.71806113950668,91.26849322165212,-8.156193496580155,-20.503751460347488,5.090329124764548
399001.SZ,2012-02,10054.83984,8.074136682163747,91.4857845964103,77.98118065143454,103.34518873280493,17.437683308734808,26.350664962022897,13.232053126837195
399001.SZ,2012-03,9410.259766,-6.410644866124504,88.0797755333685,86.14695296748992,86.66009946023264,-3.722992679209569,10.47146535592387,-16.145008274851524
399001.SZ,2012-04,10180.38965,8.183938628161357,98.3707051595052,88.1813424428304,104.64068247477213,11.683646516830692,2.3615338735291314,20.748398774675515
399001.SZ,2012-05,10141.41016,-0.382887996826331,77.68080416033345,69.08255398658014,79.93533497471964,-21.032583801878502,-21.65853674617435,-23.60969645434864
399001.SZ,2012-06,9500.320313,-6.321505953172091,77.59097859064738,81.92765919367473,70.51085557937623,-0.11563419129990704,18.59384817994694,-11.790129356840751
399001.SZ,2012-07,9059.219727,-4.64300751414044,81.20776933239353,89.00009404459307,77.46019707956621,4.661354718603983,8.632536216126097,9.8557044062058
399001.SZ,2012-08,8210.990234,-9.363162817123694,74.8681123795048,78.25724669425718,70.49690803404778,-7.806712344159738,-12.070602245603512,-8.989505976038025
399001.SZ,2012-09,8679.219727,5.702472901029143,68.97198734283447,65.10240313212077,68.31967938741049,-7.87534886252107,-16.80974493458861,-3.0884030340532886
399001.SZ,2012-10,8469.799805,-2.4128888147458616,81.94055532640026,86.90206847652313,75.07558896464687,18.802659577001602,33.48519301224788,9.888672836016443
399001.SZ,2012-11,7903.25,-6.6890578058946275,79.75129572550456,87.46022033691406,73.34758491516114,-2.6717656381202715,0.6422768412488677,-2.301685638855866
399001.SZ,2012-12,9116.480469,15.351032410717114,74.97084549934634,85.26028196273312,64.21883093926215,-5.994197564654025,-2.515358829084069,-12.44588214657365
399001.SZ,2013-01,9667.669922,6.04607726495201,90.24035970626339,109.75873522604665,83.89209476594002,20.367269576878645,28.73372301773727,30.634727445108332
399001.SZ,2013-02,9641.44043,-0.2713114143492845,82.87265164511544,87.37166687420437,78.62591293879917,-8.164537558505069,-20.3966165478642,-6.2773278481525026
399001.SZ,2013-03,8889.769531,-7.796251031755852,74.79130831072408,70.25588681620937,79.46081779849145,-9.751520162523587,-19.589622895300696,1.0618698447955044
399001.SZ,2013-04,8691.389648,-2.2315525988409246,93.84421526590982,83.1100798924764,99.8020144144694,25.47476088535521,18.296250547507608,25.599027520157392
399001.SZ,2013-05,9257.950195,6.518641666587488,83.38529759068643,96.31220405332503,76.66901059304514,-11.144978564302333,15.885105847484283,-23.178894691799336
399001.SZ,2013-06,7694.470215,-16.887971387493504,82.57989651362101,85.31224797566732,78.08507897059123,-0.965878998260461,-11.421144584716792,1.8469892419278766
399001.SZ,2013-07,7765.399902,0.921826779727164,77.08005560598066,75.28471995938209,75.0804361527966,-6.660023976577866,-11.753913716053145,-3.847909046651865
399001.SZ,2013-08,8202.480469,5.6285648197902605,88.84743185966245,104.42809732498661,78.84740774093136,15.266434567502763,38.71087968624718,5.017247875956099
399001.SZ,2013-09,8514.570313,3.8048227628154185,98.07846705118816,97.374010403951,98.14722569783528,10.38976028717007,-6.754970263494176,24.47742863064981
399001.SZ,2013-10,8444.410156,-0.8240011465156405,73.56673326799947,80.33374651016727,65.35439909658125,-24.991962578693006,-17.499807005065403,-33.411873201809016
399001.SZ,2013-11,8542.610352,1.1629017798268082,76.75024941762288,52.19944121042887,91.32140051523844,4.327385501849101,-35.02177667784688,39.732599148043505
399001.SZ,2013-12,8121.790039,-4.9261325948394274,70.2421502144106,68.61865160542149,68.88867827384702,-8.47958052592066,31.45476276039567,-24.564584111528333
399001.SZ,2014-01,7572.629883,-6.7615655337430525,78.61989428920131,86.78251980197045,68.41249278283888,11.926947066993353,26.4707448654002,-0.6912391164121345
399001.SZ,2014-02,7365.930176,-2.7295630473638477,70.26414687292916,61.49816117967878,73.86041593551636,-10.628031863710918,-29.135312825656822,7.963345481315476
399001.SZ,2014-03,7189.580078,-2.394132089041401,119.53876396917528,75.00083989481772,150.81426780454575,70.12768145517792,21.956231627297342,104.18821894560378
399001.SZ,2014-04,7312.859863,1.714700770594857,92.7823445002238,61.30099623998006,112.3606637954712,-22.3830484610423,-18.266253650026478,-25.49732500038402
399001.SZ,2014-05,7364.830078,0.7106688214134627,83.18502376925561,75.96359517497402,92.24833537686256,-10.343908404842095,23.919022257963118,-17.89979494533681
399001.SZ,2014-06,7343.279785,-0.29261086504052125,98.1738182067871,105.45366484324137,96.13338797887167,18.018621331537332,38.82131908098889,4.211515130476329
399001.SZ,2014-07,7956.910156,8.356352869101524,136.12800659671908,115.96761592741936,161.79567853866084,38.660193810520525,9.970209285573105,68.30331473828896
399001.SZ,2014-08,7841.700195,-1.447923361471215,132.44592408211,107.58255644767515,154.04245942638767,-2.7048677246242936,-7.230518117223495,-4.791981579669047
399001.SZ,2014-09,8080.350098,3.043343880350924,130.56609942118328,121.00510635375977,142.43847586313885,-1.419314844118058,12.476511387431977,-7.53297734044166
399001.SZ,2014-10,8225.610352,1.7976975284270669,80.79179345407793,74.09397866649013,83.08987451368763,-38.12192153075063,-38.76789096000993,-41.66613058010812
399001.SZ,2014-11,9002.230469,9.44148924840782,84.14203809102376,77.99142316182454,87.09242757161458,4.1467635433172,5.26013660688609,4.817136963262114
399001.SZ,2014-12,11014.62012,22.354344936289362,85.45243663172567,94.30592924548733,80.33614915417087,1.5573648683008257,20.918333609340344,-7.7575957012888885
399001.SZ,2015-01,11150.69043,1.235360897766502,108.33973257003292,146.6483586834323,81.6583960748488,26.783666844919374,55.50279802841731,1.6458928323044741
399001.SZ,2015-02,11757.67969,5.4435127924181925,112.50795323508126,110.62664944784981,116.82035664149693,3.8473610430540095,-24.56332246673284,43.05982269651534
399001.SZ,2015-03,13160.66016,11.932460374756126,103.47884836504537,80.65029876462874,119.2300068024666,-8.025303643352133,-27.096862132981926,2.0626971447831766
399001.SZ,2015-04,14818.63965,12.597996375890009,99.56071904500325,92.08395849863687,107.84801419576009,-3.786405996924136,14.17683493941706,-9.546248391618018
399001.SZ,2015-05,16100.4502,8.649987989956953,74.41008684712071,71.70904147240424,75.1276002699329,-25.261601602650142,-22.126456506031122,-30.339375434799198
399001.SZ,2015-06,14337.96973,-10.946777562778953,85.28621266682943,88.44556840260823,80.42666390736898,14.61646704169861,23.33949330035976,7.053417942802098
399001.SZ,2015-07,12374.25,-13.695939989963978,106.23084825085056,89.69054517438335,118.30285398421749,24.558055668202016,1.4076191653921155,47.09407084256565
399001.SZ,2015-08,10549.16016,-14.749094611794655,80.77308187177104,72.6687409493231,83.29964871560374,-23.96457036562888,-18.978370788097155,-29.58779445277242
399001.SZ,2015-09,9988.25,-5.31710725301946,96.26670481363932,79.88457260131835,111.3503412882487,19.18166619724222,9.929760111059792,33.674442815976114
399001.SZ,2015-10,11546.04981,15.596323780442024,86.38631562263735,101.0595084159605,75.2390812904604,-10.263558111944526,26.506915071474868,-32.43030922043458
399001.SZ,2015-11,12037.86035,4.259556715007795,146.2837247212728,206.72467168172201,112.25876941680909,69.33668679688365,104.55736914021405,49.20273811350009
399001.SZ,2015-12,12664.88965,5.2088102185036345,140.49793341852003,194.36913816390498,108.1629870014806,-3.9551845660048213,-5.976806453387384,-3.648518896658426
399001.SZ,2016-01,9418.200195,-25.635355259490954,115.96384011545489,110.91858869983304,120.46343551143524,-17.462244964117836,-42.934053344261315,11.37214203393464
399001.SZ,2016-02,9097.360352,-3.4065940026453245,101.22297576378132,113.22725730106748,90.85711604151233,-12.711604183681224,2.0814082006417767,-24.57701736981631
399001.SZ,2016-03,10455.37012,14.927514305855215,105.2873266896894,122.04758010372039,93.74349009606146,4.015245447232085,7.78992886774601,3.1768277272089085
399001.SZ,2016-04,10141.54004,-3.0016161685149423,83.62793006896973,90.3290501912435,79.78639167149862,-20.571703453499047,-25.98865941096199,-14.888605502377427
399001.SZ,2016-05,10159.92969,0.181329955090348,84.68827352216167,88.0693675010435,82.82368420016381,1.2679298080407353,-2.5016123665817624,3.806780160168821
399001.SZ,2016-06,10489.99023,3.2486498437569233,88.54716021219889,97.87790400187174,80.03160365422566,4.556577350732516,11.137285050573364,-3.3711136770858907
399001.SZ,2016-07,10329.44043,-1.5305047619667667,112.01366116923671,143.21993846278036,94.82303280984202,26.501697966147653,46.32509750110867,18.481985216143258
399001.SZ,2016-08,10757.87988,4.1477508186762435,98.61115221823415,123.22047128985005,80.60763149876749,-11.965066413420121,-13.964164059550777,-14.991506693929601
399001.SZ,2016-09,10567.58008,-1.7689340476257587,103.71691958109538,119.65013109842936,94.2956667582194,5.177677420867943,-2.897521940994874,16.98106619056434
399001.SZ,2016-10,10704.29981,1.2937657341130837,86.16627822383758,100.4282025367983,80.40413419661984,-16.921676258939698,-16.065112829519823,-14.731888578950725
399001.SZ,2016-11,11012.19043,2.876326574040533,83.57939580281575,85.52786210378011,80.94508310953776,-3.0021981619094418,-14.836808841180337,0.6727874360229924
399001.SZ,2016-12,10177.13965,-7.582967124552365,101.61987716920915,112.50576536117062,94.95736854307113,21.584843002401332,31.54282428415589,17.310854341296356
399001.SZ,2017-01,10052.04981,-1.229125710189094,104.88912440884498,102.22949655594364,108.44574915978217,3.2171336265169437,-9.133993064477785,14.204669762508138
399001.SZ,2017-02,10391.33984,3.3753317623084866,113.19088404519218,94.91658476420811,125.99899278368268,7.91479544055298,-7.153426396591556,16.186197946807358
399001.SZ,2017-03,10428.71973,0.3597215621426564,98.49747651623142,99.26259293094758,97.23793039014262,-12.981087348955,4.578765847439437,-22.826422464279194
399001.SZ,2017-04,10234.65039,-1.860912413263216,115.10228830973307,101.26866887410482,124.87095286051432,16.858108837707487,2.0209787835713477,28.417945918327536
399001.SZ,2017-05,9864.839844,-3.6133187935890043,101.37748035307854,98.86025521063036,100.89005654858005,-11.924009642381684,-2.378241651885993,-19.204543380654638
399001.SZ,2017-06,10529.61035,6.73878660487659,126.94453862508138,146.7019323984782,113.13888193766276,25.21966237763813,48.393236580177735,12.140765708843393
399001.SZ,2017-07,10505.04004,-0.2333449119510944,101.59804805632561,69.98286450293756,124.43094007430538,-19.96658607237466,-52.29588093437852,9.980705079677499
399001.SZ,2017-08,10816.63965,2.966191550089503,137.11038946336316,109.75087941077447,156.3583743187689,34.9537634693037,56.82536030826179,25.658758364597812
399001.SZ,2017-09,11087.19043,2.5012461240677686,118.73107655843098,86.45641419092814,146.35588200887045,-13.40475581527194,-21.22485518558812,-6.397158037411099
399001.SZ,2017-10,11367.62012,2.529312468929956,91.91498454924553,71.24007597277242,109.52413552807224,-22.585571348701183,-17.60001078063723,-25.16588057497128
399001.SZ,2017-11,10944.09961,-3.7256743762475453,93.25364055633545,80.09026870727538,105.41860446929931,1.45640671502556,12.423053476087631,-3.748517200321233
399001.SZ,2017-12,11040.4502,0.8803884598415079,84.61367348701724,64.52695954230524,98.77827345940375,-9.265018521286283,-19.432209950316203,-6.29901244028458
399001.SZ,2018-01,11159.67969,1.0799332259114003,91.99991103141538,75.9898567199707,106.7695834867416,8.729366354164325,17.76450844572981,8.09014953133611
399001.SZ,2018-02,10828.73047,-2.965579919794281,65.82219927651542,53.66386883599417,76.22563787869045,-28.45406203269154,-29.380221055357104,-28.60734734611382
399001.SZ,2018-03,10868.65039,0.36864820036470736,109.2456529678837,64.72115756619361,142.5100219480453,65.97083380479091,20.60471779251023,86.95812316433921
399001.SZ,2018-04,10324.46973,-5.006883471941359,122.0270450592041,94.80569979349772,144.06638272603354,11.699680256456425,46.483319147274415,1.092106194858089
399001.SZ,2018-05,10295.73047,-0.278360639835018,122.07622054315382,62.3412499273977,166.9032696139428,0.0402988402496085,-34.24314143222706,15.851641761102208
399001.SZ,2018-06,9379.469727,-8.899424335843175,103.35734113057454,56.24654754002889,136.8462231318156,-15.333763880707775,-9.776355774814693,-18.008662473569824
399001.SZ,2018-07,9178.780273,-2.1396673782345,109.5580127469955,85.10936841657085,127.5609563396823,5.999256123072527,51.3148311120806,-6.7851830906501265
399001.SZ,2018-08,8465.469727,-7.771299941651854,113.04493135021579,67.86267332876882,146.81783097790134,3.182714359079064,-20.264155883976787,15.096213755986486
399001.SZ,2018-09,8401.089844,-0.7604998313875511,73.96346220970153,49.602893877029416,88.1794579188029,-34.571624462700555,-26.906955703436154,-39.939544582922316
399001.SZ,2018-10,7482.830078,-10.930245754434054,92.58265267649004,61.918164991563366,115.57533417978594,25.17349771161239,24.8277270779095,31.06832011397669
399001.SZ,2018-11,7681.75,2.6583514516096862,79.83305384318034,48.951593685150144,103.46333103179931,-13.771045076727717,-20.94146573655724,-10.479747459908284
399001.SZ,2018-12,7239.790039,-5.753376001562138,86.58019570381411,64.75931516770393,99.9929014944261,8.45156427798377,32.292557386848046,-3.3542603961847828
399001.SZ,2019-01,7479.220215,3.3071425374246344,87.5074286307058,54.891605531015706,113.59607076644897,1.0709526807535674,-15.237513879098808,13.60413496230144
399001.SZ,2019-02,9031.929688,20.76031228343769,98.55523300170898,57.736959321158274,130.96962765284948,12.624990293825844,5.183586383777472,15.294153018831214
399001.SZ,2019-03,9906.860352,9.68708453479714,79.65598315577353,67.75160512616557,85.8987022830594,-19.17630273940678,17.345294803804002,-34.41326525662569
399001.SZ,2019-04,9780.820313,-1.2722500824850602,78.96416734059652,57.763711071014406,93.91384995778402,-0.8685045212788456,-14.741929783880291,9.330929876347316
399001.SZ,2019-05,8922.69043,-8.77359828254315,105.10344554531959,63.40447973435925,133.1031727944651,33.10270858929771,9.765246309071296,41.729013190596916
399001.SZ,2019-06,9178.30957,2.864821345146673,103.3317710240682,51.50454092025757,138.8043354034424,-1.685648374379367,-18.768293445444108,4.283265747376963
399001.SZ,2019-07,9326.610352,1.6157744611789093,93.06078184804609,47.329337519984094,126.32542345600743,-9.939817225846037,-8.10647629446455,-8.990289756558633
399001.SZ,2019-08,9365.679688,0.41890177165622156,106.01592488442698,74.11447860348609,125.86253258489793,13.921162899248628,56.593103742879094,-0.3664273259061712
399001.SZ,2019-09,9446.240234,0.860167640616849,92.55197461446126,70.08315865198772,112.63771381378174,-12.699931906120154,-5.439314999523937,-10.507351552135392
399001.SZ,2019-10,9635.330078,2.0017471429469413,95.20806701721683,69.20361838802215,118.00913903021043,2.8698387190764008,-1.2549951812718674,4.768762641355617
399001.SZ,2019-11,9582.160156,-0.5518225278177247,73.70891914367675,52.628954823811846,86.17964719136556,-22.581225044357122,-23.95057361202817,-26.972056656303966
399001.SZ,2019-12,10430.76953,8.85613849261986,72.31251805828464,60.52569272441249,79.17934866874448,-1.8944804802661475,15.004550113215975,-8.122913879046889
399001.SZ,2020-01,10681.90039,2.4075966713455133,139.8703630508915,84.9525350447624,191.54257983546103,93.42482713456963,40.35780710775339,141.90976947385673
399001.SZ,2020-02,10980.76953,2.797902330935309,75.72699855935984,56.10202249987372,87.16311290346343,-45.859153499296525,-33.960743525413385,-54.49413233426306
399001.SZ,2020-03,9962.299805,-9.275030517829286,82.76741433912709,64.03543063132993,98.19669649677891,9.297101316181845,14.141037663079015,12.658546976787765
399001.SZ,2020-04,10721.78027,7.623545565440848,69.76431941986084,47.72460098266602,82.26346549987792,-15.71040369340041,-25.47157017272198,-16.225831993669605
399001.SZ,2020-05,10746.08008,0.2266396940440174,69.50140085527974,42.106849024372714,85.36720494301089,-0.37686680923350035,-11.771186856719284,3.772925714073616
399001.SZ,2020-06,11992.34961,11.597433861669115,71.60573234558106,51.320197105407715,86.46775321960449,3.027754065969246,21.88087756388999,1.289193288369117
399001.SZ,2020-07,13637.87988,13.721500152295851,68.53134112204275,36.44394225458945,92.3572107745755,-4.293498750492198,-28.98713506548618,6.811160618471734
399001.SZ,2020-08,13758.23047,0.8824728701159357,64.93029563657699,27.294767964270807,89.9976692199707,-5.254596548829982,-25.104787584187527,-2.5547994951514386
399001.SZ,2020-09,12907.4502,-6.18379138113101,83.04108727773031,49.94818175633748,105.76334724426269,27.892667765632396,82.9954437484879,17.517873697104093
399001.SZ,2020-10,13236.59961,2.550073057806568,76.71051840628347,43.048690057569935,98.63585779743809,-7.62341761045866,-13.813299015418378,-6.739092164285898
399001.SZ,2020-11,13670.11035,3.2750914341512116,70.364892578125,62.07505849202474,79.94887498219808,-8.272171743840929,44.197322633999846,-18.94542535800341
399001.SZ,2020-12,14470.67969,5.856348774829012,62.28910067773634,29.27726056498866,85.56250313789614,-11.477018729790899,-52.8357100642118,7.021522387836021
399001.SZ,2021-01,14821.99023,2.4277404208094877,74.98195703567997,47.25387308674474,95.04665202479208,20.377331218205175,61.40127926877659,11.084468708928341
399001.SZ,2021-02,14507.4502,-2.1221173750564537,72.32457787649972,46.01375893184117,91.39712776456561,-3.544024808415902,-2.6243651025749215,-3.8397188985410335
399001.SZ,2021-03,13778.66992,-5.023489792851398,77.55295372009277,49.825385385943996,99.19816903145083,7.229044395559336,8.283666760954866,8.535324312357284
399001.SZ,2021-04,14438.57031,4.7892894875298575,84.63264045715331,65.75086024602254,105.25555461247762,9.128842161979843,31.96257236491182,6.106348171715048
399001.SZ,2021-05,14996.37988,3.863329665082338,90.02756192607265,52.68410350430396,115.80485919214064,6.3745163092844725,-19.87313427204783,10.022563292267739
GDAXI,2000-02,7644.549805,11.834362680705791,63.89095319550613,69.82025521377037,56.801463094250906,-2.9042100082795064,5.873836985806324,-14.821458008439558
GDAXI,2000-03,7599.390137,-0.5907433289330188,50.673104070848034,41.77679486428538,55.219184998543035,-20.688138873451322,-40.16522177357223,-2.785629118535893
GDAXI,2000-04,7414.680176,-2.4305892666397377,49.652309608459475,41.48203840255737,54.45606384277344,-2.0144699660817,-0.7055506835446423,-1.3819855468524822
GDAXI,2000-05,7109.669922,-4.1135995991744,79.68136535152313,82.95394897460938,78.51787874775547,60.478668524912834,99.97558502210744,44.1857402225283
GDAXI,2000-06,6898.209961,-2.9742584862577637,64.1265432993571,52.05603179931641,72.9901512145996,-19.521279515661185,-37.24707208905779,-7.040087711633303
GDAXI,2000-07,7190.370117,4.235303907126187,51.13137294400123,40.80166629052931,56.502953067902595,-20.264885157915803,-21.61971460324582,-22.58825043151742
GDAXI,2000-08,7216.450195,0.3627084221762056,47.5130286985828,41.88413973777525,50.82666443240258,-7.076563833678429,2.6530128439808287,-10.046003487071765
GDAXI,2000-09,6798.120117,-5.796895519210333,52.75809377034505,36.65586573282878,63.30135205586751,11.039214328003254,-12.482705954280583,24.54358900544371
GDAXI,2000-10,7077.439941,4.1087803568152115,74.84650722626716,74.61284114468482,80.27979493910267,41.86734560970407,103.54952653010727,26.82161175364879
GDAXI,2000-11,6372.330078,-9.962781300555578,45.440477244059245,47.08891073862711,44.53256746927897,-39.28844654475468,-36.88899924435919,-44.52829942694827
GDAXI,2000-12,6433.609863,0.961654281085722,46.011570776662516,44.53382098290228,46.60758584545505,1.2567947504951382,-5.426096538752367,4.659552534462641
GDAXI,2001-01,6795.140137,5.619400021116894,47.34544200281943,39.250703688590754,53.58126591097924,2.8989908486964033,-11.863157433402927,14.962542983127358
GDAXI,2001-02,6208.240234,-8.637053705548926,56.336307116917204,45.95857455049242,65.78157465798515,18.989927506775352,17.089810453134604,22.769728448140224
GDAXI,2001-03,5829.950195,-6.093353748269259,61.72149381329936,57.44915543833086,65.804611175291,9.558998400811113,25.002039336999694,0.035019710953454464
GDAXI,2001-04,6264.509766,7.453915667627764,49.026970354715985,47.12476806640625,50.69535102844238,-20.567427445911946,-17.97134752138766,-22.96079237760469
GDAXI,2001-05,6123.259766,-2.25476542101698,59.95146006922568,56.56440058062154,60.64858498111848,22.282612275385794,20.031149014703598,19.633425453730236
GDAXI,2001-06,6058.379883,-1.0595644391938497,70.94172350565593,62.602798779805504,78.85646438598633,18.33193624265337,10.675262421595733,30.02193606089316
GDAXI,2001-07,5861.189941,-3.2548296047483105,59.984781203731416,53.3461978666244,62.87733785567745,-15.444990282835402,-14.786241340007166,-20.26355943641387
GDAXI,2001-08,5188.169922,-11.482651573737822,64.13564220551521,73.31873946036062,56.88255968401509,6.919856867837648,37.43948471017813,-9.534083942011339
GDAXI,2001-09,4308.149902,-16.962050843175913,472.49111404418943,791.8359584172566,249.4176373163859,636.705984061322,979.9912331353685,338.47822373309316
GDAXI,2001-10,4559.129883,5.8257021391824315,504.05423072076616,840.6995652721774,257.8192534908172,6.680150322070344,6.170925472062505,3.368493208751655
GDAXI,2001-11,4989.910156,9.448738773735887,296.1777104695638,494.21396484375,141.4245381673177,-41.24090377218973,-41.21396212644078,-45.14585848323587
GDAXI,2001-12,5160.100098,3.410681488831191,231.22251793646043,376.6929409888483,121.45619632351783,-21.93115492388762,-23.77938144505022,-14.119432244619079
GDAXI,2002-01,5107.609863,-1.0172328831439703,169.9862031013735,259.16573752126385,104.05673919185516,-26.483715938044828,-31.199736092496554,-14.325705611030715
GDAXI,2002-02,5039.080078,-1.341719254957896,143.41856629507882,209.38243239266532,93.08014828818185,-15.629290096238414,-19.20906119950132,-10.548659307337282
GDAXI,2002-03,5397.290039,7.108637994539935,150.27259728216356,217.83082137569303,97.68620583318895,4.7790402345696315,4.034908223429179,4.948485396420366
GDAXI,2002-04,5041.200195,-6.597567324100595,154.13523864746094,219.28201649983723,99.5971280415853,2.5704229747520735,0.6662028426368982,1.9561842863049517
GDAXI,2002-05,4818.299805,-4.421573858960793,159.16512766192037,205.2949966922883,137.87667772846837,3.2632959591828437,-6.378553075536553,38.434391070895146
GDAXI,2002-06,4382.560059,-9.04343365159278,147.7977030436198,185.49468332926432,127.91307754516602,-7.141906512616192,-9.644810483473298,-7.2264579822009285
GDAXI,2002-07,3700.139893,-15.571267862001935,119.37826931861139,161.98243344214654,92.84361993112871,-19.228603110713394,-12.675430618883077,-27.416631893368603
GDAXI,2002-08,3712.939941,0.3459341638464952,127.00253000567037,157.38569099672378,101.13534890451739,6.386640324555559,-2.8378030553939837,8.930854892925822
GDAXI,2002-09,2769.030029,-25.42217022087835,170.25116170247395,185.25534108479818,167.88976720174153,34.05336231874485,17.707867793810127,66.00503090195247
GDAXI,2002-10,3152.850098,13.861173948287275,168.296264894547,195.84739069784843,161.10799457180886,-1.1482428597716532,5.717540747287764,-4.039419878272565
GDAXI,2002-11,3320.320068,5.3117009941650695,156.04842834472657,175.04123814900717,151.88629328409831,-7.277545082473935,-10.623655732508986,-5.723925316195444
GDAXI,2002-12,2892.629883,-12.880992682660853,175.05461046772618,174.67416357224988,183.75799191382623,12.179669045440855,-0.20970748415570784,20.983920234403875
GDAXI,2003-01,2747.830078,-5.005818609943469,205.2729772752331,176.48827115951045,244.28261073943108,17.26225132075463,1.0385666375383629,32.93713552006381
GDAXI,2003-02,2547.050049,-7.306857531239242,236.19078636169434,210.63462039402552,291.2838772365025,15.061801848864963,19.34765920147381,19.240528973716554
GDAXI,2003-03,2423.870117,-4.836180272482737,349.2410371841923,413.45056693784653,352.7903245495212,47.86395462919402,96.28803952760548,21.115637396943754
GDAXI,2003-04,2942.040039,21.377792414113905,252.85915400187176,326.76046600341795,210.79934641520182,-27.597525181866878,-20.967464520966683,-40.2479796790425
GDAXI,2003-05,2982.679932,1.3813507790945367,159.68020999047064,183.58484895767705,150.55725589875252,-36.85013674083216,-43.81668896391011,-28.577930406763798
GDAXI,2003-06,3220.580078,7.97605346278234,145.7216801961263,176.93343124389648,127.7050184249878,-8.741552754206271,-3.623075516059593,-15.178436494042181
GDAXI,2003-07,3487.860107,8.299126943801461,133.95684691398375,166.529414761451,106.6518937387774,-8.073495492440319,-5.880186920754349,-16.485745780285622
GDAXI,2003-08,3484.580078,-0.09404130037833358,137.39681588449787,179.2770211004442,108.98332251271894,2.5679680059377485,7.654867674430843,2.186017230647508
GDAXI,2003-09,3256.780029,-6.537374487050029,118.71830571492514,145.99144999186197,97.7679594039917,-13.59457280674885,-18.56655744515813,-10.290898506437395
GDAXI,2003-10,3655.98999,12.257811625140015,107.55338336575416,129.5931615521831,91.48407450029927,-9.404549940243411,-11.232362196959455,-6.4273458728196236
GDAXI,2003-11,3745.949951,2.4606183618133937,117.27323557535807,152.34808400472005,93.18425509134929,9.037235190035675,17.55873703519013,1.85844432524096
GDAXI,2003-12,3965.159912,5.851919109102899,131.9601605323053,166.63024114793348,112.74830061389554,12.52368017722989,9.374687733369157,20.995011982837084
GDAXI,2004-01,4058.600098,2.3565300788302768,114.1432640321793,127.11111671693864,107.96992640341482,-13.501723875035932,-23.716658008020264,-4.238089784469723
GDAXI,2004-02,4018.159912,-0.9964072592401507,114.83697246683055,130.29377562424233,103.49829351490942,0.6077524070589702,2.503839939028385,-4.141554076639597
GDAXI,2004-03,3856.699951,-4.018256230116912,137.0413291685043,182.14090384206463,107.18084593742124,19.33554692769983,39.792482771660254,3.558080329103519
GDAXI,2004-04,3985.209961,3.3321236194866266,148.72968673706055,203.51488087972004,120.71956570943196,8.529074870679644,11.734858335933641,12.631659746290346
GDAXI,2004-05,3921.409912,-1.600920644692727,121.83138078258884,160.97313985516948,91.7239502937563,-18.08536449217786,-20.903503881710396,-24.018985858073037
GDAXI,2004-06,4052.72998,3.348797267996506,136.9921531677246,177.06919593811034,107.51701380411784,12.444061856436273,9.9992185636826,17.21803679386078
GDAXI,2004-07,3895.610107,-3.876889745316814,130.39895802159464,159.34060545890563,120.38267381729618,-4.812826861738328,-10.012238653526872,11.96616196634508
GDAXI,2004-08,3785.209961,-2.8339629215362816,139.9520955239573,177.53836158014113,126.08562567926222,7.326084232038577,11.420664600103292,4.737352711255904
GDAXI,2004-09,3892.899902,2.8450189582495344,152.970458984375,188.2974100748698,129.69852345784506,9.302013958189859,6.060126047672232,2.8654319309747045
GDAXI,2004-10,3960.25,1.7300752574038292,118.0625233804026,147.26095236501385,96.84527255642799,-22.82005024743897,-21.793426523253423,-25.33047410681982
GDAXI,2004-11,4126.0,4.1853418344801385,124.46195271809896,154.47430343627929,99.13031984965006,5.420373167086323,4.898346068946902,2.3594825363217
GDAXI,2004-12,4256.080078,3.152692147358205,107.17075778592017,141.9146915558846,79.30897829609532,-13.892755620942731,-8.130550907824963,-19.995236153396423
GDAXI,2005-01,4254.850098,-0.028899362264300787,99.38704164566532,126.41269216229838,77.36354717131584,-7.26291042543833,-10.923463401589872,-2.4529771616982887
GDAXI,2005-02,4350.490234,2.2477909631870574,109.60796138218471,108.7996129989624,105.78578090667725,10.283956104618763,-13.932999022537196,36.73853484564569
GDAXI,2005-03,4348.77002,-0.03954069328914178,90.47840487572455,87.14632021996283,87.85526915519468,-17.45270714392596,-19.901994301400748,-16.94983162935727
GDAXI,2005-04,4184.839844,-3.7695756557850735,86.93658548990885,102.42798690795898,72.97031523386637,-3.9145466707558807,17.535641951862413,-16.942585304740586
GDAXI,2005-05,4460.629883,6.590217291001288,98.79405889203471,105.33132522336898,90.99365062098349,13.63922143399825,2.834516622902017,24.69954436862878
GDAXI,2005-06,4586.279785,2.8168645526692737,81.75722109476725,95.1893081665039,69.31578687032064,-17.244799928592734,-9.628680770281385,-23.82349054326638
GDAXI,2005-07,4886.5,6.546051027717681,164.77051716466104,237.00151295815743,116.65942007495511,101.53634744222848,148.97913171466425,68.30137165319535
GDAXI,2005-08,4829.689941,-1.1625920188273908,116.88755367648217,143.29871208437027,94.36514368364888,-29.06039521641346,-39.53679438760814,-19.11056679090457
GDAXI,2005-09,5044.120117,4.439833169820462,103.76748135884603,130.99529851277669,78.09897527694702,-11.224524686306193,-8.585850767695435,-17.237475376748023
GDAXI,2005-10,4929.069824,-2.2808793274420758,87.41865994853359,105.815919445407,73.7711932274603,-15.755245474037638,-19.221589899208325,-5.541406957184714
GDAXI,2005-11,5193.399902,5.362676680150846,82.0722770690918,93.67955487569174,70.19666430155436,-6.115837148029257,-11.469318258843575,-4.84542647274867
GDAXI,2005-12,5408.259766,4.137171564956055,95.3541398817493,131.53387844947076,69.47696587347215,16.183129415888263,40.40830854075885,-1.0252601533749406
GDAXI,2006-01,5674.149902,4.916371393097019,93.70335646598569,99.09636282151745,89.04377758887506,-1.7312131574054201,-24.660958842184765,28.163019886385033
GDAXI,2006-02,5796.040039,2.1481656125622806,96.56065307344709,102.5961035319737,90.61754550252643,3.0493001694113175,3.5316540494625848,1.7674091960896199
GDAXI,2006-03,5970.080078,3.002740454326247,91.85162070489699,96.46455383300781,86.54391436423025,-4.876761101613781,-5.976396264459504,-4.495411032935781
GDAXI,2006-04,6009.890137,0.666826214722005,89.32775522867838,92.80472908020019,86.14640655517579,-2.7477636832640484,-3.7939580989958643,-0.45931341559326544
GDAXI,2006-05,5692.859863,-5.27514258618802,84.38873118738974,80.68312811082409,83.90371753323463,-5.529103500524313,-13.06140440203304,-2.603345991576267
GDAXI,2006-06,5683.310059,-0.16775055472675326,102.32296142578124,114.45484237670898,90.22701250712076,21.25192544792216,41.857219788872115,7.536370449118013
GDAXI,2006-07,5681.970215,-0.023575064286318614,137.44066902898973,144.67092710925687,133.83614447809035,34.3204566344385,26.40000554375559,48.33267860611912
GDAXI,2006-08,5859.569824,3.125669482236093,147.491208968624,160.77977629630797,141.31128421906502,7.312638981344266,11.134821286439633,5.585292201986869
GDAXI,2006-09,6004.330078,2.470492857804696,113.61922556559244,117.84904912312825,111.18667894999186,-22.965425288660548,-26.701571654174238,-21.317904961059643
GDAXI,2006-10,6268.919922,4.406650543238166,112.73245288479713,100.46679675194525,124.12324234747118,-0.7804776668569935,-14.749590684454382,11.634993975580254
GDAXI,2006-11,6309.189941,0.6423757122606899,87.80542017618815,84.66829687754313,86.73696505228678,-22.11167420803153,-15.7250956387203,-30.120287375772126
GDAXI,2006-12,6596.919922,4.560490073855594,91.50775527954102,79.05746866041615,96.69359145625945,4.216522278378543,-6.626834865052256,11.479103975992967
GDAXI,2007-01,6789.109863,2.9133283907095464,97.40868709933373,96.73051378803868,95.33105973274478,6.4485592524549995,22.35468125539841,-1.4091230897458562
GDAXI,2007-02,6715.439941,-1.0851190139298583,95.05105536324638,89.62849848611015,97.72646740504673,-2.420350593251641,-7.342063040718328,2.5127253164051178
GDAXI,2007-03,6917.029785,3.001885889399847,86.13590178951141,82.20472852645382,85.6678963938067,-9.379331496809673,-8.282823080882917,-12.339104575693804
GDAXI,2007-04,7408.870117,7.110571260898513,75.71304588317871,82.1852602005005,68.55693855285645,-12.100478069879417,-0.023682732492769087,-19.973594031412766
GDAXI,2007-05,7883.040039,6.400030159956449,91.82276621172505,103.15781870195943,82.37121458976499,21.277337532296347,25.518637344815765,20.150077189135175
GDAXI,2007-06,8007.319824,1.5765464133779217,98.5847110748291,110.01365140279134,88.00655695597331,7.364126721593589,6.645965169775048,6.841397682763484
GDAXI,2007-07,7584.140137,-5.2849105106507865,113.9830302576865,129.01673864549207,104.86104534518334,15.619378517191729,17.2733901660304,19.151400727609147
GDAXI,2007-08,7638.169922,0.7124048873571098,83.12109104279548,100.07418700187436,73.35449858634702,-27.075906953096485,-22.433175685168337,-30.045997210043584
GDAXI,2007-09,7861.509766,2.923996798719042,92.71907399495443,90.46699282328288,93.58469161987304,11.546988654440726,-9.600072172868657,27.578667189324
GDAXI,2007-10,8019.220215,2.006108924294381,100.96206135903635,95.91243030178931,103.74951417984501,8.890282235271773,6.019253330486496,10.861629593502276
GDAXI,2007-11,7870.52002,-1.8542974380707955,89.11012655893961,80.4546085993449,95.28441146214803,-11.738998432242253,-16.116598916121973,-8.159173355764459
GDAXI,2007-12,8067.319824,2.5004676120498504,94.64804052537487,85.06247354322865,97.48771335232642,6.2146853340762975,5.727285265696103,2.3123424454939867
GDAXI,2008-01,6851.75,-15.067827364222275,80.78886364352319,81.53163952981272,76.77330804640248,-14.642856634877798,-4.150871549275559,-21.248221538503877
GDAXI,2008-02,6748.129883,-1.51231607983362,81.6396739565093,88.45064189516265,72.8041961275298,1.0531282092792749,8.48627895287195,-5.169911288013928
GDAXI,2008-03,6534.970215,-3.158796165690214,78.19353657384073,84.13256103761735,72.61432629246866,-4.221155249228914,-4.881910142227531,-0.2607951809928011
GDAXI,2008-04,6948.819824,6.332846139835091,71.86557184855143,70.36499150594075,69.58370641072591,-8.092695384500992,-16.364139355654284,-4.173583969554883
GDAXI,2008-05,7096.790039,2.1294294390672874,73.08874597857076,75.19145030360067,71.38500275150422,1.7020307479039154,6.85917626701118,2.588675472596913
GDAXI,2008-06,6418.319824,-9.560240774653138,86.7860169728597,80.27725048065186,87.26098276774088,18.740602004999385,6.763801145630577,22.23993752791742
GDAXI,2008-07,6479.560059,0.9541474510354586,89.47498493809854,87.2099857945596,84.52966382426601,3.0983884950956497,8.635989987697258,-3.130057508915207
GDAXI,2008-08,6422.299805,-0.8837058917366969,88.47457368912235,105.41860654277187,75.39880838701802,-1.1180904357439236,20.879054826480868,-10.801954040927797
GDAXI,2008-09,5831.02002,-9.206667439281901,89.21801058451335,95.21897468566894,82.42706019083658,0.8402831055205118,-9.675362055715087,9.321436179392805
GDAXI,2008-10,4987.970215,-14.45801595790096,64.97080649099043,76.1353960960142,53.63574997071297,-27.17747676132537,-20.041781223387755,-34.929439620272106
GDAXI,2008-11,4669.439941,-6.385969848859663,79.13092206319173,96.24985440572102,67.7355552037557,21.79458180831557,26.41932575531689,26.288073236119036
GDAXI,2008-12,4810.200195,3.014499721134767,94.08670757662865,107.55399310204291,87.6594942154423,18.90005212057766,11.744577450134797,29.414299405612443
GDAXI,2009-01,4338.350098,-9.809365054919517,86.23219754618984,91.03520405677057,87.53845571702526,-8.348161215059768,-15.358601358110413,-0.1380780250905378
GDAXI,2009-02,3843.73999,-11.400880445956108,67.12189470018659,63.14009993416922,65.29873490333557,-22.161447104217558,-30.642106437423532,-25.40565815506419
GDAXI,2009-03,4084.76001,6.270455874409953,72.05849173761183,73.33846209126133,69.22285332218293,7.35467474432232,16.151957579612763,6.0094861327044
GDAXI,2009-04,4769.450195,16.7620663961602,85.95789963404337,83.50890401204427,85.18863232930501,19.28906303929281,13.86781455565156,23.06431798298285
GDAXI,2009-05,4940.819824,3.5930688442800562,91.18033575242565,93.24943800895444,89.41171313870338,6.075574369099579,11.664066379682492,4.957329040186531
GDAXI,2009-06,4808.640137,-2.675258190107188,81.25230356852214,73.67756567001342,81.75211544036866,-10.888347911835139,-20.988729537503048,-8.566660261226033
GDAXI,2009-07,5332.140137,10.886653712594097,81.08385159892421,76.3114563111336,80.97563048331968,-0.2073196231979657,3.5748882542032234,-0.9498041156076997
GDAXI,2009-08,5464.609863,2.4843631749432937,73.76000755063949,78.4546751206921,65.25164118120748,-9.032432357199339,2.8085151472149406,-19.418174589392322
GDAXI,2009-09,5675.160156,3.852979412594526,91.13029925028484,75.68046391805014,96.45980974833171,23.549742301368237,-3.5360686898189386,47.82740786619817
GDAXI,2009-10,5414.959961,-4.584896070728616,90.38770306494928,89.20428694448164,89.28504986916819,-0.8148729801666255,17.869635473000866,-7.4380821379212865
GDAXI,2009-11,5625.950195,3.89643202386738,81.02965710957845,82.64781697591145,73.95016460418701,-10.353229076577463,-7.349949417398238,-17.175199305428855
GDAXI,2009-12,5957.430176,5.891982145426722,95.82213678667623,100.3492317199707,92.03632293208953,18.25563652218536,21.41788542245284,24.457225247174776
GDAXI,2010-01,5608.790039,-5.852190066860119,93.6784295112856,102.653564453125,87.86365244465489,-2.2371733163945695,2.296313278794848,-4.53372142052385
GDAXI,2010-02,5598.459961,-0.18417658582638996,81.47286292484829,81.01815795898438,80.05752774647304,-13.029217772023905,-21.07613759872904,-8.88436171384852
GDAXI,2010-03,6153.549805,9.915045349379437,72.72510971561555,67.32707777330953,73.52030064982753,-10.73701462694614,-16.898779891547267,-8.165661969162553
GDAXI,2010-04,6135.700195,-0.2900701313166554,88.62468554178874,79.6067726135254,92.83870468139648,21.862566984562726,18.238865024799743,26.2762854080008
GDAXI,2010-05,5964.330078,-2.793000172004012,87.13836805282101,83.16650359861312,86.94786573225453,-1.6770919748616664,4.471643389400404,-6.345240349225156
GDAXI,2010-06,5965.52002,0.019950974953397704,96.34650853474935,69.67944971720378,111.88416697184245,10.567262949366473,-16.216930251753723,28.67960131002669
GDAXI,2010-07,6147.970215,3.058412248862097,79.39271330064342,81.76249122619629,76.34224307152533,-17.59668875597209,17.340896861315503,-31.766714506854075
GDAXI,2010-08,5925.220215,-3.6231470259326826,81.61330942953786,84.75737048733619,74.11711311340332,2.79697724964445,3.6629011863820837,-2.9146772070048788
GDAXI,2010-09,6229.02002,5.127232304900908,71.82437750498454,70.37432320912679,69.72902139027913,-11.994283766920088,-16.969671422685785,-5.920483865055792
GDAXI,2010-10,6601.370117,5.9776673666879665,65.55662228984218,74.25972569373346,63.16021014798072,-8.726501270000398,5.521051297446489,-9.4204839123329
GDAXI,2010-11,6688.490234,1.3197278058330042,95.60385462443034,80.85895284016927,102.02185897827148,45.83401536726808,8.886683979486731,61.528688297965076
GDAXI,2010-12,6914.189941,3.3744492270121995,97.89414264309791,94.39043466506466,98.9651261606524,2.3956021728043453,16.73467358851721,-2.9961547929352017
GDAXI,2011-01,7077.47998,2.3616655080838544,78.83949353618007,77.48969244187877,77.08557048920662,-19.46454465246935,-17.9051429132163,-22.108349193561573
GDAXI,2011-02,7272.319824,2.7529550708810246,88.93610232216972,84.70568302699498,89.67357962472099,12.806536842294957,9.312194122500305,16.329916293837265
GDAXI,2011-03,7041.310059,-3.1765622331078602,136.0791222356981,156.13775290212322,126.68266185637444,53.00774228080458,84.32972537670638,41.27088757528632
GDAXI,2011-04,7514.459961,6.719628847975989,90.67220478057861,111.14294446309408,73.5580285390218,-33.36802641662523,-28.817379271004796,-41.935204501451274
GDAXI,2011-05,7293.689941,-2.9379359414488215,104.47366776004914,120.63443325411889,96.0221432101342,15.221272067740333,8.53989323107822,30.539310415579468
GDAXI,2011-06,7376.240234,1.1318042536461626,84.53678283691406,97.33198216756185,72.88245728810628,-19.08316741489856,-19.316583547476828,-24.098281030229863
GDAXI,2011-07,7158.77002,-2.948252864617862,78.2851328695974,99.24549016644877,60.417874859225364,-7.395183206081024,1.9659601667134652,-17.102308144754364
GDAXI,2011-08,5784.850098,-19.192122643437003,86.39183038280856,111.57653574789724,62.886020106654016,10.35534745366633,12.424791857813933,4.085124233812376
GDAXI,2011-09,5502.02002,-4.8891513731320835,83.14460322062175,93.88602275848389,70.98976675669353,-3.7587201796722147,-15.855047722026761,12.886404062931067
GDAXI,2011-10,6141.339844,11.61972914813203,75.16556069158739,90.57414713213521,63.65037210526005,-9.59658500968753,-3.5275491804230286,-10.338665679221236
GDAXI,2011-11,6088.839844,-0.8548623156116597,83.25008093516031,70.99307772318522,95.16603965759278,10.75561755834511,-21.6188283621196,49.51372083137953
GDAXI,2011-12,5898.350098,-3.1285064294754084,84.81960911904612,77.63644483012538,86.84766141829952,1.885317306908374,9.357767433106435,-8.740910380659695
GDAXI,2012-01,6458.910156,9.503675581923732,77.90155767625377,61.71806113950668,91.26849322165212,-8.156193496580155,-20.503751460347488,5.090329124764548
GDAXI,2012-02,6856.080078,6.149178613841677,91.4857845964103,77.98118065143454,103.34518873280493,17.437683308734808,26.350664962022897,13.232053126837195
GDAXI,2012-03,6946.830078,1.3236426495542464,88.0797755333685,86.14695296748992,86.66009946023264,-3.722992679209569,10.47146535592387,-16.145008274851524
GDAXI,2012-04,6761.189941,-2.6722999543044246,98.3707051595052,88.1813424428304,104.64068247477213,11.683646516830692,2.3615338735291314,20.748398774675515
GDAXI,2012-05,6264.379883,-7.347967773946618,77.68080416033345,69.08255398658014,79.93533497471964,-21.032583801878502,-21.65853674617435,-23.60969645434864
GDAXI,2012-06,6416.279785,2.4248194527956235,77.59097859064738,81.92765919367473,70.51085557937623,-0.11563419129990704,18.59384817994694,-11.790129356840751
GDAXI,2012-07,6772.259766,5.548074475059694,81.20776933239353,89.00009404459307,77.46019707956621,4.661354718603983,8.632536216126097,9.8557044062058
GDAXI,2012-08,6970.790039,2.931521823730354,74.8681123795048,78.25724669425718,70.49690803404778,-7.806712344159738,-12.070602245603512,-8.989505976038025
GDAXI,2012-09,7216.149902,3.5198286223981246,68.97198734283447,65.10240313212077,68.31967938741049,-7.87534886252107,-16.80974493458861,-3.0884030340532886
GDAXI,2012-10,7260.629883,0.6163949142419023,81.94055532640026,86.90206847652313,75.07558896464687,18.802659577001602,33.48519301224788,9.888672836016443
GDAXI,2012-11,7405.5,1.9952830447837355,79.75129572550456,87.46022033691406,73.34758491516114,-2.6717656381202715,0.6422768412488677,-2.301685638855866
GDAXI,2012-12,7612.390137,2.7937362365809237,74.97084549934634,85.26028196273312,64.21883093926215,-5.994197564654025,-2.515358829084069,-12.44588214657365
GDAXI,2013-01,7776.049805,2.149911723579856,90.24035970626339,109.75873522604665,83.89209476594002,20.367269576878645,28.73372301773727,30.634727445108332
GDAXI,2013-02,7741.700195,-0.44173598242532863,82.87265164511544,87.37166687420437,78.62591293879917,-8.164537558505069,-20.3966165478642,-6.2773278481525026
GDAXI,2013-03,7795.310059,0.6924817888791956,74.79130831072408,70.25588681620937,79.46081779849145,-9.751520162523587,-19.589622895300696,1.0618698447955044
GDAXI,2013-04,7913.709961,1.5188607137351928,93.84421526590982,83.1100798924764,99.8020144144694,25.47476088535521,18.296250547507608,25.599027520157392
GDAXI,2013-05,8348.839844,5.49843101584957,83.38529759068643,96.31220405332503,76.66901059304514,-11.144978564302333,15.885105847484283,-23.178894691799336
GDAXI,2013-06,7959.220215,-4.66675174371688,82.57989651362101,85.31224797566732,78.08507897059123,-0.965878998260461,-11.421144584716792,1.8469892419278766
GDAXI,2013-07,8275.969727,3.979655084841749,77.08005560598066,75.28471995938209,75.0804361527966,-6.660023976577866,-11.753913716053145,-3.847909046651865
GDAXI,2013-08,8103.149902,-2.0882123871983516,88.84743185966245,104.42809732498661,78.84740774093136,15.266434567502763,38.71087968624718,5.017247875956099
GDAXI,2013-09,8594.400391,6.062463300583265,98.07846705118816,97.374010403951,98.14722569783528,10.38976028717007,-6.754970263494176,24.47742863064981
GDAXI,2013-10,9033.919922,5.1140220492899235,73.56673326799947,80.33374651016727,65.35439909658125,-24.991962578693006,-17.499807005065403,-33.411873201809016
GDAXI,2013-11,9405.299805,4.110949468298841,76.75024941762288,52.19944121042887,91.32140051523844,4.327385501849101,-35.02177667784688,39.732599148043505
GDAXI,2013-12,9552.160156,1.5614637921688157,70.2421502144106,68.61865160542149,68.88867827384702,-8.47958052592066,31.45476276039567,-24.564584111528333
GDAXI,2014-01,9306.480469,-2.571980400115892,78.61989428920131,86.78251980197045,68.41249278283888,11.926947066993353,26.4707448654002,-0.6912391164121345
GDAXI,2014-02,9692.080078,4.143345169900026,70.26414687292916,61.49816117967878,73.86041593551636,-10.628031863710918,-29.135312825656822,7.963345481315476
GDAXI,2014-03,9555.910156,-1.404960760787488,119.53876396917528,75.00083989481772,150.81426780454575,70.12768145517792,21.956231627297342,104.18821894560378
GDAXI,2014-04,9603.230469,0.49519420157260186,92.7823445002238,61.30099623998006,112.3606637954712,-22.3830484610423,-18.266253650026478,-25.49732500038402
GDAXI,2014-05,9943.269531,3.540882030246739,83.18502376925561,75.96359517497402,92.24833537686256,-10.343908404842095,23.919022257963118,-17.89979494533681
GDAXI,2014-06,9833.070313,-1.1082795015908253,98.1738182067871,105.45366484324137,96.13338797887167,18.018621331537332,38.82131908098889,4.211515130476329
GDAXI,2014-07,9407.480469,-4.328148080435678,136.12800659671908,115.96761592741936,161.79567853866084,38.660193810520525,9.970209285573105,68.30331473828896
GDAXI,2014-08,9470.169922,0.6663787738552918,132.44592408211,107.58255644767515,154.04245942638767,-2.7048677246242936,-7.230518117223495,-4.791981579669047
GDAXI,2014-09,9474.299805,0.04360938646315038,130.56609942118328,121.00510635375977,142.43847586313885,-1.419314844118058,12.476511387431977,-7.53297734044166
GDAXI,2014-10,9326.870117,-1.556101147677369,80.79179345407793,74.09397866649013,83.08987451368763,-38.12192153075063,-38.76789096000993,-41.66613058010812
GDAXI,2014-11,9980.849609,7.011778697421733,84.14203809102376,77.99142316182454,87.09242757161458,4.1467635433172,5.26013660688609,4.817136963262114
GDAXI,2014-12,9805.549805,-1.756361541024798,85.45243663172567,94.30592924548733,80.33614915417087,1.5573648683008257,20.918333609340344,-7.7575957012888885
GDAXI,2015-01,10694.32031,9.063953808554427,108.33973257003292,146.6483586834323,81.6583960748488,26.783666844919374,55.50279802841731,1.6458928323044741
GDAXI,2015-02,11401.66016,6.614163682179819,112.50795323508126,110.62664944784981,116.82035664149693,3.8473610430540095,-24.56332246673284,43.05982269651534
GDAXI,2015-03,11966.16992,4.9511189780980125,103.47884836504537,80.65029876462874,119.2300068024666,-8.025303643352133,-27.096862132981926,2.0626971447831766
GDAXI,2015-04,11454.37988,-4.276974532549504,99.56071904500325,92.08395849863687,107.84801419576009,-3.786405996924136,14.17683493941706,-9.546248391618018
GDAXI,2015-05,11413.82031,-0.3540966025652792,74.41008684712071,71.70904147240424,75.1276002699329,-25.261601602650142,-22.126456506031122,-30.339375434799198
GDAXI,2015-06,10944.96973,-4.1077445348357555,85.28621266682943,88.44556840260823,80.42666390736898,14.61646704169861,23.33949330035976,7.053417942802098
GDAXI,2015-07,11308.99023,3.3259160050687298,106.23084825085056,89.69054517438335,118.30285398421749,24.558055668202016,1.4076191653921155,47.09407084256565
GDAXI,2015-08,10259.45996,-9.280494974837373,80.77308187177104,72.6687409493231,83.29964871560374,-23.96457036562888,-18.978370788097155,-29.58779445277242
GDAXI,2015-09,9660.44043,-5.838704301546882,96.26670481363932,79.88457260131835,111.3503412882487,19.18166619724222,9.929760111059792,33.674442815976114
GDAXI,2015-10,10850.13965,12.315165427711229,86.38631562263735,101.0595084159605,75.2390812904604,-10.263558111944526,26.506915071474868,-32.43030922043458
GDAXI,2015-11,11382.23047,4.903999737920439,146.2837247212728,206.72467168172201,112.25876941680909,69.33668679688365,104.55736914021405,49.20273811350009
GDAXI,2015-12,10743.00977,-5.615952880982212,140.49793341852003,194.36913816390498,108.1629870014806,-3.9551845660048213,-5.976806453387384,-3.648518896658426
GDAXI,2016-01,9798.110352,-8.795481324411014,115.96384011545489,110.91858869983304,120.46343551143524,-17.462244964117836,-42.934053344261315,11.37214203393464
GDAXI,2016-02,9495.400391,-3.0894728690028628,101.22297576378132,113.22725730106748,90.85711604151233,-12.711604183681224,2.0814082006417767,-24.57701736981631
GDAXI,2016-03,9965.509766,4.950916819111528,105.2873266896894,122.04758010372039,93.74349009606146,4.015245447232085,7.78992886774601,3.1768277272089085
GDAXI,2016-04,10038.96973,0.7371420602148238,83.62793006896973,90.3290501912435,79.78639167149862,-20.571703453499047,-25.98865941096199,-14.888605502377427
GDAXI,2016-05,10262.74023,2.229018574797492,84.68827352216167,88.0693675010435,82.82368420016381,1.2679298080407353,-2.5016123665817624,3.806780160168821
GDAXI,2016-06,9680.089844,-5.677337367429391,88.54716021219889,97.87790400187174,80.03160365422566,4.556577350732516,11.137285050573364,-3.3711136770858907
GDAXI,2016-07,10337.5,6.791364198003613,112.01366116923671,143.21993846278036,94.82303280984202,26.501697966147653,46.32509750110867,18.481985216143258
GDAXI,2016-08,10592.69043,2.4685894074969905,98.61115221823415,123.22047128985005,80.60763149876749,-11.965066413420121,-13.964164059550777,-14.991506693929601
GDAXI,2016-09,10511.01953,-0.7710118646410913,103.71691958109538,119.65013109842936,94.2956667582194,5.177677420867943,-2.897521940994874,16.98106619056434
GDAXI,2016-10,10665.00977,1.4650361895008457,86.16627822383758,100.4282025367983,80.40413419661984,-16.921676258939698,-16.065112829519823,-14.731888578950725
GDAXI,2016-11,10640.29981,-0.2316918646385835,83.57939580281575,85.52786210378011,80.94508310953776,-3.0021981619094418,-14.836808841180337,0.6727874360229924
GDAXI,2016-12,11481.05957,7.901654793691382,101.61987716920915,112.50576536117062,94.95736854307113,21.584843002401332,31.54282428415589,17.310854341296356
GDAXI,2017-01,11535.30957,0.47251736365652164,104.88912440884498,102.22949655594364,108.44574915978217,3.2171336265169437,-9.133993064477785,14.204669762508138
GDAXI,2017-02,11834.41016,2.592913421048304,113.19088404519218,94.91658476420811,125.99899278368268,7.91479544055298,-7.153426396591556,16.186197946807358
GDAXI,2017-03,12312.87012,4.042955698942929,98.49747651623142,99.26259293094758,97.23793039014262,-12.981087348955,4.578765847439437,-22.826422464279194
GDAXI,2017-04,12438.00977,1.016332088135452,115.10228830973307,101.26866887410482,124.87095286051432,16.858108837707487,2.0209787835713477,28.417945918327536
GDAXI,2017-05,12615.05957,1.4234576373065355,101.37748035307854,98.86025521063036,100.89005654858005,-11.924009642381684,-2.378241651885993,-19.204543380654638
GDAXI,2017-06,12325.12012,-2.298359737353184,126.94453862508138,146.7019323984782,113.13888193766276,25.21966237763813,48.393236580177735,12.140765708843393
GDAXI,2017-07,12118.25,-1.6784430333000255,101.59804805632561,69.98286450293756,124.43094007430538,-19.96658607237466,-52.29588093437852,9.980705079677499
GDAXI,2017-08,12055.83984,-0.5150096754894418,137.11038946336316,109.75087941077447,156.3583743187689,34.9537634693037,56.82536030826179,25.658758364597812
GDAXI,2017-09,12828.86035,6.412000493198322,118.73107655843098,86.45641419092814,146.35588200887045,-13.40475581527194,-21.22485518558812,-6.397158037411099
GDAXI,2017-10,13229.57031,3.123503951775408,91.91498454924553,71.24007597277242,109.52413552807224,-22.585571348701183,-17.60001078063723,-25.16588057497128
GDAXI,2017-11,13023.98047,-1.554017516688333,93.25364055633545,80.09026870727538,105.41860446929931,1.45640671502556,12.423053476087631,-3.748517200321233
GDAXI,2017-12,12917.63965,-0.8165001494355062,84.61367348701724,64.52695954230524,98.77827345940375,-9.265018521286283,-19.432209950316203,-6.29901244028458
GDAXI,2018-01,13189.48047,2.104415569449647,91.99991103141538,75.9898567199707,106.7695834867416,8.729366354164325,17.76450844572981,8.09014953133611
GDAXI,2018-02,12435.84961,-5.713878281363427,65.82219927651542,53.66386883599417,76.22563787869045,-28.45406203269154,-29.380221055357104,-28.60734734611382
GDAXI,2018-03,12096.73047,-2.726947901712351,109.2456529678837,64.72115756619361,142.5100219480453,65.97083380479091,20.60471779251023,86.95812316433921
GDAXI,2018-04,12612.11035,4.2604890741192225,122.0270450592041,94.80569979349772,144.06638272603354,11.699680256456425,46.483319147274415,1.092106194858089
GDAXI,2018-05,12604.88965,-0.057252115622363764,122.07622054315382,62.3412499273977,166.9032696139428,0.0402988402496085,-34.24314143222706,15.851641761102208
GDAXI,2018-06,12306.0,-2.371219886086029,103.35734113057454,56.24654754002889,136.8462231318156,-15.333763880707775,-9.776355774814693,-18.008662473569824
GDAXI,2018-07,12805.5,4.058995611896643,109.5580127469955,85.10936841657085,127.5609563396823,5.999256123072527,51.3148311120806,-6.7851830906501265
GDAXI,2018-08,12364.05957,-3.447272109640398,113.04493135021579,67.86267332876882,146.81783097790134,3.182714359079064,-20.264155883976787,15.096213755986486
GDAXI,2018-09,12246.73047,-0.948952885059573,73.96346220970153,49.602893877029416,88.1794579188029,-34.571624462700555,-26.906955703436154,-39.939544582922316
GDAXI,2018-10,11447.50977,-6.525992402280734,92.58265267649004,61.918164991563366,115.57533417978594,25.17349771161239,24.8277270779095,31.06832011397669
GDAXI,2018-11,11257.24023,-1.6621041940373171,79.83305384318034,48.951593685150144,103.46333103179931,-13.771045076727717,-20.94146573655724,-10.479747459908284
GDAXI,2018-12,10558.95996,-6.202943667659467,86.58019570381411,64.75931516770393,99.9929014944261,8.45156427798377,32.292557386848046,-3.3542603961847828
GDAXI,2019-01,11173.09961,5.816289220969817,87.5074286307058,54.891605531015706,113.59607076644897,1.0709526807535674,-15.237513879098808,13.60413496230144
GDAXI,2019-02,11515.63965,3.0657566114726587,98.55523300170898,57.736959321158274,130.96962765284948,12.624990293825844,5.183586383777472,15.294153018831214
GDAXI,2019-03,11526.04004,0.09031534778878303,79.65598315577353,67.75160512616557,85.8987022830594,-19.17630273940678,17.345294803804002,-34.41326525662569
GDAXI,2019-04,12344.08008,7.097320824507558,78.96416734059652,57.763711071014406,93.91384995778402,-0.8685045212788456,-14.741929783880291,9.330929876347316
GDAXI,2019-05,11726.83984,-5.00029354961864,105.10344554531959,63.40447973435925,133.1031727944651,33.10270858929771,9.765246309071296,41.729013190596916
GDAXI,2019-06,12398.79981,5.730102731581255,103.3317710240682,51.50454092025757,138.8043354034424,-1.685648374379367,-18.768293445444108,4.283265747376963
GDAXI,2019-07,12189.04004,-1.691774794450851,93.06078184804609,47.329337519984094,126.32542345600743,-9.939817225846037,-8.10647629446455,-8.990289756558633
GDAXI,2019-08,11939.28027,-2.049052010497787,106.01592488442698,74.11447860348609,125.86253258489793,13.921162899248628,56.593103742879094,-0.3664273259061712
GDAXI,2019-09,12428.08008,4.094047538428391,92.55197461446126,70.08315865198772,112.63771381378174,-12.699931906120154,-5.439314999523937,-10.507351552135392
GDAXI,2019-10,12866.79004,3.5299898067602475,95.20806701721683,69.20361838802215,118.00913903021043,2.8698387190764008,-1.2549951812718674,4.768762641355617
GDAXI,2019-11,13236.37988,2.8724323537652197,73.70891914367675,52.628954823811846,86.17964719136556,-22.581225044357122,-23.95057361202817,-26.972056656303966
GDAXI,2019-12,13249.00977,0.09541800790322519,72.31251805828464,60.52569272441249,79.17934866874448,-1.8944804802661475,15.004550113215975,-8.122913879046889
GDAXI,2020-01,12981.96973,-2.015547158887787,139.8703630508915,84.9525350447624,191.54257983546103,93.42482713456963,40.35780710775339,141.90976947385673
GDAXI,2020-02,11890.34961,-8.408740296762351,75.72699855935984,56.10202249987372,87.16311290346343,-45.859153499296525,-33.960743525413385,-54.49413233426306
GDAXI,2020-03,9935.839844,-16.437782151974922,82.76741433912709,64.03543063132993,98.19669649677891,9.297101316181845,14.141037663079015,12.658546976787765
GDAXI,2020-04,10861.63965,9.317781088823264,69.76431941986084,47.72460098266602,82.26346549987792,-15.71040369340041,-25.47157017272198,-16.225831993669605
GDAXI,2020-05,11586.84961,6.6768000354348045,69.50140085527974,42.106849024372714,85.36720494301089,-0.37686680923350035,-11.771186856719284,3.772925714073616
GDAXI,2020-06,12310.92969,6.249154035580862,71.60573234558106,51.320197105407715,86.46775321960449,3.027754065969246,21.88087756388999,1.289193288369117
GDAXI,2020-07,12313.36035,0.01974391911256923,68.53134112204275,36.44394225458945,92.3572107745755,-4.293498750492198,-28.98713506548618,6.811160618471734
GDAXI,2020-08,12945.37988,5.132794883242409,64.93029563657699,27.294767964270807,89.9976692199707,-5.254596548829982,-25.104787584187527,-2.5547994951514386
GDAXI,2020-09,12760.73047,-1.426373051325247,83.04108727773031,49.94818175633748,105.76334724426269,27.892667765632396,82.9954437484879,17.517873697104093
GDAXI,2020-10,11556.48047,-9.437155677185928,76.71051840628347,43.048690057569935,98.63585779743809,-7.62341761045866,-13.813299015418378,-6.739092164285898
GDAXI,2020-11,13291.16016,15.010449716962992,70.364892578125,62.07505849202474,79.94887498219808,-8.272171743840929,44.197322633999846,-18.94542535800341
GDAXI,2020-12,13718.78027,3.2173271923013225,62.28910067773634,29.27726056498866,85.56250313789614,-11.477018729790899,-52.8357100642118,7.021522387836021
GDAXI,2021-01,13432.87012,-2.084078499494768,74.98195703567997,47.25387308674474,95.04665202479208,20.377331218205175,61.40127926877659,11.084468708928341
GDAXI,2021-02,13786.29004,2.631008242042032,72.32457787649972,46.01375893184117,91.39712776456561,-3.544024808415902,-2.6243651025749215,-3.8397188985410335
GDAXI,2021-03,15008.33984,8.864239737117853,77.55295372009277,49.825385385943996,99.19816903145083,7.229044395559336,8.283666760954866,8.535324312357284
GDAXI,2021-04,15135.91016,0.8499962111732096,84.63264045715331,65.75086024602254,105.25555461247762,9.128842161979843,31.96257236491182,6.106348171715048
GDAXI,2021-05,15421.12988,1.8843909417073368,90.02756192607265,52.68410350430396,115.80485919214064,6.3745163092844725,-19.87313427204783,10.022563292267739
GSPTSE,2000-02,9129.0,7.639344199099596,63.89095319550613,69.82025521377037,56.801463094250906,-2.9042100082795064,5.873836985806324,-14.821458008439558
GSPTSE,2000-03,9462.400391,3.652101993646606,50.673104070848034,41.77679486428538,55.219184998543035,-20.688138873451322,-40.16522177357223,-2.785629118535893
GSPTSE,2000-04,9347.599609,-1.2132310751634345,49.652309608459475,41.48203840255737,54.45606384277344,-2.0144699660817,-0.7055506835446423,-1.3819855468524822
GSPTSE,2000-05,9252.0,-1.0227182699177217,79.68136535152313,82.95394897460938,78.51787874775547,60.478668524912834,99.97558502210744,44.1857402225283
GSPTSE,2000-06,10195.5,10.197795071335936,64.1265432993571,52.05603179931641,72.9901512145996,-19.521279515661185,-37.24707208905779,-7.040087711633303
GSPTSE,2000-07,10406.29981,2.0675769702319657,51.13137294400123,40.80166629052931,56.502953067902595,-20.264885157915803,-21.61971460324582,-22.58825043151742
GSPTSE,2000-08,11247.90039,8.087414310235985,47.5130286985828,41.88413973777525,50.82666443240258,-7.076563833678429,2.6530128439808287,-10.046003487071765
GSPTSE,2000-09,10377.90039,-7.7347768902139125,52.75809377034505,36.65586573282878,63.30135205586751,11.039214328003254,-12.482705954280583,24.54358900544371
GSPTSE,2000-10,9639.599609,-7.1141633013881656,74.84650722626716,74.61284114468482,80.27979493910267,41.86734560970407,103.54952653010727,26.82161175364879
GSPTSE,2000-11,8819.900391,-8.503457106607314,45.440477244059245,47.08891073862711,44.53256746927897,-39.28844654475468,-36.88899924435919,-44.52829942694827
GSPTSE,2000-12,8933.700195,1.2902617825040652,46.011570776662516,44.53382098290228,46.60758584545505,1.2567947504951382,-5.426096538752367,4.659552534462641
GSPTSE,2001-01,9321.900391,4.345346133478567,47.34544200281943,39.250703688590754,53.58126591097924,2.8989908486964033,-11.863157433402927,14.962542983127358
GSPTSE,2001-02,8078.700195,-13.3363385560338,56.336307116917204,45.95857455049242,65.78157465798515,18.989927506775352,17.089810453134604,22.769728448140224
GSPTSE,2001-03,7608.0,-5.826434743689612,61.72149381329936,57.44915543833086,65.804611175291,9.558998400811113,25.002039336999694,0.035019710953454464
GSPTSE,2001-04,7946.600098,4.450579626708717,49.026970354715985,47.12476806640625,50.69535102844238,-20.567427445911946,-17.97134752138766,-22.96079237760469
GSPTSE,2001-05,8161.899902,2.709332309979806,59.95146006922568,56.56440058062154,60.64858498111848,22.282612275385794,20.031149014703598,19.633425453730236
GSPTSE,2001-06,7736.399902,-5.213246978142127,70.94172350565593,62.602798779805504,78.85646438598633,18.33193624265337,10.675262421595733,30.02193606089316
GSPTSE,2001-07,7689.700195,-0.6036361562427373,59.984781203731416,53.3461978666244,62.87733785567745,-15.444990282835402,-14.786241340007166,-20.26355943641387
GSPTSE,2001-08,7399.200195,-3.7777805718471225,64.13564220551521,73.31873946036062,56.88255968401509,6.919856867837648,37.43948471017813,-9.534083942011339
GSPTSE,2001-09,6838.600098,-7.576495867469912,472.49111404418943,791.8359584172566,249.4176373163859,636.705984061322,979.9912331353685,338.47822373309316
GSPTSE,2001-10,6885.700195,0.6887388694328811,504.05423072076616,840.6995652721774,257.8192534908172,6.680150322070344,6.170925472062505,3.368493208751655
GSPTSE,2001-11,7425.700195,7.842339699775436,296.1777104695638,494.21396484375,141.4245381673177,-41.24090377218973,-41.21396212644078,-45.14585848323587
GSPTSE,2001-12,7688.399902,3.5377095775679823,231.22251793646043,376.6929409888483,121.45619632351783,-21.93115492388762,-23.77938144505022,-14.119432244619079
GSPTSE,2002-01,7648.5,-0.5189623654932474,169.9862031013735,259.16573752126385,104.05673919185516,-26.483715938044828,-31.199736092496554,-14.325705611030715
GSPTSE,2002-02,7637.5,-0.14381904948682633,143.41856629507882,209.38243239266532,93.08014828818185,-15.629290096238414,-19.20906119950132,-10.548659307337282
GSPTSE,2002-03,7851.5,2.8019639934533602,150.27259728216356,217.83082137569303,97.68620583318895,4.7790402345696315,4.034908223429179,4.948485396420366
GSPTSE,2002-04,7663.399902,-2.3957218111188894,154.13523864746094,219.28201649983723,99.5971280415853,2.5704229747520735,0.6662028426368982,1.9561842863049517
GSPTSE,2002-05,7656.100098,-0.09525542309354318,159.16512766192037,205.2949966922883,137.87667772846837,3.2632959591828437,-6.378553075536553,38.434391070895146
GSPTSE,2002-06,7145.600098,-6.667885652818962,147.7977030436198,185.49468332926432,127.91307754516602,-7.141906512616192,-9.644810483473298,-7.2264579822009285
GSPTSE,2002-07,6605.399902,-7.559899638816869,119.37826931861139,161.98243344214654,92.84361993112871,-19.228603110713394,-12.675430618883077,-27.416631893368603
GSPTSE,2002-08,6612.0,0.09991973382263986,127.00253000567037,157.38569099672378,101.13534890451739,6.386640324555559,-2.8378030553939837,8.930854892925822
GSPTSE,2002-09,6180.399902,-6.527527192982452,170.25116170247395,185.25534108479818,167.88976720174153,34.05336231874485,17.707867793810127,66.00503090195247
GSPTSE,2002-10,6248.799805,1.1067229319233096,168.296264894547,195.84739069784843,161.10799457180886,-1.1482428597716532,5.717540747287764,-4.039419878272565
GSPTSE,2002-11,6570.399902,5.1465898578263225,156.04842834472657,175.04123814900717,151.88629328409831,-7.277545082473935,-10.623655732508986,-5.723925316195444
GSPTSE,2002-12,6614.5,0.6711935142117653,175.05461046772618,174.67416357224988,183.75799191382623,12.179669045440855,-0.20970748415570784,20.983920234403875
GSPTSE,2003-01,6569.5,-0.6803235316350409,205.2729772752331,176.48827115951045,244.28261073943108,17.26225132075463,1.0385666375383629,32.93713552006381
GSPTSE,2003-02,6555.100098,-0.21919327193850036,236.19078636169434,210.63462039402552,291.2838772365025,15.061801848864963,19.34765920147381,19.240528973716554
GSPTSE,2003-03,6343.299805,-3.2310764112453705,349.2410371841923,413.45056693784653,352.7903245495212,47.86395462919402,96.28803952760548,21.115637396943754
GSPTSE,2003-04,6586.100098,3.8276654180623204,252.85915400187176,326.76046600341795,210.79934641520182,-27.597525181866878,-20.967464520966683,-40.2479796790425
GSPTSE,2003-05,6859.799805,4.155717388551605,159.68020999047064,183.58484895767705,150.55725589875252,-36.85013674083216,-43.81668896391011,-28.577930406763798
GSPTSE,2003-06,6983.100098,1.7974328188138822,145.7216801961263,176.93343124389648,127.7050184249878,-8.741552754206271,-3.623075516059593,-15.178436494042181
GSPTSE,2003-07,7257.899902,3.93521215711492,133.95684691398375,166.529414761451,106.6518937387774,-8.073495492440319,-5.880186920754349,-16.485745780285622
GSPTSE,2003-08,7510.299805,3.4775886469645023,137.39681588449787,179.2770211004442,108.98332251271894,2.5679680059377485,7.654867674430843,2.186017230647508
GSPTSE,2003-09,7421.100098,-1.187698351810329,118.71830571492514,145.99144999186197,97.7679594039917,-13.59457280674885,-18.56655744515813,-10.290898506437395
GSPTSE,2003-10,7772.700195,4.737843343398063,107.55338336575416,129.5931615521831,91.48407450029927,-9.404549940243411,-11.232362196959455,-6.4273458728196236
GSPTSE,2003-11,7859.399902,1.1154387127368048,117.27323557535807,152.34808400472005,93.18425509134929,9.037235190035675,17.55873703519013,1.85844432524096
GSPTSE,2003-12,8220.900391,4.599594033992438,131.9601605323053,166.63024114793348,112.74830061389554,12.52368017722989,9.374687733369157,20.995011982837084
GSPTSE,2004-01,8521.400391,3.6553173704546804,114.1432640321793,127.11111671693864,107.96992640341482,-13.501723875035932,-23.716658008020264,-4.238089784469723
GSPTSE,2004-02,8788.5,3.13445674119599,114.83697246683055,130.29377562424233,103.49829351490942,0.6077524070589702,2.503839939028385,-4.141554076639597
GSPTSE,2004-03,8585.900391,-2.30528086704217,137.0413291685043,182.14090384206463,107.18084593742124,19.33554692769983,39.792482771660254,3.558080329103519
GSPTSE,2004-04,8244.0,-3.9821145765724153,148.72968673706055,203.51488087972004,120.71956570943196,8.529074870679644,11.734858335933641,12.631659746290346
GSPTSE,2004-05,8417.299805,2.1021325206210584,121.83138078258884,160.97313985516948,91.7239502937563,-18.08536449217786,-20.903503881710396,-24.018985858073037
GSPTSE,2004-06,8545.599609,1.5242394469992426,136.9921531677246,177.06919593811034,107.51701380411784,12.444061856436273,9.9992185636826,17.21803679386078
GSPTSE,2004-07,8458.099609,-1.0239187886575851,130.39895802159464,159.34060545890563,120.38267381729618,-4.812826861738328,-10.012238653526872,11.96616196634508
GSPTSE,2004-08,8377.0,-0.958839606401718,139.9520955239573,177.53836158014113,126.08562567926222,7.326084232038577,11.420664600103292,4.737352711255904
GSPTSE,2004-09,8668.299805,3.477376208666594,152.970458984375,188.2974100748698,129.69852345784506,9.302013958189859,6.060126047672232,2.8654319309747045
GSPTSE,2004-10,8871.0,2.3384077565369754,118.0625233804026,147.26095236501385,96.84527255642799,-22.82005024743897,-21.793426523253423,-25.33047410681982
GSPTSE,2004-11,9030.099609,1.7934799797091783,124.46195271809896,154.47430343627929,99.13031984965006,5.420373167086323,4.898346068946902,2.3594825363217
GSPTSE,2004-12,9246.700195,2.3986511265514654,107.17075778592017,141.9146915558846,79.30897829609532,-13.892755620942731,-8.130550907824963,-19.995236153396423
GSPTSE,2005-01,9204.099609,-0.4607112278068093,99.38704164566532,126.41269216229838,77.36354717131584,-7.26291042543833,-10.923463401589872,-2.4529771616982887
GSPTSE,2005-02,9668.299805,5.04340691343772,109.60796138218471,108.7996129989624,105.78578090667725,10.283956104618763,-13.932999022537196,36.73853484564569
GSPTSE,2005-03,9612.400391,-0.578172120511744,90.47840487572455,87.14632021996283,87.85526915519468,-17.45270714392596,-19.901994301400748,-16.94983162935727
GSPTSE,2005-04,9369.299805,-2.5290310027827334,86.93658548990885,102.42798690795898,72.97031523386637,-3.9145466707558807,17.535641951862413,-16.942585304740586
GSPTSE,2005-05,9607.299805,2.540211167893136,98.79405889203471,105.33132522336898,90.99365062098349,13.63922143399825,2.834516622902017,24.69954436862878
GSPTSE,2005-06,9902.799805,3.0757861833999423,81.75722109476725,95.1893081665039,69.31578687032064,-17.244799928592734,-9.628680770281385,-23.82349054326638
GSPTSE,2005-07,10422.90039,5.252055936114131,164.77051716466104,237.00151295815743,116.65942007495511,101.53634744222848,148.97913171466425,68.30137165319535
GSPTSE,2005-08,10668.90039,2.360187575389472,116.88755367648217,143.29871208437027,94.36514368364888,-29.06039521641346,-39.53679438760814,-19.11056679090457
GSPTSE,2005-09,11011.79981,3.214009011850938,103.76748135884603,130.99529851277669,78.09897527694702,-11.224524686306193,-8.585850767695435,-17.237475376748023
GSPTSE,2005-10,10383.29981,-5.70751385644741,87.41865994853359,105.815919445407,73.7711932274603,-15.755245474037638,-19.221589899208325,-5.541406957184714
GSPTSE,2005-11,10824.09961,4.245276627527139,82.0722770690918,93.67955487569174,70.19666430155436,-6.115837148029257,-11.469318258843575,-4.84542647274867
GSPTSE,2005-12,11272.29981,4.140761967729167,95.3541398817493,131.53387844947076,69.47696587347215,16.183129415888263,40.40830854075885,-1.0252601533749406
GSPTSE,2006-01,11945.59961,5.9730473048871024,93.70335646598569,99.09636282151745,89.04377758887506,-1.7312131574054201,-24.660958842184765,28.163019886385033
GSPTSE,2006-02,11688.29981,-2.1539295506322387,96.56065307344709,102.5961035319737,90.61754550252643,3.0493001694113175,3.5316540494625848,1.7674091960896199
GSPTSE,2006-03,12110.59961,3.6130130717445974,91.85162070489699,96.46455383300781,86.54391436423025,-4.876761101613781,-5.976396264459504,-4.495411032935781
GSPTSE,2006-04,12204.2002,0.7728815501646391,89.32775522867838,92.80472908020019,86.14640655517579,-2.7477636832640484,-3.7939580989958643,-0.45931341559326544
GSPTSE,2006-05,11744.5,-3.766737618742111,84.38873118738974,80.68312811082409,83.90371753323463,-5.529103500524313,-13.06140440203304,-2.603345991576267
GSPTSE,2006-06,11612.90039,-1.1205211801268655,102.32296142578124,114.45484237670898,90.22701250712076,21.25192544792216,41.857219788872115,7.536370449118013
GSPTSE,2006-07,11831.0,1.8780804336167911,137.44066902898973,144.67092710925687,133.83614447809035,34.3204566344385,26.40000554375559,48.33267860611912
GSPTSE,2006-08,12073.79981,2.052234046149959,147.491208968624,160.77977629630797,141.31128421906502,7.312638981344266,11.134821286439633,5.585292201986869
GSPTSE,2006-09,11761.29981,-2.5882489764421535,113.61922556559244,117.84904912312825,111.18667894999186,-22.965425288660548,-26.701571654174238,-21.317904961059643
GSPTSE,2006-10,12344.59961,4.9594841507573095,112.73245288479713,100.46679675194525,124.12324234747118,-0.7804776668569935,-14.749590684454382,11.634993975580254
GSPTSE,2006-11,12752.40039,3.3034751460845557,87.80542017618815,84.66829687754313,86.73696505228678,-22.11167420803153,-15.7250956387203,-30.120287375772126
GSPTSE,2006-12,12908.40039,1.2232991062790743,91.50775527954102,79.05746866041615,96.69359145625945,4.216522278378543,-6.626834865052256,11.479103975992967
GSPTSE,2007-01,13034.09961,0.9737784404129313,97.40868709933373,96.73051378803868,95.33105973274478,6.4485592524549995,22.35468125539841,-1.4091230897458562
GSPTSE,2007-02,13045.0,0.08362978898548423,95.05105536324638,89.62849848611015,97.72646740504673,-2.420350593251641,-7.342063040718328,2.5127253164051178
GSPTSE,2007-03,13165.5,0.9237255653507193,86.13590178951141,82.20472852645382,85.6678963938067,-9.379331496809673,-8.282823080882917,-12.339104575693804
GSPTSE,2007-04,13416.7002,1.9080186851999414,75.71304588317871,82.1852602005005,68.55693855285645,-12.100478069879417,-0.023682732492769087,-19.973594031412766
GSPTSE,2007-05,14056.79981,4.770916845857531,91.82276621172505,103.15781870195943,82.37121458976499,21.277337532296347,25.518637344815765,20.150077189135175
GSPTSE,2007-06,13906.59961,-1.0685234337131866,98.5847110748291,110.01365140279134,88.00655695597331,7.364126721593589,6.645965169775048,6.841397682763484
GSPTSE,2007-07,13868.59961,-0.2732515572870464,113.9830302576865,129.01673864549207,104.86104534518334,15.619378517191729,17.2733901660304,19.151400727609147
GSPTSE,2007-08,13660.5,-1.5005091779414337,83.12109104279548,100.07418700187436,73.35449858634702,-27.075906953096485,-22.433175685168337,-30.045997210043584
GSPTSE,2007-09,14098.90039,3.2092558105486724,92.71907399495443,90.46699282328288,93.58469161987304,11.546988654440726,-9.600072172868657,27.578667189324
GSPTSE,2007-10,14625.0,3.7314939140441705,100.96206135903635,95.91243030178931,103.74951417984501,8.890282235271773,6.019253330486496,10.861629593502276
GSPTSE,2007-11,13689.09961,-6.399318905982909,89.11012655893961,80.4546085993449,95.28441146214803,-11.738998432242253,-16.116598916121973,-8.159173355764459
GSPTSE,2007-12,13833.09961,1.0519318589427673,94.64804052537487,85.06247354322865,97.48771335232642,6.2146853340762975,5.727285265696103,2.3123424454939867
GSPTSE,2008-01,13155.09961,-4.9012876297794605,80.78886364352319,81.53163952981272,76.77330804640248,-14.642856634877798,-4.150871549275559,-21.248221538503877
GSPTSE,2008-02,13582.7002,3.250454976980599,81.6396739565093,88.45064189516265,72.8041961275298,1.0531282092792749,8.48627895287195,-5.169911288013928
GSPTSE,2008-03,13350.09961,-1.7124768019248449,78.19353657384073,84.13256103761735,72.61432629246866,-4.221155249228914,-4.881910142227531,-0.2607951809928011
GSPTSE,2008-04,13937.0,4.3962248009024485,71.86557184855143,70.36499150594075,69.58370641072591,-8.092695384500992,-16.364139355654284,-4.173583969554883
GSPTSE,2008-05,14714.7002,5.580111932266618,73.08874597857076,75.19145030360067,71.38500275150422,1.7020307479039154,6.85917626701118,2.588675472596913
GSPTSE,2008-06,14467.0,-1.683351999247662,86.7860169728597,80.27725048065186,87.26098276774088,18.740602004999385,6.763801145630577,22.23993752791742
GSPTSE,2008-07,13592.90039,-6.042023985622446,89.47498493809854,87.2099857945596,84.52966382426601,3.0983884950956497,8.635989987697258,-3.130057508915207
GSPTSE,2008-08,13771.29981,1.3124455773342092,88.47457368912235,105.41860654277187,75.39880838701802,-1.1180904357439236,20.879054826480868,-10.801954040927797
GSPTSE,2008-09,11752.90039,-14.65656436100784,89.21801058451335,95.21897468566894,82.42706019083658,0.8402831055205118,-9.675362055715087,9.321436179392805
GSPTSE,2008-10,9762.799805,-16.932846522661627,64.97080649099043,76.1353960960142,53.63574997071297,-27.17747676132537,-20.041781223387755,-34.929439620272106
GSPTSE,2008-11,9270.599609,-5.041588538442843,79.13092206319173,96.24985440572102,67.7355552037557,21.79458180831557,26.41932575531689,26.288073236119036
GSPTSE,2008-12,8987.700195,-3.051576229496089,94.08670757662865,107.55399310204291,87.6594942154423,18.90005212057766,11.744577450134797,29.414299405612443
GSPTSE,2009-01,8694.900391,-3.2577833889351315,86.23219754618984,91.03520405677057,87.53845571702526,-8.348161215059768,-15.358601358110413,-0.1380780250905378
GSPTSE,2009-02,8123.0,-6.5774231478484495,67.12189470018659,63.14009993416922,65.29873490333557,-22.161447104217558,-30.642106437423532,-25.40565815506419
GSPTSE,2009-03,8720.400391,7.3544305182814185,72.05849173761183,73.33846209126133,69.22285332218293,7.35467474432232,16.151957579612763,6.0094861327044
GSPTSE,2009-04,9324.799805,6.930867699879695,85.95789963404337,83.50890401204427,85.18863232930501,19.28906303929281,13.86781455565156,23.06431798298285
GSPTSE,2009-05,10370.09961,11.209890044390058,91.18033575242565,93.24943800895444,89.41171313870338,6.075574369099579,11.664066379682492,4.957329040186531
GSPTSE,2009-06,10374.90039,0.046294444417593894,81.25230356852214,73.67756567001342,81.75211544036866,-10.888347911835139,-20.988729537503048,-8.566660261226033
GSPTSE,2009-07,10787.2002,3.9740122266368916,81.08385159892421,76.3114563111336,80.97563048331968,-0.2073196231979657,3.5748882542032234,-0.9498041156076997
GSPTSE,2009-08,10868.2002,0.7508899297150373,73.76000755063949,78.4546751206921,65.25164118120748,-9.032432357199339,2.8085151472149406,-19.418174589392322
GSPTSE,2009-09,11395.0,4.847166874971642,91.13029925028484,75.68046391805014,96.45980974833171,23.549742301368237,-3.5360686898189386,47.82740786619817
GSPTSE,2009-10,10910.79981,-4.249233786748574,90.38770306494928,89.20428694448164,89.28504986916819,-0.8148729801666255,17.869635473000866,-7.4380821379212865
GSPTSE,2009-11,11447.2002,4.9162334507171,81.02965710957845,82.64781697591145,73.95016460418701,-10.353229076577463,-7.349949417398238,-17.175199305428855
GSPTSE,2009-12,11746.09961,2.6111136765127885,95.82213678667623,100.3492317199707,92.03632293208953,18.25563652218536,21.41788542245284,24.457225247174776
GSPTSE,2010-01,11094.29981,-5.549074345028471,93.6784295112856,102.653564453125,87.86365244465489,-2.2371733163945695,2.296313278794848,-4.53372142052385
GSPTSE,2010-02,11629.59961,4.824998505245892,81.47286292484829,81.01815795898438,80.05752774647304,-13.029217772023905,-21.07613759872904,-8.88436171384852
GSPTSE,2010-03,12037.7002,3.509154258836955,72.72510971561555,67.32707777330953,73.52030064982753,-10.73701462694614,-16.898779891547267,-8.165661969162553
GSPTSE,2010-04,12210.7002,1.4371515914642918,88.62468554178874,79.6067726135254,92.83870468139648,21.862566984562726,18.238865024799743,26.2762854080008
GSPTSE,2010-05,11763.0,-3.6664580463616647,87.13836805282101,83.16650359861312,86.94786573225453,-1.6770919748616664,4.471643389400404,-6.345240349225156
GSPTSE,2010-06,11294.40039,-3.983674317776076,96.34650853474935,69.67944971720378,111.88416697184245,10.567262949366473,-16.216930251753723,28.67960131002669
GSPTSE,2010-07,11713.40039,3.709802960155195,79.39271330064342,81.76249122619629,76.34224307152533,-17.59668875597209,17.340896861315503,-31.766714506854075
GSPTSE,2010-08,11913.90039,1.7117147311994207,81.61330942953786,84.75737048733619,74.11711311340332,2.79697724964445,3.6629011863820837,-2.9146772070048788
GSPTSE,2010-09,12368.7002,3.817388051873727,71.82437750498454,70.37432320912679,69.72902139027913,-11.994283766920088,-16.969671422685785,-5.920483865055792
GSPTSE,2010-10,12676.2002,2.4861141027575417,65.55662228984218,74.25972569373346,63.16021014798072,-8.726501270000398,5.521051297446489,-9.4204839123329
GSPTSE,2010-11,12952.90039,2.182832281238367,95.60385462443034,80.85895284016927,102.02185897827148,45.83401536726808,8.886683979486731,61.528688297965076
GSPTSE,2010-12,13443.2002,3.7852511425049196,97.89414264309791,94.39043466506466,98.9651261606524,2.3956021728043453,16.73467358851721,-2.9961547929352017
GSPTSE,2011-01,13552.0,0.809329611858356,78.83949353618007,77.48969244187877,77.08557048920662,-19.46454465246935,-17.9051429132163,-22.108349193561573
GSPTSE,2011-02,14136.5,4.313016528925617,88.93610232216972,84.70568302699498,89.67357962472099,12.806536842294957,9.312194122500305,16.329916293837265
GSPTSE,2011-03,14116.09961,-0.14431004845613105,136.0791222356981,156.13775290212322,126.68266185637444,53.00774228080458,84.32972537670638,41.27088757528632
GSPTSE,2011-04,13944.79981,-1.2135065969543612,90.67220478057861,111.14294446309408,73.5580285390218,-33.36802641662523,-28.817379271004796,-41.935204501451274
GSPTSE,2011-05,13802.90039,-1.0175794700060248,104.47366776004914,120.63443325411889,96.0221432101342,15.221272067740333,8.53989323107822,30.539310415579468
GSPTSE,2011-06,13300.90039,-3.636916777025301,84.53678283691406,97.33198216756185,72.88245728810628,-19.08316741489856,-19.316583547476828,-24.098281030229863
GSPTSE,2011-07,12945.59961,-2.6712535962386985,78.2851328695974,99.24549016644877,60.417874859225364,-7.395183206081024,1.9659601667134652,-17.102308144754364
GSPTSE,2011-08,12768.7002,-1.3664829388308264,86.39183038280856,111.57653574789724,62.886020106654016,10.35534745366633,12.424791857813933,4.085124233812376
GSPTSE,2011-09,11623.79981,-8.966459953378802,83.14460322062175,93.88602275848389,70.98976675669353,-3.7587201796722147,-15.855047722026761,12.886404062931067
GSPTSE,2011-10,12252.09961,5.405287515872992,75.16556069158739,90.57414713213521,63.65037210526005,-9.59658500968753,-3.5275491804230286,-10.338665679221236
GSPTSE,2011-11,12204.09961,-0.3917695866659687,83.25008093516031,70.99307772318522,95.16603965759278,10.75561755834511,-21.6188283621196,49.51372083137953
GSPTSE,2011-12,11955.09961,-2.0402979978627056,84.81960911904612,77.63644483012538,86.84766141829952,1.885317306908374,9.357767433106435,-8.740910380659695
GSPTSE,2012-01,12452.2002,4.1580631380452315,77.90155767625377,61.71806113950668,91.26849322165212,-8.156193496580155,-20.503751460347488,5.090329124764548
GSPTSE,2012-02,12644.0,1.5402884383436177,91.4857845964103,77.98118065143454,103.34518873280493,17.437683308734808,26.350664962022897,13.232053126837195
GSPTSE,2012-03,12392.2002,-1.9914568174628333,88.0797755333685,86.14695296748992,86.66009946023264,-3.722992679209569,10.47146535592387,-16.145008274851524
GSPTSE,2012-04,12292.7002,-0.8029244072412567,98.3707051595052,88.1813424428304,104.64068247477213,11.683646516830692,2.3615338735291314,20.748398774675515
GSPTSE,2012-05,11513.2002,-6.3411617245818785,77.68080416033345,69.08255398658014,79.93533497471964,-21.032583801878502,-21.65853674617435,-23.60969645434864
GSPTSE,2012-06,11596.59961,0.7243807851095907,77.59097859064738,81.92765919367473,70.51085557937623,-0.11563419129990704,18.59384817994694,-11.790129356840751
GSPTSE,2012-07,11664.7002,0.5872461953525976,81.20776933239353,89.00009404459307,77.46019707956621,4.661354718603983,8.632536216126097,9.8557044062058
GSPTSE,2012-08,11949.29981,2.4398364734654843,74.8681123795048,78.25724669425718,70.49690803404778,-7.806712344159738,-12.070602245603512,-8.989505976038025
GSPTSE,2012-09,12317.5,3.081353684772936,68.97198734283447,65.10240313212077,68.31967938741049,-7.87534886252107,-16.80974493458861,-3.0884030340532886
GSPTSE,2012-10,12422.90039,0.8556962857722894,81.94055532640026,86.90206847652313,75.07558896464687,18.802659577001602,33.48519301224788,9.888672836016443
GSPTSE,2012-11,12239.40039,-1.477110773163015,79.75129572550456,87.46022033691406,73.34758491516114,-2.6717656381202715,0.6422768412488677,-2.301685638855866
GSPTSE,2012-12,12433.5,1.5858588150983621,74.97084549934634,85.26028196273312,64.21883093926215,-5.994197564654025,-2.515358829084069,-12.44588214657365
GSPTSE,2013-01,12685.2002,2.0243712550769954,90.24035970626339,109.75873522604665,83.89209476594002,20.367269576878645,28.73372301773727,30.634727445108332
GSPTSE,2013-02,12821.79981,1.0768423662718574,82.87265164511544,87.37166687420437,78.62591293879917,-8.164537558505069,-20.3966165478642,-6.2773278481525026
GSPTSE,2013-03,12749.90039,-0.5607591840883663,74.79130831072408,70.25588681620937,79.46081779849145,-9.751520162523587,-19.589622895300696,1.0618698447955044
GSPTSE,2013-04,12456.5,-2.301197507630104,93.84421526590982,83.1100798924764,99.8020144144694,25.47476088535521,18.296250547507608,25.599027520157392
GSPTSE,2013-05,12650.40039,1.556620158150368,83.38529759068643,96.31220405332503,76.66901059304514,-11.144978564302333,15.885105847484283,-23.178894691799336
GSPTSE,2013-06,12129.09961,-4.120824352817198,82.57989651362101,85.31224797566732,78.08507897059123,-0.965878998260461,-11.421144584716792,1.8469892419278766
GSPTSE,2013-07,12486.59961,2.9474570371675,77.08005560598066,75.28471995938209,75.0804361527966,-6.660023976577866,-11.753913716053145,-3.847909046651865
GSPTSE,2013-08,12653.90039,1.3398425930628566,88.84743185966245,104.42809732498661,78.84740774093136,15.266434567502763,38.71087968624718,5.017247875956099
GSPTSE,2013-09,12787.2002,1.0534286337937404,98.07846705118816,97.374010403951,98.14722569783528,10.38976028717007,-6.754970263494176,24.47742863064981
GSPTSE,2013-10,13361.29981,4.48964277575008,73.56673326799947,80.33374651016727,65.35439909658125,-24.991962578693006,-17.499807005065403,-33.411873201809016
GSPTSE,2013-11,13395.40039,0.2552190317178349,76.75024941762288,52.19944121042887,91.32140051523844,4.327385501849101,-35.02177667784688,39.732599148043505
GSPTSE,2013-12,13621.59961,1.6886335116109041,70.2421502144106,68.61865160542149,68.88867827384702,-8.47958052592066,31.45476276039567,-24.564584111528333
GSPTSE,2014-01,13694.90039,0.5381216751238815,78.61989428920131,86.78251980197045,68.41249278283888,11.926947066993353,26.4707448654002,-0.6912391164121345
GSPTSE,2014-02,14209.59961,3.758327591603594,70.26414687292916,61.49816117967878,73.86041593551636,-10.628031863710918,-29.135312825656822,7.963345481315476
GSPTSE,2014-03,14335.29981,0.8846146510105735,119.53876396917528,75.00083989481772,150.81426780454575,70.12768145517792,21.956231627297342,104.18821894560378
GSPTSE,2014-04,14651.90039,2.2085382530970588,92.7823445002238,61.30099623998006,112.3606637954712,-22.3830484610423,-18.266253650026478,-25.49732500038402
GSPTSE,2014-05,14604.2002,-0.3255563355628377,83.18502376925561,75.96359517497402,92.24833537686256,-10.343908404842095,23.919022257963118,-17.89979494533681
GSPTSE,2014-06,15146.0,3.7098902547227475,98.1738182067871,105.45366484324137,96.13338797887167,18.018621331537332,38.82131908098889,4.211515130476329
GSPTSE,2014-07,15330.7002,1.2194652053347355,136.12800659671908,115.96761592741936,161.79567853866084,38.660193810520525,9.970209285573105,68.30331473828896
GSPTSE,2014-08,15625.7002,1.9242434862825064,132.44592408211,107.58255644767515,154.04245942638767,-2.7048677246242936,-7.230518117223495,-4.791981579669047
GSPTSE,2014-09,14960.5,-4.257090507854489,130.56609942118328,121.00510635375977,142.43847586313885,-1.419314844118058,12.476511387431977,-7.53297734044166
GSPTSE,2014-10,14613.29981,-2.320779318873034,80.79179345407793,74.09397866649013,83.08987451368763,-38.12192153075063,-38.76789096000993,-41.66613058010812
GSPTSE,2014-11,14744.7002,0.8991835636608325,84.14203809102376,77.99142316182454,87.09242757161458,4.1467635433172,5.26013660688609,4.817136963262114
GSPTSE,2014-12,14632.40039,-0.7616283035717375,85.45243663172567,94.30592924548733,80.33614915417087,1.5573648683008257,20.918333609340344,-7.7575957012888885
GSPTSE,2015-01,14673.5,0.28088084596213925,108.33973257003292,146.6483586834323,81.6583960748488,26.783666844919374,55.50279802841731,1.6458928323044741
GSPTSE,2015-02,15234.29981,3.8218544314580827,112.50795323508126,110.62664944784981,116.82035664149693,3.8473610430540095,-24.56332246673284,43.05982269651534
GSPTSE,2015-03,14902.40039,-2.178632586593421,103.47884836504537,80.65029876462874,119.2300068024666,-8.025303643352133,-27.096862132981926,2.0626971447831766
GSPTSE,2015-04,15224.5,2.1613941483959787,99.56071904500325,92.08395849863687,107.84801419576009,-3.786405996924136,14.17683493941706,-9.546248391618018
GSPTSE,2015-05,15014.09961,-1.381985549607545,74.41008684712071,71.70904147240424,75.1276002699329,-25.261601602650142,-22.126456506031122,-30.339375434799198
GSPTSE,2015-06,14553.29981,-3.069113779510879,85.28621266682943,88.44556840260823,80.42666390736898,14.61646704169861,23.33949330035976,7.053417942802098
GSPTSE,2015-07,14468.40039,-0.5833688655384028,106.23084825085056,89.69054517438335,118.30285398421749,24.558055668202016,1.4076191653921155,47.09407084256565
GSPTSE,2015-08,13859.09961,-4.21125185629454,80.77308187177104,72.6687409493231,83.29964871560374,-23.96457036562888,-18.978370788097155,-29.58779445277242
GSPTSE,2015-09,13307.0,-3.983661460962684,96.26670481363932,79.88457260131835,111.3503412882487,19.18166619724222,9.929760111059792,33.674442815976114
GSPTSE,2015-10,13529.2002,1.6697993537236,86.38631562263735,101.0595084159605,75.2390812904604,-10.263558111944526,26.506915071474868,-32.43030922043458
GSPTSE,2015-11,13469.79981,-0.43905322651666134,146.2837247212728,206.72467168172201,112.25876941680909,69.33668679688365,104.55736914021405,49.20273811350009
GSPTSE,2015-12,13010.0,-3.4135608285629004,140.49793341852003,194.36913816390498,108.1629870014806,-3.9551845660048213,-5.976806453387384,-3.648518896658426
GSPTSE,2016-01,12822.09961,-1.4442766333589652,115.96384011545489,110.91858869983304,120.46343551143524,-17.462244964117836,-42.934053344261315,11.37214203393464
GSPTSE,2016-02,12860.40039,0.2987091128985542,101.22297576378132,113.22725730106748,90.85711604151233,-12.711604183681224,2.0814082006417767,-24.57701736981631
GSPTSE,2016-03,13494.40039,4.929862063182622,105.2873266896894,122.04758010372039,93.74349009606146,4.015245447232085,7.78992886774601,3.1768277272089085
GSPTSE,2016-04,13951.5,3.3873280530399175,83.62793006896973,90.3290501912435,79.78639167149862,-20.571703453499047,-25.98865941096199,-14.888605502377427
GSPTSE,2016-05,14065.79981,0.8192653836505137,84.68827352216167,88.0693675010435,82.82368420016381,1.2679298080407353,-2.5016123665817624,3.806780160168821
GSPTSE,2016-06,14064.5,-0.009240924921138927,88.54716021219889,97.87790400187174,80.03160365422566,4.556577350732516,11.137285050573364,-3.3711136770858907
GSPTSE,2016-07,14582.7002,3.6844551885953924,112.01366116923671,143.21993846278036,94.82303280984202,26.501697966147653,46.32509750110867,18.481985216143258
GSPTSE,2016-08,14598.0,0.10491746926266643,98.61115221823415,123.22047128985005,80.60763149876749,-11.965066413420121,-13.964164059550777,-14.991506693929601
GSPTSE,2016-09,14725.90039,0.8761500890533069,103.71691958109538,119.65013109842936,94.2956667582194,5.177677420867943,-2.897521940994874,16.98106619056434
GSPTSE,2016-10,14787.29981,0.41694849465161443,86.16627822383758,100.4282025367983,80.40413419661984,-16.921676258939698,-16.065112829519823,-14.731888578950725
GSPTSE,2016-11,15082.90039,1.9990166142441979,83.57939580281575,85.52786210378011,80.94508310953776,-3.0021981619094418,-14.836808841180337,0.6727874360229924
GSPTSE,2016-12,15287.59961,1.357160855717865,101.61987716920915,112.50576536117062,94.95736854307113,21.584843002401332,31.54282428415589,17.310854341296356
GSPTSE,2017-01,15386.0,0.6436614806135665,104.88912440884498,102.22949655594364,108.44574915978217,3.2171336265169437,-9.133993064477785,14.204669762508138
GSPTSE,2017-02,15399.2002,0.08579357857791958,113.19088404519218,94.91658476420811,125.99899278368268,7.91479544055298,-7.153426396591556,16.186197946807358
GSPTSE,2017-03,15547.79981,0.964982648904078,98.49747651623142,99.26259293094758,97.23793039014262,-12.981087348955,4.578765847439437,-22.826422464279194
GSPTSE,2017-04,15586.09961,0.2463358190099907,115.10228830973307,101.26866887410482,124.87095286051432,16.858108837707487,2.0209787835713477,28.417945918327536
GSPTSE,2017-05,15349.90039,-1.5154479049296787,101.37748035307854,98.86025521063036,100.89005654858005,-11.924009642381684,-2.378241651885993,-19.204543380654638
GSPTSE,2017-06,15182.2002,-1.0925164707208945,126.94453862508138,146.7019323984782,113.13888193766276,25.21966237763813,48.393236580177735,12.140765708843393
GSPTSE,2017-07,15143.90039,-0.2522678498205977,101.59804805632561,69.98286450293756,124.43094007430538,-19.96658607237466,-52.29588093437852,9.980705079677499
GSPTSE,2017-08,15211.90039,0.44902566874318595,137.11038946336316,109.75087941077447,156.3583743187689,34.9537634693037,56.82536030826179,25.658758364597812
GSPTSE,2017-09,15634.90039,2.7807176562770097,118.73107655843098,86.45641419092814,146.35588200887045,-13.40475581527194,-21.22485518558812,-6.397158037411099
GSPTSE,2017-10,16025.59961,2.498891647879553,91.91498454924553,71.24007597277242,109.52413552807224,-22.585571348701183,-17.60001078063723,-25.16588057497128
GSPTSE,2017-11,16067.5,0.26145910929820104,93.25364055633545,80.09026870727538,105.41860446929931,1.45640671502556,12.423053476087631,-3.748517200321233
GSPTSE,2017-12,16209.09961,0.8812796639178444,84.61367348701724,64.52695954230524,98.77827345940375,-9.265018521286283,-19.432209950316203,-6.29901244028458
GSPTSE,2018-01,15951.7002,-1.5879932642353545,91.99991103141538,75.9898567199707,106.7695834867416,8.729366354164325,17.76450844572981,8.09014953133611
GSPTSE,2018-02,15442.7002,-3.190882436469056,65.82219927651542,53.66386883599417,76.22563787869045,-28.45406203269154,-29.380221055357104,-28.60734734611382
GSPTSE,2018-03,15367.29981,-0.488259106396427,109.2456529678837,64.72115756619361,142.5100219480453,65.97083380479091,20.60471779251023,86.95812316433921
GSPTSE,2018-04,15607.90039,1.5656659463586076,122.0270450592041,94.80569979349772,144.06638272603354,11.699680256456425,46.483319147274415,1.092106194858089
GSPTSE,2018-05,16061.5,2.906217996436089,122.07622054315382,62.3412499273977,166.9032696139428,0.0402988402496085,-34.24314143222706,15.851641761102208
GSPTSE,2018-06,16277.7002,1.3460772655106812,103.35734113057454,56.24654754002889,136.8462231318156,-15.333763880707775,-9.776355774814693,-18.008662473569824
GSPTSE,2018-07,16434.0,0.9602081257154449,109.5580127469955,85.10936841657085,127.5609563396823,5.999256123072527,51.3148311120806,-6.7851830906501265
GSPTSE,2018-08,16262.90039,-1.0411318607764342,113.04493135021579,67.86267332876882,146.81783097790134,3.182714359079064,-20.264155883976787,15.096213755986486
GSPTSE,2018-09,16073.09961,-1.167078291377277,73.96346220970153,49.602893877029416,88.1794579188029,-34.571624462700555,-26.906955703436154,-39.939544582922316
GSPTSE,2018-10,15027.29981,-6.506522235134704,92.58265267649004,61.918164991563366,115.57533417978594,25.17349771161239,24.8277270779095,31.06832011397669
GSPTSE,2018-11,15197.79981,1.1346017059334912,79.83305384318034,48.951593685150144,103.46333103179931,-13.771045076727717,-20.94146573655724,-10.479747459908284
GSPTSE,2018-12,14322.90039,-5.756750522692933,86.58019570381411,64.75931516770393,99.9929014944261,8.45156427798377,32.292557386848046,-3.3542603961847828
GSPTSE,2019-01,15540.59961,8.5017642156485,87.5074286307058,54.891605531015706,113.59607076644897,1.0709526807535674,-15.237513879098808,13.60413496230144
GSPTSE,2019-02,15999.0,2.9496956456238177,98.55523300170898,57.736959321158274,130.96962765284948,12.624990293825844,5.183586383777472,15.294153018831214
GSPTSE,2019-03,16102.09961,0.6444128383023884,79.65598315577353,67.75160512616557,85.8987022830594,-19.17630273940678,17.345294803804002,-34.41326525662569
GSPTSE,2019-04,16580.69922,2.9722807682966534,78.96416734059652,57.763711071014406,93.91384995778402,-0.8685045212788456,-14.741929783880291,9.330929876347316
GSPTSE,2019-05,16037.5,-3.2760935639238875,105.10344554531959,63.40447973435925,133.1031727944651,33.10270858929771,9.765246309071296,41.729013190596916
GSPTSE,2019-06,16382.2002,2.149338737334361,103.3317710240682,51.50454092025757,138.8043354034424,-1.685648374379367,-18.768293445444108,4.283265747376963
GSPTSE,2019-07,16406.59961,0.14893854123454453,93.06078184804609,47.329337519984094,126.32542345600743,-9.939817225846037,-8.10647629446455,-8.990289756558633
GSPTSE,2019-08,16442.09961,0.21637634149591634,106.01592488442698,74.11447860348609,125.86253258489793,13.921162899248628,56.593103742879094,-0.3664273259061712
GSPTSE,2019-09,16658.59961,1.3167418099591544,92.55197461446126,70.08315865198772,112.63771381378174,-12.699931906120154,-5.439314999523937,-10.507351552135392
GSPTSE,2019-10,16483.19922,-1.052911974033588,95.20806701721683,69.20361838802215,118.00913903021043,2.8698387190764008,-1.2549951812718674,4.768762641355617
GSPTSE,2019-11,17040.19922,3.379198373845771,73.70891914367675,52.628954823811846,86.17964719136556,-22.581225044357122,-23.95057361202817,-26.972056656303966
GSPTSE,2019-12,17063.40039,0.13615550910208718,72.31251805828464,60.52569272441249,79.17934866874448,-1.8944804802661475,15.004550113215975,-8.122913879046889
GSPTSE,2020-01,17318.5,1.4950103975143403,139.8703630508915,84.9525350447624,191.54257983546103,93.42482713456963,40.35780710775339,141.90976947385673
GSPTSE,2020-02,16263.09961,-6.094063515893411,75.72699855935984,56.10202249987372,87.16311290346343,-45.859153499296525,-33.960743525413385,-54.49413233426306
GSPTSE,2020-03,13378.79981,-17.735240324215162,82.76741433912709,64.03543063132993,98.19669649677891,9.297101316181845,14.141037663079015,12.658546976787765
GSPTSE,2020-04,14780.7002,10.478521316629209,69.76431941986084,47.72460098266602,82.26346549987792,-15.71040369340041,-25.47157017272198,-16.225831993669605
GSPTSE,2020-05,15192.79981,2.7880926101186976,69.50140085527974,42.106849024372714,85.36720494301089,-0.37686680923350035,-11.771186856719284,3.772925714073616
GSPTSE,2020-06,15515.2002,2.1220604104043694,71.60573234558106,51.320197105407715,86.46775321960449,3.027754065969246,21.88087756388999,1.289193288369117
GSPTSE,2020-07,16169.2002,4.21522114809707,68.53134112204275,36.44394225458945,92.3572107745755,-4.293498750492198,-28.98713506548618,6.811160618471734
GSPTSE,2020-08,16514.40039,2.134924335960653,64.93029563657699,27.294767964270807,89.9976692199707,-5.254596548829982,-25.104787584187527,-2.5547994951514386
GSPTSE,2020-09,16121.40039,-2.379741260469692,83.04108727773031,49.94818175633748,105.76334724426269,27.892667765632396,82.9954437484879,17.517873697104093
GSPTSE,2020-10,15580.59961,-3.354552128954358,76.71051840628347,43.048690057569935,98.63585779743809,-7.62341761045866,-13.813299015418378,-6.739092164285898
GSPTSE,2020-11,17190.30078,10.331445581637677,70.364892578125,62.07505849202474,79.94887498219808,-8.272171743840929,44.197322633999846,-18.94542535800341
GSPTSE,2020-12,17433.40039,1.4141672860246368,62.28910067773634,29.27726056498866,85.56250313789614,-11.477018729790899,-52.8357100642118,7.021522387836021
GSPTSE,2021-01,17337.0,-0.5529637812672239,74.98195703567997,47.25387308674474,95.04665202479208,20.377331218205175,61.40127926877659,11.084468708928341
GSPTSE,2021-02,18060.30078,4.172006575532117,72.32457787649972,46.01375893184117,91.39712776456561,-3.544024808415902,-2.6243651025749215,-3.8397188985410335
GSPTSE,2021-03,18700.69922,3.54589022520142,77.55295372009277,49.825385385943996,99.19816903145083,7.229044395559336,8.283666760954866,8.535324312357284
GSPTSE,2021-04,19108.30078,2.17960598801612,84.63264045715331,65.75086024602254,105.25555461247762,9.128842161979843,31.96257236491182,6.106348171715048
GSPTSE,2021-05,19731.0,3.258789084227498,90.02756192607265,52.68410350430396,115.80485919214064,6.3745163092844725,-19.87313427204783,10.022563292267739
HSI,2000-02,17169.43945,10.539941997560632,63.89095319550613,69.82025521377037,56.801463094250906,-2.9042100082795064,5.873836985806324,-14.821458008439558
HSI,2000-03,17406.53906,1.3809397254375577,50.673104070848034,41.77679486428538,55.219184998543035,-20.688138873451322,-40.16522177357223,-2.785629118535893
HSI,2000-04,15519.29981,-10.842128027258735,49.652309608459475,41.48203840255737,54.45606384277344,-2.0144699660817,-0.7055506835446423,-1.3819855468524822
HSI,2000-05,14713.86035,-5.1899213873103145,79.68136535152313,82.95394897460938,78.51787874775547,60.478668524912834,99.97558502210744,44.1857402225283
HSI,2000-06,16155.78027,9.799739060320768,64.1265432993571,52.05603179931641,72.9901512145996,-19.521279515661185,-37.24707208905779,-7.040087711633303
HSI,2000-07,16840.98047,4.241207719768014,51.13137294400123,40.80166629052931,56.502953067902595,-20.264885157915803,-21.61971460324582,-22.58825043151742
HSI,2000-08,17097.50977,1.5232444480116625,47.5130286985828,41.88413973777525,50.82666443240258,-7.076563833678429,2.6530128439808287,-10.046003487071765
HSI,2000-09,15648.98047,-8.472165359084338,52.75809377034505,36.65586573282878,63.30135205586751,11.039214328003254,-12.482705954280583,24.54358900544371
HSI,2000-10,14895.33984,-4.815908815560044,74.84650722626716,74.61284114468482,80.27979493910267,41.86734560970407,103.54952653010727,26.82161175364879
HSI,2000-11,13984.38965,-6.115672416910778,45.440477244059245,47.08891073862711,44.53256746927897,-39.28844654475468,-36.88899924435919,-44.52829942694827
HSI,2000-12,15095.53027,7.945578232654582,46.011570776662516,44.53382098290228,46.60758584545505,1.2567947504951382,-5.426096538752367,4.659552534462641
HSI,2001-01,16102.34961,6.66965202276395,47.34544200281943,39.250703688590754,53.58126591097924,2.8989908486964033,-11.863157433402927,14.962542983127358
HSI,2001-02,14787.87012,-8.163277545431457,56.336307116917204,45.95857455049242,65.78157465798515,18.989927506775352,17.089810453134604,22.769728448140224
HSI,2001-03,12760.63965,-13.708738672638543,61.72149381329936,57.44915543833086,65.804611175291,9.558998400811113,25.002039336999694,0.035019710953454464
HSI,2001-04,13386.04004,4.90101129060565,49.026970354715985,47.12476806640625,50.69535102844238,-20.567427445911946,-17.97134752138766,-22.96079237760469
HSI,2001-05,13174.41016,-1.5809745030465394,59.95146006922568,56.56440058062154,60.64858498111848,22.282612275385794,20.031149014703598,19.633425453730236
HSI,2001-06,13042.53027,-1.001030698136396,70.94172350565593,62.602798779805504,78.85646438598633,18.33193624265337,10.675262421595733,30.02193606089316
HSI,2001-07,12316.69043,-5.565176579804854,59.984781203731416,53.3461978666244,62.87733785567745,-15.444990282835402,-14.786241340007166,-20.26355943641387
HSI,2001-08,11090.48047,-9.955677354797333,64.13564220551521,73.31873946036062,56.88255968401509,6.919856867837648,37.43948471017813,-9.534083942011339
HSI,2001-09,9950.700195,-10.277104568040418,472.49111404418943,791.8359584172566,249.4176373163859,636.705984061322,979.9912331353685,338.47822373309316
HSI,2001-10,10073.96973,1.238802622773627,504.05423072076616,840.6995652721774,257.8192534908172,6.680150322070344,6.170925472062505,3.368493208751655
HSI,2001-11,11279.25,11.964303073203686,296.1777104695638,494.21396484375,141.4245381673177,-41.24090377218973,-41.21396212644078,-45.14585848323587
HSI,2001-12,11397.20996,1.0458138617372548,231.22251793646043,376.6929409888483,121.45619632351783,-21.93115492388762,-23.77938144505022,-14.119432244619079
HSI,2002-01,10725.29981,-5.895391524400761,169.9862031013735,259.16573752126385,104.05673919185516,-26.483715938044828,-31.199736092496554,-14.325705611030715
HSI,2002-02,10482.54981,-2.2633399932901255,143.41856629507882,209.38243239266532,93.08014828818185,-15.629290096238414,-19.20906119950132,-10.548659307337282
HSI,2002-03,11032.91992,5.250345764872644,150.27259728216356,217.83082137569303,97.68620583318895,4.7790402345696315,4.034908223429179,4.948485396420366
HSI,2002-04,11497.58008,4.211579195437487,154.13523864746094,219.28201649983723,99.5971280415853,2.5704229747520735,0.6662028426368982,1.9561842863049517
HSI,2002-05,11301.94043,-1.7015724060084003,159.16512766192037,205.2949966922883,137.87667772846837,3.2632959591828437,-6.378553075536553,38.434391070895146
HSI,2002-06,10598.54981,-6.223627034282641,147.7977030436198,185.49468332926432,127.91307754516602,-7.141906512616192,-9.644810483473298,-7.2264579822009285
HSI,2002-07,10267.36035,-3.1248563807051544,119.37826931861139,161.98243344214654,92.84361993112871,-19.228603110713394,-12.675430618883077,-27.416631893368603
HSI,2002-08,10043.87012,-2.176705817089597,127.00253000567037,157.38569099672378,101.13534890451739,6.386640324555559,-2.8378030553939837,8.930854892925822
HSI,2002-09,9072.209961,-9.674160929910547,170.25116170247395,185.25534108479818,167.88976720174153,34.05336231874485,17.707867793810127,66.00503090195247
HSI,2002-10,9441.25,4.067807519738231,168.296264894547,195.84739069784843,161.10799457180886,-1.1482428597716532,5.717540747287764,-4.039419878272565
HSI,2002-11,10069.87012,6.658229789487624,156.04842834472657,175.04123814900717,151.88629328409831,-7.277545082473935,-10.623655732508986,-5.723925316195444
HSI,2002-12,9321.290039,-7.433860338607823,175.05461046772618,174.67416357224988,183.75799191382623,12.179669045440855,-0.20970748415570784,20.983920234403875
HSI,2003-01,9258.950195,-0.6687898749976884,205.2729772752331,176.48827115951045,244.28261073943108,17.26225132075463,1.0385666375383629,32.93713552006381
HSI,2003-02,9122.660156,-1.4719815543839831,236.19078636169434,210.63462039402552,291.2838772365025,15.061801848864963,19.34765920147381,19.240528973716554
HSI,2003-03,8634.450195,-5.351618416684123,349.2410371841923,413.45056693784653,352.7903245495212,47.86395462919402,96.28803952760548,21.115637396943754
HSI,2003-04,8717.219727,0.9585964378824086,252.85915400187176,326.76046600341795,210.79934641520182,-27.597525181866878,-20.967464520966683,-40.2479796790425
HSI,2003-05,9487.379883,8.834928797476206,159.68020999047064,183.58484895767705,150.55725589875252,-36.85013674083216,-43.81668896391011,-28.577930406763798
HSI,2003-06,9577.120117,0.9458905947342,145.7216801961263,176.93343124389648,127.7050184249878,-8.741552754206271,-3.623075516059593,-15.178436494042181
HSI,2003-07,10134.83008,5.8233577128267155,133.95684691398375,166.529414761451,106.6518937387774,-8.073495492440319,-5.880186920754349,-16.485745780285622
HSI,2003-08,10908.99023,7.6386100594594275,137.39681588449787,179.2770211004442,108.98332251271894,2.5679680059377485,7.654867674430843,2.186017230647508
HSI,2003-09,11229.87012,2.9414261378433837,118.71830571492514,145.99144999186197,97.7679594039917,-13.59457280674885,-18.56655744515813,-10.290898506437395
HSI,2003-10,12190.09961,8.550673157740851,107.55338336575416,129.5931615521831,91.48407450029927,-9.404549940243411,-11.232362196959455,-6.4273458728196236
HSI,2003-11,12317.46973,1.0448652929424318,117.27323557535807,152.34808400472005,93.18425509134929,9.037235190035675,17.55873703519013,1.85844432524096
HSI,2003-12,12575.94043,2.098407429981153,131.9601605323053,166.63024114793348,112.74830061389554,12.52368017722989,9.374687733369157,20.995011982837084
HSI,2004-01,13289.37012,5.672972880009097,114.1432640321793,127.11111671693864,107.96992640341482,-13.501723875035932,-23.716658008020264,-4.238089784469723
HSI,2004-02,13907.03027,4.647775962462242,114.83697246683055,130.29377562424233,103.49829351490942,0.6077524070589702,2.503839939028385,-4.141554076639597
HSI,2004-03,12681.66992,-8.811085661065432,137.0413291685043,182.14090384206463,107.18084593742124,19.33554692769983,39.792482771660254,3.558080329103519
HSI,2004-04,11942.95996,-5.825021189322987,148.72968673706055,203.51488087972004,120.71956570943196,8.529074870679644,11.734858335933641,12.631659746290346
HSI,2004-05,12198.24023,2.1374958205921946,121.83138078258884,160.97313985516948,91.7239502937563,-18.08536449217786,-20.903503881710396,-24.018985858073037
HSI,2004-06,12285.75,0.7173966764876694,136.9921531677246,177.06919593811034,107.51701380411784,12.444061856436273,9.9992185636826,17.21803679386078
HSI,2004-07,12238.03027,-0.3884152778625749,130.39895802159464,159.34060545890563,120.38267381729618,-4.812826861738328,-10.012238653526872,11.96616196634508
HSI,2004-08,12850.28027,5.002847570175195,139.9520955239573,177.53836158014113,126.08562567926222,7.326084232038577,11.420664600103292,4.737352711255904
HSI,2004-09,13120.03027,2.0991760049759556,152.970458984375,188.2974100748698,129.69852345784506,9.302013958189859,6.060126047672232,2.8654319309747045
HSI,2004-10,13054.66016,-0.49824664009712194,118.0625233804026,147.26095236501385,96.84527255642799,-22.82005024743897,-21.793426523253423,-25.33047410681982
HSI,2004-11,14060.04981,7.70138508147884,124.46195271809896,154.47430343627929,99.13031984965006,5.420373167086323,4.898346068946902,2.3594825363217
HSI,2004-12,14230.13965,1.2097385307911601,107.17075778592017,141.9146915558846,79.30897829609532,-13.892755620942731,-8.130550907824963,-19.995236153396423
HSI,2005-01,13721.69043,-3.5730444851958865,99.38704164566532,126.41269216229838,77.36354717131584,-7.26291042543833,-10.923463401589872,-2.4529771616982887
HSI,2005-02,14195.34961,3.45190107892559,109.60796138218471,108.7996129989624,105.78578090667725,10.283956104618763,-13.932999022537196,36.73853484564569
HSI,2005-03,13516.87988,-4.779521101206596,90.47840487572455,87.14632021996283,87.85526915519468,-17.45270714392596,-19.901994301400748,-16.94983162935727
HSI,2005-04,13908.96973,2.9007422828410956,86.93658548990885,102.42798690795898,72.97031523386637,-3.9145466707558807,17.535641951862413,-16.942585304740586
HSI,2005-05,13867.07031,-0.30124028460303265,98.79405889203471,105.33132522336898,90.99365062098349,13.63922143399825,2.834516622902017,24.69954436862878
HSI,2005-06,14201.05957,2.4085062852760686,81.75722109476725,95.1893081665039,69.31578687032064,-17.244799928592734,-9.628680770281385,-23.82349054326638
HSI,2005-07,14880.98047,4.787818096590102,164.77051716466104,237.00151295815743,116.65942007495511,101.53634744222848,148.97913171466425,68.30137165319535
HSI,2005-08,14903.54981,0.15166567851829793,116.88755367648217,143.29871208437027,94.36514368364888,-29.06039521641346,-39.53679438760814,-19.11056679090457
HSI,2005-09,15428.51953,3.522447515475502,103.76748135884603,130.99529851277669,78.09897527694702,-11.224524686306193,-8.585850767695435,-17.237475376748023
HSI,2005-10,14386.37012,-6.754694823269281,87.41865994853359,105.815919445407,73.7711932274603,-15.755245474037638,-19.221589899208325,-5.541406957184714
HSI,2005-11,14937.13965,3.828412069242648,82.0722770690918,93.67955487569174,70.19666430155436,-6.115837148029257,-11.469318258843575,-4.84542647274867
HSI,2005-12,14876.42969,-0.40643631526868784,95.3541398817493,131.53387844947076,69.47696587347215,16.183129415888263,40.40830854075885,-1.0252601533749406
HSI,2006-01,15753.13965,5.893282045955739,93.70335646598569,99.09636282151745,89.04377758887506,-1.7312131574054201,-24.660958842184765,28.163019886385033
HSI,2006-02,15918.48047,1.0495737590950682,96.56065307344709,102.5961035319737,90.61754550252643,3.0493001694113175,3.5316540494625848,1.7674091960896199
HSI,2006-03,15805.04004,-0.7126335344242896,91.85162070489699,96.46455383300781,86.54391436423025,-4.876761101613781,-5.976396264459504,-4.495411032935781
HSI,2006-04,16661.30078,5.417643598706134,89.32775522867838,92.80472908020019,86.14640655517579,-2.7477636832640484,-3.7939580989958643,-0.45931341559326544
HSI,2006-05,15857.88965,-4.822019244526254,84.38873118738974,80.68312811082409,83.90371753323463,-5.529103500524313,-13.06140440203304,-2.603345991576267
HSI,2006-06,16267.62012,2.5837641643571496,102.32296142578124,114.45484237670898,90.22701250712076,21.25192544792216,41.857219788872115,7.536370449118013
HSI,2006-07,16971.33984,4.325892262106756,137.44066902898973,144.67092710925687,133.83614447809035,34.3204566344385,26.40000554375559,48.33267860611912
HSI,2006-08,17392.26953,2.480238413515856,147.491208968624,160.77977629630797,141.31128421906502,7.312638981344266,11.134821286439633,5.585292201986869
HSI,2006-09,17543.05078,0.8669440738594547,113.61922556559244,117.84904912312825,111.18667894999186,-22.965425288660548,-26.701571654174238,-21.317904961059643
HSI,2006-10,18324.34961,4.453608667032549,112.73245288479713,100.46679675194525,124.12324234747118,-0.7804776668569935,-14.749590684454382,11.634993975580254
HSI,2006-11,18960.48047,3.4715058026007384,87.80542017618815,84.66829687754313,86.73696505228678,-22.11167420803153,-15.7250956387203,-30.120287375772126
HSI,2006-12,19964.7207,5.296491465967601,91.50775527954102,79.05746866041615,96.69359145625945,4.216522278378543,-6.626834865052256,11.479103975992967
HSI,2007-01,20106.41992,0.7097480707556336,97.40868709933373,96.73051378803868,95.33105973274478,6.4485592524549995,22.35468125539841,-1.4091230897458562
HSI,2007-02,19651.50977,-2.2625119330542676,95.05105536324638,89.62849848611015,97.72646740504673,-2.420350593251641,-7.342063040718328,2.5127253164051178
HSI,2007-03,19800.92969,0.7603482976565212,86.13590178951141,82.20472852645382,85.6678963938067,-9.379331496809673,-8.282823080882917,-12.339104575693804
HSI,2007-04,20318.98047,2.6162952351758806,75.71304588317871,82.1852602005005,68.55693855285645,-12.100478069879417,-0.023682732492769087,-19.973594031412766
HSI,2007-05,20634.4707,1.5526873037050803,91.82276621172505,103.15781870195943,82.37121458976499,21.277337532296347,25.518637344815765,20.150077189135175
HSI,2007-06,21772.73047,5.516302242732096,98.5847110748291,110.01365140279134,88.00655695597331,7.364126721593589,6.645965169775048,6.841397682763484
HSI,2007-07,23184.93945,6.486136325188263,113.9830302576865,129.01673864549207,104.86104534518334,15.619378517191729,17.2733901660304,19.151400727609147
HSI,2007-08,23984.14063,3.4470703782666146,83.12109104279548,100.07418700187436,73.35449858634702,-27.075906953096485,-22.433175685168337,-30.045997210043584
HSI,2007-09,27142.4707,13.16841040387111,92.71907399495443,90.46699282328288,93.58469161987304,11.546988654440726,-9.600072172868657,27.578667189324
HSI,2007-10,31352.58008,15.511150132695906,100.96206135903635,95.91243030178931,103.74951417984501,8.890282235271773,6.019253330486496,10.861629593502276
HSI,2007-11,28643.60938,-8.640343771031677,89.11012655893961,80.4546085993449,95.28441146214803,-11.738998432242253,-16.116598916121973,-8.159173355764459
HSI,2007-12,27812.65039,-2.90102751708452,94.64804052537487,85.06247354322865,97.48771335232642,6.2146853340762975,5.727285265696103,2.3123424454939867
HSI,2008-01,23455.74023,-15.665210251111205,80.78886364352319,81.53163952981272,76.77330804640248,-14.642856634877798,-4.150871549275559,-21.248221538503877
HSI,2008-02,24331.66992,3.7343937194515897,81.6396739565093,88.45064189516265,72.8041961275298,1.0531282092792749,8.48627895287195,-5.169911288013928
HSI,2008-03,22849.19922,-6.092761840326666,78.19353657384073,84.13256103761735,72.61432629246866,-4.221155249228914,-4.881910142227531,-0.2607951809928011
HSI,2008-04,25755.34961,12.718828183073638,71.86557184855143,70.36499150594075,69.58370641072591,-8.092695384500992,-16.364139355654284,-4.173583969554883
HSI,2008-05,24533.11914,-4.745540202356436,73.08874597857076,75.19145030360067,71.38500275150422,1.7020307479039154,6.85917626701118,2.588675472596913
HSI,2008-06,22102.00977,-9.90949970986852,86.7860169728597,80.27725048065186,87.26098276774088,18.740602004999385,6.763801145630577,22.23993752791742
HSI,2008-07,22731.09961,2.8463015198459063,89.47498493809854,87.2099857945596,84.52966382426601,3.0983884950956497,8.635989987697258,-3.130057508915207
HSI,2008-08,21261.89063,-6.463431181101575,88.47457368912235,105.41860654277187,75.39880838701802,-1.1180904357439236,20.879054826480868,-10.801954040927797
HSI,2008-09,18016.21094,-15.265244970362268,89.21801058451335,95.21897468566894,82.42706019083658,0.8402831055205118,-9.675362055715087,9.321436179392805
HSI,2008-10,13968.66992,-22.466105850334817,64.97080649099043,76.1353960960142,53.63574997071297,-27.17747676132537,-20.041781223387755,-34.929439620272106
HSI,2008-11,13888.24023,-0.5757863165256949,79.13092206319173,96.24985440572102,67.7355552037557,21.79458180831557,26.41932575531689,26.288073236119036
HSI,2008-12,14387.48047,3.594697612744291,94.08670757662865,107.55399310204291,87.6594942154423,18.90005212057766,11.744577450134797,29.414299405612443
HSI,2009-01,13278.20996,-7.709970569989588,86.23219754618984,91.03520405677057,87.53845571702526,-8.348161215059768,-15.358601358110413,-0.1380780250905378
HSI,2009-02,12811.57031,-3.5143264898335858,67.12189470018659,63.14009993416922,65.29873490333557,-22.161447104217558,-30.642106437423532,-25.40565815506419
HSI,2009-03,13576.01953,5.966865899360618,72.05849173761183,73.33846209126133,69.22285332218293,7.35467474432232,16.151957579612763,6.0094861327044
HSI,2009-04,15520.99023,14.326516661986567,85.95789963404337,83.50890401204427,85.18863232930501,19.28906303929281,13.86781455565156,23.06431798298285
HSI,2009-05,18171.0,17.07371585659454,91.18033575242565,93.24943800895444,89.41171313870338,6.075574369099579,11.664066379682492,4.957329040186531
HSI,2009-06,18378.73047,1.1431977876836585,81.25230356852214,73.67756567001342,81.75211544036866,-10.888347911835139,-20.988729537503048,-8.566660261226033
HSI,2009-07,20573.33008,11.940974995973175,81.08385159892421,76.3114563111336,80.97563048331968,-0.2073196231979657,3.5748882542032234,-0.9498041156076997
HSI,2009-08,19724.18945,-4.127385438808839,73.76000755063949,78.4546751206921,65.25164118120748,-9.032432357199339,2.8085151472149406,-19.418174589392322
HSI,2009-09,20955.25,6.241374598031957,91.13029925028484,75.68046391805014,96.45980974833171,23.549742301368237,-3.5360686898189386,47.82740786619817
HSI,2009-10,21752.86914,3.80629741950107,90.38770306494928,89.20428694448164,89.28504986916819,-0.8148729801666255,17.869635473000866,-7.4380821379212865
HSI,2009-11,21821.5,0.31550256455044057,81.02965710957845,82.64781697591145,73.95016460418701,-10.353229076577463,-7.349949417398238,-17.175199305428855
HSI,2009-12,21496.61914,-1.4888108516829757,95.82213678667623,100.3492317199707,92.03632293208953,18.25563652218536,21.41788542245284,24.457225247174776
HSI,2010-01,20121.99023,-6.394628388061951,93.6784295112856,102.653564453125,87.86365244465489,-2.2371733163945695,2.296313278794848,-4.53372142052385
HSI,2010-02,20608.69922,2.418791503408846,81.47286292484829,81.01815795898438,80.05752774647304,-13.029217772023905,-21.07613759872904,-8.88436171384852
HSI,2010-03,21239.34961,3.0601173963855866,72.72510971561555,67.32707777330953,73.52030064982753,-10.73701462694614,-16.898779891547267,-8.165661969162553
HSI,2010-04,21108.58984,-0.6156486540361605,88.62468554178874,79.6067726135254,92.83870468139648,21.862566984562726,18.238865024799743,26.2762854080008
HSI,2010-05,19765.18945,-6.364235603528112,87.13836805282101,83.16650359861312,86.94786573225453,-1.6770919748616664,4.471643389400404,-6.345240349225156
HSI,2010-06,20128.99023,1.8406136754737679,96.34650853474935,69.67944971720378,111.88416697184245,10.567262949366473,-16.216930251753723,28.67960131002669
HSI,2010-07,21029.81055,4.475238497842904,79.39271330064342,81.76249122619629,76.34224307152533,-17.59668875597209,17.340896861315503,-31.766714506854075
HSI,2010-08,20536.49023,-2.345814380149036,81.61330942953786,84.75737048733619,74.11711311340332,2.79697724964445,3.6629011863820837,-2.9146772070048788
HSI,2010-09,22358.16992,8.870452884587188,71.82437750498454,70.37432320912679,69.72902139027913,-11.994283766920088,-16.969671422685785,-5.920483865055792
HSI,2010-10,23096.32031,3.3014794709995687,65.55662228984218,74.25972569373346,63.16021014798072,-8.726501270000398,5.521051297446489,-9.4204839123329
HSI,2010-11,23007.99023,-0.38244221942902445,95.60385462443034,80.85895284016927,102.02185897827148,45.83401536726808,8.886683979486731,61.528688297965076
HSI,2010-12,22999.33984,-0.03759732994288445,97.89414264309791,94.39043466506466,98.9651261606524,2.3956021728043453,16.73467358851721,-2.9961547929352017
HSI,2011-01,23447.33984,1.947881996251244,78.83949353618007,77.48969244187877,77.08557048920662,-19.46454465246935,-17.9051429132163,-22.108349193561573
HSI,2011-02,23338.01953,-0.46623758066364207,88.93610232216972,84.70568302699498,89.67357962472099,12.806536842294957,9.312194122500305,16.329916293837265
HSI,2011-03,23527.51953,0.8119797815594687,136.0791222356981,156.13775290212322,126.68266185637444,53.00774228080458,84.32972537670638,41.27088757528632
HSI,2011-04,23720.81055,0.8215529042640002,90.67220478057861,111.14294446309408,73.5580285390218,-33.36802641662523,-28.817379271004796,-41.935204501451274
HSI,2011-05,23684.13086,-0.15463084586709863,104.47366776004914,120.63443325411889,96.0221432101342,15.221272067740333,8.53989323107822,30.539310415579468
HSI,2011-06,22398.09961,-5.4299279868106565,84.53678283691406,97.33198216756185,72.88245728810628,-19.08316741489856,-19.316583547476828,-24.098281030229863
HSI,2011-07,22440.25,0.18818734952485983,78.2851328695974,99.24549016644877,60.417874859225364,-7.395183206081024,1.9659601667134652,-17.102308144754364
HSI,2011-08,20534.84961,-8.490994485355552,86.39183038280856,111.57653574789724,62.886020106654016,10.35534745366633,12.424791857813933,4.085124233812376
HSI,2011-09,17592.41016,-14.329004136300572,83.14460322062175,93.88602275848389,70.98976675669353,-3.7587201796722147,-15.855047722026761,12.886404062931067
HSI,2011-10,19864.86914,12.917269204914895,75.16556069158739,90.57414713213521,63.65037210526005,-9.59658500968753,-3.5275491804230286,-10.338665679221236
HSI,2011-11,17989.34961,-9.441388799402873,83.25008093516031,70.99307772318522,95.16603965759278,10.75561755834511,-21.6188283621196,49.51372083137953
HSI,2011-12,18434.39063,2.4739138971016983,84.81960911904612,77.63644483012538,86.84766141829952,1.885317306908374,9.357767433106435,-8.740910380659695
HSI,2012-01,20390.49023,10.611143266198631,77.90155767625377,61.71806113950668,91.26849322165212,-8.156193496580155,-20.503751460347488,5.090329124764548
HSI,2012-02,21680.08008,6.324467119003652,91.4857845964103,77.98118065143454,103.34518873280493,17.437683308734808,26.350664962022897,13.232053126837195
HSI,2012-03,20555.58008,-5.1867889594990775,88.0797755333685,86.14695296748992,86.66009946023264,-3.722992679209569,10.47146535592387,-16.145008274851524
HSI,2012-04,21094.21094,2.620363219640165,98.3707051595052,88.1813424428304,104.64068247477213,11.683646516830692,2.3615338735291314,20.748398774675515
HSI,2012-05,18629.51953,-11.684207657781197,77.68080416033345,69.08255398658014,79.93533497471964,-21.032583801878502,-21.65853674617435,-23.60969645434864
HSI,2012-06,19441.46094,4.358359369883336,77.59097859064738,81.92765919367473,70.51085557937623,-0.11563419129990704,18.59384817994694,-11.790129356840751
HSI,2012-07,19796.81055,1.8277927317122522,81.20776933239353,89.00009404459307,77.46019707956621,4.661354718603983,8.632536216126097,9.8557044062058
HSI,2012-08,19482.57031,-1.5873276112146173,74.8681123795048,78.25724669425718,70.49690803404778,-7.806712344159738,-12.070602245603512,-8.989505976038025
HSI,2012-09,20840.38086,6.969360450879858,68.97198734283447,65.10240313212077,68.31967938741049,-7.87534886252107,-16.80974493458861,-3.0884030340532886
HSI,2012-10,21641.82031,3.8456084626468767,81.94055532640026,86.90206847652313,75.07558896464687,18.802659577001602,33.48519301224788,9.888672836016443
HSI,2012-11,22030.39063,1.7954604300103982,79.75129572550456,87.46022033691406,73.34758491516114,-2.6717656381202715,0.6422768412488677,-2.301685638855866
HSI,2012-12,22666.58984,2.8878253712562474,74.97084549934634,85.26028196273312,64.21883093926215,-5.994197564654025,-2.515358829084069,-12.44588214657365
HSI,2013-01,23729.5293,4.689454688610528,90.24035970626339,109.75873522604665,83.89209476594002,20.367269576878645,28.73372301773727,30.634727445108332
HSI,2013-02,23020.26953,-2.9889331601701707,82.87265164511544,87.37166687420437,78.62591293879917,-8.164537558505069,-20.3966165478642,-6.2773278481525026
HSI,2013-03,22299.63086,-3.1304527910103963,74.79130831072408,70.25588681620937,79.46081779849145,-9.751520162523587,-19.589622895300696,1.0618698447955044
HSI,2013-04,22737.00977,1.9613728709050093,93.84421526590982,83.1100798924764,99.8020144144694,25.47476088535521,18.296250547507608,25.599027520157392
HSI,2013-05,22392.16016,-1.5166884893325183,83.38529759068643,96.31220405332503,76.66901059304514,-11.144978564302333,15.885105847484283,-23.178894691799336
HSI,2013-06,20803.28906,-7.095657983182269,82.57989651362101,85.31224797566732,78.08507897059123,-0.965878998260461,-11.421144584716792,1.8469892419278766
HSI,2013-07,21883.66016,5.1932706260247485,77.08005560598066,75.28471995938209,75.0804361527966,-6.660023976577866,-11.753913716053145,-3.847909046651865
HSI,2013-08,21731.36914,-0.695912013285449,88.84743185966245,104.42809732498661,78.84740774093136,15.266434567502763,38.71087968624718,5.017247875956099
HSI,2013-09,22859.85938,5.192909074112784,98.07846705118816,97.374010403951,98.14722569783528,10.38976028717007,-6.754970263494176,24.47742863064981
HSI,2013-10,23206.36914,1.5158000503850744,73.56673326799947,80.33374651016727,65.35439909658125,-24.991962578693006,-17.499807005065403,-33.411873201809016
HSI,2013-11,23881.28906,2.9083391543430315,76.75024941762288,52.19944121042887,91.32140051523844,4.327385501849101,-35.02177667784688,39.732599148043505
HSI,2013-12,23306.39063,-2.4073174130408437,70.2421502144106,68.61865160542149,68.88867827384702,-8.47958052592066,31.45476276039567,-24.564584111528333
HSI,2014-01,22035.41992,-5.453314201144499,78.61989428920131,86.78251980197045,68.41249278283888,11.926947066993353,26.4707448654002,-0.6912391164121345
HSI,2014-02,22836.96094,3.6375118918087868,70.26414687292916,61.49816117967878,73.86041593551636,-10.628031863710918,-29.135312825656822,7.963345481315476
HSI,2014-03,22151.06055,-3.00346614333703,119.53876396917528,75.00083989481772,150.81426780454575,70.12768145517792,21.956231627297342,104.18821894560378
HSI,2014-04,22133.9707,-0.07715138497057517,92.7823445002238,61.30099623998006,112.3606637954712,-22.3830484610423,-18.266253650026478,-25.49732500038402
HSI,2014-05,23081.65039,4.281562051584342,83.18502376925561,75.96359517497402,92.24833537686256,-10.343908404842095,23.919022257963118,-17.89979494533681
HSI,2014-06,23190.7207,0.4725412098229187,98.1738182067871,105.45366484324137,96.13338797887167,18.018621331537332,38.82131908098889,4.211515130476329
HSI,2014-07,24756.84961,6.753256745487857,136.12800659671908,115.96761592741936,161.79567853866084,38.660193810520525,9.970209285573105,68.30331473828896
HSI,2014-08,24742.06055,-0.05973724538048675,132.44592408211,107.58255644767515,154.04245942638767,-2.7048677246242936,-7.230518117223495,-4.791981579669047
HSI,2014-09,22932.98047,-7.311759973847454,130.56609942118328,121.00510635375977,142.43847586313885,-1.419314844118058,12.476511387431977,-7.53297734044166
HSI,2014-10,23998.06055,4.644315994570758,80.79179345407793,74.09397866649013,83.08987451368763,-38.12192153075063,-38.76789096000993,-41.66613058010812
HSI,2014-11,23987.44922,-0.044217448230410294,84.14203809102376,77.99142316182454,87.09242757161458,4.1467635433172,5.26013660688609,4.817136963262114
HSI,2014-12,23605.03906,-1.5942093571214677,85.45243663172567,94.30592924548733,80.33614915417087,1.5573648683008257,20.918333609340344,-7.7575957012888885
HSI,2015-01,24507.05078,3.821267644197679,108.33973257003292,146.6483586834323,81.6583960748488,26.783666844919374,55.50279802841731,1.6458928323044741
HSI,2015-02,24823.28906,1.2903971303559691,112.50795323508126,110.62664944784981,116.82035664149693,3.8473610430540095,-24.56332246673284,43.05982269651534
HSI,2015-03,24900.89063,0.31261598659402257,103.47884836504537,80.65029876462874,119.2300068024666,-8.025303643352133,-27.096862132981926,2.0626971447831766
HSI,2015-04,28133.0,12.979894647246182,99.56071904500325,92.08395849863687,107.84801419576009,-3.786405996924136,14.17683493941706,-9.546248391618018
HSI,2015-05,27424.18945,-2.519498631500372,74.41008684712071,71.70904147240424,75.1276002699329,-25.261601602650142,-22.126456506031122,-30.339375434799198
HSI,2015-06,26250.0293,-4.281476220621727,85.28621266682943,88.44556840260823,80.42666390736898,14.61646704169861,23.33949330035976,7.053417942802098
HSI,2015-07,24636.2793,-6.14761218571287,106.23084825085056,89.69054517438335,118.30285398421749,24.558055668202016,1.4076191653921155,47.09407084256565
HSI,2015-08,21670.58008,-12.03793472174185,80.77308187177104,72.6687409493231,83.29964871560374,-23.96457036562888,-18.978370788097155,-29.58779445277242
HSI,2015-09,20846.30078,-3.80367898301317,96.26670481363932,79.88457260131835,111.3503412882487,19.18166619724222,9.929760111059792,33.674442815976114
HSI,2015-10,22640.03906,8.604587926318885,86.38631562263735,101.0595084159605,75.2390812904604,-10.263558111944526,26.506915071474868,-32.43030922043458
HSI,2015-11,21996.41992,-2.8428358197364334,146.2837247212728,206.72467168172201,112.25876941680909,69.33668679688365,104.55736914021405,49.20273811350009
HSI,2015-12,21914.40039,-0.37287672402283034,140.49793341852003,194.36913816390498,108.1629870014806,-3.9551845660048213,-5.976806453387384,-3.648518896658426
HSI,2016-01,19683.10938,-10.181848329366938,115.96384011545489,110.91858869983304,120.46343551143524,-17.462244964117836,-42.934053344261315,11.37214203393464
HSI,2016-02,19111.92969,-2.901877335398928,101.22297576378132,113.22725730106748,90.85711604151233,-12.711604183681224,2.0814082006417767,-24.57701736981631
HSI,2016-03,20776.69922,8.710630255567864,105.2873266896894,122.04758010372039,93.74349009606146,4.015245447232085,7.78992886774601,3.1768277272089085
HSI,2016-04,21067.05078,1.3974864675352583,83.62793006896973,90.3290501912435,79.78639167149862,-20.571703453499047,-25.98865941096199,-14.888605502377427
HSI,2016-05,20815.08984,-1.1959953133981127,84.68827352216167,88.0693675010435,82.82368420016381,1.2679298080407353,-2.5016123665817624,3.806780160168821
HSI,2016-06,20794.36914,-0.0995465316713795,88.54716021219889,97.87790400187174,80.03160365422566,4.556577350732516,11.137285050573364,-3.3711136770858907
HSI,2016-07,21891.36914,5.275466606437296,112.01366116923671,143.21993846278036,94.82303280984202,26.501697966147653,46.32509750110867,18.481985216143258
HSI,2016-08,22976.88086,4.958628731980719,98.61115221823415,123.22047128985005,80.60763149876749,-11.965066413420121,-13.964164059550777,-14.991506693929601
HSI,2016-09,23297.15039,1.393877314990788,103.71691958109538,119.65013109842936,94.2956667582194,5.177677420867943,-2.897521940994874,16.98106619056434
HSI,2016-10,22934.53906,-1.5564621592331962,86.16627822383758,100.4282025367983,80.40413419661984,-16.921676258939698,-16.065112829519823,-14.731888578950725
HSI,2016-11,22789.76953,-0.631229298401248,83.57939580281575,85.52786210378011,80.94508310953776,-3.0021981619094418,-14.836808841180337,0.6727874360229924
HSI,2016-12,22000.56055,-3.4629967580896537,101.61987716920915,112.50576536117062,94.95736854307113,21.584843002401332,31.54282428415589,17.310854341296356
HSI,2017-01,23360.7793,6.182654968761692,104.88912440884498,102.22949655594364,108.44574915978217,3.2171336265169437,-9.133993064477785,14.204669762508138
HSI,2017-02,23740.73047,1.6264490371688867,113.19088404519218,94.91658476420811,125.99899278368268,7.91479544055298,-7.153426396591556,16.186197946807358
HSI,2017-03,24111.58984,1.5621228271330612,98.49747651623142,99.26259293094758,97.23793039014262,-12.981087348955,4.578765847439437,-22.826422464279194
HSI,2017-04,24615.13086,2.088377511982431,115.10228830973307,101.26866887410482,124.87095286051432,16.858108837707487,2.0209787835713477,28.417945918327536
HSI,2017-05,25660.65039,4.247466876964623,101.37748035307854,98.86025521063036,100.89005654858005,-11.924009642381684,-2.378241651885993,-19.204543380654638
HSI,2017-06,25764.58008,0.40501580599259235,126.94453862508138,146.7019323984782,113.13888193766276,25.21966237763813,48.393236580177735,12.140765708843393
HSI,2017-07,27323.99023,6.052534701353451,101.59804805632561,69.98286450293756,124.43094007430538,-19.96658607237466,-52.29588093437852,9.980705079677499
HSI,2017-08,27970.30078,2.365359321825533,137.11038946336316,109.75087941077447,156.3583743187689,34.9537634693037,56.82536030826179,25.658758364597812
HSI,2017-09,27554.30078,-1.4872918359800313,118.73107655843098,86.45641419092814,146.35588200887045,-13.40475581527194,-21.22485518558812,-6.397158037411099
HSI,2017-10,28245.53906,2.508640250097449,91.91498454924553,71.24007597277242,109.52413552807224,-22.585571348701183,-17.60001078063723,-25.16588057497128
HSI,2017-11,29177.34961,3.2989653623555215,93.25364055633545,80.09026870727538,105.41860446929931,1.45640671502556,12.423053476087631,-3.748517200321233
HSI,2017-12,29919.15039,2.542385754413279,84.61367348701724,64.52695954230524,98.77827345940375,-9.265018521286283,-19.432209950316203,-6.29901244028458
HSI,2018-01,32887.26953,9.920465993553229,91.99991103141538,75.9898567199707,106.7695834867416,8.729366354164325,17.76450844572981,8.09014953133611
HSI,2018-02,30844.7207,-6.210758324392874,65.82219927651542,53.66386883599417,76.22563787869045,-28.45406203269154,-29.380221055357104,-28.60734734611382
HSI,2018-03,30093.38086,-2.4358782409075297,109.2456529678837,64.72115756619361,142.5100219480453,65.97083380479091,20.60471779251023,86.95812316433921
HSI,2018-04,30808.44922,2.376164922534385,122.0270450592041,94.80569979349772,144.06638272603354,11.699680256456425,46.483319147274415,1.092106194858089
HSI,2018-05,30468.56055,-1.1032319983809935,122.07622054315382,62.3412499273977,166.9032696139428,0.0402988402496085,-34.24314143222706,15.851641761102208
HSI,2018-06,28955.10938,-4.967255238449386,103.35734113057454,56.24654754002889,136.8462231318156,-15.333763880707775,-9.776355774814693,-18.008662473569824
HSI,2018-07,28583.00977,-1.2850913637267092,109.5580127469955,85.10936841657085,127.5609563396823,5.999256123072527,51.3148311120806,-6.7851830906501265
HSI,2018-08,27888.55078,-2.4296216374277146,113.04493135021579,67.86267332876882,146.81783097790134,3.182714359079064,-20.264155883976787,15.096213755986486
HSI,2018-09,27788.51953,-0.3586821373010807,73.96346220970153,49.602893877029416,88.1794579188029,-34.571624462700555,-26.906955703436154,-39.939544582922316
HSI,2018-10,24979.68945,-10.107879539849673,92.58265267649004,61.918164991563366,115.57533417978594,25.17349771161239,24.8277270779095,31.06832011397669
HSI,2018-11,26506.75,6.113208705242723,79.83305384318034,48.951593685150144,103.46333103179931,-13.771045076727717,-20.94146573655724,-10.479747459908284
HSI,2018-12,25845.69922,-2.4938960076207106,86.58019570381411,64.75931516770393,99.9929014944261,8.45156427798377,32.292557386848046,-3.3542603961847828
HSI,2019-01,27942.4707,8.112651401504634,87.5074286307058,54.891605531015706,113.59607076644897,1.0709526807535674,-15.237513879098808,13.60413496230144
HSI,2019-02,28633.17969,2.471896624374015,98.55523300170898,57.736959321158274,130.96962765284948,12.624990293825844,5.183586383777472,15.294153018831214
HSI,2019-03,29051.35938,1.4604724118224555,79.65598315577353,67.75160512616557,85.8987022830594,-19.17630273940678,17.345294803804002,-34.41326525662569
HSI,2019-04,29699.10938,2.229671911483555,78.96416734059652,57.763711071014406,93.91384995778402,-0.8685045212788456,-14.741929783880291,9.330929876347316
HSI,2019-05,26901.08984,-9.42122372829215,105.10344554531959,63.40447973435925,133.1031727944651,33.10270858929771,9.765246309071296,41.729013190596916
HSI,2019-06,28542.61914,6.1020921820020835,103.3317710240682,51.50454092025757,138.8043354034424,-1.685648374379367,-18.768293445444108,4.283265747376963
HSI,2019-07,27777.75,-2.679744056592559,93.06078184804609,47.329337519984094,126.32542345600743,-9.939817225846037,-8.10647629446455,-8.990289756558633
HSI,2019-08,25724.73047,-7.390877698877707,106.01592488442698,74.11447860348609,125.86253258489793,13.921162899248628,56.593103742879094,-0.3664273259061712
HSI,2019-09,26092.26953,1.428738234706195,92.55197461446126,70.08315865198772,112.63771381378174,-12.699931906120154,-5.439314999523937,-10.507351552135392
HSI,2019-10,26906.7207,3.1214270918962006,95.20806701721683,69.20361838802215,118.00913903021043,2.8698387190764008,-1.2549951812718674,4.768762641355617
HSI,2019-11,26346.49023,-2.0821209550073605,73.70891914367675,52.628954823811846,86.17964719136556,-22.581225044357122,-23.95057361202817,-26.972056656303966
HSI,2019-12,28189.75,6.996225128693356,72.31251805828464,60.52569272441249,79.17934866874448,-1.8944804802661475,15.004550113215975,-8.122913879046889
HSI,2020-01,26312.63086,-6.658871185448612,139.8703630508915,84.9525350447624,191.54257983546103,93.42482713456963,40.35780710775339,141.90976947385673
HSI,2020-02,26129.92969,-0.694347786703986,75.72699855935984,56.10202249987372,87.16311290346343,-45.859153499296525,-33.960743525413385,-54.49413233426306
HSI,2020-03,23603.48047,-9.668794558474769,82.76741433912709,64.03543063132993,98.19669649677891,9.297101316181845,14.141037663079015,12.658546976787765
HSI,2020-04,24643.58984,4.4065932196820645,69.76431941986084,47.72460098266602,82.26346549987792,-15.71040369340041,-25.47157017272198,-16.225831993669605
HSI,2020-05,22961.4707,-6.825787764368984,69.50140085527974,42.106849024372714,85.36720494301089,-0.37686680923350035,-11.771186856719284,3.772925714073616
HSI,2020-06,24427.18945,6.38338357830015,71.60573234558106,51.320197105407715,86.46775321960449,3.027754065969246,21.88087756388999,1.289193288369117
HSI,2020-07,24595.34961,0.6884138690789854,68.53134112204275,36.44394225458945,92.3572107745755,-4.293498750492198,-28.98713506548618,6.811160618471734
HSI,2020-08,25177.05078,2.3650859988731066,64.93029563657699,27.294767964270807,89.9976692199707,-5.254596548829982,-25.104787584187527,-2.5547994951514386
HSI,2020-09,23459.05078,-6.823674524121525,83.04108727773031,49.94818175633748,105.76334724426269,27.892667765632396,82.9954437484879,17.517873697104093
HSI,2020-10,24107.41992,2.7638336524373086,76.71051840628347,43.048690057569935,98.63585779743809,-7.62341761045866,-13.813299015418378,-6.739092164285898
HSI,2020-11,26341.49023,9.26714811213194,70.364892578125,62.07505849202474,79.94887498219808,-8.272171743840929,44.197322633999846,-18.94542535800341
HSI,2020-12,27231.13086,3.3773359906069444,62.28910067773634,29.27726056498866,85.56250313789614,-11.477018729790899,-52.8357100642118,7.021522387836021
HSI,2021-01,28283.71094,3.865355740866949,74.98195703567997,47.25387308674474,95.04665202479208,20.377331218205175,61.40127926877659,11.084468708928341
HSI,2021-02,28980.21094,2.4625481482169365,72.32457787649972,46.01375893184117,91.39712776456561,-3.544024808415902,-2.6243651025749215,-3.8397188985410335
HSI,2021-03,28378.34961,-2.0768010669283243,77.55295372009277,49.825385385943996,99.19816903145083,7.229044395559336,8.283666760954866,8.535324312357284
HSI,2021-04,28724.88086,1.2211113569405407,84.63264045715331,65.75086024602254,105.25555461247762,9.128842161979843,31.96257236491182,6.106348171715048
HSI,2021-05,29151.80078,1.4862373914820814,90.02756192607265,52.68410350430396,115.80485919214064,6.3745163092844725,-19.87313427204783,10.022563292267739
IXIC,2000-02,4696.689941,19.194737122061678,63.89095319550613,69.82025521377037,56.801463094250906,-2.9042100082795064,5.873836985806324,-14.821458008439558
IXIC,2000-03,4572.830078,-2.6371735106198613,50.673104070848034,41.77679486428538,55.219184998543035,-20.688138873451322,-40.16522177357223,-2.785629118535893
IXIC,2000-04,3860.659912,-15.5739477271694,49.652309608459475,41.48203840255737,54.45606384277344,-2.0144699660817,-0.7055506835446423,-1.3819855468524822
IXIC,2000-05,3400.909912,-11.908585850076292,79.68136535152313,82.95394897460938,78.51787874775547,60.478668524912834,99.97558502210744,44.1857402225283
IXIC,2000-06,3966.110107,16.619087527302902,64.1265432993571,52.05603179931641,72.9901512145996,-19.521279515661185,-37.24707208905779,-7.040087711633303
IXIC,2000-07,3766.98999,-5.02053931000459,51.13137294400123,40.80166629052931,56.502953067902595,-20.264885157915803,-21.61971460324582,-22.58825043151742
IXIC,2000-08,4206.350098,11.663426480196183,47.5130286985828,41.88413973777525,50.82666443240258,-7.076563833678429,2.6530128439808287,-10.046003487071765
IXIC,2000-09,3672.820068,-12.683918779220926,52.75809377034505,36.65586573282878,63.30135205586751,11.039214328003254,-12.482705954280583,24.54358900544371
IXIC,2000-10,3369.629883,-8.254969734063211,74.84650722626716,74.61284114468482,80.27979493910267,41.86734560970407,103.54952653010727,26.82161175364879
IXIC,2000-11,2597.929932,-22.901623554957062,45.440477244059245,47.08891073862711,44.53256746927897,-39.28844654475468,-36.88899924435919,-44.52829942694827
IXIC,2000-12,2470.52002,-4.904285925137108,46.011570776662516,44.53382098290228,46.60758584545505,1.2567947504951382,-5.426096538752367,4.659552534462641
IXIC,2001-01,2772.72998,12.232645659758724,47.34544200281943,39.250703688590754,53.58126591097924,2.8989908486964033,-11.863157433402927,14.962542983127358
IXIC,2001-02,2151.830078,-22.39308935520653,56.336307116917204,45.95857455049242,65.78157465798515,18.989927506775352,17.089810453134604,22.769728448140224
IXIC,2001-03,1840.26001,-14.479306297715944,61.72149381329936,57.44915543833086,65.804611175291,9.558998400811113,25.002039336999694,0.035019710953454464
IXIC,2001-04,2116.23999,14.99679276299657,49.026970354715985,47.12476806640625,50.69535102844238,-20.567427445911946,-17.97134752138766,-22.96079237760469
IXIC,2001-05,2110.48999,-0.27170831414068397,59.95146006922568,56.56440058062154,60.64858498111848,22.282612275385794,20.031149014703598,19.633425453730236
IXIC,2001-06,2160.540039,2.3714895231509603,70.94172350565593,62.602798779805504,78.85646438598633,18.33193624265337,10.675262421595733,30.02193606089316
IXIC,2001-07,2027.130005,-6.174846639812726,59.984781203731416,53.3461978666244,62.87733785567745,-15.444990282835402,-14.786241340007166,-20.26355943641387
IXIC,2001-08,1805.430054,-10.936641974277329,64.13564220551521,73.31873946036062,56.88255968401509,6.919856867837648,37.43948471017813,-9.534083942011339
IXIC,2001-09,1498.800049,-16.98376540928015,472.49111404418943,791.8359584172566,249.4176373163859,636.705984061322,979.9912331353685,338.47822373309316
IXIC,2001-10,1690.199951,12.770209216880012,504.05423072076616,840.6995652721774,257.8192534908172,6.680150322070344,6.170925472062505,3.368493208751655
IXIC,2001-11,1930.579956,14.221986271966225,296.1777104695638,494.21396484375,141.4245381673177,-41.24090377218973,-41.21396212644078,-45.14585848323587
IXIC,2001-12,1950.400024,1.0266380285572696,231.22251793646043,376.6929409888483,121.45619632351783,-21.93115492388762,-23.77938144505022,-14.119432244619079
IXIC,2002-01,1934.030029,-0.8393147456195904,169.9862031013735,259.16573752126385,104.05673919185516,-26.483715938044828,-31.199736092496554,-14.325705611030715
IXIC,2002-02,1731.48999,-10.472435068897267,143.41856629507882,209.38243239266532,93.08014828818185,-15.629290096238414,-19.20906119950132,-10.548659307337282
IXIC,2002-03,1845.349976,6.575838535456957,150.27259728216356,217.83082137569303,97.68620583318895,4.7790402345696315,4.034908223429179,4.948485396420366
IXIC,2002-04,1688.22998,-8.514373860972157,154.13523864746094,219.28201649983723,99.5971280415853,2.5704229747520735,0.6662028426368982,1.9561842863049517
IXIC,2002-05,1615.72998,-4.2944386048635375,159.16512766192037,205.2949966922883,137.87667772846837,3.2632959591828437,-6.378553075536553,38.434391070895146
IXIC,2002-06,1463.209961,-9.439697281596526,147.7977030436198,185.49468332926432,127.91307754516602,-7.141906512616192,-9.644810483473298,-7.2264579822009285
IXIC,2002-07,1328.26001,-9.222869895429863,119.37826931861139,161.98243344214654,92.84361993112871,-19.228603110713394,-12.675430618883077,-27.416631893368603
IXIC,2002-08,1314.849976,-1.0095940477798493,127.00253000567037,157.38569099672378,101.13534890451739,6.386640324555559,-2.8378030553939837,8.930854892925822
IXIC,2002-09,1172.060059,-10.859787778556418,170.25116170247395,185.25534108479818,167.88976720174153,34.05336231874485,17.707867793810127,66.00503090195247
IXIC,2002-10,1329.75,13.454083669956374,168.296264894547,195.84739069784843,161.10799457180886,-1.1482428597716532,5.717540747287764,-4.039419878272565
IXIC,2002-11,1478.780029,11.207371987215641,156.04842834472657,175.04123814900717,151.88629328409831,-7.277545082473935,-10.623655732508986,-5.723925316195444
IXIC,2002-12,1335.51001,-9.688392877261398,175.05461046772618,174.67416357224988,183.75799191382623,12.179669045440855,-0.20970748415570784,20.983920234403875
IXIC,2003-01,1320.910034,-1.093213520728309,205.2729772752331,176.48827115951045,244.28261073943108,17.26225132075463,1.0385666375383629,32.93713552006381
IXIC,2003-02,1337.52002,1.2574653513457879,236.19078636169434,210.63462039402552,291.2838772365025,15.061801848864963,19.34765920147381,19.240528973716554
IXIC,2003-03,1341.170044,0.2728949059020547,349.2410371841923,413.45056693784653,352.7903245495212,47.86395462919402,96.28803952760548,21.115637396943754
IXIC,2003-04,1464.310059,9.181536342158259,252.85915400187176,326.76046600341795,210.79934641520182,-27.597525181866878,-20.967464520966683,-40.2479796790425
IXIC,2003-05,1595.910034,8.987165948301401,159.68020999047064,183.58484895767705,150.55725589875252,-36.85013674083216,-43.81668896391011,-28.577930406763798
IXIC,2003-06,1622.800049,1.6849330117063355,145.7216801961263,176.93343124389648,127.7050184249878,-8.741552754206271,-3.623075516059593,-15.178436494042181
IXIC,2003-07,1735.02002,6.91520628614426,133.95684691398375,166.529414761451,106.6518937387774,-8.073495492440319,-5.880186920754349,-16.485745780285622
IXIC,2003-08,1810.449951,4.347496289985187,137.39681588449787,179.2770211004442,108.98332251271894,2.5679680059377485,7.654867674430843,2.186017230647508
IXIC,2003-09,1786.939941,-1.298572765682604,118.71830571492514,145.99144999186197,97.7679594039917,-13.59457280674885,-18.56655744515813,-10.290898506437395
IXIC,2003-10,1932.209961,8.129541271471297,107.55338336575416,129.5931615521831,91.48407450029927,-9.404549940243411,-11.232362196959455,-6.4273458728196236
IXIC,2003-11,1960.26001,1.451708125212381,117.27323557535807,152.34808400472005,93.18425509134929,9.037235190035675,17.55873703519013,1.85844432524096
IXIC,2003-12,2003.369995,2.199197289139221,131.9601605323053,166.63024114793348,112.74830061389554,12.52368017722989,9.374687733369157,20.995011982837084
IXIC,2004-01,2066.149902,3.133715047978458,114.1432640321793,127.11111671693864,107.96992640341482,-13.501723875035932,-23.716658008020264,-4.238089784469723
IXIC,2004-02,2029.819946,-1.7583407653449123,114.83697246683055,130.29377562424233,103.49829351490942,0.6077524070589702,2.503839939028385,-4.141554076639597
IXIC,2004-03,1994.219971,-1.753848910104272,137.0413291685043,182.14090384206463,107.18084593742124,19.33554692769983,39.792482771660254,3.558080329103519
IXIC,2004-04,1920.150024,-3.7142315329866893,148.72968673706055,203.51488087972004,120.71956570943196,8.529074870679644,11.734858335933641,12.631659746290346
IXIC,2004-05,1986.73999,3.4679564183886846,121.83138078258884,160.97313985516948,91.7239502937563,-18.08536449217786,-20.903503881710396,-24.018985858073037
IXIC,2004-06,2047.790039,3.0728756307965455,136.9921531677246,177.06919593811034,107.51701380411784,12.444061856436273,9.9992185636826,17.21803679386078
IXIC,2004-07,1887.359985,-7.834301903252882,130.39895802159464,159.34060545890563,120.38267381729618,-4.812826861738328,-10.012238653526872,11.96616196634508
IXIC,2004-08,1838.099976,-2.609995411129795,139.9520955239573,177.53836158014113,126.08562567926222,7.326084232038577,11.420664600103292,4.737352711255904
IXIC,2004-09,1896.839966,3.1956907005584956,152.970458984375,188.2974100748698,129.69852345784506,9.302013958189859,6.060126047672232,2.8654319309747045
IXIC,2004-10,1974.98999,4.120011461209372,118.0625233804026,147.26095236501385,96.84527255642799,-22.82005024743897,-21.793426523253423,-25.33047410681982
IXIC,2004-11,2096.810059,6.168136021793202,124.46195271809896,154.47430343627929,99.13031984965006,5.420373167086323,4.898346068946902,2.3594825363217
IXIC,2004-12,2175.439941,3.7499763825770582,107.17075778592017,141.9146915558846,79.30897829609532,-13.892755620942731,-8.130550907824963,-19.995236153396423
IXIC,2005-01,2062.409912,-5.195731992860386,99.38704164566532,126.41269216229838,77.36354717131584,-7.26291042543833,-10.923463401589872,-2.4529771616982887
IXIC,2005-02,2051.719971,-0.518322809534677,109.60796138218471,108.7996129989624,105.78578090667725,10.283956104618763,-13.932999022537196,36.73853484564569
IXIC,2005-03,1999.22998,-2.558340891638178,90.47840487572455,87.14632021996283,87.85526915519468,-17.45270714392596,-19.901994301400748,-16.94983162935727
IXIC,2005-04,1921.650024,-3.880491828158761,86.93658548990885,102.42798690795898,72.97031523386637,-3.9145466707558807,17.535641951862413,-16.942585304740586
IXIC,2005-05,2068.219971,7.627296602890676,98.79405889203471,105.33132522336898,90.99365062098349,13.63922143399825,2.834516622902017,24.69954436862878
IXIC,2005-06,2056.959961,-0.5444300005746361,81.75722109476725,95.1893081665039,69.31578687032064,-17.244799928592734,-9.628680770281385,-23.82349054326638
IXIC,2005-07,2184.830078,6.216461157456621,164.77051716466104,237.00151295815743,116.65942007495511,101.53634744222848,148.97913171466425,68.30137165319535
IXIC,2005-08,2152.090088,-1.4985142473857849,116.88755367648217,143.29871208437027,94.36514368364888,-29.06039521641346,-39.53679438760814,-19.11056679090457
IXIC,2005-09,2151.689941,-0.018593413083911603,103.76748135884603,130.99529851277669,78.09897527694702,-11.224524686306193,-8.585850767695435,-17.237475376748023
IXIC,2005-10,2120.300049,-1.4588482941650827,87.41865994853359,105.815919445407,73.7711932274603,-15.755245474037638,-19.221589899208325,-5.541406957184714
IXIC,2005-11,2232.820068,5.306796981543638,82.0722770690918,93.67955487569174,70.19666430155436,-6.115837148029257,-11.469318258843575,-4.84542647274867
IXIC,2005-12,2205.320068,-1.231626336314351,95.3541398817493,131.53387844947076,69.47696587347215,16.183129415888263,40.40830854075885,-1.0252601533749406
IXIC,2006-01,2305.820068,4.557161631923257,93.70335646598569,99.09636282151745,89.04377758887506,-1.7312131574054201,-24.660958842184765,28.163019886385033
IXIC,2006-02,2281.389893,-1.0595004935137875,96.56065307344709,102.5961035319737,90.61754550252643,3.0493001694113175,3.5316540494625848,1.7674091960896199
IXIC,2006-03,2339.790039,2.5598494224590596,91.85162070489699,96.46455383300781,86.54391436423025,-4.876761101613781,-5.976396264459504,-4.495411032935781
IXIC,2006-04,2322.570068,-0.7359622322077874,89.32775522867838,92.80472908020019,86.14640655517579,-2.7477636832640484,-3.7939580989958643,-0.45931341559326544
IXIC,2006-05,2178.879883,-6.186688917580585,84.38873118738974,80.68312811082409,83.90371753323463,-5.529103500524313,-13.06140440203304,-2.603345991576267
IXIC,2006-06,2172.090088,-0.3116186005926891,102.32296142578124,114.45484237670898,90.22701250712076,21.25192544792216,41.857219788872115,7.536370449118013
IXIC,2006-07,2091.469971,-3.711637811221391,137.44066902898973,144.67092710925687,133.83614447809035,34.3204566344385,26.40000554375559,48.33267860611912
IXIC,2006-08,2183.75,4.412209129442002,147.491208968624,160.77977629630797,141.31128421906502,7.312638981344266,11.134821286439633,5.585292201986869
IXIC,2006-09,2258.429932,3.4198022667429884,113.61922556559244,117.84904912312825,111.18667894999186,-22.965425288660548,-26.701571654174238,-21.317904961059643
IXIC,2006-10,2366.709961,4.794482550278212,112.73245288479713,100.46679675194525,124.12324234747118,-0.7804776668569935,-14.749590684454382,11.634993975580254
IXIC,2006-11,2431.77002,2.748966289579058,87.80542017618815,84.66829687754313,86.73696505228678,-22.11167420803153,-15.7250956387203,-30.120287375772126
IXIC,2006-12,2415.290039,-0.677694883334401,91.50775527954102,79.05746866041615,96.69359145625945,4.216522278378543,-6.626834865052256,11.479103975992967
IXIC,2007-01,2463.929932,2.013832385121672,97.40868709933373,96.73051378803868,95.33105973274478,6.4485592524549995,22.35468125539841,-1.4091230897458562
IXIC,2007-02,2416.149902,-1.9391797380056253,95.05105536324638,89.62849848611015,97.72646740504673,-2.420350593251641,-7.342063040718328,2.5127253164051178
IXIC,2007-03,2421.639893,0.22722062879689808,86.13590178951141,82.20472852645382,85.6678963938067,-9.379331496809673,-8.282823080882917,-12.339104575693804
IXIC,2007-04,2525.090088,4.271906624062205,75.71304588317871,82.1852602005005,68.55693855285645,-12.100478069879417,-0.023682732492769087,-19.973594031412766
IXIC,2007-05,2604.52002,3.145627650176741,91.82276621172505,103.15781870195943,82.37121458976499,21.277337532296347,25.518637344815765,20.150077189135175
IXIC,2007-06,2603.22998,-0.04953081527857561,98.5847110748291,110.01365140279134,88.00655695597331,7.364126721593589,6.645965169775048,6.841397682763484
IXIC,2007-07,2546.27002,-2.1880494784406346,113.9830302576865,129.01673864549207,104.86104534518334,15.619378517191729,17.2733901660304,19.151400727609147
IXIC,2007-08,2596.360107,1.9671946261221818,83.12109104279548,100.07418700187436,73.35449858634702,-27.075906953096485,-22.433175685168337,-30.045997210043584
IXIC,2007-09,2701.5,4.049511187471033,92.71907399495443,90.46699282328288,93.58469161987304,11.546988654440726,-9.600072172868657,27.578667189324
IXIC,2007-10,2859.120117,5.834540699611335,100.96206135903635,95.91243030178931,103.74951417984501,8.890282235271773,6.019253330486496,10.861629593502276
IXIC,2007-11,2660.959961,-6.9308090563164,89.11012655893961,80.4546085993449,95.28441146214803,-11.738998432242253,-16.116598916121973,-8.159173355764459
IXIC,2007-12,2652.280029,-0.32619551316879214,94.64804052537487,85.06247354322865,97.48771335232642,6.2146853340762975,5.727285265696103,2.3123424454939867
IXIC,2008-01,2389.860107,-9.894125775962703,80.78886364352319,81.53163952981272,76.77330804640248,-14.642856634877798,-4.150871549275559,-21.248221538503877
IXIC,2008-02,2271.47998,-4.953433326631107,81.6396739565093,88.45064189516265,72.8041961275298,1.0531282092792749,8.48627895287195,-5.169911288013928
IXIC,2008-03,2279.100098,0.33546930050423196,78.19353657384073,84.13256103761735,72.61432629246866,-4.221155249228914,-4.881910142227531,-0.2607951809928011
IXIC,2008-04,2412.800049,5.866348350268913,71.86557184855143,70.36499150594075,69.58370641072591,-8.092695384500992,-16.364139355654284,-4.173583969554883
IXIC,2008-05,2522.659912,4.553210409852748,73.08874597857076,75.19145030360067,71.38500275150422,1.7020307479039154,6.85917626701118,2.588675472596913
IXIC,2008-06,2292.97998,-9.104672845810057,86.7860169728597,80.27725048065186,87.26098276774088,18.740602004999385,6.763801145630577,22.23993752791742
IXIC,2008-07,2325.550049,1.4204253540844203,89.47498493809854,87.2099857945596,84.52966382426601,3.0983884950956497,8.635989987697258,-3.130057508915207
IXIC,2008-08,2367.52002,1.804733078870835,88.47457368912235,105.41860654277187,75.39880838701802,-1.1180904357439236,20.879054826480868,-10.801954040927797
IXIC,2008-09,2091.879883,-11.642568369918148,89.21801058451335,95.21897468566894,82.42706019083658,0.8402831055205118,-9.675362055715087,9.321436179392805
IXIC,2008-10,1720.949951,-17.731894408202976,64.97080649099043,76.1353960960142,53.63574997071297,-27.17747676132537,-20.041781223387755,-34.929439620272106
IXIC,2008-11,1535.569946,-10.771957946381905,79.13092206319173,96.24985440572102,67.7355552037557,21.79458180831557,26.41932575531689,26.288073236119036
IXIC,2008-12,1577.030029,2.699980102371713,94.08670757662865,107.55399310204291,87.6594942154423,18.90005212057766,11.744577450134797,29.414299405612443
IXIC,2009-01,1476.420044,-6.379712697278006,86.23219754618984,91.03520405677057,87.53845571702526,-8.348161215059768,-15.358601358110413,-0.1380780250905378
IXIC,2009-02,1377.839966,-6.676966924190575,67.12189470018659,63.14009993416922,65.29873490333557,-22.161447104217558,-30.642106437423532,-25.40565815506419
IXIC,2009-03,1528.589966,10.941038416648752,72.05849173761183,73.33846209126133,69.22285332218293,7.35467474432232,16.151957579612763,6.0094861327044
IXIC,2009-04,1717.300049,12.345369732722688,85.95789963404337,83.50890401204427,85.18863232930501,19.28906303929281,13.86781455565156,23.06431798298285
IXIC,2009-05,1774.329956,3.3209052217292534,91.18033575242565,93.24943800895444,89.41171313870338,6.075574369099579,11.664066379682492,4.957329040186531
IXIC,2009-06,1835.040039,3.4215779762216902,81.25230356852214,73.67756567001342,81.75211544036866,-10.888347911835139,-20.988729537503048,-8.566660261226033
IXIC,2009-07,1978.5,7.817810944233017,81.08385159892421,76.3114563111336,80.97563048331968,-0.2073196231979657,3.5748882542032234,-0.9498041156076997
IXIC,2009-08,2009.060059,1.5446074804144505,73.76000755063949,78.4546751206921,65.25164118120748,-9.032432357199339,2.8085151472149406,-19.418174589392322
IXIC,2009-09,2122.419922,5.642432763131255,91.13029925028484,75.68046391805014,96.45980974833171,23.549742301368237,-3.5360686898189386,47.82740786619817
IXIC,2009-10,2045.109985,-3.642537284853098,90.38770306494928,89.20428694448164,89.28504986916819,-0.8148729801666255,17.869635473000866,-7.4380821379212865
IXIC,2009-11,2144.600098,4.864780560933979,81.02965710957845,82.64781697591145,73.95016460418701,-10.353229076577463,-7.349949417398238,-17.175199305428855
IXIC,2009-12,2269.149902,5.807600406068825,95.82213678667623,100.3492317199707,92.03632293208953,18.25563652218536,21.41788542245284,24.457225247174776
IXIC,2010-01,2147.350098,-5.367640273242746,93.6784295112856,102.653564453125,87.86365244465489,-2.2371733163945695,2.296313278794848,-4.53372142052385
IXIC,2010-02,2238.26001,4.233585947846685,81.47286292484829,81.01815795898438,80.05752774647304,-13.029217772023905,-21.07613759872904,-8.88436171384852
IXIC,2010-03,2397.959961,7.135004435878756,72.72510971561555,67.32707777330953,73.52030064982753,-10.73701462694614,-16.898779891547267,-8.165661969162553
IXIC,2010-04,2461.189941,2.6368238431150326,88.62468554178874,79.6067726135254,92.83870468139648,21.862566984562726,18.238865024799743,26.2762854080008
IXIC,2010-05,2257.040039,-8.294764195121507,87.13836805282101,83.16650359861312,86.94786573225453,-1.6770919748616664,4.471643389400404,-6.345240349225156
IXIC,2010-06,2109.23999,-6.5484017317426035,96.34650853474935,69.67944971720378,111.88416697184245,10.567262949366473,-16.216930251753723,28.67960131002669
IXIC,2010-07,2254.699951,6.896321029832175,79.39271330064342,81.76249122619629,76.34224307152533,-17.59668875597209,17.340896861315503,-31.766714506854075
IXIC,2010-08,2114.030029,-6.238964166278993,81.61330942953786,84.75737048733619,74.11711311340332,2.79697724964445,3.6629011863820837,-2.9146772070048788
IXIC,2010-09,2368.620117,12.042879453345744,71.82437750498454,70.37432320912679,69.72902139027913,-11.994283766920088,-16.969671422685785,-5.920483865055792
IXIC,2010-10,2507.409912,5.859521077435836,65.55662228984218,74.25972569373346,63.16021014798072,-8.726501270000398,5.521051297446489,-9.4204839123329
IXIC,2010-11,2498.22998,-0.3661121365145181,95.60385462443034,80.85895284016927,102.02185897827148,45.83401536726808,8.886683979486731,61.528688297965076
IXIC,2010-12,2652.870117,6.189988041052974,97.89414264309791,94.39043466506466,98.9651261606524,2.3956021728043453,16.73467358851721,-2.9961547929352017
IXIC,2011-01,2700.080078,1.7795805643658014,78.83949353618007,77.48969244187877,77.08557048920662,-19.46454465246935,-17.9051429132163,-22.108349193561573
IXIC,2011-02,2782.27002,3.0439816459399083,88.93610232216972,84.70568302699498,89.67357962472099,12.806536842294957,9.312194122500305,16.329916293837265
IXIC,2011-03,2781.070068,-0.04312852424006586,136.0791222356981,156.13775290212322,126.68266185637444,53.00774228080458,84.32972537670638,41.27088757528632
IXIC,2011-04,2873.540039,3.324978110547905,90.67220478057861,111.14294446309408,73.5580285390218,-33.36802641662523,-28.817379271004796,-41.935204501451274
IXIC,2011-05,2835.300049,-1.3307623864989737,104.47366776004914,120.63443325411889,96.0221432101342,15.221272067740333,8.53989323107822,30.539310415579468
IXIC,2011-06,2773.52002,-2.1789591201040515,84.53678283691406,97.33198216756185,72.88245728810628,-19.08316741489856,-19.316583547476828,-24.098281030229863
IXIC,2011-07,2756.379883,-0.6179921859731152,78.2851328695974,99.24549016644877,60.417874859225364,-7.395183206081024,1.9659601667134652,-17.102308144754364
IXIC,2011-08,2579.459961,-6.41856092083517,86.39183038280856,111.57653574789724,62.886020106654016,10.35534745366633,12.424791857813933,4.085124233812376
IXIC,2011-09,2415.399902,-6.360248326413154,83.14460322062175,93.88602275848389,70.98976675669353,-3.7587201796722147,-15.855047722026761,12.886404062931067
IXIC,2011-10,2684.409912,11.137286615655405,75.16556069158739,90.57414713213521,63.65037210526005,-9.59658500968753,-3.5275491804230286,-10.338665679221236
IXIC,2011-11,2620.340088,-2.386737722640331,83.25008093516031,70.99307772318522,95.16603965759278,10.75561755834511,-21.6188283621196,49.51372083137953
IXIC,2011-12,2605.149902,-0.5797028435188256,84.81960911904612,77.63644483012538,86.84766141829952,1.885317306908374,9.357767433106435,-8.740910380659695
IXIC,2012-01,2813.840088,8.010678611614107,77.90155767625377,61.71806113950668,91.26849322165212,-8.156193496580155,-20.503751460347488,5.090329124764548
IXIC,2012-02,2966.889893,5.439179207542799,91.4857845964103,77.98118065143454,103.34518873280493,17.437683308734808,26.350664962022897,13.232053126837195
IXIC,2012-03,3091.570068,4.202386320239482,88.0797755333685,86.14695296748992,86.66009946023264,-3.722992679209569,10.47146535592387,-16.145008274851524
IXIC,2012-04,3046.360107,-1.4623624891428433,98.3707051595052,88.1813424428304,104.64068247477213,11.683646516830692,2.3615338735291314,20.748398774675515
IXIC,2012-05,2827.340088,-7.189564309771868,77.68080416033345,69.08255398658014,79.93533497471964,-21.032583801878502,-21.65853674617435,-23.60969645434864
IXIC,2012-06,2935.050049,3.8095863124903317,77.59097859064738,81.92765919367473,70.51085557937623,-0.11563419129990704,18.59384817994694,-11.790129356840751
IXIC,2012-07,2939.52002,0.1522962445401177,81.20776933239353,89.00009404459307,77.46019707956621,4.661354718603983,8.632536216126097,9.8557044062058
IXIC,2012-08,3066.959961,4.3353996616086965,74.8681123795048,78.25724669425718,70.49690803404778,-7.806712344159738,-12.070602245603512,-8.989505976038025
IXIC,2012-09,3116.22998,1.6064774117212632,68.97198734283447,65.10240313212077,68.31967938741049,-7.87534886252107,-16.80974493458861,-3.0884030340532886
IXIC,2012-10,2977.22998,-4.460518026336424,81.94055532640026,86.90206847652313,75.07558896464687,18.802659577001602,33.48519301224788,9.888672836016443
IXIC,2012-11,3010.23999,1.1087490795722799,79.75129572550456,87.46022033691406,73.34758491516114,-2.6717656381202715,0.6422768412488677,-2.301685638855866
IXIC,2012-12,3019.51001,0.30794953328621144,74.97084549934634,85.26028196273312,64.21883093926215,-5.994197564654025,-2.515358829084069,-12.44588214657365
IXIC,2013-01,3142.129883,4.060919572841559,90.24035970626339,109.75873522604665,83.89209476594002,20.367269576878645,28.73372301773727,30.634727445108332
IXIC,2013-02,3160.189941,0.574771211645686,82.87265164511544,87.37166687420437,78.62591293879917,-8.164537558505069,-20.3966165478642,-6.2773278481525026
IXIC,2013-03,3267.52002,3.396317341799926,74.79130831072408,70.25588681620937,79.46081779849145,-9.751520162523587,-19.589622895300696,1.0618698447955044
IXIC,2013-04,3328.790039,1.8751229870046737,93.84421526590982,83.1100798924764,99.8020144144694,25.47476088535521,18.296250547507608,25.599027520157392
IXIC,2013-05,3455.909912,3.8188011713165437,83.38529759068643,96.31220405332503,76.66901059304514,-11.144978564302333,15.885105847484283,-23.178894691799336
IXIC,2013-06,3403.25,-1.5237640257099394,82.57989651362101,85.31224797566732,78.08507897059123,-0.965878998260461,-11.421144584716792,1.8469892419278766
IXIC,2013-07,3626.370117,6.556089532064946,77.08005560598066,75.28471995938209,75.0804361527966,-6.660023976577866,-11.753913716053145,-3.847909046651865
IXIC,2013-08,3589.870117,-1.0065161255574107,88.84743185966245,104.42809732498661,78.84740774093136,15.266434567502763,38.71087968624718,5.017247875956099
IXIC,2013-09,3771.47998,5.058953585534409,98.07846705118816,97.374010403951,98.14722569783528,10.38976028717007,-6.754970263494176,24.47742863064981
IXIC,2013-10,3919.709961,3.930286831325036,73.56673326799947,80.33374651016727,65.35439909658125,-24.991962578693006,-17.499807005065403,-33.411873201809016
IXIC,2013-11,4059.889893,3.5762832810271705,76.75024941762288,52.19944121042887,91.32140051523844,4.327385501849101,-35.02177667784688,39.732599148043505
IXIC,2013-12,4176.589844,2.874460984796956,70.2421502144106,68.61865160542149,68.88867827384702,-8.47958052592066,31.45476276039567,-24.564584111528333
IXIC,2014-01,4103.879883,-1.7408930183665072,78.61989428920131,86.78251980197045,68.41249278283888,11.926947066993353,26.4707448654002,-0.6912391164121345
IXIC,2014-02,4308.120117,4.976759550055299,70.26414687292916,61.49816117967878,73.86041593551636,-10.628031863710918,-29.135312825656822,7.963345481315476
IXIC,2014-03,4198.990234,-2.5331207124279054,119.53876396917528,75.00083989481772,150.81426780454575,70.12768145517792,21.956231627297342,104.18821894560378
IXIC,2014-04,4114.560059,-2.0107256815305896,92.7823445002238,61.30099623998006,112.3606637954712,-22.3830484610423,-18.266253650026478,-25.49732500038402
IXIC,2014-05,4242.620117,3.1123633186465938,83.18502376925561,75.96359517497402,92.24833537686256,-10.343908404842095,23.919022257963118,-17.89979494533681
IXIC,2014-06,4408.180176,3.9023069337885685,98.1738182067871,105.45366484324137,96.13338797887167,18.018621331537332,38.82131908098889,4.211515130476329
IXIC,2014-07,4369.77002,-0.8713381592050373,136.12800659671908,115.96761592741936,161.79567853866084,38.660193810520525,9.970209285573105,68.30331473828896
IXIC,2014-08,4580.27002,4.817187152563229,132.44592408211,107.58255644767515,154.04245942638767,-2.7048677246242936,-7.230518117223495,-4.791981579669047
IXIC,2014-09,4493.390137,-1.8968288467848815,130.56609942118328,121.00510635375977,142.43847586313885,-1.419314844118058,12.476511387431977,-7.53297734044166
IXIC,2014-10,4630.740234,3.0567142583283635,80.79179345407793,74.09397866649013,83.08987451368763,-38.12192153075063,-38.76789096000993,-41.66613058010812
IXIC,2014-11,4791.629883,3.4743829467848153,84.14203809102376,77.99142316182454,87.09242757161458,4.1467635433172,5.26013660688609,4.817136963262114
IXIC,2014-12,4736.049805,-1.1599409670014382,85.45243663172567,94.30592924548733,80.33614915417087,1.5573648683008257,20.918333609340344,-7.7575957012888885
IXIC,2015-01,4635.240234,-2.128558084283061,108.33973257003292,146.6483586834323,81.6583960748488,26.783666844919374,55.50279802841731,1.6458928323044741
IXIC,2015-02,4963.529785,7.0824711218193,112.50795323508126,110.62664944784981,116.82035664149693,3.8473610430540095,-24.56332246673284,43.05982269651534
IXIC,2015-03,4900.879883,-1.2622046147346744,103.47884836504537,80.65029876462874,119.2300068024666,-8.025303643352133,-27.096862132981926,2.0626971447831766
IXIC,2015-04,4941.419922,0.8271991962223835,99.56071904500325,92.08395849863687,107.84801419576009,-3.786405996924136,14.17683493941706,-9.546248391618018
IXIC,2015-05,5070.029785,2.6026904215812108,74.41008684712071,71.70904147240424,75.1276002699329,-25.261601602650142,-22.126456506031122,-30.339375434799198
IXIC,2015-06,4986.870117,-1.640220502175993,85.28621266682943,88.44556840260823,80.42666390736898,14.61646704169861,23.33949330035976,7.053417942802098
IXIC,2015-07,5128.279785,2.8356396834547715,106.23084825085056,89.69054517438335,118.30285398421749,24.558055668202016,1.4076191653921155,47.09407084256565
IXIC,2015-08,4776.509766,-6.8594155106145305,80.77308187177104,72.6687409493231,83.29964871560374,-23.96457036562888,-18.978370788097155,-29.58779445277242
IXIC,2015-09,4620.160156,-3.273302424982427,96.26670481363932,79.88457260131835,111.3503412882487,19.18166619724222,9.929760111059792,33.674442815976114
IXIC,2015-10,5053.75,9.384736229044277,86.38631562263735,101.0595084159605,75.2390812904604,-10.263558111944526,26.506915071474868,-32.43030922043458
IXIC,2015-11,5108.669922,1.0867162404155417,146.2837247212728,206.72467168172201,112.25876941680909,69.33668679688365,104.55736914021405,49.20273811350009
IXIC,2015-12,5007.410156,-1.9821160408883487,140.49793341852003,194.36913816390498,108.1629870014806,-3.9551845660048213,-5.976806453387384,-3.648518896658426
IXIC,2016-01,4613.950195,-7.857554079698192,115.96384011545489,110.91858869983304,120.46343551143524,-17.462244964117836,-42.934053344261315,11.37214203393464
IXIC,2016-02,4557.950195,-1.213710543748081,101.22297576378132,113.22725730106748,90.85711604151233,-12.711604183681224,2.0814082006417767,-24.57701736981631
IXIC,2016-03,4869.850098,6.842986203362833,105.2873266896894,122.04758010372039,93.74349009606146,4.015245447232085,7.78992886774601,3.1768277272089085
IXIC,2016-04,4775.359863,-1.9403109561587195,83.62793006896973,90.3290501912435,79.78639167149862,-20.571703453499047,-25.98865941096199,-14.888605502377427
IXIC,2016-05,4948.049805,3.6162707514049375,84.68827352216167,88.0693675010435,82.82368420016381,1.2679298080407353,-2.5016123665817624,3.806780160168821
IXIC,2016-06,4842.669922,-2.1297255919597524,88.54716021219889,97.87790400187174,80.03160365422566,4.556577350732516,11.137285050573364,-3.3711136770858907
IXIC,2016-07,5162.129883,6.596773394542321,112.01366116923671,143.21993846278036,94.82303280984202,26.501697966147653,46.32509750110867,18.481985216143258
IXIC,2016-08,5213.220215,0.9897141908081775,98.61115221823415,123.22047128985005,80.60763149876749,-11.965066413420121,-13.964164059550777,-14.991506693929601
IXIC,2016-09,5312.0,1.8947940222394655,103.71691958109538,119.65013109842936,94.2956667582194,5.177677420867943,-2.897521940994874,16.98106619056434
IXIC,2016-10,5189.140137,-2.312873926957826,86.16627822383758,100.4282025367983,80.40413419661984,-16.921676258939698,-16.065112829519823,-14.731888578950725
IXIC,2016-11,5323.680176,2.5927231766336822,83.57939580281575,85.52786210378011,80.94508310953776,-3.0021981619094418,-14.836808841180337,0.6727874360229924
IXIC,2016-12,5383.120117,1.1165197576662234,101.61987716920915,112.50576536117062,94.95736854307113,21.584843002401332,31.54282428415589,17.310854341296356
IXIC,2017-01,5614.790039,4.303636496395136,104.88912440884498,102.22949655594364,108.44574915978217,3.2171336265169437,-9.133993064477785,14.204669762508138
IXIC,2017-02,5825.439941,3.7516968673242834,113.19088404519218,94.91658476420811,125.99899278368268,7.91479544055298,-7.153426396591556,16.186197946807358
IXIC,2017-03,5911.740234,1.4814382067972254,98.49747651623142,99.26259293094758,97.23793039014262,-12.981087348955,4.578765847439437,-22.826422464279194
IXIC,2017-04,6047.609863,2.298301745712328,115.10228830973307,101.26866887410482,124.87095286051432,16.858108837707487,2.0209787835713477,28.417945918327536
IXIC,2017-05,6198.52002,2.495368590544955,101.37748035307854,98.86025521063036,100.89005654858005,-11.924009642381684,-2.378241651885993,-19.204543380654638
IXIC,2017-06,6140.419922,-0.937322099671134,126.94453862508138,146.7019323984782,113.13888193766276,25.21966237763813,48.393236580177735,12.140765708843393
IXIC,2017-07,6348.120117,3.3825079984489026,101.59804805632561,69.98286450293756,124.43094007430538,-19.96658607237466,-52.29588093437852,9.980705079677499
IXIC,2017-08,6428.660156,1.268722669319322,137.11038946336316,109.75087941077447,156.3583743187689,34.9537634693037,56.82536030826179,25.658758364597812
IXIC,2017-09,6495.959961,1.0468714065898777,118.73107655843098,86.45641419092814,146.35588200887045,-13.40475581527194,-21.22485518558812,-6.397158037411099
IXIC,2017-10,6727.669922,3.566985670957412,91.91498454924553,71.24007597277242,109.52413552807224,-22.585571348701183,-17.60001078063723,-25.16588057497128
IXIC,2017-11,6873.970215,2.1746056910667777,93.25364055633545,80.09026870727538,105.41860446929931,1.45640671502556,12.423053476087631,-3.748517200321233
IXIC,2017-12,6903.390137,0.4279902455178064,84.61367348701724,64.52695954230524,98.77827345940375,-9.265018521286283,-19.432209950316203,-6.29901244028458
IXIC,2018-01,7411.47998,7.360004764569195,91.99991103141538,75.9898567199707,106.7695834867416,8.729366354164325,17.76450844572981,8.09014953133611
IXIC,2018-02,7273.009766,-1.8683206913283734,65.82219927651542,53.66386883599417,76.22563787869045,-28.45406203269154,-29.380221055357104,-28.60734734611382
IXIC,2018-03,7063.450195,-2.8813321821682836,109.2456529678837,64.72115756619361,142.5100219480453,65.97083380479091,20.60471779251023,86.95812316433921
IXIC,2018-04,7066.27002,0.03992135460932911,122.0270450592041,94.80569979349772,144.06638272603354,11.699680256456425,46.483319147274415,1.092106194858089
IXIC,2018-05,7442.120117,5.318931995751841,122.07622054315382,62.3412499273977,166.9032696139428,0.0402988402496085,-34.24314143222706,15.851641761102208
IXIC,2018-06,7510.299805,0.9161325929724962,103.35734113057454,56.24654754002889,136.8462231318156,-15.333763880707775,-9.776355774814693,-18.008662473569824
IXIC,2018-07,7671.790039,2.1502501656789796,109.5580127469955,85.10936841657085,127.5609563396823,5.999256123072527,51.3148311120806,-6.7851830906501265
IXIC,2018-08,8109.540039,5.705969503527486,113.04493135021579,67.86267332876882,146.81783097790134,3.182714359079064,-20.264155883976787,15.096213755986486
IXIC,2018-09,8046.350098,-0.7792049943166957,73.96346220970153,49.602893877029416,88.1794579188029,-34.571624462700555,-26.906955703436154,-39.939544582922316
IXIC,2018-10,7305.899902,-9.202311445335276,92.58265267649004,61.918164991563366,115.57533417978594,25.17349771161239,24.8277270779095,31.06832011397669
IXIC,2018-11,7330.540039,0.33726354495022814,79.83305384318034,48.951593685150144,103.46333103179931,-13.771045076727717,-20.94146573655724,-10.479747459908284
IXIC,2018-12,6635.279785,-9.484434302262468,86.58019570381411,64.75931516770393,99.9929014944261,8.45156427798377,32.292557386848046,-3.3542603961847828
IXIC,2019-01,7281.740234,9.742776038795187,87.5074286307058,54.891605531015706,113.59607076644897,1.0709526807535674,-15.237513879098808,13.60413496230144
IXIC,2019-02,7532.529785,3.4440881292223224,98.55523300170898,57.736959321158274,130.96962765284948,12.624990293825844,5.183586383777472,15.294153018831214
IXIC,2019-03,7729.319824,2.6125358228503925,79.65598315577353,67.75160512616557,85.8987022830594,-19.17630273940678,17.345294803804002,-34.41326525662569
IXIC,2019-04,8095.390137,4.736125834298255,78.96416734059652,57.763711071014406,93.91384995778402,-0.8685045212788456,-14.741929783880291,9.330929876347316
IXIC,2019-05,7453.149902,-7.933406841810376,105.10344554531959,63.40447973435925,133.1031727944651,33.10270858929771,9.765246309071296,41.729013190596916
IXIC,2019-06,8006.240234,7.420893706318488,103.3317710240682,51.50454092025757,138.8043354034424,-1.685648374379367,-18.768293445444108,4.283265747376963
IXIC,2019-07,8175.419922,2.113097821890819,93.06078184804609,47.329337519984094,126.32542345600743,-9.939817225846037,-8.10647629446455,-8.990289756558633
IXIC,2019-08,7962.879883,-2.599744612849264,106.01592488442698,74.11447860348609,125.86253258489793,13.921162899248628,56.593103742879094,-0.3664273259061712
IXIC,2019-09,7999.339844,0.4578740548107252,92.55197461446126,70.08315865198772,112.63771381378174,-12.699931906120154,-5.439314999523937,-10.507351552135392
IXIC,2019-10,8292.360352,3.6630586237661023,95.20806701721683,69.20361838802215,118.00913903021043,2.8698387190764008,-1.2549951812718674,4.768762641355617
IXIC,2019-11,8665.469727,4.499435132603846,73.70891914367675,52.628954823811846,86.17964719136556,-22.581225044357122,-23.95057361202817,-26.972056656303966
IXIC,2019-12,8972.599609,3.544295827876942,72.31251805828464,60.52569272441249,79.17934866874448,-1.8944804802661475,15.004550113215975,-8.122913879046889
IXIC,2020-01,9150.94043,1.9876159504667257,139.8703630508915,84.9525350447624,191.54257983546103,93.42482713456963,40.35780710775339,141.90976947385673
IXIC,2020-02,8567.370117,-6.377162188564267,75.72699855935984,56.10202249987372,87.16311290346343,-45.859153499296525,-33.960743525413385,-54.49413233426306
IXIC,2020-03,7700.100098,-10.122943297139697,82.76741433912709,64.03543063132993,98.19669649677891,9.297101316181845,14.141037663079015,12.658546976787765
IXIC,2020-04,8889.549805,15.447197982646287,69.76431941986084,47.72460098266602,82.26346549987792,-15.71040369340041,-25.47157017272198,-16.225831993669605
IXIC,2020-05,9489.870117,6.753101396229821,69.50140085527974,42.106849024372714,85.36720494301089,-0.37686680923350035,-11.771186856719284,3.772925714073616
IXIC,2020-06,10058.76953,5.994807157380189,71.60573234558106,51.320197105407715,86.46775321960449,3.027754065969246,21.88087756388999,1.289193288369117
IXIC,2020-07,10745.26953,6.824890439655995,68.53134112204275,36.44394225458945,92.3572107745755,-4.293498750492198,-28.98713506548618,6.811160618471734
IXIC,2020-08,11775.45996,9.587385659557302,64.93029563657699,27.294767964270807,89.9976692199707,-5.254596548829982,-25.104787584187527,-2.5547994951514386
IXIC,2020-09,11167.50977,-5.162857264728027,83.04108727773031,49.94818175633748,105.76334724426269,27.892667765632396,82.9954437484879,17.517873697104093
IXIC,2020-10,10911.58984,-2.2916472451852576,76.71051840628347,43.048690057569935,98.63585779743809,-7.62341761045866,-13.813299015418378,-6.739092164285898
IXIC,2020-11,12198.74023,11.796176440590989,70.364892578125,62.07505849202474,79.94887498219808,-8.272171743840929,44.197322633999846,-18.94542535800341
IXIC,2020-12,12888.28027,5.652551222496194,62.28910067773634,29.27726056498866,85.56250313789614,-11.477018729790899,-52.8357100642118,7.021522387836021
IXIC,2021-01,13070.69043,1.4153180733087911,74.98195703567997,47.25387308674474,95.04665202479208,20.377331218205175,61.40127926877659,11.084468708928341
IXIC,2021-02,13192.34961,0.9307785281239989,72.32457787649972,46.01375893184117,91.39712776456561,-3.544024808415902,-2.6243651025749215,-3.8397188985410335
IXIC,2021-03,13246.87012,0.41327368976542544,77.55295372009277,49.825385385943996,99.19816903145083,7.229044395559336,8.283666760954866,8.535324312357284
IXIC,2021-04,13962.67969,5.403612804501479,84.63264045715331,65.75086024602254,105.25555461247762,9.128842161979843,31.96257236491182,6.106348171715048
IXIC,2021-05,13748.74023,-1.5322235040113652,90.02756192607265,52.68410350430396,115.80485919214064,6.3745163092844725,-19.87313427204783,10.022563292267739
KS11,2000-02,828.380005,-12.23672494259479,63.89095319550613,69.82025521377037,56.801463094250906,-2.9042100082795064,5.873836985806324,-14.821458008439558
KS11,2000-03,860.940002,3.93056288218836,50.673104070848034,41.77679486428538,55.219184998543035,-20.688138873451322,-40.16522177357223,-2.785629118535893
KS11,2000-04,725.390015,-15.74441734442722,49.652309608459475,41.48203840255737,54.45606384277344,-2.0144699660817,-0.7055506835446423,-1.3819855468524822
KS11,2000-05,731.880005,0.8946897345974758,79.68136535152313,82.95394897460938,78.51787874775547,60.478668524912834,99.97558502210744,44.1857402225283
KS11,2000-06,821.219971,12.206914438112015,64.1265432993571,52.05603179931641,72.9901512145996,-19.521279515661185,-37.24707208905779,-7.040087711633303
KS11,2000-07,705.969971,-14.03399869339027,51.13137294400123,40.80166629052931,56.502953067902595,-20.264885157915803,-21.61971460324582,-22.58825043151742
KS11,2000-08,688.619995,-2.457608214613416,47.5130286985828,41.88413973777525,50.82666443240258,-7.076563833678429,2.6530128439808287,-10.046003487071765
KS11,2000-09,613.219971,-10.949438666822331,52.75809377034505,36.65586573282878,63.30135205586751,11.039214328003254,-12.482705954280583,24.54358900544371
KS11,2000-10,514.47998,-16.101887686237802,74.84650722626716,74.61284114468482,80.27979493910267,41.86734560970407,103.54952653010727,26.82161175364879
KS11,2000-11,509.230011,-1.0204418449868524,45.440477244059245,47.08891073862711,44.53256746927897,-39.28844654475468,-36.88899924435919,-44.52829942694827
KS11,2000-12,504.619995,-0.9052914990118288,46.011570776662516,44.53382098290228,46.60758584545505,1.2567947504951382,-5.426096538752367,4.659552534462641
KS11,2001-01,617.909973,22.450552717396775,47.34544200281943,39.250703688590754,53.58126591097924,2.8989908486964033,-11.863157433402927,14.962542983127358
KS11,2001-02,578.099976,-6.442685624043176,56.336307116917204,45.95857455049242,65.78157465798515,18.989927506775352,17.089810453134604,22.769728448140224
KS11,2001-03,523.219971,-9.493168531112339,61.72149381329936,57.44915543833086,65.804611175291,9.558998400811113,25.002039336999694,0.035019710953454464
KS11,2001-04,577.359985,10.34746703122309,49.026970354715985,47.12476806640625,50.69535102844238,-20.567427445911946,-17.97134752138766,-22.96079237760469
KS11,2001-05,612.159973,6.027433300560303,59.95146006922568,56.56440058062154,60.64858498111848,22.282612275385794,20.031149014703598,19.633425453730236
KS11,2001-06,595.130005,-2.78194732604643,70.94172350565593,62.602798779805504,78.85646438598633,18.33193624265337,10.675262421595733,30.02193606089316
KS11,2001-07,541.549988,-9.003077739291598,59.984781203731416,53.3461978666244,62.87733785567745,-15.444990282835402,-14.786241340007166,-20.26355943641387
KS11,2001-08,545.109985,0.6573718177240728,64.13564220551521,73.31873946036062,56.88255968401509,6.919856867837648,37.43948471017813,-9.534083942011339
KS11,2001-09,479.679993,-12.003080809462707,472.49111404418943,791.8359584172566,249.4176373163859,636.705984061322,979.9912331353685,338.47822373309316
KS11,2001-10,537.809998,12.118496882983386,504.05423072076616,840.6995652721774,257.8192534908172,6.680150322070344,6.170925472062505,3.368493208751655
KS11,2001-11,643.890015,19.724441232868273,296.1777104695638,494.21396484375,141.4245381673177,-41.24090377218973,-41.21396212644078,-45.14585848323587
KS11,2001-12,693.700012,7.735792734726599,231.22251793646043,376.6929409888483,121.45619632351783,-21.93115492388762,-23.77938144505022,-14.119432244619079
KS11,2002-01,748.070007,7.837681138745611,169.9862031013735,259.16573752126385,104.05673919185516,-26.483715938044828,-31.199736092496554,-14.325705611030715
KS11,2002-02,819.98999,9.614071186789342,143.41856629507882,209.38243239266532,93.08014828818185,-15.629290096238414,-19.20906119950132,-10.548659307337282
KS11,2002-03,895.580017,9.218408507645304,150.27259728216356,217.83082137569303,97.68620583318895,4.7790402345696315,4.034908223429179,4.948485396420366
KS11,2002-04,842.340027,-5.944749658254156,154.13523864746094,219.28201649983723,99.5971280415853,2.5704229747520735,0.6662028426368982,1.9561842863049517
KS11,2002-05,796.400024,-5.453854919327005,159.16512766192037,205.2949966922883,137.87667772846837,3.2632959591828437,-6.378553075536553,38.434391070895146
KS11,2002-06,742.719971,-6.7403379435357795,147.7977030436198,185.49468332926432,127.91307754516602,-7.141906512616192,-9.644810483473298,-7.2264579822009285
KS11,2002-07,717.98999,-3.3296507385823237,119.37826931861139,161.98243344214654,92.84361993112871,-19.228603110713394,-12.675430618883077,-27.416631893368603
KS11,2002-08,736.400024,2.564107335256849,127.00253000567037,157.38569099672378,101.13534890451739,6.386640324555559,-2.8378030553939837,8.930854892925822
KS11,2002-09,646.419983,-12.218907939633638,170.25116170247395,185.25534108479818,167.88976720174153,34.05336231874485,17.707867793810127,66.00503090195247
KS11,2002-10,658.919983,1.9337273488960305,168.296264894547,195.84739069784843,161.10799457180886,-1.1482428597716532,5.717540747287764,-4.039419878272565
KS11,2002-11,724.799988,9.99817985486715,156.04842834472657,175.04123814900717,151.88629328409831,-7.277545082473935,-10.623655732508986,-5.723925316195444
KS11,2002-12,627.549988,-13.41749470338015,175.05461046772618,174.67416357224988,183.75799191382623,12.179669045440855,-0.20970748415570784,20.983920234403875
KS11,2003-01,591.859985,-5.687196826143504,205.2729772752331,176.48827115951045,244.28261073943108,17.26225132075463,1.0385666375383629,32.93713552006381
KS11,2003-02,575.429993,-2.7759930416650924,236.19078636169434,210.63462039402552,291.2838772365025,15.061801848864963,19.34765920147381,19.240528973716554
KS11,2003-03,535.700012,-6.904398707628712,349.2410371841923,413.45056693784653,352.7903245495212,47.86395462919402,96.28803952760548,21.115637396943754
KS11,2003-04,599.349976,11.881643191002933,252.85915400187176,326.76046600341795,210.79934641520182,-27.597525181866878,-20.967464520966683,-40.2479796790425
KS11,2003-05,633.419983,5.684492928051776,159.68020999047064,183.58484895767705,150.55725589875252,-36.85013674083216,-43.81668896391011,-28.577930406763798
KS11,2003-06,669.929993,5.763949824740533,145.7216801961263,176.93343124389648,127.7050184249878,-8.741552754206271,-3.623075516059593,-15.178436494042181
KS11,2003-07,713.52002,6.506654046760985,133.95684691398375,166.529414761451,106.6518937387774,-8.073495492440319,-5.880186920754349,-16.485745780285622
KS11,2003-08,759.469971,6.439896528761713,137.39681588449787,179.2770211004442,108.98332251271894,2.5679680059377485,7.654867674430843,2.186017230647508
KS11,2003-09,697.52002,-8.156998086235056,118.71830571492514,145.99144999186197,97.7679594039917,-13.59457280674885,-18.56655744515813,-10.290898506437395
KS11,2003-10,782.359985,12.163086731188022,107.55338336575416,129.5931615521831,91.48407450029927,-9.404549940243411,-11.232362196959455,-6.4273458728196236
KS11,2003-11,796.179993,1.766451283931647,117.27323557535807,152.34808400472005,93.18425509134929,9.037235190035675,17.55873703519013,1.85844432524096
KS11,2003-12,810.710022,1.8249678625119614,131.9601605323053,166.63024114793348,112.74830061389554,12.52368017722989,9.374687733369157,20.995011982837084
KS11,2004-01,848.5,4.661343387216688,114.1432640321793,127.11111671693864,107.96992640341482,-13.501723875035932,-23.716658008020264,-4.238089784469723
KS11,2004-02,883.419983,4.115495934001179,114.83697246683055,130.29377562424233,103.49829351490942,0.6077524070589702,2.503839939028385,-4.141554076639597
KS11,2004-03,880.5,-0.3305316900444222,137.0413291685043,182.14090384206463,107.18084593742124,19.33554692769983,39.792482771660254,3.558080329103519
KS11,2004-04,862.840027,-2.0056755252697345,148.72968673706055,203.51488087972004,120.71956570943196,8.529074870679644,11.734858335933641,12.631659746290346
KS11,2004-05,803.840027,-6.837883982403614,121.83138078258884,160.97313985516948,91.7239502937563,-18.08536449217786,-20.903503881710396,-24.018985858073037
KS11,2004-06,785.789978,-2.2454777559863803,136.9921531677246,177.06919593811034,107.51701380411784,12.444061856436273,9.9992185636826,17.21803679386078
KS11,2004-07,735.340027,-6.420284352366745,130.39895802159464,159.34060545890563,120.38267381729618,-4.812826861738328,-10.012238653526872,11.96616196634508
KS11,2004-08,803.570007,9.278697948534242,139.9520955239573,177.53836158014113,126.08562567926222,7.326084232038577,11.420664600103292,4.737352711255904
KS11,2004-09,835.090027,3.922498316938783,152.970458984375,188.2974100748698,129.69852345784506,9.302013958189859,6.060126047672232,2.8654319309747045
KS11,2004-10,834.840027,-0.029936892061577236,118.0625233804026,147.26095236501385,96.84527255642799,-22.82005024743897,-21.793426523253423,-25.33047410681982
KS11,2004-11,878.059998,5.177036270686619,124.46195271809896,154.47430343627929,99.13031984965006,5.420373167086323,4.898346068946902,2.3594825363217
KS11,2004-12,895.919983,2.034027861499288,107.17075778592017,141.9146915558846,79.30897829609532,-13.892755620942731,-8.130550907824963,-19.995236153396423
KS11,2005-01,932.700012,4.1052805716914165,99.38704164566532,126.41269216229838,77.36354717131584,-7.26291042543833,-10.923463401589872,-2.4529771616982887
KS11,2005-02,1011.359985,8.433576925910891,109.60796138218471,108.7996129989624,105.78578090667725,10.283956104618763,-13.932999022537196,36.73853484564569
KS11,2005-03,965.679993,-4.516689673064345,90.47840487572455,87.14632021996283,87.85526915519468,-17.45270714392596,-19.901994301400748,-16.94983162935727
KS11,2005-04,911.299988,-5.631265573915645,86.93658548990885,102.42798690795898,72.97031523386637,-3.9145466707558807,17.535641951862413,-16.942585304740586
KS11,2005-05,970.210022,6.464395344642537,98.79405889203471,105.33132522336898,90.99365062098349,13.63922143399825,2.834516622902017,24.69954436862878
KS11,2005-06,1008.159973,3.911519170021527,81.75722109476725,95.1893081665039,69.31578687032064,-17.244799928592734,-9.628680770281385,-23.82349054326638
KS11,2005-07,1111.290039,10.22953387973875,164.77051716466104,237.00151295815743,116.65942007495511,101.53634744222848,148.97913171466425,68.30137165319535
KS11,2005-08,1083.329956,-2.5160023053171554,116.88755367648217,143.29871208437027,94.36514368364888,-29.06039521641346,-39.53679438760814,-19.11056679090457
KS11,2005-09,1221.01001,12.708967682234018,103.76748135884603,130.99529851277669,78.09897527694702,-11.224524686306193,-8.585850767695435,-17.237475376748023
KS11,2005-10,1158.109985,-5.151474966204406,87.41865994853359,105.815919445407,73.7711932274603,-15.755245474037638,-19.221589899208325,-5.541406957184714
KS11,2005-11,1297.439941,12.030805174346204,82.0722770690918,93.67955487569174,70.19666430155436,-6.115837148029257,-11.469318258843575,-4.84542647274867
KS11,2005-12,1379.369995,6.314747327483428,95.3541398817493,131.53387844947076,69.47696587347215,16.183129415888263,40.40830854075885,-1.0252601533749406
KS11,2006-01,1399.829956,1.4832830258860286,93.70335646598569,99.09636282151745,89.04377758887506,-1.7312131574054201,-24.660958842184765,28.163019886385033
KS11,2006-02,1371.589966,-2.017387174703389,96.56065307344709,102.5961035319737,90.61754550252643,3.0493001694113175,3.5316540494625848,1.7674091960896199
KS11,2006-03,1359.599976,-0.8741672290711433,91.85162070489699,96.46455383300781,86.54391436423025,-4.876761101613781,-5.976396264459504,-4.495411032935781
KS11,2006-04,1419.72998,4.422624673538533,89.32775522867838,92.80472908020019,86.14640655517579,-2.7477636832640484,-3.7939580989958643,-0.45931341559326544
KS11,2006-05,1317.699951,-7.1865798734488955,84.38873118738974,80.68312811082409,83.90371753323463,-5.529103500524313,-13.06140440203304,-2.603345991576267
KS11,2006-06,1295.150024,-1.711309694053409,102.32296142578124,114.45484237670898,90.22701250712076,21.25192544792216,41.857219788872115,7.536370449118013
KS11,2006-07,1297.819946,0.20614770107898472,137.44066902898973,144.67092710925687,133.83614447809035,34.3204566344385,26.40000554375559,48.33267860611912
KS11,2006-08,1352.73999,4.231715205893427,147.491208968624,160.77977629630797,141.31128421906502,7.312638981344266,11.134821286439633,5.585292201986869
KS11,2006-09,1371.410034,1.3801650086503248,113.61922556559244,117.84904912312825,111.18667894999186,-22.965425288660548,-26.701571654174238,-21.317904961059643
KS11,2006-10,1364.550049,-0.500214000913457,112.73245288479713,100.46679675194525,124.12324234747118,-0.7804776668569935,-14.749590684454382,11.634993975580254
KS11,2006-11,1432.209961,4.9584045707655955,87.80542017618815,84.66829687754313,86.73696505228678,-22.11167420803153,-15.7250956387203,-30.120287375772126
KS11,2006-12,1434.459961,0.15709987091760969,91.50775527954102,79.05746866041615,96.69359145625945,4.216522278378543,-6.626834865052256,11.479103975992967
KS11,2007-01,1360.22998,-5.1747684158609975,97.40868709933373,96.73051378803868,95.33105973274478,6.4485592524549995,22.35468125539841,-1.4091230897458562
KS11,2007-02,1417.339966,4.19855368869313,95.05105536324638,89.62849848611015,97.72646740504673,-2.420350593251641,-7.342063040718328,2.5127253164051178
KS11,2007-03,1452.550049,2.4842369399467046,86.13590178951141,82.20472852645382,85.6678963938067,-9.379331496809673,-8.282823080882917,-12.339104575693804
KS11,2007-04,1542.23999,6.174654089320142,75.71304588317871,82.1852602005005,68.55693855285645,-12.100478069879417,-0.023682732492769087,-19.973594031412766
KS11,2007-05,1700.910034,10.288284899161514,91.82276621172505,103.15781870195943,82.37121458976499,21.277337532296347,25.518637344815765,20.150077189135175
KS11,2007-06,1743.599976,2.509829511653061,98.5847110748291,110.01365140279134,88.00655695597331,7.364126721593589,6.645965169775048,6.841397682763484
KS11,2007-07,1933.27002,10.878071037550875,113.9830302576865,129.01673864549207,104.86104534518334,15.619378517191729,17.2733901660304,19.151400727609147
KS11,2007-08,1873.23999,-3.105103238501572,83.12109104279548,100.07418700187436,73.35449858634702,-27.075906953096485,-22.433175685168337,-30.045997210043584
KS11,2007-09,1946.47998,3.909802822434938,92.71907399495443,90.46699282328288,93.58469161987304,11.546988654440726,-9.600072172868657,27.578667189324
KS11,2007-10,2064.850098,6.081239941650973,100.96206135903635,95.91243030178931,103.74951417984501,8.890282235271773,6.019253330486496,10.861629593502276
KS11,2007-11,1906.0,-7.693057145110005,89.11012655893961,80.4546085993449,95.28441146214803,-11.738998432242253,-16.116598916121973,-8.159173355764459
KS11,2007-12,1897.130005,-0.46537224554039636,94.64804052537487,85.06247354322865,97.48771335232642,6.2146853340762975,5.727285265696103,2.3123424454939867
KS11,2008-01,1624.680054,-14.361163983593206,80.78886364352319,81.53163952981272,76.77330804640248,-14.642856634877798,-4.150871549275559,-21.248221538503877
KS11,2008-02,1711.619995,5.351203813080119,81.6396739565093,88.45064189516265,72.8041961275298,1.0531282092792749,8.48627895287195,-5.169911288013928
KS11,2008-03,1703.98999,-0.4457768092385517,78.19353657384073,84.13256103761735,72.61432629246866,-4.221155249228914,-4.881910142227531,-0.2607951809928011
KS11,2008-04,1825.469971,7.129148745762293,71.86557184855143,70.36499150594075,69.58370641072591,-8.092695384500992,-16.364139355654284,-4.173583969554883
KS11,2008-05,1852.02002,1.4544226649455982,73.08874597857076,75.19145030360067,71.38500275150422,1.7020307479039154,6.85917626701118,2.588675472596913
KS11,2008-06,1674.920044,-9.562530322971341,86.7860169728597,80.27725048065186,87.26098276774088,18.740602004999385,6.763801145630577,22.23993752791742
KS11,2008-07,1594.670044,-4.791273487201753,89.47498493809854,87.2099857945596,84.52966382426601,3.0983884950956497,8.635989987697258,-3.130057508915207
KS11,2008-08,1474.23999,-7.552035886867136,88.47457368912235,105.41860654277187,75.39880838701802,-1.1180904357439236,20.879054826480868,-10.801954040927797
KS11,2008-09,1448.060059,-1.7758255899706032,89.21801058451335,95.21897468566894,82.42706019083658,0.8402831055205118,-9.675362055715087,9.321436179392805
KS11,2008-10,1113.060059,-23.134399565674368,64.97080649099043,76.1353960960142,53.63574997071297,-27.17747676132537,-20.041781223387755,-34.929439620272106
KS11,2008-11,1076.069946,-3.3232809587321555,79.13092206319173,96.24985440572102,67.7355552037557,21.79458180831557,26.41932575531689,26.288073236119036
KS11,2008-12,1124.469971,4.497851201951497,94.08670757662865,107.55399310204291,87.6594942154423,18.90005212057766,11.744577450134797,29.414299405612443
KS11,2009-01,1162.109985,3.347356085154196,86.23219754618984,91.03520405677057,87.53845571702526,-8.348161215059768,-15.358601358110413,-0.1380780250905378
KS11,2009-02,1063.030029,-8.525867368741357,67.12189470018659,63.14009993416922,65.29873490333557,-22.161447104217558,-30.642106437423532,-25.40565815506419
KS11,2009-03,1206.26001,13.473747410008485,72.05849173761183,73.33846209126133,69.22285332218293,7.35467474432232,16.151957579612763,6.0094861327044
KS11,2009-04,1369.359985,13.52112924642177,85.95789963404337,83.50890401204427,85.18863232930501,19.28906303929281,13.86781455565156,23.06431798298285
KS11,2009-05,1395.890015,1.937403625825973,91.18033575242565,93.24943800895444,89.41171313870338,6.075574369099579,11.664066379682492,4.957329040186531
KS11,2009-06,1390.069946,-0.41694323603280736,81.25230356852214,73.67756567001342,81.75211544036866,-10.888347911835139,-20.988729537503048,-8.566660261226033
KS11,2009-07,1557.290039,12.029617177263962,81.08385159892421,76.3114563111336,80.97563048331968,-0.2073196231979657,3.5748882542032234,-0.9498041156076997
KS11,2009-08,1591.849976,2.2192357322334377,73.76000755063949,78.4546751206921,65.25164118120748,-9.032432357199339,2.8085151472149406,-19.418174589392322
KS11,2009-09,1673.140015,5.106639458843065,91.13029925028484,75.68046391805014,96.45980974833171,23.549742301368237,-3.5360686898189386,47.82740786619817
KS11,2009-10,1580.689941,-5.5255431805568245,90.38770306494928,89.20428694448164,89.28504986916819,-0.8148729801666255,17.869635473000866,-7.4380821379212865
KS11,2009-11,1555.599976,-1.5872793486702008,81.02965710957845,82.64781697591145,73.95016460418701,-10.353229076577463,-7.349949417398238,-17.175199305428855
KS11,2009-12,1682.77002,8.17498366945204,95.82213678667623,100.3492317199707,92.03632293208953,18.25563652218536,21.41788542245284,24.457225247174776
KS11,2010-01,1602.430054,-4.774268916438151,93.6784295112856,102.653564453125,87.86365244465489,-2.2371733163945695,2.296313278794848,-4.53372142052385
KS11,2010-02,1594.579956,-0.4898870924446519,81.47286292484829,81.01815795898438,80.05752774647304,-13.029217772023905,-21.07613759872904,-8.88436171384852
KS11,2010-03,1692.849976,6.162752744397348,72.72510971561555,67.32707777330953,73.52030064982753,-10.73701462694614,-16.898779891547267,-8.165661969162553
KS11,2010-04,1741.560059,2.877401050924555,88.62468554178874,79.6067726135254,92.83870468139648,21.862566984562726,18.238865024799743,26.2762854080008
KS11,2010-05,1641.25,-5.759781781950013,87.13836805282101,83.16650359861312,86.94786573225453,-1.6770919748616664,4.471643389400404,-6.345240349225156
KS11,2010-06,1698.290039,3.475402223914692,96.34650853474935,69.67944971720378,111.88416697184245,10.567262949366473,-16.216930251753723,28.67960131002669
KS11,2010-07,1759.329956,3.5941986114422564,79.39271330064342,81.76249122619629,76.34224307152533,-17.59668875597209,17.340896861315503,-31.766714506854075
KS11,2010-08,1742.75,-0.9424017333107937,81.61330942953786,84.75737048733619,74.11711311340332,2.79697724964445,3.6629011863820837,-2.9146772070048788
KS11,2010-09,1872.810059,7.462921187777938,71.82437750498454,70.37432320912679,69.72902139027913,-11.994283766920088,-16.969671422685785,-5.920483865055792
KS11,2010-10,1882.949951,0.5414266092427233,65.55662228984218,74.25972569373346,63.16021014798072,-8.726501270000398,5.521051297446489,-9.4204839123329
KS11,2010-11,1904.630005,1.1513876929382105,95.60385462443034,80.85895284016927,102.02185897827148,45.83401536726808,8.886683979486731,61.528688297965076
KS11,2010-12,2051.0,7.684956900592366,97.89414264309791,94.39043466506466,98.9651261606524,2.3956021728043453,16.73467358851721,-2.9961547929352017
KS11,2011-01,2069.72998,0.9132120916625963,78.83949353618007,77.48969244187877,77.08557048920662,-19.46454465246935,-17.9051429132163,-22.108349193561573
KS11,2011-02,1939.300049,-6.301784883069628,88.93610232216972,84.70568302699498,89.67357962472099,12.806536842294957,9.312194122500305,16.329916293837265
KS11,2011-03,2106.699951,8.631975340088282,136.0791222356981,156.13775290212322,126.68266185637444,53.00774228080458,84.32972537670638,41.27088757528632
KS11,2011-04,2192.360107,4.066082403397742,90.67220478057861,111.14294446309408,73.5580285390218,-33.36802641662523,-28.817379271004796,-41.935204501451274
KS11,2011-05,2142.469971,-2.2756360070914194,104.47366776004914,120.63443325411889,96.0221432101342,15.221272067740333,8.53989323107822,30.539310415579468
KS11,2011-06,2100.689941,-1.9500870754561417,84.53678283691406,97.33198216756185,72.88245728810628,-19.08316741489856,-19.316583547476828,-24.098281030229863
KS11,2011-07,2133.209961,1.5480637749195614,78.2851328695974,99.24549016644877,60.417874859225364,-7.395183206081024,1.9659601667134652,-17.102308144754364
KS11,2011-08,1880.109985,-11.864747522618568,86.39183038280856,111.57653574789724,62.886020106654016,10.35534745366633,12.424791857813933,4.085124233812376
KS11,2011-09,1769.650024,-5.875186126411647,83.14460322062175,93.88602275848389,70.98976675669353,-3.7587201796722147,-15.855047722026761,12.886404062931067
KS11,2011-10,1909.030029,7.876133874479585,75.16556069158739,90.57414713213521,63.65037210526005,-9.59658500968753,-3.5275491804230286,-10.338665679221236
KS11,2011-11,1847.51001,-3.222579952407867,83.25008093516031,70.99307772318522,95.16603965759278,10.75561755834511,-21.6188283621196,49.51372083137953
KS11,2011-12,1825.73999,-1.1783438185539175,84.81960911904612,77.63644483012538,86.84766141829952,1.885317306908374,9.357767433106435,-8.740910380659695
KS11,2012-01,1955.790039,7.123141833575097,77.90155767625377,61.71806113950668,91.26849322165212,-8.156193496580155,-20.503751460347488,5.090329124764548
KS11,2012-02,2030.25,3.8071551401331227,91.4857845964103,77.98118065143454,103.34518873280493,17.437683308734808,26.350664962022897,13.232053126837195
KS11,2012-03,2014.040039,-0.79842191848295,88.0797755333685,86.14695296748992,86.66009946023264,-3.722992679209569,10.47146535592387,-16.145008274851524
KS11,2012-04,1981.98999,-1.5913312734295637,98.3707051595052,88.1813424428304,104.64068247477213,11.683646516830692,2.3615338735291314,20.748398774675515
KS11,2012-05,1843.469971,-6.988936356838016,77.68080416033345,69.08255398658014,79.93533497471964,-21.032583801878502,-21.65853674617435,-23.60969645434864
KS11,2012-06,1854.01001,0.5717499696663131,77.59097859064738,81.92765919367473,70.51085557937623,-0.11563419129990704,18.59384817994694,-11.790129356840751
KS11,2012-07,1881.98999,1.5091601366273188,81.20776933239353,89.00009404459307,77.46019707956621,4.661354718603983,8.632536216126097,9.8557044062058
KS11,2012-08,1905.119995,1.2290184922822078,74.8681123795048,78.25724669425718,70.49690803404778,-7.806712344159738,-12.070602245603512,-8.989505976038025
KS11,2012-09,1996.209961,4.781324338575321,68.97198734283447,65.10240313212077,68.31967938741049,-7.87534886252107,-16.80974493458861,-3.0884030340532886
KS11,2012-10,1912.060059,-4.215483523478925,81.94055532640026,86.90206847652313,75.07558896464687,18.802659577001602,33.48519301224788,9.888672836016443
KS11,2012-11,1932.900024,1.089922092243234,79.75129572550456,87.46022033691406,73.34758491516114,-2.6717656381202715,0.6422768412488677,-2.301685638855866
KS11,2012-12,1997.050049,3.3188485800339507,74.97084549934634,85.26028196273312,64.21883093926215,-5.994197564654025,-2.515358829084069,-12.44588214657365
KS11,2013-01,1961.939941,-1.7580985522912096,90.24035970626339,109.75873522604665,83.89209476594002,20.367269576878645,28.73372301773727,30.634727445108332
KS11,2013-02,2026.48999,3.2901134051585013,82.87265164511544,87.37166687420437,78.62591293879917,-8.164537558505069,-20.3966165478642,-6.2773278481525026
KS11,2013-03,2004.890015,-1.0658811593735051,74.79130831072408,70.25588681620937,79.46081779849145,-9.751520162523587,-19.589622895300696,1.0618698447955044
KS11,2013-04,1963.949951,-2.042010469087996,93.84421526590982,83.1100798924764,99.8020144144694,25.47476088535521,18.296250547507608,25.599027520157392
KS11,2013-05,2001.050049,1.8890551656425503,83.38529759068643,96.31220405332503,76.66901059304514,-11.144978564302333,15.885105847484283,-23.178894691799336
KS11,2013-06,1863.319946,-6.882891463350893,82.57989651362101,85.31224797566732,78.08507897059123,-0.965878998260461,-11.421144584716792,1.8469892419278766
KS11,2013-07,1914.030029,2.721490912436142,77.08005560598066,75.28471995938209,75.0804361527966,-6.660023976577866,-11.753913716053145,-3.847909046651865
KS11,2013-08,1926.359985,0.6441882213541916,88.84743185966245,104.42809732498661,78.84740774093136,15.266434567502763,38.71087968624718,5.017247875956099
KS11,2013-09,1996.959961,3.6649419916184645,98.07846705118816,97.374010403951,98.14722569783528,10.38976028717007,-6.754970263494176,24.47742863064981
KS11,2013-10,2030.089966,1.6590219957845154,73.56673326799947,80.33374651016727,65.35439909658125,-24.991962578693006,-17.499807005065403,-33.411873201809016
KS11,2013-11,2044.869995,0.7280479805100493,76.75024941762288,52.19944121042887,91.32140051523844,4.327385501849101,-35.02177667784688,39.732599148043505
KS11,2013-12,2011.339966,-1.6397144601850377,70.2421502144106,68.61865160542149,68.88867827384702,-8.47958052592066,31.45476276039567,-24.564584111528333
KS11,2014-01,1941.150024,-3.4897105007856255,78.61989428920131,86.78251980197045,68.41249278283888,11.926947066993353,26.4707448654002,-0.6912391164121345
KS11,2014-02,1979.98999,2.000873993240626,70.26414687292916,61.49816117967878,73.86041593551636,-10.628031863710918,-29.135312825656822,7.963345481315476
KS11,2014-03,1985.609985,0.2838395662798199,119.53876396917528,75.00083989481772,150.81426780454575,70.12768145517792,21.956231627297342,104.18821894560378
KS11,2014-04,1961.790039,-1.1996286370407283,92.7823445002238,61.30099623998006,112.3606637954712,-22.3830484610423,-18.266253650026478,-25.49732500038402
KS11,2014-05,1994.959961,1.6907987776769495,83.18502376925561,75.96359517497402,92.24833537686256,-10.343908404842095,23.919022257963118,-17.89979494533681
KS11,2014-06,2002.209961,0.36341581494026,98.1738182067871,105.45366484324137,96.13338797887167,18.018621331537332,38.82131908098889,4.211515130476329
KS11,2014-07,2076.120117,3.691428843111222,136.12800659671908,115.96761592741936,161.79567853866084,38.660193810520525,9.970209285573105,68.30331473828896
KS11,2014-08,2068.540039,-0.36510787299499636,132.44592408211,107.58255644767515,154.04245942638767,-2.7048677246242936,-7.230518117223495,-4.791981579669047
KS11,2014-09,2020.089966,-2.3422352038891314,130.56609942118328,121.00510635375977,142.43847586313885,-1.419314844118058,12.476511387431977,-7.53297734044166
KS11,2014-10,1964.430054,-2.755318472781332,80.79179345407793,74.09397866649013,83.08987451368763,-38.12192153075063,-38.76789096000993,-41.66613058010812
KS11,2014-11,1980.780029,0.832301204448993,84.14203809102376,77.99142316182454,87.09242757161458,4.1467635433172,5.26013660688609,4.817136963262114
KS11,2014-12,1915.589966,-3.2911308699387187,85.45243663172567,94.30592924548733,80.33614915417087,1.5573648683008257,20.918333609340344,-7.7575957012888885
KS11,2015-01,1949.26001,1.7576853396401582,108.33973257003292,146.6483586834323,81.6583960748488,26.783666844919374,55.50279802841731,1.6458928323044741
KS11,2015-02,1985.800049,1.874559515536367,112.50795323508126,110.62664944784981,116.82035664149693,3.8473610430540095,-24.56332246673284,43.05982269651534
KS11,2015-03,2041.030029,2.7812457768753074,103.47884836504537,80.65029876462874,119.2300068024666,-8.025303643352133,-27.096862132981926,2.0626971447831766
KS11,2015-04,2127.169922,4.220412819805697,99.56071904500325,92.08395849863687,107.84801419576009,-3.786405996924136,14.17683493941706,-9.546248391618018
KS11,2015-05,2114.800049,-0.5815178595779402,74.41008684712071,71.70904147240424,75.1276002699329,-25.261601602650142,-22.126456506031122,-30.339375434799198
KS11,2015-06,2074.199951,-1.9198078806172747,85.28621266682943,88.44556840260823,80.42666390736898,14.61646704169861,23.33949330035976,7.053417942802098
KS11,2015-07,2030.160034,-2.123224281186964,106.23084825085056,89.69054517438335,118.30285398421749,24.558055668202016,1.4076191653921155,47.09407084256565
KS11,2015-08,1941.48999,-4.367638142560337,80.77308187177104,72.6687409493231,83.29964871560374,-23.96457036562888,-18.978370788097155,-29.58779445277242
KS11,2015-09,1962.810059,1.0981292259971909,96.26670481363932,79.88457260131835,111.3503412882487,19.18166619724222,9.929760111059792,33.674442815976114
KS11,2015-10,2029.469971,3.3961468504986936,86.38631562263735,101.0595084159605,75.2390812904604,-10.263558111944526,26.506915071474868,-32.43030922043458
KS11,2015-11,1991.969971,-1.8477730903070366,146.2837247212728,206.72467168172201,112.25876941680909,69.33668679688365,104.55736914021405,49.20273811350009
KS11,2015-12,1961.310059,-1.5391754115956058,140.49793341852003,194.36913816390498,108.1629870014806,-3.9551845660048213,-5.976806453387384,-3.648518896658426
KS11,2016-01,1912.060059,-2.5110767047771487,115.96384011545489,110.91858869983304,120.46343551143524,-17.462244964117836,-42.934053344261315,11.37214203393464
KS11,2016-02,1916.660034,0.24057690961893918,101.22297576378132,113.22725730106748,90.85711604151233,-12.711604183681224,2.0814082006417767,-24.57701736981631
KS11,2016-03,1995.849976,4.131663445537259,105.2873266896894,122.04758010372039,93.74349009606146,4.015245447232085,7.78992886774601,3.1768277272089085
KS11,2016-04,1994.150024,-0.08517433777296413,83.62793006896973,90.3290501912435,79.78639167149862,-20.571703453499047,-25.98865941096199,-14.888605502377427
KS11,2016-05,1983.400024,-0.5390767931510498,84.68827352216167,88.0693675010435,82.82368420016381,1.2679298080407353,-2.5016123665817624,3.806780160168821
KS11,2016-06,1970.349976,-0.6579634890636732,88.54716021219889,97.87790400187174,80.03160365422566,4.556577350732516,11.137285050573364,-3.3711136770858907
KS11,2016-07,2016.189941,2.326488469477872,112.01366116923671,143.21993846278036,94.82303280984202,26.501697966147653,46.32509750110867,18.481985216143258
KS11,2016-08,2034.650024,0.9155924560780182,98.61115221823415,123.22047128985005,80.60763149876749,-11.965066413420121,-13.964164059550777,-14.991506693929601
KS11,2016-09,2043.630005,0.44135261072300036,103.71691958109538,119.65013109842936,94.2956667582194,5.177677420867943,-2.897521940994874,16.98106619056434
KS11,2016-10,2008.189941,-1.7341722284998418,86.16627822383758,100.4282025367983,80.40413419661984,-16.921676258939698,-16.065112829519823,-14.731888578950725
KS11,2016-11,1983.47998,-1.2304593552388443,83.57939580281575,85.52786210378011,80.94508310953776,-3.0021981619094418,-14.836808841180337,0.6727874360229924
KS11,2016-12,2026.459961,2.1668976462268175,101.61987716920915,112.50576536117062,94.95736854307113,21.584843002401332,31.54282428415589,17.310854341296356
KS11,2017-01,2067.570068,2.0286661365721326,104.88912440884498,102.22949655594364,108.44574915978217,3.2171336265169437,-9.133993064477785,14.204669762508138
KS11,2017-02,2091.639893,1.1641600627002369,113.19088404519218,94.91658476420811,125.99899278368268,7.91479544055298,-7.153426396591556,16.186197946807358
KS11,2017-03,2160.22998,3.2792493215274554,98.49747651623142,99.26259293094758,97.23793039014262,-12.981087348955,4.578765847439437,-22.826422464279194
KS11,2017-04,2205.439941,2.0928309216410312,115.10228830973307,101.26866887410482,124.87095286051432,16.858108837707487,2.0209787835713477,28.417945918327536
KS11,2017-05,2347.379883,6.435901488917484,101.37748035307854,98.86025521063036,100.89005654858005,-11.924009642381684,-2.378241651885993,-19.204543380654638
KS11,2017-06,2391.790039,1.8919032373764244,126.94453862508138,146.7019323984782,113.13888193766276,25.21966237763813,48.393236580177735,12.140765708843393
KS11,2017-07,2402.709961,0.45655855329866935,101.59804805632561,69.98286450293756,124.43094007430538,-19.96658607237466,-52.29588093437852,9.980705079677499
KS11,2017-08,2363.189941,-1.6448102618075389,137.11038946336316,109.75087941077447,156.3583743187689,34.9537634693037,56.82536030826179,25.658758364597812
KS11,2017-09,2394.469971,1.3236358812006355,118.73107655843098,86.45641419092814,146.35588200887045,-13.40475581527194,-21.22485518558812,-6.397158037411099
KS11,2017-10,2523.429932,5.3857414192646,91.91498454924553,71.24007597277242,109.52413552807224,-22.585571348701183,-17.60001078063723,-25.16588057497128
KS11,2017-11,2476.370117,-1.86491467043437,93.25364055633545,80.09026870727538,105.41860446929931,1.45640671502556,12.423053476087631,-3.748517200321233
KS11,2017-12,2467.48999,-0.3585944984168088,84.61367348701724,64.52695954230524,98.77827345940375,-9.265018521286283,-19.432209950316203,-6.29901244028458
KS11,2018-01,2566.459961,4.01095734536292,91.99991103141538,75.9898567199707,106.7695834867416,8.729366354164325,17.76450844572981,8.09014953133611
KS11,2018-02,2427.360107,-5.419911321967441,65.82219927651542,53.66386883599417,76.22563787869045,-28.45406203269154,-29.380221055357104,-28.60734734611382
KS11,2018-03,2445.850098,0.7617325071248571,109.2456529678837,64.72115756619361,142.5100219480453,65.97083380479091,20.60471779251023,86.95812316433921
KS11,2018-04,2515.379883,2.842765591270524,122.0270450592041,94.80569979349772,144.06638272603354,11.699680256456425,46.483319147274415,1.092106194858089
KS11,2018-05,2423.01001,-3.672203694729159,122.07622054315382,62.3412499273977,166.9032696139428,0.0402988402496085,-34.24314143222706,15.851641761102208
KS11,2018-06,2326.129883,-3.9983378772752154,103.35734113057454,56.24654754002889,136.8462231318156,-15.333763880707775,-9.776355774814693,-18.008662473569824
KS11,2018-07,2295.26001,-1.32709154487054,109.5580127469955,85.10936841657085,127.5609563396823,5.999256123072527,51.3148311120806,-6.7851830906501265
KS11,2018-08,2322.879883,1.203343973217219,113.04493135021579,67.86267332876882,146.81783097790134,3.182714359079064,-20.264155883976787,15.096213755986486
KS11,2018-09,2343.070068,0.8691876470996895,73.96346220970153,49.602893877029416,88.1794579188029,-34.571624462700555,-26.906955703436154,-39.939544582922316
KS11,2018-10,2029.689941,-13.37476549591602,92.58265267649004,61.918164991563366,115.57533417978594,25.17349771161239,24.8277270779095,31.06832011397669
KS11,2018-11,2096.860107,3.3093806419962846,79.83305384318034,48.951593685150144,103.46333103179931,-13.771045076727717,-20.94146573655724,-10.479747459908284
KS11,2018-12,2041.040039,-2.6620787821588277,86.58019570381411,64.75931516770393,99.9929014944261,8.45156427798377,32.292557386848046,-3.3542603961847828
KS11,2019-01,2204.850098,8.025813108510004,87.5074286307058,54.891605531015706,113.59607076644897,1.0709526807535674,-15.237513879098808,13.60413496230144
KS11,2019-02,2195.439941,-0.42679350439903674,98.55523300170898,57.736959321158274,130.96962765284948,12.624990293825844,5.183586383777472,15.294153018831214
KS11,2019-03,2140.669922,-2.4947172535748297,79.65598315577353,67.75160512616557,85.8987022830594,-19.17630273940678,17.345294803804002,-34.41326525662569
KS11,2019-04,2203.590088,2.9392745398699516,78.96416734059652,57.763711071014406,93.91384995778402,-0.8685045212788456,-14.741929783880291,9.330929876347316
KS11,2019-05,2041.73999,-7.344836904167451,105.10344554531959,63.40447973435925,133.1031727944651,33.10270858929771,9.765246309071296,41.729013190596916
KS11,2019-06,2130.620117,4.353156005922187,103.3317710240682,51.50454092025757,138.8043354034424,-1.685648374379367,-18.768293445444108,4.283265747376963
KS11,2019-07,2024.550049,-4.9783660237542,93.06078184804609,47.329337519984094,126.32542345600743,-9.939817225846037,-8.10647629446455,-8.990289756558633
KS11,2019-08,1967.790039,-2.80358640815207,106.01592488442698,74.11447860348609,125.86253258489793,13.921162899248628,56.593103742879094,-0.3664273259061712
KS11,2019-09,2063.050049,4.840964132962555,92.55197461446126,70.08315865198772,112.63771381378174,-12.699931906120154,-5.439314999523937,-10.507351552135392
KS11,2019-10,2083.47998,0.9902780114279253,95.20806701721683,69.20361838802215,118.00913903021043,2.8698387190764008,-1.2549951812718674,4.768762641355617
KS11,2019-11,2087.959961,0.21502395237797955,73.70891914367675,52.628954823811846,86.17964719136556,-22.581225044357122,-23.95057361202817,-26.972056656303966
KS11,2019-12,2197.669922,5.254409234334934,72.31251805828464,60.52569272441249,79.17934866874448,-1.8944804802661475,15.004550113215975,-8.122913879046889
KS11,2020-01,2119.01001,-3.5792414143983597,139.8703630508915,84.9525350447624,191.54257983546103,93.42482713456963,40.35780710775339,141.90976947385673
KS11,2020-02,1987.01001,-6.229324041749096,75.72699855935984,56.10202249987372,87.16311290346343,-45.859153499296525,-33.960743525413385,-54.49413233426306
KS11,2020-03,1754.640015,-11.694455177908235,82.76741433912709,64.03543063132993,98.19669649677891,9.297101316181845,14.141037663079015,12.658546976787765
KS11,2020-04,1947.560059,10.994850359661946,69.76431941986084,47.72460098266602,82.26346549987792,-15.71040369340041,-25.47157017272198,-16.225831993669605
KS11,2020-05,2029.599976,4.212446061464448,69.50140085527974,42.106849024372714,85.36720494301089,-0.37686680923350035,-11.771186856719284,3.772925714073616
KS11,2020-06,2108.330078,3.8790945472498395,71.60573234558106,51.320197105407715,86.46775321960449,3.027754065969246,21.88087756388999,1.289193288369117
KS11,2020-07,2249.370117,6.689656447618164,68.53134112204275,36.44394225458945,92.3572107745755,-4.293498750492198,-28.98713506548618,6.811160618471734
KS11,2020-08,2326.169922,3.414280487660637,64.93029563657699,27.294767964270807,89.9976692199707,-5.254596548829982,-25.104787584187527,-2.5547994951514386
KS11,2020-09,2327.889893,0.07394004125551579,83.04108727773031,49.94818175633748,105.76334724426269,27.892667765632396,82.9954437484879,17.517873697104093
KS11,2020-10,2267.149902,-2.6092295508754915,76.71051840628347,43.048690057569935,98.63585779743809,-7.62341761045866,-13.813299015418378,-6.739092164285898
KS11,2020-11,2591.340088,14.29945967463424,70.364892578125,62.07505849202474,79.94887498219808,-8.272171743840929,44.197322633999846,-18.94542535800341
KS11,2020-12,2873.469971,10.88741243600133,62.28910067773634,29.27726056498866,85.56250313789614,-11.477018729790899,-52.8357100642118,7.021522387836021
KS11,2021-01,2976.209961,3.5754676762550286,74.98195703567997,47.25387308674474,95.04665202479208,20.377331218205175,61.40127926877659,11.084468708928341
KS11,2021-02,3012.949951,1.2344555821476977,72.32457787649972,46.01375893184117,91.39712776456561,-3.544024808415902,-2.6243651025749215,-3.8397188985410335
KS11,2021-03,3061.419922,1.6087214121798699,77.55295372009277,49.825385385943996,99.19816903145083,7.229044395559336,8.283666760954866,8.535324312357284
KS11,2021-04,3147.860107,2.8235324523376404,84.63264045715331,65.75086024602254,105.25555461247762,9.128842161979843,31.96257236491182,6.106348171715048
KS11,2021-05,3203.919922,1.7808864782567158,90.02756192607265,52.68410350430396,115.80485919214064,6.3745163092844725,-19.87313427204783,10.022563292267739
N100,2000-02,1007.320007,8.330288779982297,63.89095319550613,69.82025521377037,56.801463094250906,-2.9042100082795064,5.873836985806324,-14.821458008439558
N100,2000-03,1021.219971,1.379895554879007,50.673104070848034,41.77679486428538,55.219184998543035,-20.688138873451322,-40.16522177357223,-2.785629118535893
N100,2000-04,1042.609985,2.0945550035664118,49.652309608459475,41.48203840255737,54.45606384277344,-2.0144699660817,-0.7055506835446423,-1.3819855468524822
N100,2000-05,1051.25,0.8286909893731709,79.68136535152313,82.95394897460938,78.51787874775547,60.478668524912834,99.97558502210744,44.1857402225283
N100,2000-06,1064.060059,1.218554958382878,64.1265432993571,52.05603179931641,72.9901512145996,-19.521279515661185,-37.24707208905779,-7.040087711633303
N100,2000-07,1078.339966,1.3420207702768527,51.13137294400123,40.80166629052931,56.502953067902595,-20.264885157915803,-21.61971460324582,-22.58825043151742
N100,2000-08,1114.880005,3.388545370857554,47.5130286985828,41.88413973777525,50.82666443240258,-7.076563833678429,2.6530128439808287,-10.046003487071765
N100,2000-09,1055.27002,-5.346762407852134,52.75809377034505,36.65586573282878,63.30135205586751,11.039214328003254,-12.482705954280583,24.54358900544371
N100,2000-10,1075.25,1.893352376295132,74.84650722626716,74.61284114468482,80.27979493910267,41.86734560970407,103.54952653010727,26.82161175364879
N100,2000-11,1004.349976,-6.593817623808418,45.440477244059245,47.08891073862711,44.53256746927897,-39.28844654475468,-36.88899924435919,-44.52829942694827
N100,2000-12,997.25,-0.7069225040734151,46.011570776662516,44.53382098290228,46.60758584545505,1.2567947504951382,-5.426096538752367,4.659552534462641
N100,2001-01,1007.320007,1.0097775883680216,47.34544200281943,39.250703688590754,53.58126591097924,2.8989908486964033,-11.863157433402927,14.962542983127358
N100,2001-02,922.359985,-8.43426333335996,56.336307116917204,45.95857455049242,65.78157465798515,18.989927506775352,17.089810453134604,22.769728448140224
N100,2001-03,881.659973,-4.412595153940901,61.72149381329936,57.44915543833086,65.804611175291,9.558998400811113,25.002039336999694,0.035019710953454464
N100,2001-04,936.710022,6.2439092944962304,49.026970354715985,47.12476806640625,50.69535102844238,-20.567427445911946,-17.97134752138766,-22.96079237760469
N100,2001-05,929.130005,-0.8092170278925392,59.95146006922568,56.56440058062154,60.64858498111848,22.282612275385794,20.031149014703598,19.633425453730236
N100,2001-06,896.369995,-3.5258801054433686,70.94172350565593,62.602798779805504,78.85646438598633,18.33193624265337,10.675262421595733,30.02193606089316
N100,2001-07,869.780029,-2.9664051840557204,59.984781203731416,53.3461978666244,62.87733785567745,-15.444990282835402,-14.786241340007166,-20.26355943641387
N100,2001-08,812.700012,-6.5625807786856,64.13564220551521,73.31873946036062,56.88255968401509,6.919856867837648,37.43948471017813,-9.534083942011339
N100,2001-09,710.409973,-12.586444873831248,472.49111404418943,791.8359584172566,249.4176373163859,636.705984061322,979.9912331353685,338.47822373309316
N100,2001-10,743.130005,4.605795701575821,504.05423072076616,840.6995652721774,257.8192534908172,6.680150322070344,6.170925472062505,3.368493208751655
N100,2001-11,773.130005,4.036978697960114,296.1777104695638,494.21396484375,141.4245381673177,-41.24090377218973,-41.21396212644078,-45.14585848323587
N100,2001-12,800.469971,3.536270203353453,231.22251793646043,376.6929409888483,121.45619632351783,-21.93115492388762,-23.77938144505022,-14.119432244619079
N100,2002-01,779.710022,-2.5934700553557732,169.9862031013735,259.16573752126385,104.05673919185516,-26.483715938044828,-31.199736092496554,-14.325705611030715
N100,2002-02,774.530029,-0.6643486493495332,143.41856629507882,209.38243239266532,93.08014828818185,-15.629290096238414,-19.20906119950132,-10.548659307337282
N100,2002-03,819.840027,5.849998877190066,150.27259728216356,217.83082137569303,97.68620583318895,4.7790402345696315,4.034908223429179,4.948485396420366
N100,2002-04,783.919983,-4.381347923623635,154.13523864746094,219.28201649983723,99.5971280415853,2.5704229747520735,0.6662028426368982,1.9561842863049517
N100,2002-05,753.390015,-3.8945260564942186,159.16512766192037,205.2949966922883,137.87667772846837,3.2632959591828437,-6.378553075536553,38.434391070895146
N100,2002-06,687.390015,-8.760402804117328,147.7977030436198,185.49468332926432,127.91307754516602,-7.141906512616192,-9.644810483473298,-7.2264579822009285
N100,2002-07,598.929993,-12.868971045498823,119.37826931861139,161.98243344214654,92.84361993112871,-19.228603110713394,-12.675430618883077,-27.416631893368603
N100,2002-08,596.609985,-0.38735879436913034,127.00253000567037,157.38569099672378,101.13534890451739,6.386640324555559,-2.8378030553939837,8.930854892925822
N100,2002-09,493.690002,-17.25079793962886,170.25116170247395,185.25534108479818,167.88976720174153,34.05336231874485,17.707867793810127,66.00503090195247
N100,2002-10,556.109985,12.643558254598819,168.296264894547,195.84739069784843,161.10799457180886,-1.1482428597716532,5.717540747287764,-4.039419878272565
N100,2002-11,589.640015,6.029388233336586,156.04842834472657,175.04123814900717,151.88629328409831,-7.277545082473935,-10.623655732508986,-5.723925316195444
N100,2002-12,540.27002,-8.372904440686558,175.05461046772618,174.67416357224988,183.75799191382623,12.179669045440855,-0.20970748415570784,20.983920234403875
N100,2003-01,513.75,-4.908660302861156,205.2729772752331,176.48827115951045,244.28261073943108,17.26225132075463,1.0385666375383629,32.93713552006381
N100,2003-02,479.670013,-6.633574111922147,236.19078636169434,210.63462039402552,291.2838772365025,15.061801848864963,19.34765920147381,19.240528973716554
N100,2003-03,460.049988,-4.090317190622461,349.2410371841923,413.45056693784653,352.7903245495212,47.86395462919402,96.28803952760548,21.115637396943754
N100,2003-04,510.420013,10.948815631748253,252.85915400187176,326.76046600341795,210.79934641520182,-27.597525181866878,-20.967464520966683,-40.2479796790425
N100,2003-05,518.289978,1.5418605853136924,159.68020999047064,183.58484895767705,150.55725589875252,-36.85013674083216,-43.81668896391011,-28.577930406763798
N100,2003-06,530.210022,2.2998793158219177,145.7216801961263,176.93343124389648,127.7050184249878,-8.741552754206271,-3.623075516059593,-15.178436494042181
N100,2003-07,554.619995,4.6038309324903715,133.95684691398375,166.529414761451,106.6518937387774,-8.073495492440319,-5.880186920754349,-16.485745780285622
N100,2003-08,573.159973,3.3428253880388947,137.39681588449787,179.2770211004442,108.98332251271894,2.5679680059377485,7.654867674430843,2.186017230647508
N100,2003-09,545.52002,-4.822380190879095,118.71830571492514,145.99144999186197,97.7679594039917,-13.59457280674885,-18.56655744515813,-10.290898506437395
N100,2003-10,582.01001,6.689028571307043,107.55338336575416,129.5931615521831,91.48407450029927,-9.404549940243411,-11.232362196959455,-6.4273458728196236
N100,2003-11,589.349976,1.2611408521994383,117.27323557535807,152.34808400472005,93.18425509134929,9.037235190035675,17.55873703519013,1.85844432524096
N100,2003-12,608.969971,3.3290906590280445,131.9601605323053,166.63024114793348,112.74830061389554,12.52368017722989,9.374687733369157,20.995011982837084
N100,2004-01,623.73999,2.4254100700147774,114.1432640321793,127.11111671693864,107.96992640341482,-13.501723875035932,-23.716658008020264,-4.238089784469723
N100,2004-02,640.159973,2.6325044510934648,114.83697246683055,130.29377562424233,103.49829351490942,0.6077524070589702,2.503839939028385,-4.141554076639597
N100,2004-03,620.51001,-3.0695394633803663,137.0413291685043,182.14090384206463,107.18084593742124,19.33554692769983,39.792482771660254,3.558080329103519
N100,2004-04,627.22998,1.0829752770628032,148.72968673706055,203.51488087972004,120.71956570943196,8.529074870679644,11.734858335933641,12.631659746290346
N100,2004-05,623.950012,-0.5229290857557412,121.83138078258884,160.97313985516948,91.7239502937563,-18.08536449217786,-20.903503881710396,-24.018985858073037
N100,2004-06,636.890015,2.073884566252704,136.9921531677246,177.06919593811034,107.51701380411784,12.444061856436273,9.9992185636826,17.21803679386078
N100,2004-07,620.76001,-2.532620173045108,130.39895802159464,159.34060545890563,120.38267381729618,-4.812826861738328,-10.012238653526872,11.96616196634508
N100,2004-08,614.909973,-0.9423991406920629,139.9520955239573,177.53836158014113,126.08562567926222,7.326084232038577,11.420664600103292,4.737352711255904
N100,2004-09,623.530029,1.4018403308609262,152.970458984375,188.2974100748698,129.69852345784506,9.302013958189859,6.060126047672232,2.8654319309747045
N100,2004-10,635.409973,1.905272151696158,118.0625233804026,147.26095236501385,96.84527255642799,-22.82005024743897,-21.793426523253423,-25.33047410681982
N100,2004-11,644.22998,1.3880812978678048,124.46195271809896,154.47430343627929,99.13031984965006,5.420373167086323,4.898346068946902,2.3594825363217
N100,2004-12,657.929993,2.1265717872986922,107.17075778592017,141.9146915558846,79.30897829609532,-13.892755620942731,-8.130550907824963,-19.995236153396423
N100,2005-01,675.590027,2.6841813244407042,99.38704164566532,126.41269216229838,77.36354717131584,-7.26291042543833,-10.923463401589872,-2.4529771616982887
N100,2005-02,696.599976,3.109866658822069,109.60796138218471,108.7996129989624,105.78578090667725,10.283956104618763,-13.932999022537196,36.73853484564569
N100,2005-03,697.75,0.16509101918200653,90.47840487572455,87.14632021996283,87.85526915519468,-17.45270714392596,-19.901994301400748,-16.94983162935727
N100,2005-04,669.179993,-4.094590756001438,86.93658548990885,102.42798690795898,72.97031523386637,-3.9145466707558807,17.535641951862413,-16.942585304740586
N100,2005-05,700.130005,4.6250653521854534,98.79405889203471,105.33132522336898,90.99365062098349,13.63922143399825,2.834516622902017,24.69954436862878
N100,2005-06,724.719971,3.5121999949138116,81.75722109476725,95.1893081665039,69.31578687032064,-17.244799928592734,-9.628680770281385,-23.82349054326638
N100,2005-07,754.809998,4.1519522303877565,164.77051716466104,237.00151295815743,116.65942007495511,101.53634744222848,148.97913171466425,68.30137165319535
N100,2005-08,748.700012,-0.8094733795510622,116.88755367648217,143.29871208437027,94.36514368364888,-29.06039521641346,-39.53679438760814,-19.11056679090457
N100,2005-09,779.309998,4.088417992438864,103.76748135884603,130.99529851277669,78.09897527694702,-11.224524686306193,-8.585850767695435,-17.237475376748023
N100,2005-10,754.700012,-3.1579199629362287,87.41865994853359,105.815919445407,73.7711932274603,-15.755245474037638,-19.221589899208325,-5.541406957184714
N100,2005-11,783.679993,3.8399338199559985,82.0722770690918,93.67955487569174,70.19666430155436,-6.115837148029257,-11.469318258843575,-4.84542647274867
N100,2005-12,810.349976,3.4031726263554107,95.3541398817493,131.53387844947076,69.47696587347215,16.183129415888263,40.40830854075885,-1.0252601533749406
N100,2006-01,847.099976,4.535077569990564,93.70335646598569,99.09636282151745,89.04377758887506,-1.7312131574054201,-24.660958842184765,28.163019886385033
N100,2006-02,863.5,1.936019887220497,96.56065307344709,102.5961035319737,90.61754550252643,3.0493001694113175,3.5316540494625848,1.7674091960896199
N100,2006-03,896.609985,3.8343931673422205,91.85162070489699,96.46455383300781,86.54391436423025,-4.876761101613781,-5.976396264459504,-4.495411032935781
N100,2006-04,894.150024,-0.274362436416542,89.32775522867838,92.80472908020019,86.14640655517579,-2.7477636832640484,-3.7939580989958643,-0.45931341559326544
N100,2006-05,842.609985,-5.764137741610121,84.38873118738974,80.68312811082409,83.90371753323463,-5.529103500524313,-13.06140440203304,-2.603345991576267
N100,2006-06,847.340027,0.561356034725824,102.32296142578124,114.45484237670898,90.22701250712076,21.25192544792216,41.857219788872115,7.536370449118013
N100,2006-07,860.659973,1.5719717675983347,137.44066902898973,144.67092710925687,133.83614447809035,34.3204566344385,26.40000554375559,48.33267860611912
N100,2006-08,887.179993,3.081358588985972,147.491208968624,160.77977629630797,141.31128421906502,7.312638981344266,11.134821286439633,5.585292201986869
N100,2006-09,907.080017,2.2430650101461502,113.61922556559244,117.84904912312825,111.18667894999186,-22.965425288660548,-26.701571654174238,-21.317904961059643
N100,2006-10,924.099976,1.8763459321141651,112.73245288479713,100.46679675194525,124.12324234747118,-0.7804776668569935,-14.749590684454382,11.634993975580254
N100,2006-11,921.72998,-0.25646532426704116,87.80542017618815,84.66829687754313,86.73696505228678,-22.11167420803153,-15.7250956387203,-30.120287375772126
N100,2006-12,962.840027,4.460096545845249,91.50775527954102,79.05746866041615,96.69359145625945,4.216522278378543,-6.626834865052256,11.479103975992967
N100,2007-01,974.309998,1.191264454983032,97.40868709933373,96.73051378803868,95.33105973274478,6.4485592524549995,22.35468125539841,-1.4091230897458562
N100,2007-02,960.25,-1.44307233107136,95.05105536324638,89.62849848611015,97.72646740504673,-2.420350593251641,-7.342063040718328,2.5127253164051178
N100,2007-03,992.320007,3.339756001041394,86.13590178951141,82.20472852645382,85.6678963938067,-9.379331496809673,-8.282823080882917,-12.339104575693804
N100,2007-04,1037.790039,4.582194421078523,75.71304588317871,82.1852602005005,68.55693855285645,-12.100478069879417,-0.023682732492769087,-19.973594031412766
N100,2007-05,1066.599976,2.776085327217137,91.82276621172505,103.15781870195943,82.37121458976499,21.277337532296347,25.518637344815765,20.150077189135175
N100,2007-06,1066.219971,-0.03562769628263629,98.5847110748291,110.01365140279134,88.00655695597331,7.364126721593589,6.645965169775048,6.841397682763484
N100,2007-07,1019.929993,-4.341503560150439,113.9830302576865,129.01673864549207,104.86104534518334,15.619378517191729,17.2733901660304,19.151400727609147
N100,2007-08,1003.859985,-1.5755991205564923,83.12109104279548,100.07418700187436,73.35449858634702,-27.075906953096485,-22.433175685168337,-30.045997210043584
N100,2007-09,1015.070007,1.11669178645466,92.71907399495443,90.46699282328288,93.58469161987304,11.546988654440726,-9.600072172868657,27.578667189324
N100,2007-10,1044.670044,2.916058675350053,100.96206135903635,95.91243030178931,103.74951417984501,8.890282235271773,6.019253330486496,10.861629593502276
N100,2007-11,1000.570007,-4.221432140539094,89.11012655893961,80.4546085993449,95.28441146214803,-11.738998432242253,-16.116598916121973,-8.159173355764459
N100,2007-12,995.22998,-0.5336984881258888,94.64804052537487,85.06247354322865,97.48771335232642,6.2146853340762975,5.727285265696103,2.3123424454939867
N100,2008-01,864.469971,-13.138672631224392,80.78886364352319,81.53163952981272,76.77330804640248,-14.642856634877798,-4.150871549275559,-21.248221538503877
N100,2008-02,852.950012,-1.3326037209452135,81.6396739565093,88.45064189516265,72.8041961275298,1.0531282092792749,8.48627895287195,-5.169911288013928
N100,2008-03,833.820007,-2.2428049394294325,78.19353657384073,84.13256103761735,72.61432629246866,-4.221155249228914,-4.881910142227531,-0.2607951809928011
N100,2008-04,889.369995,6.6621078330637795,71.86557184855143,70.36499150594075,69.58370641072591,-8.092695384500992,-16.364139355654284,-4.173583969554883
N100,2008-05,891.919983,0.2867184652434851,73.08874597857076,75.19145030360067,71.38500275150422,1.7020307479039154,6.85917626701118,2.588675472596913
N100,2008-06,782.97998,-12.214100488429136,86.7860169728597,80.27725048065186,87.26098276774088,18.740602004999385,6.763801145630577,22.23993752791742
N100,2008-07,759.280029,-3.026891057929726,89.47498493809854,87.2099857945596,84.52966382426601,3.0983884950956497,8.635989987697258,-3.130057508915207
N100,2008-08,782.809998,3.0989843142575246,88.47457368912235,105.41860654277187,75.39880838701802,-1.1180904357439236,20.879054826480868,-10.801954040927797
N100,2008-09,690.880005,-11.743589534481135,89.21801058451335,95.21897468566894,82.42706019083658,0.8402831055205118,-9.675362055715087,9.321436179392805
N100,2008-10,589.090027,-14.733380219912428,64.97080649099043,76.1353960960142,53.63574997071297,-27.17747676132537,-20.041781223387755,-34.929439620272106
N100,2008-11,551.700012,-6.34707995149949,79.13092206319173,96.24985440572102,67.7355552037557,21.79458180831557,26.41932575531689,26.288073236119036
N100,2008-12,544.919983,-1.2289339953829859,94.08670757662865,107.55399310204291,87.6594942154423,18.90005212057766,11.744577450134797,29.414299405612443
N100,2009-01,518.789978,-4.795200362472296,86.23219754618984,91.03520405677057,87.53845571702526,-8.348161215059768,-15.358601358110413,-0.1380780250905378
N100,2009-02,469.649994,-9.472038027689123,67.12189470018659,63.14009993416922,65.29873490333557,-22.161447104217558,-30.642106437423532,-25.40565815506419
N100,2009-03,478.459991,1.875864391046922,72.05849173761183,73.33846209126133,69.22285332218293,7.35467474432232,16.151957579612763,6.0094861327044
N100,2009-04,537.400024,12.318696256465046,85.95789963404337,83.50890401204427,85.18863232930501,19.28906303929281,13.86781455565156,23.06431798298285
N100,2009-05,561.080017,4.406399691563823,91.18033575242565,93.24943800895444,89.41171313870338,6.075574369099579,11.664066379682492,4.957329040186531
N100,2009-06,542.299988,-3.3471213429438595,81.25230356852214,73.67756567001342,81.75211544036866,-10.888347911835139,-20.988729537503048,-8.566660261226033
N100,2009-07,589.25,8.65757201528834,81.08385159892421,76.3114563111336,80.97563048331968,-0.2073196231979657,3.5748882542032234,-0.9498041156076997
N100,2009-08,629.669983,6.859564361476456,73.76000755063949,78.4546751206921,65.25164118120748,-9.032432357199339,2.8085151472149406,-19.418174589392322
N100,2009-09,659.659973,4.762810807197093,91.13029925028484,75.68046391805014,96.45980974833171,23.549742301368237,-3.5360686898189386,47.82740786619817
N100,2009-10,632.159973,-4.168814408267874,90.38770306494928,89.20428694448164,89.28504986916819,-0.8148729801666255,17.869635473000866,-7.4380821379212865
N100,2009-11,640.5,1.319290584062327,81.02965710957845,82.64781697591145,73.95016460418701,-10.353229076577463,-7.349949417398238,-17.175199305428855
N100,2009-12,683.76001,6.754099921935985,95.82213678667623,100.3492317199707,92.03632293208953,18.25563652218536,21.41788542245284,24.457225247174776
N100,2010-01,658.880005,-3.6387043167382616,93.6784295112856,102.653564453125,87.86365244465489,-2.2371733163945695,2.296313278794848,-4.53372142052385
N100,2010-02,651.969971,-1.048754545222541,81.47286292484829,81.01815795898438,80.05752774647304,-13.029217772023905,-21.07613759872904,-8.88436171384852
N100,2010-03,698.51001,7.138371561594514,72.72510971561555,67.32707777330953,73.52030064982753,-10.73701462694614,-16.898779891547267,-8.165661969162553
N100,2010-04,681.299988,-2.4638189508551234,88.62468554178874,79.6067726135254,92.83870468139648,21.862566984562726,18.238865024799743,26.2762854080008
N100,2010-05,635.559998,-6.713634346930308,87.13836805282101,83.16650359861312,86.94786573225453,-1.6770919748616664,4.471643389400404,-6.345240349225156
N100,2010-06,625.0,-1.6615265330150564,96.34650853474935,69.67944971720378,111.88416697184245,10.567262949366473,-16.216930251753723,28.67960131002669
N100,2010-07,656.75,5.079999999999996,79.39271330064342,81.76249122619629,76.34224307152533,-17.59668875597209,17.340896861315503,-31.766714506854075
N100,2010-08,633.530029,-3.5355875142748405,81.61330942953786,84.75737048733619,74.11711311340332,2.79697724964445,3.6629011863820837,-2.9146772070048788
N100,2010-09,671.849976,6.048639408693268,71.82437750498454,70.37432320912679,69.72902139027913,-11.994283766920088,-16.969671422685785,-5.920483865055792
N100,2010-10,692.849976,3.125697812036532,65.55662228984218,74.25972569373346,63.16021014798072,-8.726501270000398,5.521051297446489,-9.4204839123329
N100,2010-11,657.98999,-5.031390229852583,95.60385462443034,80.85895284016927,102.02185897827148,45.83401536726808,8.886683979486731,61.528688297965076
N100,2010-12,697.469971,6.000088390402403,97.89414264309791,94.39043466506466,98.9651261606524,2.3956021728043453,16.73467358851721,-2.9961547929352017
N100,2011-01,716.51001,2.729872222699603,78.83949353618007,77.48969244187877,77.08557048920662,-19.46454465246935,-17.9051429132163,-22.108349193561573
N100,2011-02,732.809998,2.2749142053158478,88.93610232216972,84.70568302699498,89.67357962472099,12.806536842294957,9.312194122500305,16.329916293837265
N100,2011-03,713.159973,-2.681462460068662,136.0791222356981,156.13775290212322,126.68266185637444,53.00774228080458,84.32972537670638,41.27088757528632
N100,2011-04,727.909973,2.06825965539712,90.67220478057861,111.14294446309408,73.5580285390218,-33.36802641662523,-28.817379271004796,-41.935204501451274
N100,2011-05,714.070007,-1.90132935573889,104.47366776004914,120.63443325411889,96.0221432101342,15.221272067740333,8.53989323107822,30.539310415579468
N100,2011-06,704.539978,-1.3346070982645286,84.53678283691406,97.33198216756185,72.88245728810628,-19.08316741489856,-19.316583547476828,-24.098281030229863
N100,2011-07,668.429993,-5.12532803354987,78.2851328695974,99.24549016644877,60.417874859225364,-7.395183206081024,1.9659601667134652,-17.102308144754364
N100,2011-08,600.440002,-10.171594888322122,86.39183038280856,111.57653574789724,62.886020106654016,10.35534745366633,12.424791857813933,4.085124233812376
N100,2011-09,559.280029,-6.8549685002499245,83.14460322062175,93.88602275848389,70.98976675669353,-3.7587201796722147,-15.855047722026761,12.886404062931067
N100,2011-10,601.809998,7.604414031383189,75.16556069158739,90.57414713213521,63.65037210526005,-9.59658500968753,-3.5275491804230286,-10.338665679221236
N100,2011-11,587.169983,-2.432663971793958,83.25008093516031,70.99307772318522,95.16603965759278,10.75561755834511,-21.6188283621196,49.51372083137953
N100,2011-12,592.849976,0.9673507100924184,84.81960911904612,77.63644483012538,86.84766141829952,1.885317306908374,9.357767433106435,-8.740910380659695
N100,2012-01,613.75,3.5253478697956586,77.90155767625377,61.71806113950668,91.26849322165212,-8.156193496580155,-20.503751460347488,5.090329124764548
N100,2012-02,640.72998,4.395923421588588,91.4857845964103,77.98118065143454,103.34518873280493,17.437683308734808,26.350664962022897,13.232053126837195
N100,2012-03,642.309998,0.24659654602083858,88.0797755333685,86.14695296748992,86.66009946023264,-3.722992679209569,10.47146535592387,-16.145008274851524
N100,2012-04,612.580017,-4.628603181107572,98.3707051595052,88.1813424428304,104.64068247477213,11.683646516830692,2.3615338735291314,20.748398774675515
N100,2012-05,576.809998,-5.83924026369278,77.68080416033345,69.08255398658014,79.93533497471964,-21.032583801878502,-21.65853674617435,-23.60969645434864
N100,2012-06,611.809998,6.067855987475457,77.59097859064738,81.92765919367473,70.51085557937623,-0.11563419129990704,18.59384817994694,-11.790129356840751
N100,2012-07,632.169983,3.3278280947608874,81.20776933239353,89.00009404459307,77.46019707956621,4.661354718603983,8.632536216126097,9.8557044062058
N100,2012-08,650.609985,2.9169372946959538,74.8681123795048,78.25724669425718,70.49690803404778,-7.806712344159738,-12.070602245603512,-8.989505976038025
N100,2012-09,642.380005,-1.2649636786622787,68.97198734283447,65.10240313212077,68.31967938741049,-7.87534886252107,-16.80974493458861,-3.0884030340532886
N100,2012-10,651.859985,1.4757588851166181,81.94055532640026,86.90206847652313,75.07558896464687,18.802659577001602,33.48519301224788,9.888672836016443
N100,2012-11,670.289978,2.827293195485825,79.75129572550456,87.46022033691406,73.34758491516114,-2.6717656381202715,0.6422768412488677,-2.301685638855866
N100,2012-12,677.960022,1.1442874355492627,74.97084549934634,85.26028196273312,64.21883093926215,-5.994197564654025,-2.515358829084069,-12.44588214657365
N100,2013-01,698.73999,3.0650727661932997,90.24035970626339,109.75873522604665,83.89209476594002,20.367269576878645,28.73372301773727,30.634727445108332
N100,2013-02,703.590027,0.6941118397989499,82.87265164511544,87.37166687420437,78.62591293879917,-8.164537558505069,-20.3966165478642,-6.2773278481525026
N100,2013-03,713.080017,1.348795411507453,74.79130831072408,70.25588681620937,79.46081779849145,-9.751520162523587,-19.589622895300696,1.0618698447955044
N100,2013-04,726.809998,1.9254474494690532,93.84421526590982,83.1100798924764,99.8020144144694,25.47476088535521,18.296250547507608,25.599027520157392
N100,2013-05,740.840027,1.9303571825658894,83.38529759068643,96.31220405332503,76.66901059304514,-11.144978564302333,15.885105847484283,-23.178894691799336
N100,2013-06,703.840027,-4.994330577659245,82.57989651362101,85.31224797566732,78.08507897059123,-0.965878998260461,-11.421144584716792,1.8469892419278766
N100,2013-07,751.710022,6.801260679083265,77.08005560598066,75.28471995938209,75.0804361527966,-6.660023976577866,-11.753913716053145,-3.847909046651865
N100,2013-08,741.409973,-1.3702157345987787,88.84743185966245,104.42809732498661,78.84740774093136,15.266434567502763,38.71087968624718,5.017247875956099
N100,2013-09,776.130005,4.682973424205605,98.07846705118816,97.374010403951,98.14722569783528,10.38976028717007,-6.754970263494176,24.47742863064981
N100,2013-10,803.47998,3.523890949171582,73.56673326799947,80.33374651016727,65.35439909658125,-24.991962578693006,-17.499807005065403,-33.411873201809016
N100,2013-11,804.640015,0.14437634152377754,76.75024941762288,52.19944121042887,91.32140051523844,4.327385501849101,-35.02177667784688,39.732599148043505
N100,2013-12,809.950012,0.6599220646514858,70.2421502144106,68.61865160542149,68.88867827384702,-8.47958052592066,31.45476276039567,-24.564584111528333
N100,2014-01,786.580017,-2.885362633959687,78.61989428920131,86.78251980197045,68.41249278283888,11.926947066993353,26.4707448654002,-0.6912391164121345
N100,2014-02,829.01001,5.3942373417808165,70.26414687292916,61.49816117967878,73.86041593551636,-10.628031863710918,-29.135312825656822,7.963345481315476
N100,2014-03,831.469971,0.2967347764594619,119.53876396917528,75.00083989481772,150.81426780454575,70.12768145517792,21.956231627297342,104.18821894560378
N100,2014-04,841.51001,1.207504702536033,92.7823445002238,61.30099623998006,112.3606637954712,-22.3830484610423,-18.266253650026478,-25.49732500038402
N100,2014-05,852.190002,1.2691461626226141,83.18502376925561,75.96359517497402,92.24833537686256,-10.343908404842095,23.919022257963118,-17.89979494533681
N100,2014-06,840.880005,-1.3271684687049534,98.1738182067871,105.45366484324137,96.13338797887167,18.018621331537332,38.82131908098889,4.211515130476329
N100,2014-07,814.840027,-3.096753144938913,136.12800659671908,115.96761592741936,161.79567853866084,38.660193810520525,9.970209285573105,68.30331473828896
N100,2014-08,836.929993,2.710957398758218,132.44592408211,107.58255644767515,154.04245942638767,-2.7048677246242936,-7.230518117223495,-4.791981579669047
N100,2014-09,844.219971,0.8710379674492064,130.56609942118328,121.00510635375977,142.43847586313885,-1.419314844118058,12.476511387431977,-7.53297734044166
N100,2014-10,819.47998,-2.930514776936022,80.79179345407793,74.09397866649013,83.08987451368763,-38.12192153075063,-38.76789096000993,-41.66613058010812
N100,2014-11,850.539978,3.790208273300344,84.14203809102376,77.99142316182454,87.09242757161458,4.1467635433172,5.26013660688609,4.817136963262114
N100,2014-12,839.52002,-1.295642566492028,85.45243663172567,94.30592924548733,80.33614915417087,1.5573648683008257,20.918333609340344,-7.7575957012888885
N100,2015-01,906.280029,7.9521640234380575,108.33973257003292,146.6483586834323,81.6583960748488,26.783666844919374,55.50279802841731,1.6458928323044741
N100,2015-02,973.01001,7.363064269840591,112.50795323508126,110.62664944784981,116.82035664149693,3.8473610430540095,-24.56332246673284,43.05982269651534
N100,2015-03,984.5,1.1808706880620967,103.47884836504537,80.65029876462874,119.2300068024666,-8.025303643352133,-27.096862132981926,2.0626971447831766
N100,2015-04,983.710022,-0.08024154393093674,99.56071904500325,92.08395849863687,107.84801419576009,-3.786405996924136,14.17683493941706,-9.546248391618018
N100,2015-05,983.52002,-0.01931483829082925,74.41008684712071,71.70904147240424,75.1276002699329,-25.261601602650142,-22.126456506031122,-30.339375434799198
N100,2015-06,940.559998,-4.367986530665647,85.28621266682943,88.44556840260823,80.42666390736898,14.61646704169861,23.33949330035976,7.053417942802098
N100,2015-07,987.830017,5.025731383485876,106.23084825085056,89.69054517438335,118.30285398421749,24.558055668202016,1.4076191653921155,47.09407084256565
N100,2015-08,900.52002,-8.83856488438739,80.77308187177104,72.6687409493231,83.29964871560374,-23.96457036562888,-18.978370788097155,-29.58779445277242
N100,2015-09,858.549988,-4.660643968803724,96.26670481363932,79.88457260131835,111.3503412882487,19.18166619724222,9.929760111059792,33.674442815976114
N100,2015-10,941.710022,9.686102750257097,86.38631562263735,101.0595084159605,75.2390812904604,-10.263558111944526,26.506915071474868,-32.43030922043458
N100,2015-11,961.869995,2.1407835245487172,146.2837247212728,206.72467168172201,112.25876941680909,69.33668679688365,104.55736914021405,49.20273811350009
N100,2015-12,914.109985,-4.965329020373488,140.49793341852003,194.36913816390498,108.1629870014806,-3.9551845660048213,-5.976806453387384,-3.648518896658426
N100,2016-01,874.299988,-4.355055480550307,115.96384011545489,110.91858869983304,120.46343551143524,-17.462244964117836,-42.934053344261315,11.37214203393464
N100,2016-02,849.950012,-2.785082504198777,101.22297576378132,113.22725730106748,90.85711604151233,-12.711604183681224,2.0814082006417767,-24.57701736981631
N100,2016-03,864.409973,1.7012719331545911,105.2873266896894,122.04758010372039,93.74349009606146,4.015245447232085,7.78992886774601,3.1768277272089085
N100,2016-04,869.890015,0.6339633011152035,83.62793006896973,90.3290501912435,79.78639167149862,-20.571703453499047,-25.98865941096199,-14.888605502377427
N100,2016-05,884.169983,1.6415831603723063,84.68827352216167,88.0693675010435,82.82368420016381,1.2679298080407353,-2.5016123665817624,3.806780160168821
N100,2016-06,846.469971,-4.263887343481554,88.54716021219889,97.87790400187174,80.03160365422566,4.556577350732516,11.137285050573364,-3.3711136770858907
N100,2016-07,876.01001,3.4897917246966337,112.01366116923671,143.21993846278036,94.82303280984202,26.501697966147653,46.32509750110867,18.481985216143258
N100,2016-08,875.950012,-0.006849008494769215,98.61115221823415,123.22047128985005,80.60763149876749,-11.965066413420121,-13.964164059550777,-14.991506693929601
N100,2016-09,881.47998,0.6313109109244319,103.71691958109538,119.65013109842936,94.2956667582194,5.177677420867943,-2.897521940994874,16.98106619056434
N100,2016-10,881.789978,0.03516790023978533,86.16627822383758,100.4282025367983,80.40413419661984,-16.921676258939698,-16.065112829519823,-14.731888578950725
N100,2016-11,884.619995,0.32094002773981334,83.57939580281575,85.52786210378011,80.94508310953776,-3.0021981619094418,-14.836808841180337,0.6727874360229924
N100,2016-12,933.890015,5.569625407347933,101.61987716920915,112.50576536117062,94.95736854307113,21.584843002401332,31.54282428415589,17.310854341296356
N100,2017-01,916.700012,-1.8406881671178321,104.88912440884498,102.22949655594364,108.44574915978217,3.2171336265169437,-9.133993064477785,14.204669762508138
N100,2017-02,942.97998,2.8668013151504024,113.19088404519218,94.91658476420811,125.99899278368268,7.91479544055298,-7.153426396591556,16.186197946807358
N100,2017-03,986.27002,4.590769784953452,98.49747651623142,99.26259293094758,97.23793039014262,-12.981087348955,4.578765847439437,-22.826422464279194
N100,2017-04,1010.929993,2.5003267360798276,115.10228830973307,101.26866887410482,124.87095286051432,16.858108837707487,2.0209787835713477,28.417945918327536
N100,2017-05,1019.98999,0.8962041944283294,101.37748035307854,98.86025521063036,100.89005654858005,-11.924009642381684,-2.378241651885993,-19.204543380654638
N100,2017-06,986.219971,-3.310818667936144,126.94453862508138,146.7019323984782,113.13888193766276,25.21966237763813,48.393236580177735,12.140765708843393
N100,2017-07,995.780029,0.969363659337219,101.59804805632561,69.98286450293756,124.43094007430538,-19.96658607237466,-52.29588093437852,9.980705079677499
N100,2017-08,991.619995,-0.4177663619321259,137.11038946336316,109.75087941077447,156.3583743187689,34.9537634693037,56.82536030826179,25.658758364597812
N100,2017-09,1036.540039,4.529965533823255,118.73107655843098,86.45641419092814,146.35588200887045,-13.40475581527194,-21.22485518558812,-6.397158037411099
N100,2017-10,1068.22998,3.057280935387019,91.91498454924553,71.24007597277242,109.52413552807224,-22.585571348701183,-17.60001078063723,-25.16588057497128
N100,2017-11,1039.349976,-2.7035380527328123,93.25364055633545,80.09026870727538,105.41860446929931,1.45640671502556,12.423053476087631,-3.748517200321233
N100,2017-12,1032.73999,-0.6359730747711012,84.61367348701724,64.52695954230524,98.77827345940375,-9.265018521286283,-19.432209950316203,-6.29901244028458
N100,2018-01,1063.0,2.9300705204608146,91.99991103141538,75.9898567199707,106.7695834867416,8.729366354164325,17.76450844572981,8.09014953133611
N100,2018-02,1028.339966,-3.260586453433678,65.82219927651542,53.66386883599417,76.22563787869045,-28.45406203269154,-29.380221055357104,-28.60734734611382
N100,2018-03,1011.719971,-1.6161965448690974,109.2456529678837,64.72115756619361,142.5100219480453,65.97083380479091,20.60471779251023,86.95812316433921
N100,2018-04,1063.550049,5.122966777928717,122.0270450592041,94.80569979349772,144.06638272603354,11.699680256456425,46.483319147274415,1.092106194858089
N100,2018-05,1049.060059,-1.3624173130003858,122.07622054315382,62.3412499273977,166.9032696139428,0.0402988402496085,-34.24314143222706,15.851641761102208
N100,2018-06,1044.810059,-0.40512456494161686,103.35734113057454,56.24654754002889,136.8462231318156,-15.333763880707775,-9.776355774814693,-18.008662473569824
N100,2018-07,1078.160034,3.1919653445832807,109.5580127469955,85.10936841657085,127.5609563396823,5.999256123072527,51.3148311120806,-6.7851830906501265
N100,2018-08,1058.72998,-1.8021493458548976,113.04493135021579,67.86267332876882,146.81783097790134,3.182714359079064,-20.264155883976787,15.096213755986486
N100,2018-09,1060.910034,0.2059121816877063,73.96346220970153,49.602893877029416,88.1794579188029,-34.571624462700555,-26.906955703436154,-39.939544582922316
N100,2018-10,985.640015,-7.094854095799796,92.58265267649004,61.918164991563366,115.57533417978594,25.17349771161239,24.8277270779095,31.06832011397669
N100,2018-11,973.200012,-1.2621243872693144,79.83305384318034,48.951593685150144,103.46333103179931,-13.771045076727717,-20.94146573655724,-10.479747459908284
N100,2018-12,916.630005,-5.812783220557549,86.58019570381411,64.75931516770393,99.9929014944261,8.45156427798377,32.292557386848046,-3.3542603961847828
N100,2019-01,973.099976,6.160606863398499,87.5074286307058,54.891605531015706,113.59607076644897,1.0709526807535674,-15.237513879098808,13.60413496230144
N100,2019-02,1019.340027,4.7518294255923355,98.55523300170898,57.736959321158274,130.96962765284948,12.624990293825844,5.183586383777472,15.294153018831214
N100,2019-03,1042.47998,2.270091665889229,79.65598315577353,67.75160512616557,85.8987022830594,-19.17630273940678,17.345294803804002,-34.41326525662569
N100,2019-04,1086.579956,4.230294763070641,78.96416734059652,57.763711071014406,93.91384995778402,-0.8685045212788456,-14.741929783880291,9.330929876347316
N100,2019-05,1022.090027,-5.9351296371603635,105.10344554531959,63.40447973435925,133.1031727944651,33.10270858929771,9.765246309071296,41.729013190596916
N100,2019-06,1071.439941,4.828333385156891,103.3317710240682,51.50454092025757,138.8043354034424,-1.685648374379367,-18.768293445444108,4.283265747376963
N100,2019-07,1081.089966,0.9006594425622572,93.06078184804609,47.329337519984094,126.32542345600743,-9.939817225846037,-8.10647629446455,-8.990289756558633
N100,2019-08,1064.089966,-1.5724870764363352,106.01592488442698,74.11447860348609,125.86253258489793,13.921162899248628,56.593103742879094,-0.3664273259061712
N100,2019-09,1099.170044,3.2967210593920715,92.55197461446126,70.08315865198772,112.63771381378174,-12.699931906120154,-5.439314999523937,-10.507351552135392
N100,2019-10,1097.890015,-0.11645413800960291,95.20806701721683,69.20361838802215,118.00913903021043,2.8698387190764008,-1.2549951812718674,4.768762641355617
N100,2019-11,1129.969971,2.9219644556107927,73.70891914367675,52.628954823811846,86.17964719136556,-22.581225044357122,-23.95057361202817,-26.972056656303966
N100,2019-12,1144.390015,1.2761440011753944,72.31251805828464,60.52569272441249,79.17934866874448,-1.8944804802661475,15.004550113215975,-8.122913879046889
N100,2020-01,1120.22998,-2.111171426115588,139.8703630508915,84.9525350447624,191.54257983546103,93.42482713456963,40.35780710775339,141.90976947385673
N100,2020-02,1021.97998,-8.770520496157419,75.72699855935984,56.10202249987372,87.16311290346343,-45.859153499296525,-33.960743525413385,-54.49413233426306
N100,2020-03,858.109985,-16.034560187764136,82.76741433912709,64.03543063132993,98.19669649677891,9.297101316181845,14.141037663079015,12.658546976787765
N100,2020-04,899.869995,4.866510206147989,69.76431941986084,47.72460098266602,82.26346549987792,-15.71040369340041,-25.47157017272198,-16.225831993669605
N100,2020-05,930.25,3.3760437806352295,69.50140085527974,42.106849024372714,85.36720494301089,-0.37686680923350035,-11.771186856719284,3.772925714073616
N100,2020-06,976.539978,4.976079333512495,71.60573234558106,51.320197105407715,86.46775321960449,3.027754065969246,21.88087756388999,1.289193288369117
N100,2020-07,954.26001,-2.2815213408498125,68.53134112204275,36.44394225458945,92.3572107745755,-4.293498750492198,-28.98713506548618,6.811160618471734
N100,2020-08,979.969971,2.6942301606037056,64.93029563657699,27.294767964270807,89.9976692199707,-5.254596548829982,-25.104787584187527,-2.5547994951514386
N100,2020-09,958.97998,-2.1419014481210086,83.04108727773031,49.94818175633748,105.76334724426269,27.892667765632396,82.9954437484879,17.517873697104093
N100,2020-10,930.909973,-2.9270691344359334,76.71051840628347,43.048690057569935,98.63585779743809,-7.62341761045866,-13.813299015418378,-6.739092164285898
N100,2020-11,1088.72998,16.95330500020329,70.364892578125,62.07505849202474,79.94887498219808,-8.272171743840929,44.197322633999846,-18.94542535800341
N100,2020-12,1103.540039,1.360305977796239,62.28910067773634,29.27726056498866,85.56250313789614,-11.477018729790899,-52.8357100642118,7.021522387836021
N100,2021-01,1085.380005,-1.6456162312385336,74.98195703567997,47.25387308674474,95.04665202479208,20.377331218205175,61.40127926877659,11.084468708928341
N100,2021-02,1123.079956,3.47343334374397,72.32457787649972,46.01375893184117,91.39712776456561,-3.544024808415902,-2.6243651025749215,-3.8397188985410335
N100,2021-03,1195.050049,6.408278646191046,77.55295372009277,49.825385385943996,99.19816903145083,7.229044395559336,8.283666760954866,8.535324312357284
N100,2021-04,1228.380005,2.7890008479469097,84.63264045715331,65.75086024602254,105.25555461247762,9.128842161979843,31.96257236491182,6.106348171715048
N100,2021-05,1248.930054,1.6729390674182998,90.02756192607265,52.68410350430396,115.80485919214064,6.3745163092844725,-19.87313427204783,10.022563292267739
N225,2000-02,19959.51953,2.1485505241057856,63.89095319550613,69.82025521377037,56.801463094250906,-2.9042100082795064,5.873836985806324,-14.821458008439558
N225,2000-03,20337.32031,1.8928350426078433,50.673104070848034,41.77679486428538,55.219184998543035,-20.688138873451322,-40.16522177357223,-2.785629118535893
N225,2000-04,17973.69922,-11.622087148019167,49.652309608459475,41.48203840255737,54.45606384277344,-2.0144699660817,-0.7055506835446423,-1.3819855468524822
N225,2000-05,16332.4502,-9.13139248582574,79.68136535152313,82.95394897460938,78.51787874775547,60.478668524912834,99.97558502210744,44.1857402225283
N225,2000-06,17411.05078,6.604034096488487,64.1265432993571,52.05603179931641,72.9901512145996,-19.521279515661185,-37.24707208905779,-7.040087711633303
N225,2000-07,15727.49023,-9.669494226815424,51.13137294400123,40.80166629052931,56.502953067902595,-20.264885157915803,-21.61971460324582,-22.58825043151742
N225,2000-08,16861.25977,7.208839575925152,47.5130286985828,41.88413973777525,50.82666443240258,-7.076563833678429,2.6530128439808287,-10.046003487071765
N225,2000-09,15747.25977,-6.606861024595911,52.75809377034505,36.65586573282878,63.30135205586751,11.039214328003254,-12.482705954280583,24.54358900544371
N225,2000-10,14539.59961,-7.6690178331896615,74.84650722626716,74.61284114468482,80.27979493910267,41.86734560970407,103.54952653010727,26.82161175364879
N225,2000-11,14648.50977,0.7490588662778297,45.440477244059245,47.08891073862711,44.53256746927897,-39.28844654475468,-36.88899924435919,-44.52829942694827
N225,2000-12,13785.69043,-5.8901509678960355,46.011570776662516,44.53382098290228,46.60758584545505,1.2567947504951382,-5.426096538752367,4.659552534462641
N225,2001-01,13843.54981,0.4197060734374869,47.34544200281943,39.250703688590754,53.58126591097924,2.8989908486964033,-11.863157433402927,14.962542983127358
N225,2001-02,12883.54004,-6.934708099988418,56.336307116917204,45.95857455049242,65.78157465798515,18.989927506775352,17.089810453134604,22.769728448140224
N225,2001-03,12999.7002,0.9016167888589166,61.72149381329936,57.44915543833086,65.804611175291,9.558998400811113,25.002039336999694,0.035019710953454464
N225,2001-04,13934.32031,7.189551263651439,49.026970354715985,47.12476806640625,50.69535102844238,-20.567427445911946,-17.97134752138766,-22.96079237760469
N225,2001-05,13262.13965,-4.823921404459231,59.95146006922568,56.56440058062154,60.64858498111848,22.282612275385794,20.031149014703598,19.633425453730236
N225,2001-06,12969.04981,-2.2099740142609514,70.94172350565593,62.602798779805504,78.85646438598633,18.33193624265337,10.675262421595733,30.02193606089316
N225,2001-07,11860.76953,-8.54557809736719,59.984781203731416,53.3461978666244,62.87733785567745,-15.444990282835402,-14.786241340007166,-20.26355943641387
N225,2001-08,10713.50977,-9.672726184402968,64.13564220551521,73.31873946036062,56.88255968401509,6.919856867837648,37.43948471017813,-9.534083942011339
N225,2001-09,9774.679688,-8.763048731508283,472.49111404418943,791.8359584172566,249.4176373163859,636.705984061322,979.9912331353685,338.47822373309316
N225,2001-10,10366.33984,6.052987626043227,504.05423072076616,840.6995652721774,257.8192534908172,6.680150322070344,6.170925472062505,3.368493208751655
N225,2001-11,10697.44043,3.1939970627086867,296.1777104695638,494.21396484375,141.4245381673177,-41.24090377218973,-41.21396212644078,-45.14585848323587
N225,2001-12,10542.62012,-1.4472649884155642,231.22251793646043,376.6929409888483,121.45619632351783,-21.93115492388762,-23.77938144505022,-14.119432244619079
N225,2002-01,9997.799805,-5.167788545908447,169.9862031013735,259.16573752126385,104.05673919185516,-26.483715938044828,-31.199736092496554,-14.325705611030715
N225,2002-02,10587.83008,5.9016012173490395,143.41856629507882,209.38243239266532,93.08014828818185,-15.629290096238414,-19.20906119950132,-10.548659307337282
N225,2002-03,11024.94043,4.128422412309818,150.27259728216356,217.83082137569303,97.68620583318895,4.7790402345696315,4.034908223429179,4.948485396420366
N225,2002-04,11492.54004,4.241289220281064,154.13523864746094,219.28201649983723,99.5971280415853,2.5704229747520735,0.6662028426368982,1.9561842863049517
N225,2002-05,11763.7002,2.3594449882812896,159.16512766192037,205.2949966922883,137.87667772846837,3.2632959591828437,-6.378553075536553,38.434391070895146
N225,2002-06,10621.83984,-9.706642812947575,147.7977030436198,185.49468332926432,127.91307754516602,-7.141906512616192,-9.644810483473298,-7.2264579822009285
N225,2002-07,9877.94043,-7.00348923732218,119.37826931861139,161.98243344214654,92.84361993112871,-19.228603110713394,-12.675430618883077,-27.416631893368603
N225,2002-08,9619.299805,-2.618365911728826,127.00253000567037,157.38569099672378,101.13534890451739,6.386640324555559,-2.8378030553939837,8.930854892925822
N225,2002-09,9383.290039,-2.453502549918718,170.25116170247395,185.25534108479818,167.88976720174153,34.05336231874485,17.707867793810127,66.00503090195247
N225,2002-10,8640.480469,-7.916301925152503,168.296264894547,195.84739069784843,161.10799457180886,-1.1482428597716532,5.717540747287764,-4.039419878272565
N225,2002-11,9215.55957,6.655637994475505,156.04842834472657,175.04123814900717,151.88629328409831,-7.277545082473935,-10.623655732508986,-5.723925316195444
N225,2002-12,8578.950195,-6.90798393916735,175.05461046772618,174.67416357224988,183.75799191382623,12.179669045440855,-0.20970748415570784,20.983920234403875
N225,2003-01,8339.94043,-2.786002477777516,205.2729772752331,176.48827115951045,244.28261073943108,17.26225132075463,1.0385666375383629,32.93713552006381
N225,2003-02,8363.040039,0.2769757073672441,236.19078636169434,210.63462039402552,291.2838772365025,15.061801848864963,19.34765920147381,19.240528973716554
N225,2003-03,7972.709961,-4.6673228416908685,349.2410371841923,413.45056693784653,352.7903245495212,47.86395462919402,96.28803952760548,21.115637396943754
N225,2003-04,7831.419922,-1.7721708138280001,252.85915400187176,326.76046600341795,210.79934641520182,-27.597525181866878,-20.967464520966683,-40.2479796790425
N225,2003-05,8424.509766,7.573209582771745,159.68020999047064,183.58484895767705,150.55725589875252,-36.85013674083216,-43.81668896391011,-28.577930406763798
N225,2003-06,9083.110352,7.817672532804343,145.7216801961263,176.93343124389648,127.7050184249878,-8.741552754206271,-3.623075516059593,-15.178436494042181
N225,2003-07,9563.209961,5.2856300363485875,133.95684691398375,166.529414761451,106.6518937387774,-8.073495492440319,-5.880186920754349,-16.485745780285622
N225,2003-08,10343.54981,8.159810902221398,137.39681588449787,179.2770211004442,108.98332251271894,2.5679680059377485,7.654867674430843,2.186017230647508
N225,2003-09,10219.04981,-1.203648672718094,118.71830571492514,145.99144999186197,97.7679594039917,-13.59457280674885,-18.56655744515813,-10.290898506437395
N225,2003-10,10559.58984,3.3324040525446907,107.55338336575416,129.5931615521831,91.48407450029927,-9.404549940243411,-11.232362196959455,-6.4273458728196236
N225,2003-11,10100.57031,-4.346944691556331,117.27323557535807,152.34808400472005,93.18425509134929,9.037235190035675,17.55873703519013,1.85844432524096
N225,2003-12,10676.63965,5.70333478526126,131.9601605323053,166.63024114793348,112.74830061389554,12.52368017722989,9.374687733369157,20.995011982837084
N225,2004-01,10783.61035,1.0019135562002512,114.1432640321793,127.11111671693864,107.96992640341482,-13.501723875035932,-23.716658008020264,-4.238089784469723
N225,2004-02,11041.91992,2.395390426917632,114.83697246683055,130.29377562424233,103.49829351490942,0.6077524070589702,2.503839939028385,-4.141554076639597
N225,2004-03,11715.38965,6.099208605743978,137.0413291685043,182.14090384206463,107.18084593742124,19.33554692769983,39.792482771660254,3.558080329103519
N225,2004-04,11761.79004,0.3960635658413647,148.72968673706055,203.51488087972004,120.71956570943196,8.529074870679644,11.734858335933641,12.631659746290346
N225,2004-05,11236.37012,-4.467176494505765,121.83138078258884,160.97313985516948,91.7239502937563,-18.08536449217786,-20.903503881710396,-24.018985858073037
N225,2004-06,11858.87012,5.540045346957645,136.9921531677246,177.06919593811034,107.51701380411784,12.444061856436273,9.9992185636826,17.21803679386078
N225,2004-07,11325.78027,-4.495283653549286,130.39895802159464,159.34060545890563,120.38267381729618,-4.812826861738328,-10.012238653526872,11.96616196634508
N225,2004-08,11081.79004,-2.154290690649252,139.9520955239573,177.53836158014113,126.08562567926222,7.326084232038577,11.420664600103292,4.737352711255904
N225,2004-09,10823.57031,-2.3301265325182174,152.970458984375,188.2974100748698,129.69852345784506,9.302013958189859,6.060126047672232,2.8654319309747045
N225,2004-10,10771.41992,-0.48182243480061615,118.0625233804026,147.26095236501385,96.84527255642799,-22.82005024743897,-21.793426523253423,-25.33047410681982
N225,2004-11,10899.25,1.1867523590148865,124.46195271809896,154.47430343627929,99.13031984965006,5.420373167086323,4.898346068946902,2.3594825363217
N225,2004-12,11488.75977,5.408718673303214,107.17075778592017,141.9146915558846,79.30897829609532,-13.892755620942731,-8.130550907824963,-19.995236153396423
N225,2005-01,11387.58984,-0.8805992293805298,99.38704164566532,126.41269216229838,77.36354717131584,-7.26291042543833,-10.923463401589872,-2.4529771616982887
N225,2005-02,11740.59961,3.099951569734438,109.60796138218471,108.7996129989624,105.78578090667725,10.283956104618763,-13.932999022537196,36.73853484564569
N225,2005-03,11668.9502,-0.610270449381245,90.47840487572455,87.14632021996283,87.85526915519468,-17.45270714392596,-19.901994301400748,-16.94983162935727
N225,2005-04,11008.90039,-5.656462652484362,86.93658548990885,102.42798690795898,72.97031523386637,-3.9145466707558807,17.535641951862413,-16.942585304740586
N225,2005-05,11276.58984,2.4315730047222317,98.79405889203471,105.33132522336898,90.99365062098349,13.63922143399825,2.834516622902017,24.69954436862878
N225,2005-06,11584.00977,2.7261781652244688,81.75722109476725,95.1893081665039,69.31578687032064,-17.244799928592734,-9.628680770281385,-23.82349054326638
N225,2005-07,11899.59961,2.7243575088939043,164.77051716466104,237.00151295815743,116.65942007495511,101.53634744222848,148.97913171466425,68.30137165319535
N225,2005-08,12413.59961,4.319473065026935,116.88755367648217,143.29871208437027,94.36514368364888,-29.06039521641346,-39.53679438760814,-19.11056679090457
N225,2005-09,13574.29981,9.350230686230422,103.76748135884603,130.99529851277669,78.09897527694702,-11.224524686306193,-8.585850767695435,-17.237475376748023
N225,2005-10,13606.5,0.2372143716486752,87.41865994853359,105.815919445407,73.7711932274603,-15.755245474037638,-19.221589899208325,-5.541406957184714
N225,2005-11,14872.15039,9.301807150994023,82.0722770690918,93.67955487569174,70.19666430155436,-6.115837148029257,-11.469318258843575,-4.84542647274867
N225,2005-12,16111.42969,8.332885746188312,95.3541398817493,131.53387844947076,69.47696587347215,16.183129415888263,40.40830854075885,-1.0252601533749406
N225,2006-01,16649.82031,3.3416688050605714,93.70335646598569,99.09636282151745,89.04377758887506,-1.7312131574054201,-24.660958842184765,28.163019886385033
N225,2006-02,16205.42969,-2.6690415375419607,96.56065307344709,102.5961035319737,90.61754550252643,3.0493001694113175,3.5316540494625848,1.7674091960896199
N225,2006-03,17059.66016,5.271260844919934,91.85162070489699,96.46455383300781,86.54391436423025,-4.876761101613781,-5.976396264459504,-4.495411032935781
N225,2006-04,16906.23047,-0.8993713154951899,89.32775522867838,92.80472908020019,86.14640655517579,-2.7477636832640484,-3.7939580989958643,-0.45931341559326544
N225,2006-05,15467.33008,-8.511065743208214,84.38873118738974,80.68312811082409,83.90371753323463,-5.529103500524313,-13.06140440203304,-2.603345991576267
N225,2006-06,15505.17969,0.24470680979997717,102.32296142578124,114.45484237670898,90.22701250712076,21.25192544792216,41.857219788872115,7.536370449118013
N225,2006-07,15456.80957,-0.3119610411944973,137.44066902898973,144.67092710925687,133.83614447809035,34.3204566344385,26.40000554375559,48.33267860611912
N225,2006-08,16140.75977,4.424911861031622,147.491208968624,160.77977629630797,141.31128421906502,7.312638981344266,11.134821286439633,5.585292201986869
N225,2006-09,16127.58008,-0.08165470639428518,113.61922556559244,117.84904912312825,111.18667894999186,-22.965425288660548,-26.701571654174238,-21.317904961059643
N225,2006-10,16399.39063,1.68537715299939,112.73245288479713,100.46679675194525,124.12324234747118,-0.7804776668569935,-14.749590684454382,11.634993975580254
N225,2006-11,16274.33008,-0.7625926647007453,87.80542017618815,84.66829687754313,86.73696505228678,-22.11167420803153,-15.7250956387203,-30.120287375772126
N225,2006-12,17225.83008,5.846630831024657,91.50775527954102,79.05746866041615,96.69359145625945,4.216522278378543,-6.626834865052256,11.479103975992967
N225,2007-01,17383.41992,0.9148461308867262,97.40868709933373,96.73051378803868,95.33105973274478,6.4485592524549995,22.35468125539841,-1.4091230897458562
N225,2007-02,17604.11914,1.269596092228542,95.05105536324638,89.62849848611015,97.72646740504673,-2.420350593251641,-7.342063040718328,2.5127253164051178
N225,2007-03,17287.65039,-1.7976971610066061,86.13590178951141,82.20472852645382,85.6678963938067,-9.379331496809673,-8.282823080882917,-12.339104575693804
N225,2007-04,17400.41016,0.652256191305356,75.71304588317871,82.1852602005005,68.55693855285645,-12.100478069879417,-0.023682732492769087,-19.973594031412766
N225,2007-05,17875.75,2.731773766417933,91.82276621172505,103.15781870195943,82.37121458976499,21.277337532296347,25.518637344815765,20.150077189135175
N225,2007-06,18138.35938,1.4690817448218985,98.5847110748291,110.01365140279134,88.00655695597331,7.364126721593589,6.645965169775048,6.841397682763484
N225,2007-07,17248.89063,-4.903799353434135,113.9830302576865,129.01673864549207,104.86104534518334,15.619378517191729,17.2733901660304,19.151400727609147
N225,2007-08,16569.08984,-3.9411276039843512,83.12109104279548,100.07418700187436,73.35449858634702,-27.075906953096485,-22.433175685168337,-30.045997210043584
N225,2007-09,16785.68945,1.307251104868179,92.71907399495443,90.46699282328288,93.58469161987304,11.546988654440726,-9.600072172868657,27.578667189324
N225,2007-10,16737.63086,-0.2863069172294286,100.96206135903635,95.91243030178931,103.74951417984501,8.890282235271773,6.019253330486496,10.861629593502276
N225,2007-11,15680.66992,-6.3148778273390604,89.11012655893961,80.4546085993449,95.28441146214803,-11.738998432242253,-16.116598916121973,-8.159173355764459
N225,2007-12,15564.69043,-0.7396335143313837,94.64804052537487,85.06247354322865,97.48771335232642,6.2146853340762975,5.727285265696103,2.3123424454939867
N225,2008-01,13592.46973,-12.671120629541488,80.78886364352319,81.53163952981272,76.77330804640248,-14.642856634877798,-4.150871549275559,-21.248221538503877
N225,2008-02,13603.01953,0.07761503398249214,81.6396739565093,88.45064189516265,72.8041961275298,1.0531282092792749,8.48627895287195,-5.169911288013928
N225,2008-03,12525.54004,-7.920884680226581,78.19353657384073,84.13256103761735,72.61432629246866,-4.221155249228914,-4.881910142227531,-0.2607951809928011
N225,2008-04,13849.99023,10.573996696113696,71.86557184855143,70.36499150594075,69.58370641072591,-8.092695384500992,-16.364139355654284,-4.173583969554883
N225,2008-05,14338.54004,3.5274379395717537,73.08874597857076,75.19145030360067,71.38500275150422,1.7020307479039154,6.85917626701118,2.588675472596913
N225,2008-06,13481.37988,-5.978015597186282,86.7860169728597,80.27725048065186,87.26098276774088,18.740602004999385,6.763801145630577,22.23993752791742
N225,2008-07,13376.80957,-0.7756647385564253,89.47498493809854,87.2099857945596,84.52966382426601,3.0983884950956497,8.635989987697258,-3.130057508915207
N225,2008-08,13072.87012,-2.272137077301606,88.47457368912235,105.41860654277187,75.39880838701802,-1.1180904357439236,20.879054826480868,-10.801954040927797
N225,2008-09,11259.86035,-13.868490647866993,89.21801058451335,95.21897468566894,82.42706019083658,0.8402831055205118,-9.675362055715087,9.321436179392805
N225,2008-10,8576.980469,-23.826937436217854,64.97080649099043,76.1353960960142,53.63574997071297,-27.17747676132537,-20.041781223387755,-34.929439620272106
N225,2008-11,8512.269531,-0.7544722555202998,79.13092206319173,96.24985440572102,67.7355552037557,21.79458180831557,26.41932575531689,26.288073236119036
N225,2008-12,8747.169922,2.759550671469446,94.08670757662865,107.55399310204291,87.6594942154423,18.90005212057766,11.744577450134797,29.414299405612443
N225,2009-01,7994.049805,-8.60987180671805,86.23219754618984,91.03520405677057,87.53845571702526,-8.348161215059768,-15.358601358110413,-0.1380780250905378
N225,2009-02,7568.419922,-5.324333640425694,67.12189470018659,63.14009993416922,65.29873490333557,-22.161447104217558,-30.642106437423532,-25.40565815506419
N225,2009-03,8109.529785,7.149575057629831,72.05849173761183,73.33846209126133,69.22285332218293,7.35467474432232,16.151957579612763,6.0094861327044
N225,2009-04,8828.259766,8.862782430732508,85.95789963404337,83.50890401204427,85.18863232930501,19.28906303929281,13.86781455565156,23.06431798298285
N225,2009-05,9522.5,7.8638401270622715,91.18033575242565,93.24943800895444,89.41171313870338,6.075574369099579,11.664066379682492,4.957329040186531
N225,2009-06,9958.44043,4.578003990548707,81.25230356852214,73.67756567001342,81.75211544036866,-10.888347911835139,-20.988729537503048,-8.566660261226033
N225,2009-07,10356.83008,4.000522499485393,81.08385159892421,76.3114563111336,80.97563048331968,-0.2073196231979657,3.5748882542032234,-0.9498041156076997
N225,2009-08,10492.53027,1.3102482994487685,73.76000755063949,78.4546751206921,65.25164118120748,-9.032432357199339,2.8085151472149406,-19.418174589392322
N225,2009-09,10133.23047,-3.4243389416497627,91.13029925028484,75.68046391805014,96.45980974833171,23.549742301368237,-3.5360686898189386,47.82740786619817
N225,2009-10,10034.74023,-0.9719530241771079,90.38770306494928,89.20428694448164,89.28504986916819,-0.8148729801666255,17.869635473000866,-7.4380821379212865
N225,2009-11,9345.549805,-6.868044505423121,81.02965710957845,82.64781697591145,73.95016460418701,-10.353229076577463,-7.349949417398238,-17.175199305428855
N225,2009-12,10546.44043,12.849865979607822,95.82213678667623,100.3492317199707,92.03632293208953,18.25563652218536,21.41788542245284,24.457225247174776
N225,2010-01,10198.04004,-3.3034879617672153,93.6784295112856,102.653564453125,87.86365244465489,-2.2371733163945695,2.296313278794848,-4.53372142052385
N225,2010-02,10126.03027,-0.70611381910205,81.47286292484829,81.01815795898438,80.05752774647304,-13.029217772023905,-21.07613759872904,-8.88436171384852
N225,2010-03,11089.94043,9.519131725842666,72.72510971561555,67.32707777330953,73.52030064982753,-10.73701462694614,-16.898779891547267,-8.165661969162553
N225,2010-04,11057.40039,-0.2934194300266424,88.62468554178874,79.6067726135254,92.83870468139648,21.862566984562726,18.238865024799743,26.2762854080008
N225,2010-05,9768.700195,-11.654639875078276,87.13836805282101,83.16650359861312,86.94786573225453,-1.6770919748616664,4.471643389400404,-6.345240349225156
N225,2010-06,9382.639648,-3.952015511721818,96.34650853474935,69.67944971720378,111.88416697184245,10.567262949366473,-16.216930251753723,28.67960131002669
N225,2010-07,9537.299805,1.6483650955620766,79.39271330064342,81.76249122619629,76.34224307152533,-17.59668875597209,17.340896861315503,-31.766714506854075
N225,2010-08,8824.05957,-7.478429425339861,81.61330942953786,84.75737048733619,74.11711311340332,2.79697724964445,3.6629011863820837,-2.9146772070048788
N225,2010-09,9369.349609,6.179582477592005,71.82437750498454,70.37432320912679,69.72902139027913,-11.994283766920088,-16.969671422685785,-5.920483865055792
N225,2010-10,9202.450195,-1.7813340409421952,65.55662228984218,74.25972569373346,63.16021014798072,-8.726501270000398,5.521051297446489,-9.4204839123329
N225,2010-11,9937.040039,7.982546261419898,95.60385462443034,80.85895284016927,102.02185897827148,45.83401536726808,8.886683979486731,61.528688297965076
N225,2010-12,10228.91992,2.9372919889067317,97.89414264309791,94.39043466506466,98.9651261606524,2.3956021728043453,16.73467358851721,-2.9961547929352017
N225,2011-01,10237.91992,0.08798582910403141,78.83949353618007,77.48969244187877,77.08557048920662,-19.46454465246935,-17.9051429132163,-22.108349193561573
N225,2011-02,10624.08984,3.771956833200152,88.93610232216972,84.70568302699498,89.67357962472099,12.806536842294957,9.312194122500305,16.329916293837265
N225,2011-03,9755.099609,-8.179432253370322,136.0791222356981,156.13775290212322,126.68266185637444,53.00774228080458,84.32972537670638,41.27088757528632
N225,2011-04,9849.740234,0.9701656445689766,90.67220478057861,111.14294446309408,73.5580285390218,-33.36802641662523,-28.817379271004796,-41.935204501451274
N225,2011-05,9693.730469,-1.583897253061306,104.47366776004914,120.63443325411889,96.0221432101342,15.221272067740333,8.53989323107822,30.539310415579468
N225,2011-06,9816.089844,1.2622527043773202,84.53678283691406,97.33198216756185,72.88245728810628,-19.08316741489856,-19.316583547476828,-24.098281030229863
N225,2011-07,9833.030273,0.17257817796314523,78.2851328695974,99.24549016644877,60.417874859225364,-7.395183206081024,1.9659601667134652,-17.102308144754364
N225,2011-08,8955.200195,-8.927360677515539,86.39183038280856,111.57653574789724,62.886020106654016,10.35534745366633,12.424791857813933,4.085124233812376
N225,2011-09,8700.290039,-2.846504270695427,83.14460322062175,93.88602275848389,70.98976675669353,-3.7587201796722147,-15.855047722026761,12.886404062931067
N225,2011-10,8988.389648,3.3113793644644396,75.16556069158739,90.57414713213521,63.65037210526005,-9.59658500968753,-3.5275491804230286,-10.338665679221236
N225,2011-11,8434.610352,-6.16105128601342,83.25008093516031,70.99307772318522,95.16603965759278,10.75561755834511,-21.6188283621196,49.51372083137953
N225,2011-12,8455.349609,0.24588281063966377,84.81960911904612,77.63644483012538,86.84766141829952,1.885317306908374,9.357767433106435,-8.740910380659695
N225,2012-01,8802.509766,4.10580488156842,77.90155767625377,61.71806113950668,91.26849322165212,-8.156193496580155,-20.503751460347488,5.090329124764548
N225,2012-02,9723.240234,10.459863067194263,91.4857845964103,77.98118065143454,103.34518873280493,17.437683308734808,26.350664962022897,13.232053126837195
N225,2012-03,10083.55957,3.705753713047666,88.0797755333685,86.14695296748992,86.66009946023264,-3.722992679209569,10.47146535592387,-16.145008274851524
N225,2012-04,9520.889648,-5.580072375176137,98.3707051595052,88.1813424428304,104.64068247477213,11.683646516830692,2.3615338735291314,20.748398774675515
N225,2012-05,8542.730469,-10.273821199109022,77.68080416033345,69.08255398658014,79.93533497471964,-21.032583801878502,-21.65853674617435,-23.60969645434864
N225,2012-06,9006.780273,5.432101664496525,77.59097859064738,81.92765919367473,70.51085557937623,-0.11563419129990704,18.59384817994694,-11.790129356840751
N225,2012-07,8695.05957,-3.4609560081582003,81.20776933239353,89.00009404459307,77.46019707956621,4.661354718603983,8.632536216126097,9.8557044062058
N225,2012-08,8839.910156,1.665895268846329,74.8681123795048,78.25724669425718,70.49690803404778,-7.806712344159738,-12.070602245603512,-8.989505976038025
N225,2012-09,8870.160156,0.3421980480137421,68.97198734283447,65.10240313212077,68.31967938741049,-7.87534886252107,-16.80974493458861,-3.0884030340532886
N225,2012-10,8928.290039,0.6553419777959535,81.94055532640026,86.90206847652313,75.07558896464687,18.802659577001602,33.48519301224788,9.888672836016443
N225,2012-11,9446.009766,5.798643690320637,79.75129572550456,87.46022033691406,73.34758491516114,-2.6717656381202715,0.6422768412488677,-2.301685638855866
N225,2012-12,10395.17969,10.048369073430852,74.97084549934634,85.26028196273312,64.21883093926215,-5.994197564654025,-2.515358829084069,-12.44588214657365
N225,2013-01,11138.66016,7.152165639957286,90.24035970626339,109.75873522604665,83.89209476594002,20.367269576878645,28.73372301773727,30.634727445108332
N225,2013-02,11559.36035,3.7769371177224453,82.87265164511544,87.37166687420437,78.62591293879917,-8.164537558505069,-20.3966165478642,-6.2773278481525026
N225,2013-03,12397.91016,7.254292492058156,74.79130831072408,70.25588681620937,79.46081779849145,-9.751520162523587,-19.589622895300696,1.0618698447955044
N225,2013-04,13860.86035,11.799974117573386,93.84421526590982,83.1100798924764,99.8020144144694,25.47476088535521,18.296250547507608,25.599027520157392
N225,2013-05,13774.54004,-0.6227630018651786,83.38529759068643,96.31220405332503,76.66901059304514,-11.144978564302333,15.885105847484283,-23.178894691799336
N225,2013-06,13677.32031,-0.7057929318705636,82.57989651362101,85.31224797566732,78.08507897059123,-0.965878998260461,-11.421144584716792,1.8469892419278766
N225,2013-07,13668.32031,-0.06580236329933875,77.08005560598066,75.28471995938209,75.0804361527966,-6.660023976577866,-11.753913716053145,-3.847909046651865
N225,2013-08,13388.86035,-2.044581584728744,88.84743185966245,104.42809732498661,78.84740774093136,15.266434567502763,38.71087968624718,5.017247875956099
N225,2013-09,14455.79981,7.96885942573895,98.07846705118816,97.374010403951,98.14722569783528,10.38976028717007,-6.754970263494176,24.47742863064981
N225,2013-10,14327.94043,-0.8844849934318444,73.56673326799947,80.33374651016727,65.35439909658125,-24.991962578693006,-17.499807005065403,-33.411873201809016
N225,2013-11,15661.87012,9.309989084034731,76.75024941762288,52.19944121042887,91.32140051523844,4.327385501849101,-35.02177667784688,39.732599148043505
N225,2013-12,16291.30957,4.018929062604171,70.2421502144106,68.61865160542149,68.88867827384702,-8.47958052592066,31.45476276039567,-24.564584111528333
N225,2014-01,14914.53027,-8.451004470109025,78.61989428920131,86.78251980197045,68.41249278283888,11.926947066993353,26.4707448654002,-0.6912391164121345
N225,2014-02,14841.07031,-0.49253954814629797,70.26414687292916,61.49816117967878,73.86041593551636,-10.628031863710918,-29.135312825656822,7.963345481315476
N225,2014-03,14827.83008,-0.08921344433681089,119.53876396917528,75.00083989481772,150.81426780454575,70.12768145517792,21.956231627297342,104.18821894560378
N225,2014-04,14304.11035,-3.5320052035557103,92.7823445002238,61.30099623998006,112.3606637954712,-22.3830484610423,-18.266253650026478,-25.49732500038402
N225,2014-05,14632.37988,2.294931470519579,83.18502376925561,75.96359517497402,92.24833537686256,-10.343908404842095,23.919022257963118,-17.89979494533681
N225,2014-06,15162.09961,3.6201884747677715,98.1738182067871,105.45366484324137,96.13338797887167,18.018621331537332,38.82131908098889,4.211515130476329
N225,2014-07,15620.76953,3.0251082092712878,136.12800659671908,115.96761592741936,161.79567853866084,38.660193810520525,9.970209285573105,68.30331473828896
N225,2014-08,15424.58984,-1.2558900483310542,132.44592408211,107.58255644767515,154.04245942638767,-2.7048677246242936,-7.230518117223495,-4.791981579669047
N225,2014-09,16173.51953,4.855426936914897,130.56609942118328,121.00510635375977,142.43847586313885,-1.419314844118058,12.476511387431977,-7.53297734044166
N225,2014-10,16413.75977,1.4853924623789094,80.79179345407793,74.09397866649013,83.08987451368763,-38.12192153075063,-38.76789096000993,-41.66613058010812
N225,2014-11,17459.84961,6.373249363086053,84.14203809102376,77.99142316182454,87.09242757161458,4.1467635433172,5.26013660688609,4.817136963262114
N225,2014-12,17450.76953,-0.052005488035811176,85.45243663172567,94.30592924548733,80.33614915417087,1.5573648683008257,20.918333609340344,-7.7575957012888885
N225,2015-01,17674.39063,1.2814397646795372,108.33973257003292,146.6483586834323,81.6583960748488,26.783666844919374,55.50279802841731,1.6458928323044741
N225,2015-02,18797.93945,6.35693101686301,112.50795323508126,110.62664944784981,116.82035664149693,3.8473610430540095,-24.56332246673284,43.05982269651534
N225,2015-03,19206.99023,2.1760405234202196,103.47884836504537,80.65029876462874,119.2300068024666,-8.025303643352133,-27.096862132981926,2.0626971447831766
N225,2015-04,19520.00977,1.6297167658839484,99.56071904500325,92.08395849863687,107.84801419576009,-3.786405996924136,14.17683493941706,-9.546248391618018
N225,2015-05,20563.15039,5.343955419546886,74.41008684712071,71.70904147240424,75.1276002699329,-25.261601602650142,-22.126456506031122,-30.339375434799198
N225,2015-06,20235.73047,-1.5922653571566858,85.28621266682943,88.44556840260823,80.42666390736898,14.61646704169861,23.33949330035976,7.053417942802098
N225,2015-07,20585.24023,1.7271912200953476,106.23084825085056,89.69054517438335,118.30285398421749,24.558055668202016,1.4076191653921155,47.09407084256565
N225,2015-08,18890.48047,-8.232887938466394,80.77308187177104,72.6687409493231,83.29964871560374,-23.96457036562888,-18.978370788097155,-29.58779445277242
N225,2015-09,17388.15039,-7.952842080358158,96.26670481363932,79.88457260131835,111.3503412882487,19.18166619724222,9.929760111059792,33.674442815976114
N225,2015-10,19083.09961,9.747725790172446,86.38631562263735,101.0595084159605,75.2390812904604,-10.263558111944526,26.506915071474868,-32.43030922043458
N225,2015-11,19747.4707,3.4814631982104993,146.2837247212728,206.72467168172201,112.25876941680909,69.33668679688365,104.55736914021405,49.20273811350009
N225,2015-12,19033.71094,-3.614436354120032,140.49793341852003,194.36913816390498,108.1629870014806,-3.9551845660048213,-5.976806453387384,-3.648518896658426
N225,2016-01,17518.30078,-7.96171679173352,115.96384011545489,110.91858869983304,120.46343551143524,-17.462244964117836,-42.934053344261315,11.37214203393464
N225,2016-02,16026.75977,-8.514187698517183,101.22297576378132,113.22725730106748,90.85711604151233,-12.711604183681224,2.0814082006417767,-24.57701736981631
N225,2016-03,16758.66992,4.566800529262571,105.2873266896894,122.04758010372039,93.74349009606146,4.015245447232085,7.78992886774601,3.1768277272089085
N225,2016-04,16666.05078,-0.5526640266926286,83.62793006896973,90.3290501912435,79.78639167149862,-20.571703453499047,-25.98865941096199,-14.888605502377427
N225,2016-05,17234.98047,3.413704287297259,84.68827352216167,88.0693675010435,82.82368420016381,1.2679298080407353,-2.5016123665817624,3.806780160168821
N225,2016-06,15575.91992,-9.6261237596865,88.54716021219889,97.87790400187174,80.03160365422566,4.556577350732516,11.137285050573364,-3.3711136770858907
N225,2016-07,16569.26953,6.377469935014934,112.01366116923671,143.21993846278036,94.82303280984202,26.501697966147653,46.32509750110867,18.481985216143258
N225,2016-08,16887.40039,1.9200053413579665,98.61115221823415,123.22047128985005,80.60763149876749,-11.965066413420121,-13.964164059550777,-14.991506693929601
N225,2016-09,16449.83984,-2.5910474075044876,103.71691958109538,119.65013109842936,94.2956667582194,5.177677420867943,-2.897521940994874,16.98106619056434
N225,2016-10,17425.01953,5.928201730139171,86.16627822383758,100.4282025367983,80.40413419661984,-16.921676258939698,-16.065112829519823,-14.731888578950725
N225,2016-11,18308.48047,5.070071448005997,83.57939580281575,85.52786210378011,80.94508310953776,-3.0021981619094418,-14.836808841180337,0.6727874360229924
N225,2016-12,19114.36914,4.401723405284885,101.61987716920915,112.50576536117062,94.95736854307113,21.584843002401332,31.54282428415589,17.310854341296356
N225,2017-01,19041.33984,-0.38206492437761197,104.88912440884498,102.22949655594364,108.44574915978217,3.2171336265169437,-9.133993064477785,14.204669762508138
N225,2017-02,19118.99023,0.40779898185987484,113.19088404519218,94.91658476420811,125.99899278368268,7.91479544055298,-7.153426396591556,16.186197946807358
N225,2017-03,18909.25977,-1.0969745654815344,98.49747651623142,99.26259293094758,97.23793039014262,-12.981087348955,4.578765847439437,-22.826422464279194
N225,2017-04,19196.74023,1.5203157791300326,115.10228830973307,101.26866887410482,124.87095286051432,16.858108837707487,2.0209787835713477,28.417945918327536
N225,2017-05,19650.57031,2.3640997094432237,101.37748035307854,98.86025521063036,100.89005654858005,-11.924009642381684,-2.378241651885993,-19.204543380654638
N225,2017-06,20033.42969,1.9483372439585978,126.94453862508138,146.7019323984782,113.13888193766276,25.21966237763813,48.393236580177735,12.140765708843393
N225,2017-07,19925.17969,-0.5403468186679694,101.59804805632561,69.98286450293756,124.43094007430538,-19.96658607237466,-52.29588093437852,9.980705079677499
N225,2017-08,19646.24023,-1.3999344765758592,137.11038946336316,109.75087941077447,156.3583743187689,34.9537634693037,56.82536030826179,25.658758364597812
N225,2017-09,20356.2793,3.614121896543665,118.73107655843098,86.45641419092814,146.35588200887045,-13.40475581527194,-21.22485518558812,-6.397158037411099
N225,2017-10,22011.60938,8.131790960443364,91.91498454924553,71.24007597277242,109.52413552807224,-22.585571348701183,-17.60001078063723,-25.16588057497128
N225,2017-11,22724.96094,3.2407969253177793,93.25364055633545,80.09026870727538,105.41860446929931,1.45640671502556,12.423053476087631,-3.748517200321233
N225,2017-12,22764.93945,0.17592333868274856,84.61367348701724,64.52695954230524,98.77827345940375,-9.265018521286283,-19.432209950316203,-6.29901244028458
N225,2018-01,23098.28906,1.464311428247611,91.99991103141538,75.9898567199707,106.7695834867416,8.729366354164325,17.76450844572981,8.09014953133611
N225,2018-02,22068.24023,-4.459416138244487,65.82219927651542,53.66386883599417,76.22563787869045,-28.45406203269154,-29.380221055357104,-28.60734734611382
N225,2018-03,21454.30078,-2.782004562218765,109.2456529678837,64.72115756619361,142.5100219480453,65.97083380479091,20.60471779251023,86.95812316433921
N225,2018-04,22467.86914,4.724313182673656,122.0270450592041,94.80569979349772,144.06638272603354,11.699680256456425,46.483319147274415,1.092106194858089
N225,2018-05,22201.82031,-1.1841302276696442,122.07622054315382,62.3412499273977,166.9032696139428,0.0402988402496085,-34.24314143222706,15.851641761102208
N225,2018-06,22304.50977,0.46252720977904005,103.35734113057454,56.24654754002889,136.8462231318156,-15.333763880707775,-9.776355774814693,-18.008662473569824
N225,2018-07,22553.7207,1.117311846661595,109.5580127469955,85.10936841657085,127.5609563396823,5.999256123072527,51.3148311120806,-6.7851830906501265
N225,2018-08,22865.15039,1.380835092100785,113.04493135021579,67.86267332876882,146.81783097790134,3.182714359079064,-20.264155883976787,15.096213755986486
N225,2018-09,24120.03906,5.488215247203554,73.96346220970153,49.602893877029416,88.1794579188029,-34.571624462700555,-26.906955703436154,-39.939544582922316
N225,2018-10,21920.46094,-9.119297504155854,92.58265267649004,61.918164991563366,115.57533417978594,25.17349771161239,24.8277270779095,31.06832011397669
N225,2018-11,22351.06055,1.9643729718030079,79.83305384318034,48.951593685150144,103.46333103179931,-13.771045076727717,-20.94146573655724,-10.479747459908284
N225,2018-12,20014.76953,-10.452707668048433,86.58019570381411,64.75931516770393,99.9929014944261,8.45156427798377,32.292557386848046,-3.3542603961847828
N225,2019-01,20773.49023,3.7908040802706156,87.5074286307058,54.891605531015706,113.59607076644897,1.0709526807535674,-15.237513879098808,13.60413496230144
N225,2019-02,21385.16016,2.944473572941808,98.55523300170898,57.736959321158274,130.96962765284948,12.624990293825844,5.183586383777472,15.294153018831214
N225,2019-03,21205.81055,-0.8386638615663355,79.65598315577353,67.75160512616557,85.8987022830594,-19.17630273940678,17.345294803804002,-34.41326525662569
N225,2019-04,22258.73047,4.9652425099119935,78.96416734059652,57.763711071014406,93.91384995778402,-0.8685045212788456,-14.741929783880291,9.330929876347316
N225,2019-05,20601.18945,-7.44670062038807,105.10344554531959,63.40447973435925,133.1031727944651,33.10270858929771,9.765246309071296,41.729013190596916
N225,2019-06,21275.91992,3.2752015199782436,103.3317710240682,51.50454092025757,138.8043354034424,-1.685648374379367,-18.768293445444108,4.283265747376963
N225,2019-07,21521.5293,1.1544007541084866,93.06078184804609,47.329337519984094,126.32542345600743,-9.939817225846037,-8.10647629446455,-8.990289756558633
N225,2019-08,20704.36914,-3.79694281298123,106.01592488442698,74.11447860348609,125.86253258489793,13.921162899248628,56.593103742879094,-0.3664273259061712
N225,2019-09,21755.83984,5.078496682946998,92.55197461446126,70.08315865198772,112.63771381378174,-12.699931906120154,-5.439314999523937,-10.507351552135392
N225,2019-10,22927.03906,5.383378571516451,95.20806701721683,69.20361838802215,118.00913903021043,2.8698387190764008,-1.2549951812718674,4.768762641355617
N225,2019-11,23293.91016,1.6001678151282395,73.70891914367675,52.628954823811846,86.17964719136556,-22.581225044357122,-23.95057361202817,-26.972056656303966
N225,2019-12,23656.61914,1.557097874545943,72.31251805828464,60.52569272441249,79.17934866874448,-1.8944804802661475,15.004550113215975,-8.122913879046889
N225,2020-01,23205.17969,-1.9083007902709004,139.8703630508915,84.9525350447624,191.54257983546103,93.42482713456963,40.35780710775339,141.90976947385673
N225,2020-02,21142.96094,-8.886889813176879,75.72699855935984,56.10202249987372,87.16311290346343,-45.859153499296525,-33.960743525413385,-54.49413233426306
N225,2020-03,18917.00977,-10.528095739839172,82.76741433912709,64.03543063132993,98.19669649677891,9.297101316181845,14.141037663079015,12.658546976787765
N225,2020-04,20193.68945,6.748845063370723,69.76431941986084,47.72460098266602,82.26346549987792,-15.71040369340041,-25.47157017272198,-16.225831993669605
N225,2020-05,21877.89063,8.34023512231441,69.50140085527974,42.106849024372714,85.36720494301089,-0.37686680923350035,-11.771186856719284,3.772925714073616
N225,2020-06,22288.14063,1.8751807792541264,71.60573234558106,51.320197105407715,86.46775321960449,3.027754065969246,21.88087756388999,1.289193288369117
N225,2020-07,21710.0,-2.593938362098358,68.53134112204275,36.44394225458945,92.3572107745755,-4.293498750492198,-28.98713506548618,6.811160618471734
N225,2020-08,23139.75977,6.5857198065407685,64.93029563657699,27.294767964270807,89.9976692199707,-5.254596548829982,-25.104787584187527,-2.5547994951514386
N225,2020-09,23185.11914,0.19602351299603527,83.04108727773031,49.94818175633748,105.76334724426269,27.892667765632396,82.9954437484879,17.517873697104093
N225,2020-10,22977.13086,-0.8970766065254598,76.71051840628347,43.048690057569935,98.63585779743809,-7.62341761045866,-13.813299015418378,-6.739092164285898
N225,2020-11,26433.61914,15.043167491452403,70.364892578125,62.07505849202474,79.94887498219808,-8.272171743840929,44.197322633999846,-18.94542535800341
N225,2020-12,27444.16992,3.8229754868140953,62.28910067773634,29.27726056498866,85.56250313789614,-11.477018729790899,-52.8357100642118,7.021522387836021
N225,2021-01,27663.39063,0.7987879051872593,74.98195703567997,47.25387308674474,95.04665202479208,20.377331218205175,61.40127926877659,11.084468708928341
N225,2021-02,28966.00977,4.708819527666108,72.32457787649972,46.01375893184117,91.39712776456561,-3.544024808415902,-2.6243651025749215,-3.8397188985410335
N225,2021-03,29178.80078,0.7346231382562962,77.55295372009277,49.825385385943996,99.19816903145083,7.229044395559336,8.283666760954866,8.535324312357284
N225,2021-04,28812.63086,-1.2549176464133005,84.63264045715331,65.75086024602254,105.25555461247762,9.128842161979843,31.96257236491182,6.106348171715048
N225,2021-05,28860.08008,0.1646820112698233,90.02756192607265,52.68410350430396,115.80485919214064,6.3745163092844725,-19.87313427204783,10.022563292267739
NYA,2000-02,6266.419922,-4.678877198978593,63.89095319550613,69.82025521377037,56.801463094250906,-2.9042100082795064,5.873836985806324,-14.821458008439558
NYA,2000-03,6848.609863,9.290630826639322,50.673104070848034,41.77679486428538,55.219184998543035,-20.688138873451322,-40.16522177357223,-2.785629118535893
NYA,2000-04,6811.169922,-0.5466794247146578,49.652309608459475,41.48203840255737,54.45606384277344,-2.0144699660817,-0.7055506835446423,-1.3819855468524822
NYA,2000-05,6805.25,-0.08691490695128534,79.68136535152313,82.95394897460938,78.51787874775547,60.478668524912834,99.97558502210744,44.1857402225283
NYA,2000-06,6798.169922,-0.10403847029866187,64.1265432993571,52.05603179931641,72.9901512145996,-19.521279515661185,-37.24707208905779,-7.040087711633303
NYA,2000-07,6773.850098,-0.35774074904036945,51.13137294400123,40.80166629052931,56.502953067902595,-20.264885157915803,-21.61971460324582,-22.58825043151742
NYA,2000-08,7132.299805,5.291668723313392,47.5130286985828,41.88413973777525,50.82666443240258,-7.076563833678429,2.6530128439808287,-10.046003487071765
NYA,2000-09,7010.810059,-1.7033740773884865,52.75809377034505,36.65586573282878,63.30135205586751,11.039214328003254,-12.482705954280583,24.54358900544371
NYA,2000-10,7042.319824,0.4494454240640877,74.84650722626716,74.61284114468482,80.27979493910267,41.86734560970407,103.54952653010727,26.82161175364879
NYA,2000-11,6659.120117,-5.441384608720378,45.440477244059245,47.08891073862711,44.53256746927897,-39.28844654475468,-36.88899924435919,-44.52829942694827
NYA,2000-12,6945.569824,4.3016149576387,46.011570776662516,44.53382098290228,46.60758584545505,1.2567947504951382,-5.426096538752367,4.659552534462641
NYA,2001-01,7017.149902,1.0305861119221493,47.34544200281943,39.250703688590754,53.58126591097924,2.8989908486964033,-11.863157433402927,14.962542983127358
NYA,2001-02,6629.089844,-5.530166284311477,56.336307116917204,45.95857455049242,65.78157465798515,18.989927506775352,17.089810453134604,22.769728448140224
NYA,2001-03,6298.350098,-4.989218034197462,61.72149381329936,57.44915543833086,65.804611175291,9.558998400811113,25.002039336999694,0.035019710953454464
NYA,2001-04,6712.52002,6.575847889616626,49.026970354715985,47.12476806640625,50.69535102844238,-20.567427445911946,-17.97134752138766,-22.96079237760469
NYA,2001-05,6784.850098,1.0775398476949416,59.95146006922568,56.56440058062154,60.64858498111848,22.282612275385794,20.031149014703598,19.633425453730236
NYA,2001-06,6574.319824,-3.1029465789090716,70.94172350565593,62.602798779805504,78.85646438598633,18.33193624265337,10.675262421595733,30.02193606089316
NYA,2001-07,6523.359863,-0.7751366280351557,59.984781203731416,53.3461978666244,62.87733785567745,-15.444990282835402,-14.786241340007166,-20.26355943641387
NYA,2001-08,6215.660156,-4.716889968699245,64.13564220551521,73.31873946036062,56.88255968401509,6.919856867837648,37.43948471017813,-9.534083942011339
NYA,2001-09,5750.419922,-7.4849689706877225,472.49111404418943,791.8359584172566,249.4176373163859,636.705984061322,979.9912331353685,338.47822373309316
NYA,2001-10,5776.850098,0.4596216686521215,504.05423072076616,840.6995652721774,257.8192534908172,6.680150322070344,6.170925472062505,3.368493208751655
NYA,2001-11,6125.040039,6.027332111673567,296.1777104695638,494.21396484375,141.4245381673177,-41.24090377218973,-41.21396212644078,-45.14585848323587
NYA,2001-12,6236.390137,1.8179488997786208,231.22251793646043,376.6929409888483,121.45619632351783,-21.93115492388762,-23.77938144505022,-14.119432244619079
NYA,2002-01,6116.899902,-1.916016034517698,169.9862031013735,259.16573752126385,104.05673919185516,-26.483715938044828,-31.199736092496554,-14.325705611030715
NYA,2002-02,6117.959961,0.017330004037718894,143.41856629507882,209.38243239266532,93.08014828818185,-15.629290096238414,-19.20906119950132,-10.548659307337282
NYA,2002-03,6348.790039,3.77299098835997,150.27259728216356,217.83082137569303,97.68620583318895,4.7790402345696315,4.034908223429179,4.948485396420366
NYA,2002-04,6071.220215,-4.372011395792197,154.13523864746094,219.28201649983723,99.5971280415853,2.5704229747520735,0.6662028426368982,1.9561842863049517
NYA,2002-05,6035.27002,-0.5921411796458886,159.16512766192037,205.2949966922883,137.87667772846837,3.2632959591828437,-6.378553075536553,38.434391070895146
NYA,2002-06,5636.540039,-6.606663491089327,147.7977030436198,185.49468332926432,127.91307754516602,-7.141906512616192,-9.644810483473298,-7.2264579822009285
NYA,2002-07,5195.609863,-7.822709906239355,119.37826931861139,161.98243344214654,92.84361993112871,-19.228603110713394,-12.675430618883077,-27.416631893368603
NYA,2002-08,5239.810059,0.8507219973302504,127.00253000567037,157.38569099672378,101.13534890451739,6.386640324555559,-2.8378030553939837,8.930854892925822
NYA,2002-09,4709.959961,-10.112009634584362,170.25116170247395,185.25534108479818,167.88976720174153,34.05336231874485,17.707867793810127,66.00503090195247
NYA,2002-10,5000.319824,6.164805336017176,168.296264894547,195.84739069784843,161.10799457180886,-1.1482428597716532,5.717540747287764,-4.039419878272565
NYA,2002-11,5236.850098,4.730302907120598,156.04842834472657,175.04123814900717,151.88629328409831,-7.277545082473935,-10.623655732508986,-5.723925316195444
NYA,2002-12,5000.0,-4.522758787585978,175.05461046772618,174.67416357224988,183.75799191382623,12.179669045440855,-0.20970748415570784,20.983920234403875
NYA,2003-01,4868.680176,-2.626396480000004,205.2729772752331,176.48827115951045,244.28261073943108,17.26225132075463,1.0385666375383629,32.93713552006381
NYA,2003-02,4716.069824,-3.1345322856138225,236.19078636169434,210.63462039402552,291.2838772365025,15.061801848864963,19.34765920147381,19.240528973716554
NYA,2003-03,4730.209961,0.299828830524107,349.2410371841923,413.45056693784653,352.7903245495212,47.86395462919402,96.28803952760548,21.115637396943754
NYA,2003-04,5131.560059,8.484826282746072,252.85915400187176,326.76046600341795,210.79934641520182,-27.597525181866878,-20.967464520966683,-40.2479796790425
NYA,2003-05,5435.370117,5.920422922209823,159.68020999047064,183.58484895767705,150.55725589875252,-36.85013674083216,-43.81668896391011,-28.577930406763798
NYA,2003-06,5505.169922,1.2841775904402386,145.7216801961263,176.93343124389648,127.7050184249878,-8.741552754206271,-3.623075516059593,-15.178436494042181
NYA,2003-07,5558.990234,0.9776321669004329,133.95684691398375,166.529414761451,106.6518937387774,-8.073495492440319,-5.880186920754349,-16.485745780285622
NYA,2003-08,5660.160156,1.819933436493959,137.39681588449787,179.2770211004442,108.98332251271894,2.5679680059377485,7.654867674430843,2.186017230647508
NYA,2003-09,5644.029785,-0.28498082307620853,118.71830571492514,145.99144999186197,97.7679594039917,-13.59457280674885,-18.56655744515813,-10.290898506437395
NYA,2003-10,5959.009766,5.580763975362335,107.55338336575416,129.5931615521831,91.48407450029927,-9.404549940243411,-11.232362196959455,-6.4273458728196236
NYA,2003-11,6073.02002,1.9132416035043676,117.27323557535807,152.34808400472005,93.18425509134929,9.037235190035675,17.55873703519013,1.85844432524096
NYA,2003-12,6464.0,6.437982728731395,131.9601605323053,166.63024114793348,112.74830061389554,12.52368017722989,9.374687733369157,20.995011982837084
NYA,2004-01,6551.629883,1.3556603186881233,114.1432640321793,127.11111671693864,107.96992640341482,-13.501723875035932,-23.716658008020264,-4.238089784469723
NYA,2004-02,6692.370117,2.1481713178760353,114.83697246683055,130.29377562424233,103.49829351490942,0.6077524070589702,2.503839939028385,-4.141554076639597
NYA,2004-03,6599.060059,-1.3942752174296746,137.0413291685043,182.14090384206463,107.18084593742124,19.33554692769983,39.792482771660254,3.558080329103519
NYA,2004-04,6439.419922,-2.419134476314977,148.72968673706055,203.51488087972004,120.71956570943196,8.529074870679644,11.734858335933641,12.631659746290346
NYA,2004-05,6484.720215,0.7034840645387064,121.83138078258884,160.97313985516948,91.7239502937563,-18.08536449217786,-20.903503881710396,-24.018985858073037
NYA,2004-06,6602.990234,1.8238260877689871,136.9921531677246,177.06919593811034,107.51701380411784,12.444061856436273,9.9992185636826,17.21803679386078
NYA,2004-07,6403.149902,-3.026512608953824,130.39895802159464,159.34060545890563,120.38267381729618,-4.812826861738328,-10.012238653526872,11.96616196634508
NYA,2004-08,6454.220215,0.7975810933935623,139.9520955239573,177.53836158014113,126.08562567926222,7.326084232038577,11.420664600103292,4.737352711255904
NYA,2004-09,6570.25,1.7977351428192678,152.970458984375,188.2974100748698,129.69852345784506,9.302013958189859,6.060126047672232,2.8654319309747045
NYA,2004-10,6692.709961,1.863855424070615,118.0625233804026,147.26095236501385,96.84527255642799,-22.82005024743897,-21.793426523253423,-25.33047410681982
NYA,2004-11,7005.720215,4.67688359160916,124.46195271809896,154.47430343627929,99.13031984965006,5.420373167086323,4.898346068946902,2.3594825363217
NYA,2004-12,7250.060059,3.48771912810395,107.17075778592017,141.9146915558846,79.30897829609532,-13.892755620942731,-8.130550907824963,-19.995236153396423
NYA,2005-01,7089.830078,-2.2100503953908057,99.38704164566532,126.41269216229838,77.36354717131584,-7.26291042543833,-10.923463401589872,-2.4529771616982887
NYA,2005-02,7321.22998,3.263828603143004,109.60796138218471,108.7996129989624,105.78578090667725,10.283956104618763,-13.932999022537196,36.73853484564569
NYA,2005-03,7167.529785,-2.0993766815121995,90.47840487572455,87.14632021996283,87.85526915519468,-17.45270714392596,-19.901994301400748,-16.94983162935727
NYA,2005-04,7008.319824,-2.2212668210070063,86.93658548990885,102.42798690795898,72.97031523386637,-3.9145466707558807,17.535641951862413,-16.942585304740586
NYA,2005-05,7134.330078,1.7980094682391368,98.79405889203471,105.33132522336898,90.99365062098349,13.63922143399825,2.834516622902017,24.69954436862878
NYA,2005-06,7217.779785,1.1696922638515517,81.75722109476725,95.1893081665039,69.31578687032064,-17.244799928592734,-9.628680770281385,-23.82349054326638
NYA,2005-07,7476.660156,3.58670365003384,164.77051716466104,237.00151295815743,116.65942007495511,101.53634744222848,148.97913171466425,68.30137165319535
NYA,2005-08,7496.089844,0.25987122049955236,116.88755367648217,143.29871208437027,94.36514368364888,-29.06039521641346,-39.53679438760814,-19.11056679090457
NYA,2005-09,7632.97998,1.8261538862100135,103.76748135884603,130.99529851277669,78.09897527694702,-11.224524686306193,-8.585850767695435,-17.237475376748023
NYA,2005-10,7433.120117,-2.6183726869934754,87.41865994853359,105.815919445407,73.7711932274603,-15.755245474037638,-19.221589899208325,-5.541406957184714
NYA,2005-11,7645.279785,2.854247807926269,82.0722770690918,93.67955487569174,70.19666430155436,-6.115837148029257,-11.469318258843575,-4.84542647274867
NYA,2005-12,7753.950195,1.4214052730053384,95.3541398817493,131.53387844947076,69.47696587347215,16.183129415888263,40.40830854075885,-1.0252601533749406
NYA,2006-01,8106.549805,4.547354588727792,93.70335646598569,99.09636282151745,89.04377758887506,-1.7312131574054201,-24.660958842184765,28.163019886385033
NYA,2006-02,8060.609863,-0.5667015327737168,96.56065307344709,102.5961035319737,90.61754550252643,3.0493001694113175,3.5316540494625848,1.7674091960896199
NYA,2006-03,8233.200195,2.1411572440967364,91.85162070489699,96.46455383300781,86.54391436423025,-4.876761101613781,-5.976396264459504,-4.495411032935781
NYA,2006-04,8471.429688,2.8935224136135584,89.32775522867838,92.80472908020019,86.14640655517579,-2.7477636832640484,-3.7939580989958643,-0.45931341559326544
NYA,2006-05,8189.109863,-3.332611322973189,84.38873118738974,80.68312811082409,83.90371753323463,-5.529103500524313,-13.06140440203304,-2.603345991576267
NYA,2006-06,8169.069824,-0.24471571801160108,102.32296142578124,114.45484237670898,90.22701250712076,21.25192544792216,41.857219788872115,7.536370449118013
NYA,2006-07,8242.120117,0.894230243759031,137.44066902898973,144.67092710925687,133.83614447809035,34.3204566344385,26.40000554375559,48.33267860611912
NYA,2006-08,8388.55957,1.7767206849844008,147.491208968624,160.77977629630797,141.31128421906502,7.312638981344266,11.134821286439633,5.585292201986869
NYA,2006-09,8469.650391,0.9666834970094795,113.61922556559244,117.84904912312825,111.18667894999186,-22.965425288660548,-26.701571654174238,-21.317904961059643
NYA,2006-10,8774.980469,3.604990334954672,112.73245288479713,100.46679675194525,124.12324234747118,-0.7804776668569935,-14.749590684454382,11.634993975580254
NYA,2006-11,8969.0,2.211053707588606,87.80542017618815,84.66829687754313,86.73696505228678,-22.11167420803153,-15.7250956387203,-30.120287375772126
NYA,2006-12,9139.019531,1.895635310513999,91.50775527954102,79.05746866041615,96.69359145625945,4.216522278378543,-6.626834865052256,11.479103975992967
NYA,2007-01,9254.730469,1.2661198239866112,97.40868709933373,96.73051378803868,95.33105973274478,6.4485592524549995,22.35468125539841,-1.4091230897458562
NYA,2007-02,9124.540039,-1.4067446959810548,95.05105536324638,89.62849848611015,97.72646740504673,-2.420350593251641,-7.342063040718328,2.5127253164051178
NYA,2007-03,9261.820313,1.5045171966284299,86.13590178951141,82.20472852645382,85.6678963938067,-9.379331496809673,-8.282823080882917,-12.339104575693804
NYA,2007-04,9627.730469,3.9507369354424116,75.71304588317871,82.1852602005005,68.55693855285645,-12.100478069879417,-0.023682732492769087,-19.973594031412766
NYA,2007-05,9978.639648,3.6447756834269596,91.82276621172505,103.15781870195943,82.37121458976499,21.277337532296347,25.518637344815765,20.150077189135175
NYA,2007-06,9873.019531,-1.0584620822655877,98.5847110748291,110.01365140279134,88.00655695597331,7.364126721593589,6.645965169775048,6.841397682763484
NYA,2007-07,9554.5,-3.2261612569476794,113.9830302576865,129.01673864549207,104.86104534518334,15.619378517191729,17.2733901660304,19.151400727609147
NYA,2007-08,9596.980469,0.44461216180857743,83.12109104279548,100.07418700187436,73.35449858634702,-27.075906953096485,-22.433175685168337,-30.045997210043584
NYA,2007-09,10039.28027,4.6087392011342265,92.71907399495443,90.46699282328288,93.58469161987304,11.546988654440726,-9.600072172868657,27.578667189324
NYA,2007-10,10311.61035,2.7126454554097457,100.96206135903635,95.91243030178931,103.74951417984501,8.890282235271773,6.019253330486496,10.861629593502276
NYA,2007-11,9856.849609,-4.410181587204754,89.11012655893961,80.4546085993449,95.28441146214803,-11.738998432242253,-16.116598916121973,-8.159173355764459
NYA,2007-12,9740.320313,-1.1822164344843067,94.64804052537487,85.06247354322865,97.48771335232642,6.2146853340762975,5.727285265696103,2.3123424454939867
NYA,2008-01,9126.160156,-6.305338400219817,80.78886364352319,81.53163952981272,76.77330804640248,-14.642856634877798,-4.150871549275559,-21.248221538503877
NYA,2008-02,8962.459961,-1.7937466820848513,81.6396739565093,88.45064189516265,72.8041961275298,1.0531282092792749,8.48627895287195,-5.169911288013928
NYA,2008-03,8797.290039,-1.8429083389910228,78.19353657384073,84.13256103761735,72.61432629246866,-4.221155249228914,-4.881910142227531,-0.2607951809928011
NYA,2008-04,9299.599609,5.7098216356761045,71.86557184855143,70.36499150594075,69.58370641072591,-8.092695384500992,-16.364139355654284,-4.173583969554883
NYA,2008-05,9401.080078,1.0912348194194177,73.08874597857076,75.19145030360067,71.38500275150422,1.7020307479039154,6.85917626701118,2.588675472596913
NYA,2008-06,8660.480469,-7.877814068759181,86.7860169728597,80.27725048065186,87.26098276774088,18.740602004999385,6.763801145630577,22.23993752791742
NYA,2008-07,8438.639648,-2.561530180618432,89.47498493809854,87.2099857945596,84.52966382426601,3.0983884950956497,8.635989987697258,-3.130057508915207
NYA,2008-08,8382.080078,-0.6702451148438926,88.47457368912235,105.41860654277187,75.39880838701802,-1.1180904357439236,20.879054826480868,-10.801954040927797
NYA,2008-09,7532.799805,-10.13209448128588,89.21801058451335,95.21897468566894,82.42706019083658,0.8402831055205118,-9.675362055715087,9.321436179392805
NYA,2008-10,6061.089844,-19.53735661504149,64.97080649099043,76.1353960960142,53.63574997071297,-27.17747676132537,-20.041781223387755,-34.929439620272106
NYA,2008-11,5599.299805,-7.618927468252856,79.13092206319173,96.24985440572102,67.7355552037557,21.79458180831557,26.41932575531689,26.288073236119036
NYA,2008-12,5757.049805,2.8173165483858176,94.08670757662865,107.55399310204291,87.6594942154423,18.90005212057766,11.744577450134797,29.414299405612443
NYA,2009-01,5195.790039,-9.749086511507077,86.23219754618984,91.03520405677057,87.53845571702526,-8.348161215059768,-15.358601358110413,-0.1380780250905378
NYA,2009-02,4617.029785,-11.139023125564773,67.12189470018659,63.14009993416922,65.29873490333557,-22.161447104217558,-30.642106437423532,-25.40565815506419
NYA,2009-03,4978.97998,7.839459822761374,72.05849173761183,73.33846209126133,69.22285332218293,7.35467474432232,16.151957579612763,6.0094861327044
NYA,2009-04,5513.359863,10.732718049611423,85.95789963404337,83.50890401204427,85.18863232930501,19.28906303929281,13.86781455565156,23.06431798298285
NYA,2009-05,6004.069824,8.900379681238313,91.18033575242565,93.24943800895444,89.41171313870338,6.075574369099579,11.664066379682492,4.957329040186531
NYA,2009-06,5905.149902,-1.647547828384488,81.25230356852214,73.67756567001342,81.75211544036866,-10.888347911835139,-20.988729537503048,-8.566660261226033
NYA,2009-07,6424.279785,8.79113810174703,81.08385159892421,76.3114563111336,80.97563048331968,-0.2073196231979657,3.5748882542032234,-0.9498041156076997
NYA,2009-08,6643.240234,3.408326790362537,73.76000755063949,78.4546751206921,65.25164118120748,-9.032432357199339,2.8085151472149406,-19.418174589392322
NYA,2009-09,6910.879883,4.028751626807425,91.13029925028484,75.68046391805014,96.45980974833171,23.549742301368237,-3.5360686898189386,47.82740786619817
NYA,2009-10,6739.450195,-2.4805768715745913,90.38770306494928,89.20428694448164,89.28504986916819,-0.8148729801666255,17.869635473000866,-7.4380821379212865
NYA,2009-11,7092.359863,5.236475643989813,81.02965710957845,82.64781697591145,73.95016460418701,-10.353229076577463,-7.349949417398238,-17.175199305428855
NYA,2009-12,7184.959961,1.3056316908436116,95.82213678667623,100.3492317199707,92.03632293208953,18.25563652218536,21.41788542245284,24.457225247174776
NYA,2010-01,6883.779785,-4.191814256931248,93.6784295112856,102.653564453125,87.86365244465489,-2.2371733163945695,2.296313278794848,-4.53372142052385
NYA,2010-02,7035.040039,2.1973430110242997,81.47286292484829,81.01815795898438,80.05752774647304,-13.029217772023905,-21.07613759872904,-8.88436171384852
NYA,2010-03,7447.799805,5.867198533509277,72.72510971561555,67.32707777330953,73.52030064982753,-10.73701462694614,-16.898779891547267,-8.165661969162553
NYA,2010-04,7474.399902,0.3571537594517782,88.62468554178874,79.6067726135254,92.83870468139648,21.862566984562726,18.238865024799743,26.2762854080008
NYA,2010-05,6791.569824,-9.135583952596493,87.13836805282101,83.16650359861312,86.94786573225453,-1.6770919748616664,4.471643389400404,-6.345240349225156
NYA,2010-06,6469.649902,-4.739992819663019,96.34650853474935,69.67944971720378,111.88416697184245,10.567262949366473,-16.216930251753723,28.67960131002669
NYA,2010-07,6998.990234,8.181900721341373,79.39271330064342,81.76249122619629,76.34224307152533,-17.59668875597209,17.340896861315503,-31.766714506854075
NYA,2010-08,6704.149902,-4.212612421827822,81.61330942953786,84.75737048733619,74.11711311340332,2.79697724964445,3.6629011863820837,-2.9146772070048788
NYA,2010-09,7281.069824,8.60541501060248,71.82437750498454,70.37432320912679,69.72902139027913,-11.994283766920088,-16.969671422685785,-5.920483865055792
NYA,2010-10,7513.350098,3.1901942930742555,65.55662228984218,74.25972569373346,63.16021014798072,-8.726501270000398,5.521051297446489,-9.4204839123329
NYA,2010-11,7430.939941,-1.096849686559087,95.60385462443034,80.85895284016927,102.02185897827148,45.83401536726808,8.886683979486731,61.528688297965076
NYA,2010-12,7964.02002,7.173790707939198,97.89414264309791,94.39043466506466,98.9651261606524,2.3956021728043453,16.73467358851721,-2.9961547929352017
NYA,2011-01,8139.160156,2.19914233716354,78.83949353618007,77.48969244187877,77.08557048920662,-19.46454465246935,-17.9051429132163,-22.108349193561573
NYA,2011-02,8438.549805,3.6783850331203682,88.93610232216972,84.70568302699498,89.67357962472099,12.806536842294957,9.312194122500305,16.329916293837265
NYA,2011-03,8404.980469,-0.39780930107339296,136.0791222356981,156.13775290212322,126.68266185637444,53.00774228080458,84.32972537670638,41.27088757528632
NYA,2011-04,8671.410156,3.1699025117627455,90.67220478057861,111.14294446309408,73.5580285390218,-33.36802641662523,-28.817379271004796,-41.935204501451274
NYA,2011-05,8477.280273,-2.2387348713481803,104.47366776004914,120.63443325411889,96.0221432101342,15.221272067740333,8.53989323107822,30.539310415579468
NYA,2011-06,8319.099609,-1.8659364667203748,84.53678283691406,97.33198216756185,72.88245728810628,-19.08316741489856,-19.316583547476828,-24.098281030229863
NYA,2011-07,8079.439941,-2.880836620116023,78.2851328695974,99.24549016644877,60.417874859225364,-7.395183206081024,1.9659601667134652,-17.102308144754364
NYA,2011-08,7528.390137,-6.820396067351608,86.39183038280856,111.57653574789724,62.886020106654016,10.35534745366633,12.424791857813933,4.085124233812376
NYA,2011-09,6791.649902,-9.786159080400491,83.14460322062175,93.88602275848389,70.98976675669353,-3.7587201796722147,-15.855047722026761,12.886404062931067
NYA,2011-10,7563.379883,11.362923474202358,75.16556069158739,90.57414713213521,63.65037210526005,-9.59658500968753,-3.5275491804230286,-10.338665679221236
NYA,2011-11,7484.5,-1.0429184335603137,83.25008093516031,70.99307772318522,95.16603965759278,10.75561755834511,-21.6188283621196,49.51372083137953
NYA,2011-12,7477.029785,-0.09980913888704146,84.81960911904612,77.63644483012538,86.84766141829952,1.885317306908374,9.357767433106435,-8.740910380659695
NYA,2012-01,7838.47998,4.834141435749273,77.90155767625377,61.71806113950668,91.26849322165212,-8.156193496580155,-20.503751460347488,5.090329124764548
NYA,2012-02,8113.240234,3.5052746795431577,91.4857845964103,77.98118065143454,103.34518873280493,17.437683308734808,26.350664962022897,13.232053126837195
NYA,2012-03,8206.929688,1.1547723387676623,88.0797755333685,86.14695296748992,86.66009946023264,-3.722992679209569,10.47146535592387,-16.145008274851524
NYA,2012-04,8119.060059,-1.070676030385409,98.3707051595052,88.1813424428304,104.64068247477213,11.683646516830692,2.3615338735291314,20.748398774675515
NYA,2012-05,7463.959961,-8.0686691961814,77.68080416033345,69.08255398658014,79.93533497471964,-21.032583801878502,-21.65853674617435,-23.60969645434864
NYA,2012-06,7801.839844,4.526817999633703,77.59097859064738,81.92765919367473,70.51085557937623,-0.11563419129990704,18.59384817994694,-11.790129356840751
NYA,2012-07,7863.930176,0.7958421762239931,81.20776933239353,89.00009404459307,77.46019707956621,4.661354718603983,8.632536216126097,9.8557044062058
NYA,2012-08,8014.930176,1.9201594701443003,74.8681123795048,78.25724669425718,70.49690803404778,-7.806712344159738,-12.070602245603512,-8.989505976038025
NYA,2012-09,8251.0,2.9453759273772695,68.97198734283447,65.10240313212077,68.31967938741049,-7.87534886252107,-16.80974493458861,-3.0884030340532886
NYA,2012-10,8221.400391,-0.35873965579931166,81.94055532640026,86.90206847652313,75.07558896464687,18.802659577001602,33.48519301224788,9.888672836016443
NYA,2012-11,8260.429688,0.47472808942290445,79.75129572550456,87.46022033691406,73.34758491516114,-2.6717656381202715,0.6422768412488677,-2.301685638855866
NYA,2012-12,8443.509766,2.216350540044676,74.97084549934634,85.26028196273312,64.21883093926215,-5.994197564654025,-2.515358829084069,-12.44588214657365
NYA,2013-01,8894.709961,5.343751680336495,90.24035970626339,109.75873522604665,83.89209476594002,20.367269576878645,28.73372301773727,30.634727445108332
NYA,2013-02,8868.719727,-0.29219878010591227,82.87265164511544,87.37166687420437,78.62591293879917,-8.164537558505069,-20.3966165478642,-6.2773278481525026
NYA,2013-03,9107.040039,2.6872008512621726,74.79130831072408,70.25588681620937,79.46081779849145,-9.751520162523587,-19.589622895300696,1.0618698447955044
NYA,2013-04,9276.879883,1.864929145723293,93.84421526590982,83.1100798924764,99.8020144144694,25.47476088535521,18.296250547507608,25.599027520157392
NYA,2013-05,9302.269531,0.2736873638574,83.38529759068643,96.31220405332503,76.66901059304514,-11.144978564302333,15.885105847484283,-23.178894691799336
NYA,2013-06,9112.69043,-2.0379876154762333,82.57989651362101,85.31224797566732,78.08507897059123,-0.965878998260461,-11.421144584716792,1.8469892419278766
NYA,2013-07,9558.830078,4.895806034749728,77.08005560598066,75.28471995938209,75.0804361527966,-6.660023976577866,-11.753913716053145,-3.847909046651865
NYA,2013-08,9270.660156,-3.0146986571425116,88.84743185966245,104.42809732498661,78.84740774093136,15.266434567502763,38.71087968624718,5.017247875956099
NYA,2013-09,9621.240234,3.7816085597000892,98.07846705118816,97.374010403951,98.14722569783528,10.38976028717007,-6.754970263494176,24.47742863064981
NYA,2013-10,10009.63965,4.036895520262074,73.56673326799947,80.33374651016727,65.35439909658125,-24.991962578693006,-17.499807005065403,-33.411873201809016
NYA,2013-11,10183.23047,1.734236456753968,76.75024941762288,52.19944121042887,91.32140051523844,4.327385501849101,-35.02177667784688,39.732599148043505
NYA,2013-12,10400.32031,2.13183665674217,70.2421502144106,68.61865160542149,68.88867827384702,-8.47958052592066,31.45476276039567,-24.564584111528333
NYA,2014-01,9967.650391,-4.160159553778209,78.61989428920131,86.78251980197045,68.41249278283888,11.926947066993353,26.4707448654002,-0.6912391164121345
NYA,2014-02,10425.86035,4.596970610182405,70.26414687292916,61.49816117967878,73.86041593551636,-10.628031863710918,-29.135312825656822,7.963345481315476
NYA,2014-03,10527.76953,0.9774654232731939,119.53876396917528,75.00083989481772,150.81426780454575,70.12768145517792,21.956231627297342,104.18821894560378
NYA,2014-04,10627.16992,0.9441733096146265,92.7823445002238,61.30099623998006,112.3606637954712,-22.3830484610423,-18.266253650026478,-25.49732500038402
NYA,2014-05,10756.30957,1.2151838257235648,83.18502376925561,75.96359517497402,92.24833537686256,-10.343908404842095,23.919022257963118,-17.89979494533681
NYA,2014-06,10979.41992,2.074227675840312,98.1738182067871,105.45366484324137,96.13338797887167,18.018621331537332,38.82131908098889,4.211515130476329
NYA,2014-07,10726.42969,-2.3042221888166847,136.12800659671908,115.96761592741936,161.79567853866084,38.660193810520525,9.970209285573105,68.30331473828896
NYA,2014-08,11046.29004,2.981983374190178,132.44592408211,107.58255644767515,154.04245942638767,-2.7048677246242936,-7.230518117223495,-4.791981579669047
NYA,2014-09,10702.92969,-3.1083770999733695,130.56609942118328,121.00510635375977,142.43847586313885,-1.419314844118058,12.476511387431977,-7.53297734044166
NYA,2014-10,10845.0,1.3273964616691725,80.79179345407793,74.09397866649013,83.08987451368763,-38.12192153075063,-38.76789096000993,-41.66613058010812
NYA,2014-11,10955.41016,1.0180743199631026,84.14203809102376,77.99142316182454,87.09242757161458,4.1467635433172,5.26013660688609,4.817136963262114
NYA,2014-12,10839.24023,-1.0603886874464563,85.45243663172567,94.30592924548733,80.33614915417087,1.5573648683008257,20.918333609340344,-7.7575957012888885
NYA,2015-01,10537.21973,-2.7863622688617085,108.33973257003292,146.6483586834323,81.6583960748488,26.783666844919374,55.50279802841731,1.6458928323044741
NYA,2015-02,11062.79004,4.987751261404116,112.50795323508126,110.62664944784981,116.82035664149693,3.8473610430540095,-24.56332246673284,43.05982269651534
NYA,2015-03,10899.19043,-1.4788277587160947,103.47884836504537,80.65029876462874,119.2300068024666,-8.025303643352133,-27.096862132981926,2.0626971447831766
NYA,2015-04,11049.74023,1.3812934177717562,99.56071904500325,92.08395849863687,107.84801419576009,-3.786405996924136,14.17683493941706,-9.546248391618018
NYA,2015-05,11056.29981,0.05936411049909385,74.41008684712071,71.70904147240424,75.1276002699329,-25.261601602650142,-22.126456506031122,-30.339375434799198
NYA,2015-06,10805.2002,-2.27109986446723,85.28621266682943,88.44556840260823,80.42666390736898,14.61646704169861,23.33949330035976,7.053417942802098
NYA,2015-07,10882.28027,0.7133608685936155,106.23084825085056,89.69054517438335,118.30285398421749,24.558055668202016,1.4076191653921155,47.09407084256565
NYA,2015-08,10176.5,-6.485591737107499,80.77308187177104,72.6687409493231,83.29964871560374,-23.96457036562888,-18.978370788097155,-29.58779445277242
NYA,2015-09,9799.69043,-3.7027422984326597,96.26670481363932,79.88457260131835,111.3503412882487,19.18166619724222,9.929760111059792,33.674442815976114
NYA,2015-10,10460.95996,6.747861421985757,86.38631562263735,101.0595084159605,75.2390812904604,-10.263558111944526,26.506915071474868,-32.43030922043458
NYA,2015-11,10409.58984,-0.49106506665187455,146.2837247212728,206.72467168172201,112.25876941680909,69.33668679688365,104.55736914021405,49.20273811350009
NYA,2015-12,10143.41992,-2.556968373309132,140.49793341852003,194.36913816390498,108.1629870014806,-3.9551845660048213,-5.976806453387384,-3.648518896658426
NYA,2016-01,9632.700195,-5.03498552783962,115.96384011545489,110.91858869983304,120.46343551143524,-17.462244964117836,-42.934053344261315,11.37214203393464
NYA,2016-02,9559.530273,-0.7595992869992907,101.22297576378132,113.22725730106748,90.85711604151233,-12.711604183681224,2.0814082006417767,-24.57701736981631
NYA,2016-03,10207.37012,6.776900417688547,105.2873266896894,122.04758010372039,93.74349009606146,4.015245447232085,7.78992886774601,3.1768277272089085
NYA,2016-04,10436.91992,2.2488632948679754,83.62793006896973,90.3290501912435,79.78639167149862,-20.571703453499047,-25.98865941096199,-14.888605502377427
NYA,2016-05,10441.0,0.03909275946614166,84.68827352216167,88.0693675010435,82.82368420016381,1.2679298080407353,-2.5016123665817624,3.806780160168821
NYA,2016-06,10489.75977,0.4670028732880027,88.54716021219889,97.87790400187174,80.03160365422566,4.556577350732516,11.137285050573364,-3.3711136770858907
NYA,2016-07,10785.50977,2.819416330637292,112.01366116923671,143.21993846278036,94.82303280984202,26.501697966147653,46.32509750110867,18.481985216143258
NYA,2016-08,10764.75,-0.1924783384624429,98.61115221823415,123.22047128985005,80.60763149876749,-11.965066413420121,-13.964164059550777,-14.991506693929601
NYA,2016-09,10721.74023,-0.3995426740054375,103.71691958109538,119.65013109842936,94.2956667582194,5.177677420867943,-2.897521940994874,16.98106619056434
NYA,2016-10,10481.88965,-2.237048975770606,86.16627822383758,100.4282025367983,80.40413419661984,-16.921676258939698,-16.065112829519823,-14.731888578950725
NYA,2016-11,10838.45996,3.401775079744329,83.57939580281575,85.52786210378011,80.94508310953776,-3.0021981619094418,-14.836808841180337,0.6727874360229924
NYA,2016-12,11056.90039,2.0154194489454103,101.61987716920915,112.50576536117062,94.95736854307113,21.584843002401332,31.54282428415589,17.310854341296356
NYA,2017-01,11222.95996,1.5018636701311427,104.88912440884498,102.22949655594364,108.44574915978217,3.2171336265169437,-9.133993064477785,14.204669762508138
NYA,2017-02,11512.38965,2.578906910757617,113.19088404519218,94.91658476420811,125.99899278368268,7.91479544055298,-7.153426396591556,16.186197946807358
NYA,2017-03,11492.84961,-0.16973053027266038,98.49747651623142,99.26259293094758,97.23793039014262,-12.981087348955,4.578765847439437,-22.826422464279194
NYA,2017-04,11536.08008,0.3761510109937083,115.10228830973307,101.26866887410482,124.87095286051432,16.858108837707487,2.0209787835713477,28.417945918327536
NYA,2017-05,11598.03027,0.5370124823197209,101.37748035307854,98.86025521063036,100.89005654858005,-11.924009642381684,-2.378241651885993,-19.204543380654638
NYA,2017-06,11761.7002,1.4111872980997253,126.94453862508138,146.7019323984782,113.13888193766276,25.21966237763813,48.393236580177735,12.140765708843393
NYA,2017-07,11967.66992,1.7511900192797025,101.59804805632561,69.98286450293756,124.43094007430538,-19.96658607237466,-52.29588093437852,9.980705079677499
NYA,2017-08,11875.69043,-0.7685664011027438,137.11038946336316,109.75087941077447,156.3583743187689,34.9537634693037,56.82536030826179,25.658758364597812
NYA,2017-09,12209.16016,2.8080028859425177,118.73107655843098,86.45641419092814,146.35588200887045,-13.40475581527194,-21.22485518558812,-6.397158037411099
NYA,2017-10,12341.00977,1.0799236661008793,91.91498454924553,71.24007597277242,109.52413552807224,-22.585571348701183,-17.60001078063723,-25.16588057497128
NYA,2017-11,12627.79981,2.323878234803467,93.25364055633545,80.09026870727538,105.41860446929931,1.45640671502556,12.423053476087631,-3.748517200321233
NYA,2017-12,12808.83984,1.4336624964281786,84.61367348701724,64.52695954230524,98.77827345940375,-9.265018521286283,-19.432209950316203,-6.29901244028458
NYA,2018-01,13367.95996,4.365111337046734,91.99991103141538,75.9898567199707,106.7695834867416,8.729366354164325,17.76450844572981,8.09014953133611
NYA,2018-02,12652.54981,-5.351677833720858,65.82219927651542,53.66386883599417,76.22563787869045,-28.45406203269154,-29.380221055357104,-28.60734734611382
NYA,2018-03,12452.05957,-1.5845836847964256,109.2456529678837,64.72115756619361,142.5100219480453,65.97083380479091,20.60471779251023,86.95812316433921
NYA,2018-04,12515.36035,0.5083559040506724,122.0270450592041,94.80569979349772,144.06638272603354,11.699680256456425,46.483319147274415,1.092106194858089
NYA,2018-05,12527.13965,0.0941187442517144,122.07622054315382,62.3412499273977,166.9032696139428,0.0402988402496085,-34.24314143222706,15.851641761102208
NYA,2018-06,12504.25,-0.18272048240477456,103.35734113057454,56.24654754002889,136.8462231318156,-15.333763880707775,-9.776355774814693,-18.008662473569824
NYA,2018-07,12963.28027,3.6709940220325032,109.5580127469955,85.10936841657085,127.5609563396823,5.999256123072527,51.3148311120806,-6.7851830906501265
NYA,2018-08,13016.88965,0.41354795147077184,113.04493135021579,67.86267332876882,146.81783097790134,3.182714359079064,-20.264155883976787,15.096213755986486
NYA,2018-09,13082.51953,0.5041901849417663,73.96346220970153,49.602893877029416,88.1794579188029,-34.571624462700555,-26.906955703436154,-39.939544582922316
NYA,2018-10,12208.05957,-6.684186161501571,92.58265267649004,61.918164991563366,115.57533417978594,25.17349771161239,24.8277270779095,31.06832011397669
NYA,2018-11,12457.54981,2.0436518888972133,79.83305384318034,48.951593685150144,103.46333103179931,-13.771045076727717,-20.94146573655724,-10.479747459908284
NYA,2018-12,11374.38965,-8.69480898346897,86.58019570381411,64.75931516770393,99.9929014944261,8.45156427798377,32.292557386848046,-3.3542603961847828
NYA,2019-01,12299.03027,8.129144933943767,87.5074286307058,54.891605531015706,113.59607076644897,1.0709526807535674,-15.237513879098808,13.60413496230144
NYA,2019-02,12644.80957,2.811435474253865,98.55523300170898,57.736959321158274,130.96962765284948,12.624990293825844,5.183586383777472,15.294153018831214
NYA,2019-03,12696.87988,0.41179196659109074,79.65598315577353,67.75160512616557,85.8987022830594,-19.17630273940678,17.345294803804002,-34.41326525662569
NYA,2019-04,13060.65039,2.8650386034840603,78.96416734059652,57.763711071014406,93.91384995778402,-0.8685045212788456,-14.741929783880291,9.330929876347316
NYA,2019-05,12264.49023,-6.0958691659765085,105.10344554531959,63.40447973435925,133.1031727944651,33.10270858929771,9.765246309071296,41.729013190596916
NYA,2019-06,13049.70996,6.402383754029062,103.3317710240682,51.50454092025757,138.8043354034424,-1.685648374379367,-18.768293445444108,4.283265747376963
NYA,2019-07,13066.59961,0.1294254818825058,93.06078184804609,47.329337519984094,126.32542345600743,-9.939817225846037,-8.10647629446455,-8.990289756558633
NYA,2019-08,12736.87988,-2.5233782303060837,106.01592488442698,74.11447860348609,125.86253258489793,13.921162899248628,56.593103742879094,-0.3664273259061712
NYA,2019-09,13004.74023,2.1030295686513156,92.55197461446126,70.08315865198772,112.63771381378174,-12.699931906120154,-5.439314999523937,-10.507351552135392
NYA,2019-10,13171.80957,1.284680332288346,95.20806701721683,69.20361838802215,118.00913903021043,2.8698387190764008,-1.2549951812718674,4.768762641355617
NYA,2019-11,13545.20996,2.8348450379244383,73.70891914367675,52.628954823811846,86.17964719136556,-22.581225044357122,-23.95057361202817,-26.972056656303966
NYA,2019-12,13913.03027,2.7155009858555124,72.31251805828464,60.52569272441249,79.17934866874448,-1.8944804802661475,15.004550113215975,-8.122913879046889
NYA,2020-01,13614.09961,-2.1485661584778493,139.8703630508915,84.9525350447624,191.54257983546103,93.42482713456963,40.35780710775339,141.90976947385673
NYA,2020-02,12380.96973,-9.057740984164864,75.72699855935984,56.10202249987372,87.16311290346343,-45.859153499296525,-33.960743525413385,-54.49413233426306
NYA,2020-03,10301.87012,-16.792704088131238,82.76741433912709,64.03543063132993,98.19669649677891,9.297101316181845,14.141037663079015,12.658546976787765
NYA,2020-04,11372.33984,10.391023256270682,69.76431941986084,47.72460098266602,82.26346549987792,-15.71040369340041,-25.47157017272198,-16.225831993669605
NYA,2020-05,11802.9502,3.7864710873782625,69.50140085527974,42.106849024372714,85.36720494301089,-0.37686680923350035,-11.771186856719284,3.772925714073616
NYA,2020-06,11893.78027,0.769553954400326,71.60573234558106,51.320197105407715,86.46775321960449,3.027754065969246,21.88087756388999,1.289193288369117
NYA,2020-07,12465.04981,4.803094785943962,68.53134112204275,36.44394225458945,92.3572107745755,-4.293498750492198,-28.98713506548618,6.811160618471734
NYA,2020-08,13045.59961,4.657420618843067,64.93029563657699,27.294767964270807,89.9976692199707,-5.254596548829982,-25.104787584187527,-2.5547994951514386
NYA,2020-09,12701.88965,-2.6346811973022133,83.04108727773031,49.94818175633748,105.76334724426269,27.892667765632396,82.9954437484879,17.517873697104093
NYA,2020-10,12429.33008,-2.145819067165333,76.71051840628347,43.048690057569935,98.63585779743809,-7.62341761045866,-13.813299015418378,-6.739092164285898
NYA,2020-11,14006.45996,12.688776224052134,70.364892578125,62.07505849202474,79.94887498219808,-8.272171743840929,44.197322633999846,-18.94542535800341
NYA,2020-12,14524.79981,3.700719892680149,62.28910067773634,29.27726056498866,85.56250313789614,-11.477018729790899,-52.8357100642118,7.021522387836021
NYA,2021-01,14397.2002,-0.8784947928311637,74.98195703567997,47.25387308674474,95.04665202479208,20.377331218205175,61.40127926877659,11.084468708928341
NYA,2021-02,15010.46973,4.25964438557993,72.32457787649972,46.01375893184117,91.39712776456561,-3.544024808415902,-2.6243651025749215,-3.8397188985410335
NYA,2021-03,15601.74023,3.939053944582982,77.55295372009277,49.825385385943996,99.19816903145083,7.229044395559336,8.283666760954866,8.535324312357284
NYA,2021-04,16219.33008,3.9584677151107694,84.63264045715331,65.75086024602254,105.25555461247762,9.128842161979843,31.96257236491182,6.106348171715048
NYA,2021-05,16555.66016,2.0736373101792216,90.02756192607265,52.68410350430396,115.80485919214064,6.3745163092844725,-19.87313427204783,10.022563292267739
SSMI,2000-02,6910.100098,0.22335855895760925,63.89095319550613,69.82025521377037,56.801463094250906,-2.9042100082795064,5.873836985806324,-14.821458008439558
SSMI,2000-03,7428.100098,7.49627346425743,50.673104070848034,41.77679486428538,55.219184998543035,-20.688138873451322,-40.16522177357223,-2.785629118535893
SSMI,2000-04,7427.799805,-0.004042662269465591,49.652309608459475,41.48203840255737,54.45606384277344,-2.0144699660817,-0.7055506835446423,-1.3819855468524822
SSMI,2000-05,7754.0,4.391612638515374,79.68136535152313,82.95394897460938,78.51787874775547,60.478668524912834,99.97558502210744,44.1857402225283
SSMI,2000-06,7761.600098,0.09801519215888455,64.1265432993571,52.05603179931641,72.9901512145996,-19.521279515661185,-37.24707208905779,-7.040087711633303
SSMI,2000-07,8023.200195,3.37044029191107,51.13137294400123,40.80166629052931,56.502953067902595,-20.264885157915803,-21.61971460324582,-22.58825043151742
SSMI,2000-08,8219.900391,2.4516426266239844,47.5130286985828,41.88413973777525,50.82666443240258,-7.076563833678429,2.6530128439808287,-10.046003487071765
SSMI,2000-09,7713.299805,-6.163098844295956,52.75809377034505,36.65586573282878,63.30135205586751,11.039214328003254,-12.482705954280583,24.54358900544371
SSMI,2000-10,7977.5,3.425255100660518,74.84650722626716,74.61284114468482,80.27979493910267,41.86734560970407,103.54952653010727,26.82161175364879
SSMI,2000-11,7981.899902,0.05515389533061743,45.440477244059245,47.08891073862711,44.53256746927897,-39.28844654475468,-36.88899924435919,-44.52829942694827
SSMI,2000-12,8135.399902,1.9231010396602244,46.011570776662516,44.53382098290228,46.60758584545505,1.2567947504951382,-5.426096538752367,4.659552534462641
SSMI,2001-01,8057.399902,-0.9587727824027947,47.34544200281943,39.250703688590754,53.58126591097924,2.8989908486964033,-11.863157433402927,14.962542983127358
SSMI,2001-02,7701.799805,-4.413335583749955,56.336307116917204,45.95857455049242,65.78157465798515,18.989927506775352,17.089810453134604,22.769728448140224
SSMI,2001-03,7167.799805,-6.933444305489845,61.72149381329936,57.44915543833086,65.804611175291,9.558998400811113,25.002039336999694,0.035019710953454464
SSMI,2001-04,7327.200195,2.2238398718782415,49.026970354715985,47.12476806640625,50.69535102844238,-20.567427445911946,-17.97134752138766,-22.96079237760469
SSMI,2001-05,7487.600098,2.1891022318382136,59.95146006922568,56.56440058062154,60.64858498111848,22.282612275385794,20.031149014703598,19.633425453730236
SSMI,2001-06,7240.200195,-3.3041281553762736,70.94172350565593,62.602798779805504,78.85646438598633,18.33193624265337,10.675262421595733,30.02193606089316
SSMI,2001-07,6847.299805,-5.426650913207254,59.984781203731416,53.3461978666244,62.87733785567745,-15.444990282835402,-14.786241340007166,-20.26355943641387
SSMI,2001-08,6582.399902,-3.868676858673048,64.13564220551521,73.31873946036062,56.88255968401509,6.919856867837648,37.43948471017813,-9.534083942011339
SSMI,2001-09,6014.200195,-8.632105545993307,472.49111404418943,791.8359584172566,249.4176373163859,636.705984061322,979.9912331353685,338.47822373309316
SSMI,2001-10,6081.0,1.1107013872856175,504.05423072076616,840.6995652721774,257.8192534908172,6.680150322070344,6.170925472062505,3.368493208751655
SSMI,2001-11,6237.0,2.5653675382338426,296.1777104695638,494.21396484375,141.4245381673177,-41.24090377218973,-41.21396212644078,-45.14585848323587
SSMI,2001-12,6417.799805,2.8988264389931073,231.22251793646043,376.6929409888483,121.45619632351783,-21.93115492388762,-23.77938144505022,-14.119432244619079
SSMI,2002-01,6237.299805,-2.812490346915708,169.9862031013735,259.16573752126385,104.05673919185516,-26.483715938044828,-31.199736092496554,-14.325705611030715
SSMI,2002-02,6352.799805,1.8517628398656116,143.41856629507882,209.38243239266532,93.08014828818185,-15.629290096238414,-19.20906119950132,-10.548659307337282
SSMI,2002-03,6655.200195,4.760112065266009,150.27259728216356,217.83082137569303,97.68620583318895,4.7790402345696315,4.034908223429179,4.948485396420366
SSMI,2002-04,6557.600098,-1.4665238330971109,154.13523864746094,219.28201649983723,99.5971280415853,2.5704229747520735,0.6662028426368982,1.9561842863049517
SSMI,2002-05,6574.799805,0.2622866100853827,159.16512766192037,205.2949966922883,137.87667772846837,3.2632959591828437,-6.378553075536553,38.434391070895146
SSMI,2002-06,5979.700195,-9.051220229510836,147.7977030436198,185.49468332926432,127.91307754516602,-7.141906512616192,-9.644810483473298,-7.2264579822009285
SSMI,2002-07,5196.700195,-13.09430196274246,119.37826931861139,161.98243344214654,92.84361993112871,-19.228603110713394,-12.675430618883077,-27.416631893368603
SSMI,2002-08,5230.5,0.6504089851579353,127.00253000567037,157.38569099672378,101.13534890451739,6.386640324555559,-2.8378030553939837,8.930854892925822
SSMI,2002-09,4783.0,-8.555587419940736,170.25116170247395,185.25534108479818,167.88976720174153,34.05336231874485,17.707867793810127,66.00503090195247
SSMI,2002-10,4949.100098,3.4727179176249123,168.296264894547,195.84739069784843,161.10799457180886,-1.1482428597716532,5.717540747287764,-4.039419878272565
SSMI,2002-11,5117.5,3.402636816096183,156.04842834472657,175.04123814900717,151.88629328409831,-7.277545082473935,-10.623655732508986,-5.723925316195444
SSMI,2002-12,4630.799805,-9.510506985832933,175.05461046772618,174.67416357224988,183.75799191382623,12.179669045440855,-0.20970748415570784,20.983920234403875
SSMI,2003-01,4422.5,-4.498138847960842,205.2729772752331,176.48827115951045,244.28261073943108,17.26225132075463,1.0385666375383629,32.93713552006381
SSMI,2003-02,4148.200195,-6.202369813453923,236.19078636169434,210.63462039402552,291.2838772365025,15.061801848864963,19.34765920147381,19.240528973716554
SSMI,2003-03,4085.600098,-1.5090905466774496,349.2410371841923,413.45056693784653,352.7903245495212,47.86395462919402,96.28803952760548,21.115637396943754
SSMI,2003-04,4542.700195,11.188077296741849,252.85915400187176,326.76046600341795,210.79934641520182,-27.597525181866878,-20.967464520966683,-40.2479796790425
SSMI,2003-05,4630.799805,1.9393665929564818,159.68020999047064,183.58484895767705,150.55725589875252,-36.85013674083216,-43.81668896391011,-28.577930406763798
SSMI,2003-06,4813.700195,3.9496501188092337,145.7216801961263,176.93343124389648,127.7050184249878,-8.741552754206271,-3.623075516059593,-15.178436494042181
SSMI,2003-07,5079.100098,5.513428178922952,133.95684691398375,166.529414761451,106.6518937387774,-8.073495492440319,-5.880186920754349,-16.485745780285622
SSMI,2003-08,5124.200195,0.8879544826801089,137.39681588449787,179.2770211004442,108.98332251271894,2.5679680059377485,7.654867674430843,2.186017230647508
SSMI,2003-09,5043.5,-1.574883726805687,118.71830571492514,145.99144999186197,97.7679594039917,-13.59457280674885,-18.56655744515813,-10.290898506437395
SSMI,2003-10,5211.399902,3.329035431743832,107.55338336575416,129.5931615521831,91.48407450029927,-9.404549940243411,-11.232362196959455,-6.4273458728196236
SSMI,2003-11,5317.5,2.0359231683463985,117.27323557535807,152.34808400472005,93.18425509134929,9.037235190035675,17.55873703519013,1.85844432524096
SSMI,2003-12,5487.799805,3.2026291490361958,131.9601605323053,166.63024114793348,112.74830061389554,12.52368017722989,9.374687733369157,20.995011982837084
SSMI,2004-01,5736.399902,4.530050399679264,114.1432640321793,127.11111671693864,107.96992640341482,-13.501723875035932,-23.716658008020264,-4.238089784469723
SSMI,2004-02,5798.399902,1.080817255756239,114.83697246683055,130.29377562424233,103.49829351490942,0.6077524070589702,2.503839939028385,-4.141554076639597
SSMI,2004-03,5618.600098,-3.100852080553862,137.0413291685043,182.14090384206463,107.18084593742124,19.33554692769983,39.792482771660254,3.558080329103519
SSMI,2004-04,5774.399902,2.772929222271192,148.72968673706055,203.51488087972004,120.71956570943196,8.529074870679644,11.734858335933641,12.631659746290346
SSMI,2004-05,5627.100098,-2.550911029715519,121.83138078258884,160.97313985516948,91.7239502937563,-18.08536449217786,-20.903503881710396,-24.018985858073037
SSMI,2004-06,5619.100098,-0.1421691432651695,136.9921531677246,177.06919593811034,107.51701380411784,12.444061856436273,9.9992185636826,17.21803679386078
SSMI,2004-07,5547.200195,-1.2795625944729272,130.39895802159464,159.34060545890563,120.38267381729618,-4.812826861738328,-10.012238653526872,11.96616196634508
SSMI,2004-08,5421.700195,-2.262402574061062,139.9520955239573,177.53836158014113,126.08562567926222,7.326084232038577,11.420664600103292,4.737352711255904
SSMI,2004-09,5465.299805,0.8041685897757223,152.970458984375,188.2974100748698,129.69852345784506,9.302013958189859,6.060126047672232,2.8654319309747045
SSMI,2004-10,5363.399902,-1.8644888045624697,118.0625233804026,147.26095236501385,96.84527255642799,-22.82005024743897,-21.793426523253423,-25.33047410681982
SSMI,2004-11,5444.200195,1.5065125568926918,124.46195271809896,154.47430343627929,99.13031984965006,5.420373167086323,4.898346068946902,2.3594825363217
SSMI,2004-12,5693.200195,4.573674572597164,107.17075778592017,141.9146915558846,79.30897829609532,-13.892755620942731,-8.130550907824963,-19.995236153396423
SSMI,2005-01,5771.399902,1.3735632741086024,99.38704164566532,126.41269216229838,77.36354717131584,-7.26291042543833,-10.923463401589872,-2.4529771616982887
SSMI,2005-02,5931.299805,2.770556636433885,109.60796138218471,108.7996129989624,105.78578090667725,10.283956104618763,-13.932999022537196,36.73853484564569
SSMI,2005-03,5929.700195,-0.026968962159878984,90.47840487572455,87.14632021996283,87.85526915519468,-17.45270714392596,-19.901994301400748,-16.94983162935727
SSMI,2005-04,5870.799805,-0.9933114333447457,86.93658548990885,102.42798690795898,72.97031523386637,-3.9145466707558807,17.535641951862413,-16.942585304740586
SSMI,2005-05,6127.200195,4.3673843175785265,98.79405889203471,105.33132522336898,90.99365062098349,13.63922143399825,2.834516622902017,24.69954436862878
SSMI,2005-06,6253.100098,2.054770514969273,81.75722109476725,95.1893081665039,69.31578687032064,-17.244799928592734,-9.628680770281385,-23.82349054326638
SSMI,2005-07,6600.899902,5.5620380059363095,164.77051716466104,237.00151295815743,116.65942007495511,101.53634744222848,148.97913171466425,68.30137165319535
SSMI,2005-08,6517.200195,-1.2680044879129215,116.88755367648217,143.29871208437027,94.36514368364888,-29.06039521641346,-39.53679438760814,-19.11056679090457
SSMI,2005-09,6898.899902,5.856805001829457,103.76748135884603,130.99529851277669,78.09897527694702,-11.224524686306193,-8.585850767695435,-17.237475376748023
SSMI,2005-10,7036.600098,1.9959732414740472,87.41865994853359,105.815919445407,73.7711932274603,-15.755245474037638,-19.221589899208325,-5.541406957184714
SSMI,2005-11,7407.5,5.271010101958473,82.0722770690918,93.67955487569174,70.19666430155436,-6.115837148029257,-11.469318258843575,-4.84542647274867
SSMI,2005-12,7583.899902,2.381368909888626,95.3541398817493,131.53387844947076,69.47696587347215,16.183129415888263,40.40830854075885,-1.0252601533749406
SSMI,2006-01,7810.899902,2.993182965668306,93.70335646598569,99.09636282151745,89.04377758887506,-1.7312131574054201,-24.660958842184765,28.163019886385033
SSMI,2006-02,7892.600098,1.0459767379566554,96.56065307344709,102.5961035319737,90.61754550252643,3.0493001694113175,3.5316540494625848,1.7674091960896199
SSMI,2006-03,8023.299805,1.6559778194402464,91.85162070489699,96.46455383300781,86.54391436423025,-4.876761101613781,-5.976396264459504,-4.495411032935781
SSMI,2006-04,8047.299805,0.2991287946767729,89.32775522867838,92.80472908020019,86.14640655517579,-2.7477636832640484,-3.7939580989958643,-0.45931341559326544
SSMI,2006-05,7604.399902,-5.503708246644601,84.38873118738974,80.68312811082409,83.90371753323463,-5.529103500524313,-13.06140440203304,-2.603345991576267
SSMI,2006-06,7652.100098,0.6272710090832412,102.32296142578124,114.45484237670898,90.22701250712076,21.25192544792216,41.857219788872115,7.536370449118013
SSMI,2006-07,7941.799805,3.785884963471897,137.44066902898973,144.67092710925687,133.83614447809035,34.3204566344385,26.40000554375559,48.33267860611912
SSMI,2006-08,8168.0,2.848223331663302,147.491208968624,160.77977629630797,141.31128421906502,7.312638981344266,11.134821286439633,5.585292201986869
SSMI,2006-09,8425.900391,3.1574484696375915,113.61922556559244,117.84904912312825,111.18667894999186,-22.965425288660548,-26.701571654174238,-21.317904961059643
SSMI,2006-10,8569.700195,1.7066402084885635,112.73245288479713,100.46679675194525,124.12324234747118,-0.7804776668569935,-14.749590684454382,11.634993975580254
SSMI,2006-11,8484.599609,-0.9930404105577773,87.80542017618815,84.66829687754313,86.73696505228678,-22.11167420803153,-15.7250956387203,-30.120287375772126
SSMI,2006-12,8785.700195,3.5487895702303707,91.50775527954102,79.05746866041615,96.69359145625945,4.216522278378543,-6.626834865052256,11.479103975992967
SSMI,2007-01,9135.099609,3.9769102774397824,97.40868709933373,96.73051378803868,95.33105973274478,6.4485592524549995,22.35468125539841,-1.4091230897458562
SSMI,2007-02,8789.700195,-3.7810142065633268,95.05105536324638,89.62849848611015,97.72646740504673,-2.420350593251641,-7.342063040718328,2.5127253164051178
SSMI,2007-03,8977.0,2.130900950484582,86.13590178951141,82.20472852645382,85.6678963938067,-9.379331496809673,-8.282823080882917,-12.339104575693804
SSMI,2007-04,9428.299805,5.027289796145706,75.71304588317871,82.1852602005005,68.55693855285645,-12.100478069879417,-0.023682732492769087,-19.973594031412766
SSMI,2007-05,9450.799805,0.23864323860456338,91.82276621172505,103.15781870195943,82.37121458976499,21.277337532296347,25.518637344815765,20.150077189135175
SSMI,2007-06,9209.400391,-2.554274971228232,98.5847110748291,110.01365140279134,88.00655695597331,7.364126721593589,6.645965169775048,6.841397682763484
SSMI,2007-07,8885.0,-3.5224919889141004,113.9830302576865,129.01673864549207,104.86104534518334,15.619378517191729,17.2733901660304,19.151400727609147
SSMI,2007-08,8881.5,-0.03939223410241999,83.12109104279548,100.07418700187436,73.35449858634702,-27.075906953096485,-22.433175685168337,-30.045997210043584
SSMI,2007-09,8933.5,0.5854866858075791,92.71907399495443,90.46699282328288,93.58469161987304,11.546988654440726,-9.600072172868657,27.578667189324
SSMI,2007-10,9019.599609,0.9637836122460497,100.96206135903635,95.91243030178931,103.74951417984501,8.890282235271773,6.019253330486496,10.861629593502276
SSMI,2007-11,8828.400391,-2.119819352171881,89.11012655893961,80.4546085993449,95.28441146214803,-11.738998432242253,-16.116598916121973,-8.159173355764459
SSMI,2007-12,8484.5,-3.895387338238354,94.64804052537487,85.06247354322865,97.48771335232642,6.2146853340762975,5.727285265696103,2.3123424454939867
SSMI,2008-01,7670.399902,-9.595145241322411,80.78886364352319,81.53163952981272,76.77330804640248,-14.642856634877798,-4.150871549275559,-21.248221538503877
SSMI,2008-02,7533.899902,-1.7795682329992846,81.6396739565093,88.45064189516265,72.8041961275298,1.0531282092792749,8.48627895287195,-5.169911288013928
SSMI,2008-03,7224.299805,-4.109426738173305,78.19353657384073,84.13256103761735,72.61432629246866,-4.221155249228914,-4.881910142227531,-0.2607951809928011
SSMI,2008-04,7529.0,4.217712487362646,71.86557184855143,70.36499150594075,69.58370641072591,-8.092695384500992,-16.364139355654284,-4.173583969554883
SSMI,2008-05,7511.299805,-0.23509357152344812,73.08874597857076,75.19145030360067,71.38500275150422,1.7020307479039154,6.85917626701118,2.588675472596913
SSMI,2008-06,6958.509766,-7.359445812987353,86.7860169728597,80.27725048065186,87.26098276774088,18.740602004999385,6.763801145630577,22.23993752791742
SSMI,2008-07,7141.209961,2.6255649721538266,89.47498493809854,87.2099857945596,84.52966382426601,3.0983884950956497,8.635989987697258,-3.130057508915207
SSMI,2008-08,7238.740234,1.3657387688170264,88.47457368912235,105.41860654277187,75.39880838701802,-1.1180904357439236,20.879054826480868,-10.801954040927797
SSMI,2008-09,6654.890137,-8.06563128564395,89.21801058451335,95.21897468566894,82.42706019083658,0.8402831055205118,-9.675362055715087,9.321436179392805
SSMI,2008-10,6153.209961,-7.538519279390488,64.97080649099043,76.1353960960142,53.63574997071297,-27.17747676132537,-20.041781223387755,-34.929439620272106
SSMI,2008-11,5816.600098,-5.4704758188569125,79.13092206319173,96.24985440572102,67.7355552037557,21.79458180831557,26.41932575531689,26.288073236119036
SSMI,2008-12,5534.529785,-4.8494018541344825,94.08670757662865,107.55399310204291,87.6594942154423,18.90005212057766,11.744577450134797,29.414299405612443
SSMI,2009-01,5290.049805,-4.417357743066153,86.23219754618984,91.03520405677057,87.53845571702526,-8.348161215059768,-15.358601358110413,-0.1380780250905378
SSMI,2009-02,4690.669922,-11.330325896619787,67.12189470018659,63.14009993416922,65.29873490333557,-22.161447104217558,-30.642106437423532,-25.40565815506419
SSMI,2009-03,4927.430176,5.047472065547742,72.05849173761183,73.33846209126133,69.22285332218293,7.35467474432232,16.151957579612763,6.0094861327044
SSMI,2009-04,5225.919922,6.0577164026362595,85.95789963404337,83.50890401204427,85.18863232930501,19.28906303929281,13.86781455565156,23.06431798298285
SSMI,2009-05,5349.740234,2.3693495852996627,91.18033575242565,93.24943800895444,89.41171313870338,6.075574369099579,11.664066379682492,4.957329040186531
SSMI,2009-06,5403.970215,1.0136937239558774,81.25230356852214,73.67756567001342,81.75211544036866,-10.888347911835139,-20.988729537503048,-8.566660261226033
SSMI,2009-07,5950.689941,10.1170010982379,81.08385159892421,76.3114563111336,80.97563048331968,-0.2073196231979657,3.5748882542032234,-0.9498041156076997
SSMI,2009-08,6217.120117,4.477298912253991,73.76000755063949,78.4546751206921,65.25164118120748,-9.032432357199339,2.8085151472149406,-19.418174589392322
SSMI,2009-09,6323.180176,1.7059354975302865,91.13029925028484,75.68046391805014,96.45980974833171,23.549742301368237,-3.5360686898189386,47.82740786619817
SSMI,2009-10,6285.759766,-0.5917973070264759,90.38770306494928,89.20428694448164,89.28504986916819,-0.8148729801666255,17.869635473000866,-7.4380821379212865
SSMI,2009-11,6260.950195,-0.39469486463984405,81.02965710957845,82.64781697591145,73.95016460418701,-10.353229076577463,-7.349949417398238,-17.175199305428855
SSMI,2009-12,6545.910156,4.551385207113912,95.82213678667623,100.3492317199707,92.03632293208953,18.25563652218536,21.41788542245284,24.457225247174776
SSMI,2010-01,6440.720215,-1.606956687353589,93.6784295112856,102.653564453125,87.86365244465489,-2.2371733163945695,2.296313278794848,-4.53372142052385
SSMI,2010-02,6710.990234,4.196270137158864,81.47286292484829,81.01815795898438,80.05752774647304,-13.029217772023905,-21.07613759872904,-8.88436171384852
SSMI,2010-03,6873.370117,2.4196113738525815,72.72510971561555,67.32707777330953,73.52030064982753,-10.73701462694614,-16.898779891547267,-8.165661969162553
SSMI,2010-04,6616.819824,-3.7325255098000776,88.62468554178874,79.6067726135254,92.83870468139648,21.862566984562726,18.238865024799743,26.2762854080008
SSMI,2010-05,6312.600098,-4.5976728109863085,87.13836805282101,83.16650359861312,86.94786573225453,-1.6770919748616664,4.471643389400404,-6.345240349225156
SSMI,2010-06,6128.060059,-2.923360202374714,96.34650853474935,69.67944971720378,111.88416697184245,10.567262949366473,-16.216930251753723,28.67960131002669
SSMI,2010-07,6200.779785,1.1866679715907713,79.39271330064342,81.76249122619629,76.34224307152533,-17.59668875597209,17.340896861315503,-31.766714506854075
SSMI,2010-08,6180.890137,-0.3207604315849655,81.61330942953786,84.75737048733619,74.11711311340332,2.79697724964445,3.6629011863820837,-2.9146772070048788
SSMI,2010-09,6296.330078,1.8676911972428378,71.82437750498454,70.37432320912679,69.72902139027913,-11.994283766920088,-16.969671422685785,-5.920483865055792
SSMI,2010-10,6472.22998,2.793689336818783,65.55662228984218,74.25972569373346,63.16021014798072,-8.726501270000398,5.521051297446489,-9.4204839123329
SSMI,2010-11,6312.430176,-2.469006887792946,95.60385462443034,80.85895284016927,102.02185897827148,45.83401536726808,8.886683979486731,61.528688297965076
SSMI,2010-12,6436.040039,1.9581977075955326,97.89414264309791,94.39043466506466,98.9651261606524,2.3956021728043453,16.73467358851721,-2.9961547929352017
SSMI,2011-01,6479.149902,0.6698196832022552,78.83949353618007,77.48969244187877,77.08557048920662,-19.46454465246935,-17.9051429132163,-22.108349193561573
SSMI,2011-02,6610.439941,2.026346681058766,88.93610232216972,84.70568302699498,89.67357962472099,12.806536842294957,9.312194122500305,16.329916293837265
SSMI,2011-03,6357.549805,-3.8256173304214935,136.0791222356981,156.13775290212322,126.68266185637444,53.00774228080458,84.32972537670638,41.27088757528632
SSMI,2011-04,6539.700195,2.865103626191745,90.67220478057861,111.14294446309408,73.5580285390218,-33.36802641662523,-28.817379271004796,-41.935204501451274
SSMI,2011-05,6554.709961,0.22951764687126897,104.47366776004914,120.63443325411889,96.0221432101342,15.221272067740333,8.53989323107822,30.539310415579468
SSMI,2011-06,6187.069824,-5.608793359087261,84.53678283691406,97.33198216756185,72.88245728810628,-19.08316741489856,-19.316583547476828,-24.098281030229863
SSMI,2011-07,5783.350098,-6.525216903710184,78.2851328695974,99.24549016644877,60.417874859225364,-7.395183206081024,1.9659601667134652,-17.102308144754364
SSMI,2011-08,5528.52002,-4.406270996599792,86.39183038280856,111.57653574789724,62.886020106654016,10.35534745366633,12.424791857813933,4.085124233812376
SSMI,2011-09,5531.740234,0.058247306482583916,83.14460322062175,93.88602275848389,70.98976675669353,-3.7587201796722147,-15.855047722026761,12.886404062931067
SSMI,2011-10,5731.27002,3.6069984771450514,75.16556069158739,90.57414713213521,63.65037210526005,-9.59658500968753,-3.5275491804230286,-10.338665679221236
SSMI,2011-11,5652.310059,-1.3777044306839237,83.25008093516031,70.99307772318522,95.16603965759278,10.75561755834511,-21.6188283621196,49.51372083137953
SSMI,2011-12,5936.22998,5.023077609621263,84.81960911904612,77.63644483012538,86.84766141829952,1.885317306908374,9.357767433106435,-8.740910380659695
SSMI,2012-01,5970.490234,0.5771382529893065,77.90155767625377,61.71806113950668,91.26849322165212,-8.156193496580155,-20.503751460347488,5.090329124764548
SSMI,2012-02,6109.930176,2.3354856391177847,91.4857845964103,77.98118065143454,103.34518873280493,17.437683308734808,26.350664962022897,13.232053126837195
SSMI,2012-03,6235.509766,2.055335926640889,88.0797755333685,86.14695296748992,86.66009946023264,-3.722992679209569,10.47146535592387,-16.145008274851524
SSMI,2012-04,6096.339844,-2.2318932568888505,98.3707051595052,88.1813424428304,104.64068247477213,11.683646516830692,2.3615338735291314,20.748398774675515
SSMI,2012-05,5849.899902,-4.042424607324757,77.68080416033345,69.08255398658014,79.93533497471964,-21.032583801878502,-21.65853674617435,-23.60969645434864
SSMI,2012-06,6066.859863,3.70878074214267,77.59097859064738,81.92765919367473,70.51085557937623,-0.11563419129990704,18.59384817994694,-11.790129356840751
SSMI,2012-07,6399.27002,5.479113816807812,81.20776933239353,89.00009404459307,77.46019707956621,4.661354718603983,8.632536216126097,9.8557044062058
SSMI,2012-08,6388.009766,-0.1759615388131408,74.8681123795048,78.25724669425718,70.49690803404778,-7.806712344159738,-12.070602245603512,-8.989505976038025
SSMI,2012-09,6495.879883,1.688634190481908,68.97198734283447,65.10240313212077,68.31967938741049,-7.87534886252107,-16.80974493458861,-3.0884030340532886
SSMI,2012-10,6595.129883,1.5278915526092396,81.94055532640026,86.90206847652313,75.07558896464687,18.802659577001602,33.48519301224788,9.888672836016443
SSMI,2012-11,6820.600098,3.418738053683912,79.75129572550456,87.46022033691406,73.34758491516114,-2.6717656381202715,0.6422768412488677,-2.301685638855866
SSMI,2012-12,6822.439941,0.026974796551093583,74.97084549934634,85.26028196273312,64.21883093926215,-5.994197564654025,-2.515358829084069,-12.44588214657365
SSMI,2013-01,7390.859863,8.331622218966483,90.24035970626339,109.75873522604665,83.89209476594002,20.367269576878645,28.73372301773727,30.634727445108332
SSMI,2013-02,7593.669922,2.7440658158775832,82.87265164511544,87.37166687420437,78.62591293879917,-8.164537558505069,-20.3966165478642,-6.2773278481525026
SSMI,2013-03,7813.669922,2.8971498927366834,74.79130831072408,70.25588681620937,79.46081779849145,-9.751520162523587,-19.589622895300696,1.0618698447955044
SSMI,2013-04,7906.209961,1.1843351449930761,93.84421526590982,83.1100798924764,99.8020144144694,25.47476088535521,18.296250547507608,25.599027520157392
SSMI,2013-05,7947.009766,0.5160475778060336,83.38529759068643,96.31220405332503,76.66901059304514,-11.144978564302333,15.885105847484283,-23.178894691799336
SSMI,2013-06,7683.040039,-3.3216232869041074,82.57989651362101,85.31224797566732,78.08507897059123,-0.965878998260461,-11.421144584716792,1.8469892419278766
SSMI,2013-07,7820.430176,1.7882262268918536,77.08005560598066,75.28471995938209,75.0804361527966,-6.660023976577866,-11.753913716053145,-3.847909046651865
SSMI,2013-08,7745.970215,-0.9521210384117795,88.84743185966245,104.42809732498661,78.84740774093136,15.266434567502763,38.71087968624718,5.017247875956099
SSMI,2013-09,8022.600098,3.57127480898789,98.07846705118816,97.374010403951,98.14722569783528,10.38976028717007,-6.754970263494176,24.47742863064981
SSMI,2013-10,8234.290039,2.638669987461717,73.56673326799947,80.33374651016727,65.35439909658125,-24.991962578693006,-17.499807005065403,-33.411873201809016
SSMI,2013-11,8264.200195,0.36323903892547804,76.75024941762288,52.19944121042887,91.32140051523844,4.327385501849101,-35.02177667784688,39.732599148043505
SSMI,2013-12,8202.980469,-0.7407822239959616,70.2421502144106,68.61865160542149,68.88867827384702,-8.47958052592066,31.45476276039567,-24.564584111528333
SSMI,2014-01,8191.330078,-0.14202631645934272,78.61989428920131,86.78251980197045,68.41249278283888,11.926947066993353,26.4707448654002,-0.6912391164121345
SSMI,2014-02,8475.330078,3.4670804044725223,70.26414687292916,61.49816117967878,73.86041593551636,-10.628031863710918,-29.135312825656822,7.963345481315476
SSMI,2014-03,8453.820313,-0.2537926523455969,119.53876396917528,75.00083989481772,150.81426780454575,70.12768145517792,21.956231627297342,104.18821894560378
SSMI,2014-04,8476.660156,0.2701718531310293,92.7823445002238,61.30099623998006,112.3606637954712,-22.3830484610423,-18.266253650026478,-25.49732500038402
SSMI,2014-05,8674.519531,2.334166657134995,83.18502376925561,75.96359517497402,92.24833537686256,-10.343908404842095,23.919022257963118,-17.89979494533681
SSMI,2014-06,8554.519531,-1.3833619207514358,98.1738182067871,105.45366484324137,96.13338797887167,18.018621331537332,38.82131908098889,4.211515130476329
SSMI,2014-07,8410.269531,-1.686243154595235,136.12800659671908,115.96761592741936,161.79567853866084,38.660193810520525,9.970209285573105,68.30331473828896
SSMI,2014-08,8658.969727,2.9571013756847897,132.44592408211,107.58255644767515,154.04245942638767,-2.7048677246242936,-7.230518117223495,-4.791981579669047
SSMI,2014-09,8835.139648,2.034536746914317,130.56609942118328,121.00510635375977,142.43847586313885,-1.419314844118058,12.476511387431977,-7.53297734044166
SSMI,2014-10,8837.780273,0.02988775622350115,80.79179345407793,74.09397866649013,83.08987451368763,-38.12192153075063,-38.76789096000993,-41.66613058010812
SSMI,2014-11,9150.459961,3.537988933208225,84.14203809102376,77.99142316182454,87.09242757161458,4.1467635433172,5.26013660688609,4.817136963262114
SSMI,2014-12,8983.370117,-1.8260267211938075,85.45243663172567,94.30592924548733,80.33614915417087,1.5573648683008257,20.918333609340344,-7.7575957012888885
SSMI,2015-01,8385.129883,-6.659418750518798,108.33973257003292,146.6483586834323,81.6583960748488,26.783666844919374,55.50279802841731,1.6458928323044741
SSMI,2015-02,9014.530273,7.50614956216773,112.50795323508126,110.62664944784981,116.82035664149693,3.8473610430540095,-24.56332246673284,43.05982269651534
SSMI,2015-03,9128.980469,1.2696190764680981,103.47884836504537,80.65029876462874,119.2300068024666,-8.025303643352133,-27.096862132981926,2.0626971447831766
SSMI,2015-04,9077.120117,-0.5680848170954711,99.56071904500325,92.08395849863687,107.84801419576009,-3.786405996924136,14.17683493941706,-9.546248391618018
SSMI,2015-05,9237.790039,1.7700539370310908,74.41008684712071,71.70904147240424,75.1276002699329,-25.261601602650142,-22.126456506031122,-30.339375434799198
SSMI,2015-06,8780.910156,-4.945770374420166,85.28621266682943,88.44556840260823,80.42666390736898,14.61646704169861,23.33949330035976,7.053417942802098
SSMI,2015-07,9428.169922,7.371214993672681,106.23084825085056,89.69054517438335,118.30285398421749,24.558055668202016,1.4076191653921155,47.09407084256565
SSMI,2015-08,8824.55957,-6.402200607262243,80.77308187177104,72.6687409493231,83.29964871560374,-23.96457036562888,-18.978370788097155,-29.58779445277242
SSMI,2015-09,8513.410156,-3.5259483663953484,96.26670481363932,79.88457260131835,111.3503412882487,19.18166619724222,9.929760111059792,33.674442815976114
SSMI,2015-10,8938.650391,4.994945940673401,86.38631562263735,101.0595084159605,75.2390812904604,-10.263558111944526,26.506915071474868,-32.43030922043458
SSMI,2015-11,8993.099609,0.6091436136133499,146.2837247212728,206.72467168172201,112.25876941680909,69.33668679688365,104.55736914021405,49.20273811350009
SSMI,2015-12,8818.089844,-1.9460449968201954,140.49793341852003,194.36913816390498,108.1629870014806,-3.9551845660048213,-5.976806453387384,-3.648518896658426
SSMI,2016-01,8319.80957,-5.650659982093975,115.96384011545489,110.91858869983304,120.46343551143524,-17.462244964117836,-42.934053344261315,11.37214203393464
SSMI,2016-02,7843.629883,-5.723444545137591,101.22297576378132,113.22725730106748,90.85711604151233,-12.711604183681224,2.0814082006417767,-24.57701736981631
SSMI,2016-03,7807.890137,-0.45565314188855677,105.2873266896894,122.04758010372039,93.74349009606146,4.015245447232085,7.78992886774601,3.1768277272089085
SSMI,2016-04,7960.850098,1.9590434588103722,83.62793006896973,90.3290501912435,79.78639167149862,-20.571703453499047,-25.98865941096199,-14.888605502377427
SSMI,2016-05,8216.419922,3.210333329404169,84.68827352216167,88.0693675010435,82.82368420016381,1.2679298080407353,-2.5016123665817624,3.806780160168821
SSMI,2016-06,8020.149902,-2.3887535187250286,88.54716021219889,97.87790400187174,80.03160365422566,4.556577350732516,11.137285050573364,-3.3711136770858907
SSMI,2016-07,8127.200195,1.334766735136772,112.01366116923671,143.21993846278036,94.82303280984202,26.501697966147653,46.32509750110867,18.481985216143258
SSMI,2016-08,8202.129883,0.9219618835782706,98.61115221823415,123.22047128985005,80.60763149876749,-11.965066413420121,-13.964164059550777,-14.991506693929601
SSMI,2016-09,8139.009766,-0.7695576380815972,103.71691958109538,119.65013109842936,94.2956667582194,5.177677420867943,-2.897521940994874,16.98106619056434
SSMI,2016-10,7827.740234,-3.824415266096637,86.16627822383758,100.4282025367983,80.40413419661984,-16.921676258939698,-16.065112829519823,-14.731888578950725
SSMI,2016-11,7875.189941,0.6061737561742442,83.57939580281575,85.52786210378011,80.94508310953776,-3.0021981619094418,-14.836808841180337,0.6727874360229924
SSMI,2016-12,8219.870117,4.376785557965013,101.61987716920915,112.50576536117062,94.95736854307113,21.584843002401332,31.54282428415589,17.310854341296356
SSMI,2017-01,8291.69043,0.8737402413629969,104.88912440884498,102.22949655594364,108.44574915978217,3.2171336265169437,-9.133993064477785,14.204669762508138
SSMI,2017-02,8545.80957,3.0647446638935705,113.19088404519218,94.91658476420811,125.99899278368268,7.91479544055298,-7.153426396591556,16.186197946807358
SSMI,2017-03,8658.889648,1.3232225346673676,98.49747651623142,99.26259293094758,97.23793039014262,-12.981087348955,4.578765847439437,-22.826422464279194
SSMI,2017-04,8812.669922,1.7759814508724991,115.10228830973307,101.26866887410482,124.87095286051432,16.858108837707487,2.0209787835713477,28.417945918327536
SSMI,2017-05,9016.639648,2.3145054541394927,101.37748035307854,98.86025521063036,100.89005654858005,-11.924009642381684,-2.378241651885993,-19.204543380654638
SSMI,2017-06,8906.889648,-1.217194035522351,126.94453862508138,146.7019323984782,113.13888193766276,25.21966237763813,48.393236580177735,12.140765708843393
SSMI,2017-07,9055.0,1.6628739981443097,101.59804805632561,69.98286450293756,124.43094007430538,-19.96658607237466,-52.29588093437852,9.980705079677499
SSMI,2017-08,8925.450195,-1.4306991165102256,137.11038946336316,109.75087941077447,156.3583743187689,34.9537634693037,56.82536030826179,25.658758364597812
SSMI,2017-09,9157.459961,2.5994180789891352,118.73107655843098,86.45641419092814,146.35588200887045,-13.40475581527194,-21.22485518558812,-6.397158037411099
SSMI,2017-10,9242.179688,0.9251443889550792,91.91498454924553,71.24007597277242,109.52413552807224,-22.585571348701183,-17.60001078063723,-25.16588057497128
SSMI,2017-11,9318.769531,0.8286989171985448,93.25364055633545,80.09026870727538,105.41860446929931,1.45640671502556,12.423053476087631,-3.748517200321233
SSMI,2017-12,9381.870117,0.6771343125300922,84.61367348701724,64.52695954230524,98.77827345940375,-9.265018521286283,-19.432209950316203,-6.29901244028458
SSMI,2018-01,9335.400391,-0.49531410497569706,91.99991103141538,75.9898567199707,106.7695834867416,8.729366354164325,17.76450844572981,8.09014953133611
SSMI,2018-02,8906.379883,-4.595630503578684,65.82219927651542,53.66386883599417,76.22563787869045,-28.45406203269154,-29.380221055357104,-28.60734734611382
SSMI,2018-03,8740.969727,-1.8572097549502176,109.2456529678837,64.72115756619361,142.5100219480453,65.97083380479091,20.60471779251023,86.95812316433921
SSMI,2018-04,8886.259766,1.6621730029702908,122.0270450592041,94.80569979349772,144.06638272603354,11.699680256456425,46.483319147274415,1.092106194858089
SSMI,2018-05,8456.950195,-4.831161616978552,122.07622054315382,62.3412499273977,166.9032696139428,0.0402988402496085,-34.24314143222706,15.851641761102208
SSMI,2018-06,8609.299805,1.80147223865732,103.35734113057454,56.24654754002889,136.8462231318156,-15.333763880707775,-9.776355774814693,-18.008662473569824
SSMI,2018-07,9174.330078,6.563022380424588,109.5580127469955,85.10936841657085,127.5609563396823,5.999256123072527,51.3148311120806,-6.7851830906501265
SSMI,2018-08,8973.55957,-2.1883942074577,113.04493135021579,67.86267332876882,146.81783097790134,3.182714359079064,-20.264155883976787,15.096213755986486
SSMI,2018-09,9087.990234,1.2751981318824823,73.96346220970153,49.602893877029416,88.1794579188029,-34.571624462700555,-26.906955703436154,-39.939544582922316
SSMI,2018-10,9022.160156,-0.7243634324530568,92.58265267649004,61.918164991563366,115.57533417978594,25.17349771161239,24.8277270779095,31.06832011397669
SSMI,2018-11,9037.759766,0.1729032707275202,79.83305384318034,48.951593685150144,103.46333103179931,-13.771045076727717,-20.94146573655724,-10.479747459908284
SSMI,2018-12,8429.299805,-6.732420165548348,86.58019570381411,64.75931516770393,99.9929014944261,8.45156427798377,32.292557386848046,-3.3542603961847828
SSMI,2019-01,8969.269531,6.4058668986919365,87.5074286307058,54.891605531015706,113.59607076644897,1.0709526807535674,-15.237513879098808,13.60413496230144
SSMI,2019-02,9388.94043,4.6789863717386915,98.55523300170898,57.736959321158274,130.96962765284948,12.624990293825844,5.183586383777472,15.294153018831214
SSMI,2019-03,9477.839844,0.9468524660774635,79.65598315577353,67.75160512616557,85.8987022830594,-19.17630273940678,17.345294803804002,-34.41326525662569
SSMI,2019-04,9769.740234,3.0798198197534488,78.96416734059652,57.763711071014406,93.91384995778402,-0.8685045212788456,-14.741929783880291,9.330929876347316
SSMI,2019-05,9523.980469,-2.5155199535881634,105.10344554531959,63.40447973435925,133.1031727944651,33.10270858929771,9.765246309071296,41.729013190596916
SSMI,2019-06,9898.240234,3.929656998123776,103.3317710240682,51.50454092025757,138.8043354034424,-1.685648374379367,-18.768293445444108,4.283265747376963
SSMI,2019-07,9919.269531,0.21245490615355855,93.06078184804609,47.329337519984094,126.32542345600743,-9.939817225846037,-8.10647629446455,-8.990289756558633
SSMI,2019-08,9895.650391,-0.23811370309260171,106.01592488442698,74.11447860348609,125.86253258489793,13.921162899248628,56.593103742879094,-0.3664273259061712
SSMI,2019-09,10078.32031,1.8459617284593666,92.55197461446126,70.08315865198772,112.63771381378174,-12.699931906120154,-5.439314999523937,-10.507351552135392
SSMI,2019-10,10219.82031,1.4040037987242737,95.20806701721683,69.20361838802215,118.00913903021043,2.8698387190764008,-1.2549951812718674,4.768762641355617
SSMI,2019-11,10493.24023,2.6753887221721673,73.70891914367675,52.628954823811846,86.17964719136556,-22.581225044357122,-23.95057361202817,-26.972056656303966
SSMI,2019-12,10616.94043,1.1788560758033917,72.31251805828464,60.52569272441249,79.17934866874448,-1.8944804802661475,15.004550113215975,-8.122913879046889
SSMI,2020-01,10627.87988,0.1030376884199935,139.8703630508915,84.9525350447624,191.54257983546103,93.42482713456963,40.35780710775339,141.90976947385673
SSMI,2020-02,9831.030273,-7.4977287662005505,75.72699855935984,56.10202249987372,87.16311290346343,-45.859153499296525,-33.960743525413385,-54.49413233426306
SSMI,2020-03,9311.919922,-5.280325017670718,82.76741433912709,64.03543063132993,98.19669649677891,9.297101316181845,14.141037663079015,12.658546976787765
SSMI,2020-04,9629.400391,3.409398616604653,69.76431941986084,47.72460098266602,82.26346549987792,-15.71040369340041,-25.47157017272198,-16.225831993669605
SSMI,2020-05,9831.490234,2.0986752528109998,69.50140085527974,42.106849024372714,85.36720494301089,-0.37686680923350035,-11.771186856719284,3.772925714073616
SSMI,2020-06,10045.29981,2.1747422914645043,71.60573234558106,51.320197105407715,86.46775321960449,3.027754065969246,21.88087756388999,1.289193288369117
SSMI,2020-07,10005.90039,-0.3922174623476993,68.53134112204275,36.44394225458945,92.3572107745755,-4.293498750492198,-28.98713506548618,6.811160618471734
SSMI,2020-08,10135.55957,1.295827211407996,64.93029563657699,27.294767964270807,89.9976692199707,-5.254596548829982,-25.104787584187527,-2.5547994951514386
SSMI,2020-09,10187.0,0.5075243221129844,83.04108727773031,49.94818175633748,105.76334724426269,27.892667765632396,82.9954437484879,17.517873697104093
SSMI,2020-10,9587.150391,-5.888383321880841,76.71051840628347,43.048690057569935,98.63585779743809,-7.62341761045866,-13.813299015418378,-6.739092164285898
SSMI,2020-11,10476.42969,9.275741620104538,70.364892578125,62.07505849202474,79.94887498219808,-8.272171743840929,44.197322633999846,-18.94542535800341
SSMI,2020-12,10703.50977,2.1675330882691135,62.28910067773634,29.27726056498866,85.56250313789614,-11.477018729790899,-52.8357100642118,7.021522387836021
SSMI,2021-01,10591.05957,-1.0505918377836987,74.98195703567997,47.25387308674474,95.04665202479208,20.377331218205175,61.40127926877659,11.084468708928341
SSMI,2021-02,10522.21973,-0.6499806704420075,72.32457787649972,46.01375893184117,91.39712776456561,-3.544024808415902,-2.6243651025749215,-3.8397188985410335
SSMI,2021-03,11047.37012,4.990870780836643,77.55295372009277,49.825385385943996,99.19816903145083,7.229044395559336,8.283666760954866,8.535324312357284
SSMI,2021-04,11022.33984,-0.22657229483680208,84.63264045715331,65.75086024602254,105.25555461247762,9.128842161979843,31.96257236491182,6.106348171715048
SSMI,2021-05,11426.15039,3.6635646864613403,90.02756192607265,52.68410350430396,115.80485919214064,6.3745163092844725,-19.87313427204783,10.022563292267739
TWII,2000-02,9435.94043,-3.170371642570702,63.89095319550613,69.82025521377037,56.801463094250906,-2.9042100082795064,5.873836985806324,-14.821458008439558
TWII,2000-03,9854.950195,4.440572385003905,50.673104070848034,41.77679486428538,55.219184998543035,-20.688138873451322,-40.16522177357223,-2.785629118535893
TWII,2000-04,8824.360352,-10.457585503809842,49.652309608459475,41.48203840255737,54.45606384277344,-2.0144699660817,-0.7055506835446423,-1.3819855468524822
TWII,2000-05,8939.519531,1.3050144645770256,79.68136535152313,82.95394897460938,78.51787874775547,60.478668524912834,99.97558502210744,44.1857402225283
TWII,2000-06,8265.089844,-7.544361692608281,64.1265432993571,52.05603179931641,72.9901512145996,-19.521279515661185,-37.24707208905779,-7.040087711633303
TWII,2000-07,8114.919922,-1.8169182045736032,51.13137294400123,40.80166629052931,56.502953067902595,-20.264885157915803,-21.61971460324582,-22.58825043151742
TWII,2000-08,7616.97998,-6.1361041980224185,47.5130286985828,41.88413973777525,50.82666443240258,-7.076563833678429,2.6530128439808287,-10.046003487071765
TWII,2000-09,6432.359863,-15.55235959803587,52.75809377034505,36.65586573282878,63.30135205586751,11.039214328003254,-12.482705954280583,24.54358900544371
TWII,2000-10,5544.180176,-13.807991249198547,74.84650722626716,74.61284114468482,80.27979493910267,41.86734560970407,103.54952653010727,26.82161175364879
TWII,2000-11,5256.930176,-5.181108673983326,45.440477244059245,47.08891073862711,44.53256746927897,-39.28844654475468,-36.88899924435919,-44.52829942694827
TWII,2000-12,4743.939941,-9.758361207497234,46.011570776662516,44.53382098290228,46.60758584545505,1.2567947504951382,-5.426096538752367,4.659552534462641
TWII,2001-01,5936.200195,25.13227968372378,47.34544200281943,39.250703688590754,53.58126591097924,2.8989908486964033,-11.863157433402927,14.962542983127358
TWII,2001-02,5674.689941,-4.40534761985063,56.336307116917204,45.95857455049242,65.78157465798515,18.989927506775352,17.089810453134604,22.769728448140224
TWII,2001-03,5797.919922,2.171572055587667,61.72149381329936,57.44915543833086,65.804611175291,9.558998400811113,25.002039336999694,0.035019710953454464
TWII,2001-04,5381.669922,-7.179298879595663,49.026970354715985,47.12476806640625,50.69535102844238,-20.567427445911946,-17.97134752138766,-22.96079237760469
TWII,2001-05,5048.859863,-6.1841410533093,59.95146006922568,56.56440058062154,60.64858498111848,22.282612275385794,20.031149014703598,19.633425453730236
TWII,2001-06,4883.430176,-3.2765751375341767,70.94172350565593,62.602798779805504,78.85646438598633,18.33193624265337,10.675262421595733,30.02193606089316
TWII,2001-07,4352.97998,-10.862245939482019,59.984781203731416,53.3461978666244,62.87733785567745,-15.444990282835402,-14.786241340007166,-20.26355943641387
TWII,2001-08,4509.439941,3.59431841448532,64.13564220551521,73.31873946036062,56.88255968401509,6.919856867837648,37.43948471017813,-9.534083942011339
TWII,2001-09,3636.939941,-19.348300707305054,472.49111404418943,791.8359584172566,249.4176373163859,636.705984061322,979.9912331353685,338.47822373309316
TWII,2001-10,3903.48999,7.328964825487616,504.05423072076616,840.6995652721774,257.8192534908172,6.680150322070344,6.170925472062505,3.368493208751655
TWII,2001-11,4441.120117,13.773062781698076,296.1777104695638,494.21396484375,141.4245381673177,-41.24090377218973,-41.21396212644078,-45.14585848323587
TWII,2001-12,5551.240234,24.996399281132064,231.22251793646043,376.6929409888483,121.45619632351783,-21.93115492388762,-23.77938144505022,-14.119432244619079
TWII,2002-01,5872.140137,5.780688449304838,169.9862031013735,259.16573752126385,104.05673919185516,-26.483715938044828,-31.199736092496554,-14.325705611030715
TWII,2002-02,5696.109863,-2.997719228307316,143.41856629507882,209.38243239266532,93.08014828818185,-15.629290096238414,-19.20906119950132,-10.548659307337282
TWII,2002-03,6167.470215,8.27512747009671,150.27259728216356,217.83082137569303,97.68620583318895,4.7790402345696315,4.034908223429179,4.948485396420366
TWII,2002-04,6065.72998,-1.6496266938193949,154.13523864746094,219.28201649983723,99.5971280415853,2.5704229747520735,0.6662028426368982,1.9561842863049517
TWII,2002-05,5675.649902,-6.430884317076046,159.16512766192037,205.2949966922883,137.87667772846837,3.2632959591828437,-6.378553075536553,38.434391070895146
TWII,2002-06,5153.709961,-9.196126435072715,147.7977030436198,185.49468332926432,127.91307754516602,-7.141906512616192,-9.644810483473298,-7.2264579822009285
TWII,2002-07,4940.379883,-4.139349703695904,119.37826931861139,161.98243344214654,92.84361993112871,-19.228603110713394,-12.675430618883077,-27.416631893368603
TWII,2002-08,4764.939941,-3.551142749238667,127.00253000567037,157.38569099672378,101.13534890451739,6.386640324555559,-2.8378030553939837,8.930854892925822
TWII,2002-09,4191.810059,-12.028060984955847,170.25116170247395,185.25534108479818,167.88976720174153,34.05336231874485,17.707867793810127,66.00503090195247
TWII,2002-10,4579.140137,9.2401629021426,168.296264894547,195.84739069784843,161.10799457180886,-1.1482428597716532,5.717540747287764,-4.039419878272565
TWII,2002-11,4646.689941,1.4751635018589893,156.04842834472657,175.04123814900717,151.88629328409831,-7.277545082473935,-10.623655732508986,-5.723925316195444
TWII,2002-12,4452.450195,-4.180174456791875,175.05461046772618,174.67416357224988,183.75799191382623,12.179669045440855,-0.20970748415570784,20.983920234403875
TWII,2003-01,5015.160156,12.638208994048039,205.2729772752331,176.48827115951045,244.28261073943108,17.26225132075463,1.0385666375383629,32.93713552006381
TWII,2003-02,4432.459961,-11.618775410449732,236.19078636169434,210.63462039402552,291.2838772365025,15.061801848864963,19.34765920147381,19.240528973716554
TWII,2003-03,4321.220215,-2.509661609552427,349.2410371841923,413.45056693784653,352.7903245495212,47.86395462919402,96.28803952760548,21.115637396943754
TWII,2003-04,4148.069824,-4.00697910277642,252.85915400187176,326.76046600341795,210.79934641520182,-27.597525181866878,-20.967464520966683,-40.2479796790425
TWII,2003-05,4555.899902,9.831803593092081,159.68020999047064,183.58484895767705,150.55725589875252,-36.85013674083216,-43.81668896391011,-28.577930406763798
TWII,2003-06,4872.149902,6.941548471272796,145.7216801961263,176.93343124389648,127.7050184249878,-8.741552754206271,-3.623075516059593,-15.178436494042181
TWII,2003-07,5318.339844,9.157968268111794,133.95684691398375,166.529414761451,106.6518937387774,-8.073495492440319,-5.880186920754349,-16.485745780285622
TWII,2003-08,5650.830078,6.251767351330617,137.39681588449787,179.2770211004442,108.98332251271894,2.5679680059377485,7.654867674430843,2.186017230647508
TWII,2003-09,5611.410156,-0.6975952462890511,118.71830571492514,145.99144999186197,97.7679594039917,-13.59457280674885,-18.56655744515813,-10.290898506437395
TWII,2003-10,6045.120117,7.729072531549952,107.55338336575416,129.5931615521831,91.48407450029927,-9.404549940243411,-11.232362196959455,-6.4273458728196236
TWII,2003-11,5771.77002,-4.521830694997919,117.27323557535807,152.34808400472005,93.18425509134929,9.037235190035675,17.55873703519013,1.85844432524096
TWII,2003-12,5890.689941,2.0603717852222925,131.9601605323053,166.63024114793348,112.74830061389554,12.52368017722989,9.374687733369157,20.995011982837084
TWII,2004-01,6375.379883,8.228067456521382,114.1432640321793,127.11111671693864,107.96992640341482,-13.501723875035932,-23.716658008020264,-4.238089784469723
TWII,2004-02,6750.540039,5.88451453693557,114.83697246683055,130.29377562424233,103.49829351490942,0.6077524070589702,2.503839939028385,-4.141554076639597
TWII,2004-03,6522.189941,-3.382693779767987,137.0413291685043,182.14090384206463,107.18084593742124,19.33554692769983,39.792482771660254,3.558080329103519
TWII,2004-04,6117.810059,-6.20006294907135,148.72968673706055,203.51488087972004,120.71956570943196,8.529074870679644,11.734858335933641,12.631659746290346
TWII,2004-05,5977.839844,-2.2879137085024093,121.83138078258884,160.97313985516948,91.7239502937563,-18.08536449217786,-20.903503881710396,-24.018985858073037
TWII,2004-06,5839.439941,-2.3152159745282175,136.9921531677246,177.06919593811034,107.51701380411784,12.444061856436273,9.9992185636826,17.21803679386078
TWII,2004-07,5420.569824,-7.1731214163026085,130.39895802159464,159.34060545890563,120.38267381729618,-4.812826861738328,-10.012238653526872,11.96616196634508
TWII,2004-08,5765.540039,6.364095034300954,139.9520955239573,177.53836158014113,126.08562567926222,7.326084232038577,11.420664600103292,4.737352711255904
TWII,2004-09,5845.689941,1.3901542866381789,152.970458984375,188.2974100748698,129.69852345784506,9.302013958189859,6.060126047672232,2.8654319309747045
TWII,2004-10,5705.930176,-2.3908172758148605,118.0625233804026,147.26095236501385,96.84527255642799,-22.82005024743897,-21.793426523253423,-25.33047410681982
TWII,2004-11,5844.759766,2.4330755147327077,124.46195271809896,154.47430343627929,99.13031984965006,5.420373167086323,4.898346068946902,2.3594825363217
TWII,2004-12,6139.689941,5.046061545859604,107.17075778592017,141.9146915558846,79.30897829609532,-13.892755620942731,-8.130550907824963,-19.995236153396423
TWII,2005-01,5994.22998,-2.369174378475336,99.38704164566532,126.41269216229838,77.36354717131584,-7.26291042543833,-10.923463401589872,-2.4529771616982887
TWII,2005-02,6207.830078,3.5634284755954537,109.60796138218471,108.7996129989624,105.78578090667725,10.283956104618763,-13.932999022537196,36.73853484564569
TWII,2005-03,6005.879883,-3.253152751646571,90.47840487572455,87.14632021996283,87.85526915519468,-17.45270714392596,-19.901994301400748,-16.94983162935727
TWII,2005-04,5818.069824,-3.127103149891608,86.93658548990885,102.42798690795898,72.97031523386637,-3.9145466707558807,17.535641951862413,-16.942585304740586
TWII,2005-05,6011.560059,3.325677430027363,98.79405889203471,105.33132522336898,90.99365062098349,13.63922143399825,2.834516622902017,24.69954436862878
TWII,2005-06,6241.939941,3.832281133997717,81.75722109476725,95.1893081665039,69.31578687032064,-17.244799928592734,-9.628680770281385,-23.82349054326638
TWII,2005-07,6311.97998,1.1220876788631706,164.77051716466104,237.00151295815743,116.65942007495511,101.53634744222848,148.97913171466425,68.30137165319535
TWII,2005-08,6033.470215,-4.412399372027154,116.88755367648217,143.29871208437027,94.36514368364888,-29.06039521641346,-39.53679438760814,-19.11056679090457
TWII,2005-09,6118.609863,1.4111223718040522,103.76748135884603,130.99529851277669,78.09897527694702,-11.224524686306193,-8.585850767695435,-17.237475376748023
TWII,2005-10,5764.299805,-5.790695369262833,87.41865994853359,105.815919445407,73.7711932274603,-15.755245474037638,-19.221589899208325,-5.541406957184714
TWII,2005-11,6203.470215,7.618798897639922,82.0722770690918,93.67955487569174,70.19666430155436,-6.115837148029257,-11.469318258843575,-4.84542647274867
TWII,2005-12,6548.339844,5.55930176252164,95.3541398817493,131.53387844947076,69.47696587347215,16.183129415888263,40.40830854075885,-1.0252601533749406
TWII,2006-01,6532.180176,-0.24677503588649286,93.70335646598569,99.09636282151745,89.04377758887506,-1.7312131574054201,-24.660958842184765,28.163019886385033
TWII,2006-02,6561.629883,0.45084039641467566,96.56065307344709,102.5961035319737,90.61754550252643,3.0493001694113175,3.5316540494625848,1.7674091960896199
TWII,2006-03,6613.970215,0.7976727266437944,91.85162070489699,96.46455383300781,86.54391436423025,-4.876761101613781,-5.976396264459504,-4.495411032935781
TWII,2006-04,7171.77002,8.433660673810571,89.32775522867838,92.80472908020019,86.14640655517579,-2.7477636832640484,-3.7939580989958643,-0.45931341559326544
TWII,2006-05,6846.950195,-4.529144466347512,84.38873118738974,80.68312811082409,83.90371753323463,-5.529103500524313,-13.06140440203304,-2.603345991576267
TWII,2006-06,6704.410156,-2.081803356830181,102.32296142578124,114.45484237670898,90.22701250712076,21.25192544792216,41.857219788872115,7.536370449118013
TWII,2006-07,6454.580078,-3.7263543277766042,137.44066902898973,144.67092710925687,133.83614447809035,34.3204566344385,26.40000554375559,48.33267860611912
TWII,2006-08,6611.77002,2.4353240660189623,147.491208968624,160.77977629630797,141.31128421906502,7.312638981344266,11.134821286439633,5.585292201986869
TWII,2006-09,6883.049805,4.102982774346398,113.61922556559244,117.84904912312825,111.18667894999186,-22.965425288660548,-26.701571654174238,-21.317904961059643
TWII,2006-10,7021.319824,2.0088481547752,112.73245288479713,100.46679675194525,124.12324234747118,-0.7804776668569935,-14.749590684454382,11.634993975580254
TWII,2006-11,7567.720215,7.782018262895751,87.80542017618815,84.66829687754313,86.73696505228678,-22.11167420803153,-15.7250956387203,-30.120287375772126
TWII,2006-12,7823.720215,3.3827889077159723,91.50775527954102,79.05746866041615,96.69359145625945,4.216522278378543,-6.626834865052256,11.479103975992967
TWII,2007-01,7699.640137,-1.5859472807080666,97.40868709933373,96.73051378803868,95.33105973274478,6.4485592524549995,22.35468125539841,-1.4091230897458562
TWII,2007-02,7901.959961,2.6276529863748843,95.05105536324638,89.62849848611015,97.72646740504673,-2.420350593251641,-7.342063040718328,2.5127253164051178
TWII,2007-03,7884.410156,-0.22209432959184872,86.13590178951141,82.20472852645382,85.6678963938067,-9.379331496809673,-8.282823080882917,-12.339104575693804
TWII,2007-04,7875.419922,-0.11402544796782488,75.71304588317871,82.1852602005005,68.55693855285645,-12.100478069879417,-0.023682732492769087,-19.973594031412766
TWII,2007-05,8144.950195,3.422424145880365,91.82276621172505,103.15781870195943,82.37121458976499,21.277337532296347,25.518637344815765,20.150077189135175
TWII,2007-06,8883.209961,9.064018174760612,98.5847110748291,110.01365140279134,88.00655695597331,7.364126721593589,6.645965169775048,6.841397682763484
TWII,2007-07,9287.25,4.5483562898305685,113.9830302576865,129.01673864549207,104.86104534518334,15.619378517191729,17.2733901660304,19.151400727609147
TWII,2007-08,8982.160156,-3.285039640367171,83.12109104279548,100.07418700187436,73.35449858634702,-27.075906953096485,-22.433175685168337,-30.045997210043584
TWII,2007-09,9411.950195,4.784929588601283,92.71907399495443,90.46699282328288,93.58469161987304,11.546988654440726,-9.600072172868657,27.578667189324
TWII,2007-10,9711.370117,3.1812739740066265,100.96206135903635,95.91243030178931,103.74951417984501,8.890282235271773,6.019253330486496,10.861629593502276
TWII,2007-11,8586.400391,-11.584047487086435,89.11012655893961,80.4546085993449,95.28441146214803,-11.738998432242253,-16.116598916121973,-8.159173355764459
TWII,2007-12,8506.280273,-0.933104844306798,94.64804052537487,85.06247354322865,97.48771335232642,6.2146853340762975,5.727285265696103,2.3123424454939867
TWII,2008-01,7521.129883,-11.581447570296877,80.78886364352319,81.53163952981272,76.77330804640248,-14.642856634877798,-4.150871549275559,-21.248221538503877
TWII,2008-02,8412.759766,11.854999140692279,81.6396739565093,88.45064189516265,72.8041961275298,1.0531282092792749,8.48627895287195,-5.169911288013928
TWII,2008-03,8572.589844,1.899853109391647,78.19353657384073,84.13256103761735,72.61432629246866,-4.221155249228914,-4.881910142227531,-0.2607951809928011
TWII,2008-04,8919.919922,4.051635320487157,71.86557184855143,70.36499150594075,69.58370641072591,-8.092695384500992,-16.364139355654284,-4.173583969554883
TWII,2008-05,8619.080078,-3.372674268723086,73.08874597857076,75.19145030360067,71.38500275150422,1.7020307479039154,6.85917626701118,2.588675472596913
TWII,2008-06,7523.540039,-12.710637667659464,86.7860169728597,80.27725048065186,87.26098276774088,18.740602004999385,6.763801145630577,22.23993752791742
TWII,2008-07,7024.060059,-6.638895751346185,89.47498493809854,87.2099857945596,84.52966382426601,3.0983884950956497,8.635989987697258,-3.130057508915207
TWII,2008-08,7046.109863,0.31391821560162736,88.47457368912235,105.41860654277187,75.39880838701802,-1.1180904357439236,20.879054826480868,-10.801954040927797
TWII,2008-09,5719.279785,-18.830675419458753,89.21801058451335,95.21897468566894,82.42706019083658,0.8402831055205118,-9.675362055715087,9.321436179392805
TWII,2008-10,4870.660156,-14.837875762358777,64.97080649099043,76.1353960960142,53.63574997071297,-27.17747676132537,-20.041781223387755,-34.929439620272106
TWII,2008-11,4460.490234,-8.421238782071994,79.13092206319173,96.24985440572102,67.7355552037557,21.79458180831557,26.41932575531689,26.288073236119036
TWII,2008-12,4591.220215,2.9308433410191848,94.08670757662865,107.55399310204291,87.6594942154423,18.90005212057766,11.744577450134797,29.414299405612443
TWII,2009-01,4247.970215,-7.4762260123913515,86.23219754618984,91.03520405677057,87.53845571702526,-8.348161215059768,-15.358601358110413,-0.1380780250905378
TWII,2009-02,4557.149902,7.278292251397045,67.12189470018659,63.14009993416922,65.29873490333557,-22.161447104217558,-30.642106437423532,-25.40565815506419
TWII,2009-03,5210.839844,14.34427122340467,72.05849173761183,73.33846209126133,69.22285332218293,7.35467474432232,16.151957579612763,6.0094861327044
TWII,2009-04,5992.569824,15.001995904750753,85.95789963404337,83.50890401204427,85.18863232930501,19.28906303929281,13.86781455565156,23.06431798298285
TWII,2009-05,6890.439941,14.983056407687823,91.18033575242565,93.24943800895444,89.41171313870338,6.075574369099579,11.664066379682492,4.957329040186531
TWII,2009-06,6432.160156,-6.65095101218588,81.25230356852214,73.67756567001342,81.75211544036866,-10.888347911835139,-20.988729537503048,-8.566660261226033
TWII,2009-07,7077.709961,10.036283135733527,81.08385159892421,76.3114563111336,80.97563048331968,-0.2073196231979657,3.5748882542032234,-0.9498041156076997
TWII,2009-08,6825.950195,-3.5570794421820096,73.76000755063949,78.4546751206921,65.25164118120748,-9.032432357199339,2.8085151472149406,-19.418174589392322
TWII,2009-09,7509.169922,10.009151949284023,91.13029925028484,75.68046391805014,96.45980974833171,23.549742301368237,-3.5360686898189386,47.82740786619817
TWII,2009-10,7340.080078,-2.2517781027248995,90.38770306494928,89.20428694448164,89.28504986916819,-0.8148729801666255,17.869635473000866,-7.4380821379212865
TWII,2009-11,7582.209961,3.298736259373003,81.02965710957845,82.64781697591145,73.95016460418701,-10.353229076577463,-7.349949417398238,-17.175199305428855
TWII,2009-12,8188.109863,7.991072591190673,95.82213678667623,100.3492317199707,92.03632293208953,18.25563652218536,21.41788542245284,24.457225247174776
TWII,2010-01,7640.439941,-6.688600069654438,93.6784295112856,102.653564453125,87.86365244465489,-2.2371733163945695,2.296313278794848,-4.53372142052385
TWII,2010-02,7436.100098,-2.674451269533251,81.47286292484829,81.01815795898438,80.05752774647304,-13.029217772023905,-21.07613759872904,-8.88436171384852
TWII,2010-03,7920.060059,6.5082496822516545,72.72510971561555,67.32707777330953,73.52030064982753,-10.73701462694614,-16.898779891547267,-8.165661969162553
TWII,2010-04,8004.25,1.0629962446349062,88.62468554178874,79.6067726135254,92.83870468139648,21.862566984562726,18.238865024799743,26.2762854080008
TWII,2010-05,7373.97998,-7.874192085454601,87.13836805282101,83.16650359861312,86.94786573225453,-1.6770919748616664,4.471643389400404,-6.345240349225156
TWII,2010-06,7329.370117,-0.6049631694280744,96.34650853474935,69.67944971720378,111.88416697184245,10.567262949366473,-16.216930251753723,28.67960131002669
TWII,2010-07,7760.629883,5.883994928837333,79.39271330064342,81.76249122619629,76.34224307152533,-17.59668875597209,17.340896861315503,-31.766714506854075
TWII,2010-08,7616.279785,-1.8600306956553236,81.61330942953786,84.75737048733619,74.11711311340332,2.79697724964445,3.6629011863820837,-2.9146772070048788
TWII,2010-09,8237.780273,8.160158312776588,71.82437750498454,70.37432320912679,69.72902139027913,-11.994283766920088,-16.969671422685785,-5.920483865055792
TWII,2010-10,8287.089844,0.5985783714287152,65.55662228984218,74.25972569373346,63.16021014798072,-8.726501270000398,5.521051297446489,-9.4204839123329
TWII,2010-11,8372.480469,1.0304054451856226,95.60385462443034,80.85895284016927,102.02185897827148,45.83401536726808,8.886683979486731,61.528688297965076
TWII,2010-12,8972.5,7.166568297431519,97.89414264309791,94.39043466506466,98.9651261606524,2.3956021728043453,16.73467358851721,-2.9961547929352017
TWII,2011-01,9145.349609,1.926437548063542,78.83949353618007,77.48969244187877,77.08557048920662,-19.46454465246935,-17.9051429132163,-22.108349193561573
TWII,2011-02,8599.650391,-5.966958523520793,88.93610232216972,84.70568302699498,89.67357962472099,12.806536842294957,9.312194122500305,16.329916293837265
TWII,2011-03,8683.299805,0.9727071473457194,136.0791222356981,156.13775290212322,126.68266185637444,53.00774228080458,84.32972537670638,41.27088757528632
TWII,2011-04,9007.870117,3.7378683137613944,90.67220478057861,111.14294446309408,73.5580285390218,-33.36802641662523,-28.817379271004796,-41.935204501451274
TWII,2011-05,8988.839844,-0.2112627375042364,104.47366776004914,120.63443325411889,96.0221432101342,15.221272067740333,8.53989323107822,30.539310415579468
TWII,2011-06,8652.589844,-3.7407497055856997,84.53678283691406,97.33198216756185,72.88245728810628,-19.08316741489856,-19.316583547476828,-24.098281030229863
TWII,2011-07,8644.179688,-0.09719813549040612,78.2851328695974,99.24549016644877,60.417874859225364,-7.395183206081024,1.9659601667134652,-17.102308144754364
TWII,2011-08,7741.359863,-10.444251017286355,86.39183038280856,111.57653574789724,62.886020106654016,10.35534745366633,12.424791857813933,4.085124233812376
TWII,2011-09,7225.379883,-6.665236975562106,83.14460322062175,93.88602275848389,70.98976675669353,-3.7587201796722147,-15.855047722026761,12.886404062931067
TWII,2011-10,7587.689941,5.014408430654971,75.16556069158739,90.57414713213521,63.65037210526005,-9.59658500968753,-3.5275491804230286,-10.338665679221236
TWII,2011-11,6904.120117,-9.008931958412491,83.25008093516031,70.99307772318522,95.16603965759278,10.75561755834511,-21.6188283621196,49.51372083137953
TWII,2011-12,7072.080078,2.43274969371452,84.81960911904612,77.63644483012538,86.84766141829952,1.885317306908374,9.357767433106435,-8.740910380659695
TWII,2012-01,7517.080078,6.2923495646537875,77.90155767625377,61.71806113950668,91.26849322165212,-8.156193496580155,-20.503751460347488,5.090329124764548
TWII,2012-02,8121.439941,8.039822068262392,91.4857845964103,77.98118065143454,103.34518873280493,17.437683308734808,26.350664962022897,13.232053126837195
TWII,2012-03,7933.0,-2.3202774676530646,88.0797755333685,86.14695296748992,86.66009946023264,-3.722992679209569,10.47146535592387,-16.145008274851524
TWII,2012-04,7501.720215,-5.43652823648052,98.3707051595052,88.1813424428304,104.64068247477213,11.683646516830692,2.3615338735291314,20.748398774675515
TWII,2012-05,7301.5,-2.6689907016213654,77.68080416033345,69.08255398658014,79.93533497471964,-21.032583801878502,-21.65853674617435,-23.60969645434864
TWII,2012-06,7296.279785,-0.07149510374581114,77.59097859064738,81.92765919367473,70.51085557937623,-0.11563419129990704,18.59384817994694,-11.790129356840751
TWII,2012-07,7270.490234,-0.35346165114198413,81.20776933239353,89.00009404459307,77.46019707956621,4.661354718603983,8.632536216126097,9.8557044062058
TWII,2012-08,7397.060059,1.740870573047526,74.8681123795048,78.25724669425718,70.49690803404778,-7.806712344159738,-12.070602245603512,-8.989505976038025
TWII,2012-09,7715.160156,4.300358445960795,68.97198734283447,65.10240313212077,68.31967938741049,-7.87534886252107,-16.80974493458861,-3.0884030340532886
TWII,2012-10,7166.049805,-7.117290372422957,81.94055532640026,86.90206847652313,75.07558896464687,18.802659577001602,33.48519301224788,9.888672836016443
TWII,2012-11,7580.169922,5.778917650154414,79.75129572550456,87.46022033691406,73.34758491516114,-2.6717656381202715,0.6422768412488677,-2.301685638855866
TWII,2012-12,7699.5,1.574240145378103,74.97084549934634,85.26028196273312,64.21883093926215,-5.994197564654025,-2.515358829084069,-12.44588214657365
TWII,2013-01,7850.02002,1.954932398207676,90.24035970626339,109.75873522604665,83.89209476594002,20.367269576878645,28.73372301773727,30.634727445108332
TWII,2013-02,7897.97998,0.6109533463329875,82.87265164511544,87.37166687420437,78.62591293879917,-8.164537558505069,-20.3966165478642,-6.2773278481525026
TWII,2013-03,7918.609863,0.2612045491662496,74.79130831072408,70.25588681620937,79.46081779849145,-9.751520162523587,-19.589622895300696,1.0618698447955044
TWII,2013-04,8093.660156,2.210618985258117,93.84421526590982,83.1100798924764,99.8020144144694,25.47476088535521,18.296250547507608,25.599027520157392
TWII,2013-05,8254.799805,1.9909366824667707,83.38529759068643,96.31220405332503,76.66901059304514,-11.144978564302333,15.885105847484283,-23.178894691799336
TWII,2013-06,8062.209961,-2.333064987031519,82.57989651362101,85.31224797566732,78.08507897059123,-0.965878998260461,-11.421144584716792,1.8469892419278766
TWII,2013-07,8107.939941,0.5672139552456823,77.08005560598066,75.28471995938209,75.0804361527966,-6.660023976577866,-11.753913716053145,-3.847909046651865
TWII,2013-08,8021.890137,-1.061302928070118,88.84743185966245,104.42809732498661,78.84740774093136,15.266434567502763,38.71087968624718,5.017247875956099
TWII,2013-09,8173.870117,1.894565712125762,98.07846705118816,97.374010403951,98.14722569783528,10.38976028717007,-6.754970263494176,24.47742863064981
TWII,2013-10,8450.05957,3.3789312656874904,73.56673326799947,80.33374651016727,65.35439909658125,-24.991962578693006,-17.499807005065403,-33.411873201809016
TWII,2013-11,8406.830078,-0.5115880147576135,76.75024941762288,52.19944121042887,91.32140051523844,4.327385501849101,-35.02177667784688,39.732599148043505
TWII,2013-12,8611.509766,2.434683300375351,70.2421502144106,68.61865160542149,68.88867827384702,-8.47958052592066,31.45476276039567,-24.564584111528333
TWII,2014-01,8462.570313,-1.7295393844647622,78.61989428920131,86.78251980197045,68.41249278283888,11.926947066993353,26.4707448654002,-0.6912391164121345
TWII,2014-02,8639.580078,2.0916785143644034,70.26414687292916,61.49816117967878,73.86041593551636,-10.628031863710918,-29.135312825656822,7.963345481315476
TWII,2014-03,8849.280273,2.4272035574273376,119.53876396917528,75.00083989481772,150.81426780454575,70.12768145517792,21.956231627297342,104.18821894560378
TWII,2014-04,8791.44043,-0.6536107029684102,92.7823445002238,61.30099623998006,112.3606637954712,-22.3830484610423,-18.266253650026478,-25.49732500038402
TWII,2014-05,9075.910156,3.2357578745488835,83.18502376925561,75.96359517497402,92.24833537686256,-10.343908404842095,23.919022257963118,-17.89979494533681
TWII,2014-06,9393.070313,3.494527287605731,98.1738182067871,105.45366484324137,96.13338797887167,18.018621331537332,38.82131908098889,4.211515130476329
TWII,2014-07,9315.849609,-0.8221029059382823,136.12800659671908,115.96761592741936,161.79567853866084,38.660193810520525,9.970209285573105,68.30331473828896
TWII,2014-08,9436.269531,1.2926348862873693,132.44592408211,107.58255644767515,154.04245942638767,-2.7048677246242936,-7.230518117223495,-4.791981579669047
TWII,2014-09,8966.919922,-4.973889389849395,130.56609942118328,121.00510635375977,142.43847586313885,-1.419314844118058,12.476511387431977,-7.53297734044166
TWII,2014-10,8974.759766,0.0874307350594794,80.79179345407793,74.09397866649013,83.08987451368763,-38.12192153075063,-38.76789096000993,-41.66613058010812
TWII,2014-11,9187.150391,2.366532704358515,84.14203809102376,77.99142316182454,87.09242757161458,4.1467635433172,5.26013660688609,4.817136963262114
TWII,2014-12,9307.259766,1.3073626738238975,85.45243663172567,94.30592924548733,80.33614915417087,1.5573648683008257,20.918333609340344,-7.7575957012888885
TWII,2015-01,9361.910156,0.5871802375135404,108.33973257003292,146.6483586834323,81.6583960748488,26.783666844919374,55.50279802841731,1.6458928323044741
TWII,2015-02,9622.099609,2.779234671817976,112.50795323508126,110.62664944784981,116.82035664149693,3.8473610430540095,-24.56332246673284,43.05982269651534
TWII,2015-03,9586.44043,-0.37059665196821356,103.47884836504537,80.65029876462874,119.2300068024666,-8.025303643352133,-27.096862132981926,2.0626971447831766
TWII,2015-04,9820.049805,2.4368729634926645,99.56071904500325,92.08395849863687,107.84801419576009,-3.786405996924136,14.17683493941706,-9.546248391618018
TWII,2015-05,9701.070313,-1.2115976432158226,74.41008684712071,71.70904147240424,75.1276002699329,-25.261601602650142,-22.126456506031122,-30.339375434799198
TWII,2015-06,9323.019531,-3.897000741179968,85.28621266682943,88.44556840260823,80.42666390736898,14.61646704169861,23.33949330035976,7.053417942802098
TWII,2015-07,8665.339844,-7.05436350115054,106.23084825085056,89.69054517438335,118.30285398421749,24.558055668202016,1.4076191653921155,47.09407084256565
TWII,2015-08,8174.919922,-5.659557857267117,80.77308187177104,72.6687409493231,83.29964871560374,-23.96457036562888,-18.978370788097155,-29.58779445277242
TWII,2015-09,8181.240234,0.07731344233710136,96.26670481363932,79.88457260131835,111.3503412882487,19.18166619724222,9.929760111059792,33.674442815976114
TWII,2015-10,8554.30957,4.560058442601167,86.38631562263735,101.0595084159605,75.2390812904604,-10.263558111944526,26.506915071474868,-32.43030922043458
TWII,2015-11,8320.610352,-2.731947167537452,146.2837247212728,206.72467168172201,112.25876941680909,69.33668679688365,104.55736914021405,49.20273811350009
TWII,2015-12,8338.05957,0.2097107935814524,140.49793341852003,194.36913816390498,108.1629870014806,-3.9551845660048213,-5.976806453387384,-3.648518896658426
TWII,2016-01,8080.600098,-3.0877624444700325,115.96384011545489,110.91858869983304,120.46343551143524,-17.462244964117836,-42.934053344261315,11.37214203393464
TWII,2016-02,8411.160156,4.090786005878644,101.22297576378132,113.22725730106748,90.85711604151233,-12.711604183681224,2.0814082006417767,-24.57701736981631
TWII,2016-03,8744.830078,3.9669904723188765,105.2873266896894,122.04758010372039,93.74349009606146,4.015245447232085,7.78992886774601,3.1768277272089085
TWII,2016-04,8377.900391,-4.195961313452079,83.62793006896973,90.3290501912435,79.78639167149862,-20.571703453499047,-25.98865941096199,-14.888605502377427
TWII,2016-05,8535.589844,1.8822073030302366,84.68827352216167,88.0693675010435,82.82368420016381,1.2679298080407353,-2.5016123665817624,3.806780160168821
TWII,2016-06,8666.580078,1.5346359934583553,88.54716021219889,97.87790400187174,80.03160365422566,4.556577350732516,11.137285050573364,-3.3711136770858907
TWII,2016-07,8984.410156,3.667306770831158,112.01366116923671,143.21993846278036,94.82303280984202,26.501697966147653,46.32509750110867,18.481985216143258
TWII,2016-08,9068.849609,0.9398441470708008,98.61115221823415,123.22047128985005,80.60763149876749,-11.965066413420121,-13.964164059550777,-14.991506693929601
TWII,2016-09,9166.849609,1.080622176188073,103.71691958109538,119.65013109842936,94.2956667582194,5.177677420867943,-2.897521940994874,16.98106619056434
TWII,2016-10,9290.120117,1.3447423406943715,86.16627822383758,100.4282025367983,80.40413419661984,-16.921676258939698,-16.065112829519823,-14.731888578950725
TWII,2016-11,9240.709961,-0.5318570199063899,83.57939580281575,85.52786210378011,80.94508310953776,-3.0021981619094418,-14.836808841180337,0.6727874360229924
TWII,2016-12,9253.5,0.13840970070460035,101.61987716920915,112.50576536117062,94.95736854307113,21.584843002401332,31.54282428415589,17.310854341296356
TWII,2017-01,9447.950195,2.1013691576160287,104.88912440884498,102.22949655594364,108.44574915978217,3.2171336265169437,-9.133993064477785,14.204669762508138
TWII,2017-02,9750.469727,3.20195942777195,113.19088404519218,94.91658476420811,125.99899278368268,7.91479544055298,-7.153426396591556,16.186197946807358
TWII,2017-03,9811.519531,0.6261216711534123,98.49747651623142,99.26259293094758,97.23793039014262,-12.981087348955,4.578765847439437,-22.826422464279194
TWII,2017-04,9872.0,0.6164230607594412,115.10228830973307,101.26866887410482,124.87095286051432,16.858108837707487,2.0209787835713477,28.417945918327536
TWII,2017-05,10040.71973,1.709073440032416,101.37748035307854,98.86025521063036,100.89005654858005,-11.924009642381684,-2.378241651885993,-19.204543380654638
TWII,2017-06,10395.07031,3.5291352565220757,126.94453862508138,146.7019323984782,113.13888193766276,25.21966237763813,48.393236580177735,12.140765708843393
TWII,2017-07,10427.33008,0.31033719867163967,101.59804805632561,69.98286450293756,124.43094007430538,-19.96658607237466,-52.29588093437852,9.980705079677499
TWII,2017-08,10585.78027,1.5195662627378814,137.11038946336316,109.75087941077447,156.3583743187689,34.9537634693037,56.82536030826179,25.658758364597812
TWII,2017-09,10329.94043,-2.416825528913036,118.73107655843098,86.45641419092814,146.35588200887045,-13.40475581527194,-21.22485518558812,-6.397158037411099
TWII,2017-10,10793.79981,4.490436156368038,91.91498454924553,71.24007597277242,109.52413552807224,-22.585571348701183,-17.60001078063723,-25.16588057497128
TWII,2017-11,10560.44043,-2.1619761725041653,93.25364055633545,80.09026870727538,105.41860446929931,1.45640671502556,12.423053476087631,-3.748517200321233
TWII,2017-12,10642.86035,0.780459115756793,84.61367348701724,64.52695954230524,98.77827345940375,-9.265018521286283,-19.432209950316203,-6.29901244028458
TWII,2018-01,11103.79004,4.330881688210808,91.99991103141538,75.9898567199707,106.7695834867416,8.729366354164325,17.76450844572981,8.09014953133611
TWII,2018-02,10815.46973,-2.5965936762255226,65.82219927651542,53.66386883599417,76.22563787869045,-28.45406203269154,-29.380221055357104,-28.60734734611382
TWII,2018-03,10906.21973,0.8390759002198322,109.2456529678837,64.72115756619361,142.5100219480453,65.97083380479091,20.60471779251023,86.95812316433921
TWII,2018-04,10657.87988,-2.2770479244690667,122.0270450592041,94.80569979349772,144.06638272603354,11.699680256456425,46.483319147274415,1.092106194858089
TWII,2018-05,10874.95996,2.0368035898711945,122.07622054315382,62.3412499273977,166.9032696139428,0.0402988402496085,-34.24314143222706,15.851641761102208
TWII,2018-06,10836.91016,-0.34988450660926596,103.35734113057454,56.24654754002889,136.8462231318156,-15.333763880707775,-9.776355774814693,-18.008662473569824
TWII,2018-07,11057.50977,2.0356319905119546,109.5580127469955,85.10936841657085,127.5609563396823,5.999256123072527,51.3148311120806,-6.7851830906501265
TWII,2018-08,11063.94043,0.058156493946293075,113.04493135021579,67.86267332876882,146.81783097790134,3.182714359079064,-20.264155883976787,15.096213755986486
TWII,2018-09,11006.33984,-0.5206155109423349,73.96346220970153,49.602893877029416,88.1794579188029,-34.571624462700555,-26.906955703436154,-39.939544582922316
TWII,2018-10,9802.129883,-10.941057376981744,92.58265267649004,61.918164991563366,115.57533417978594,25.17349771161239,24.8277270779095,31.06832011397669
TWII,2018-11,9888.030273,0.8763441315849052,79.83305384318034,48.951593685150144,103.46333103179931,-13.771045076727717,-20.94146573655724,-10.479747459908284
TWII,2018-12,9727.410156,-1.6243894139218562,86.58019570381411,64.75931516770393,99.9929014944261,8.45156427798377,32.292557386848046,-3.3542603961847828
TWII,2019-01,9932.259766,2.1059008175330796,87.5074286307058,54.891605531015706,113.59607076644897,1.0709526807535674,-15.237513879098808,13.60413496230144
TWII,2019-02,10389.16992,4.6002638348635605,98.55523300170898,57.736959321158274,130.96962765284948,12.624990293825844,5.183586383777472,15.294153018831214
TWII,2019-03,10641.04004,2.424352685916986,79.65598315577353,67.75160512616557,85.8987022830594,-19.17630273940678,17.345294803804002,-34.41326525662569
TWII,2019-04,10967.73047,3.070098681820199,78.96416734059652,57.763711071014406,93.91384995778402,-0.8685045212788456,-14.741929783880291,9.330929876347316
TWII,2019-05,10498.49023,-4.278371366651578,105.10344554531959,63.40447973435925,133.1031727944651,33.10270858929771,9.765246309071296,41.729013190596916
TWII,2019-06,10730.83008,2.2130786895059984,103.3317710240682,51.50454092025757,138.8043354034424,-1.685648374379367,-18.768293445444108,4.283265747376963
TWII,2019-07,10823.80957,0.8664706206959139,93.06078184804609,47.329337519984094,126.32542345600743,-9.939817225846037,-8.10647629446455,-8.990289756558633
TWII,2019-08,10618.04981,-1.900992055239925,106.01592488442698,74.11447860348609,125.86253258489793,13.921162899248628,56.593103742879094,-0.3664273259061712
TWII,2019-09,10829.67969,1.9931144022388159,92.55197461446126,70.08315865198772,112.63771381378174,-12.699931906120154,-5.439314999523937,-10.507351552135392
TWII,2019-10,11358.70996,4.885003851854441,95.20806701721683,69.20361838802215,118.00913903021043,2.8698387190764008,-1.2549951812718674,4.768762641355617
TWII,2019-11,11489.57031,1.1520705296713007,73.70891914367675,52.628954823811846,86.17964719136556,-22.581225044357122,-23.95057361202817,-26.972056656303966
TWII,2019-12,11997.13965,4.41765293483809,72.31251805828464,60.52569272441249,79.17934866874448,-1.8944804802661475,15.004550113215975,-8.122913879046889
TWII,2020-01,11495.09961,-4.184664467084032,139.8703630508915,84.9525350447624,191.54257983546103,93.42482713456963,40.35780710775339,141.90976947385673
TWII,2020-02,11292.16992,-1.7653582559951309,75.72699855935984,56.10202249987372,87.16311290346343,-45.859153499296525,-33.960743525413385,-54.49413233426306
TWII,2020-03,9708.05957,-14.028396324379798,82.76741433912709,64.03543063132993,98.19669649677891,9.297101316181845,14.141037663079015,12.658546976787765
TWII,2020-04,10992.13965,13.226948915394843,69.76431941986084,47.72460098266602,82.26346549987792,-15.71040369340041,-25.47157017272198,-16.225831993669605
TWII,2020-05,10942.16016,-0.4546839067860575,69.50140085527974,42.106849024372714,85.36720494301089,-0.37686680923350035,-11.771186856719284,3.772925714073616
TWII,2020-06,11621.24023,6.206087829736173,71.60573234558106,51.320197105407715,86.46775321960449,3.027754065969246,21.88087756388999,1.289193288369117
TWII,2020-07,12664.79981,8.979760846059026,68.53134112204275,36.44394225458945,92.3572107745755,-4.293498750492198,-28.98713506548618,6.811160618471734
TWII,2020-08,12591.4502,-0.5791612271840663,64.93029563657699,27.294767964270807,89.9976692199707,-5.254596548829982,-25.104787584187527,-2.5547994951514386
TWII,2020-09,12515.61035,-0.6023122737681019,83.04108727773031,49.94818175633748,105.76334724426269,27.892667765632396,82.9954437484879,17.517873697104093
TWII,2020-10,12546.33984,0.24552929614016783,76.71051840628347,43.048690057569935,98.63585779743809,-7.62341761045866,-13.813299015418378,-6.739092164285898
TWII,2020-11,13722.88965,9.37763383587733,70.364892578125,62.07505849202474,79.94887498219808,-8.272171743840929,44.197322633999846,-18.94542535800341
TWII,2020-12,14732.53027,7.357347073034282,62.28910067773634,29.27726056498866,85.56250313789614,-11.477018729790899,-52.8357100642118,7.021522387836021
TWII,2021-01,15138.30957,2.754308272668493,74.98195703567997,47.25387308674474,95.04665202479208,20.377331218205175,61.40127926877659,11.084468708928341
TWII,2021-02,15953.79981,5.3869306624306335,72.32457787649972,46.01375893184117,91.39712776456561,-3.544024808415902,-2.6243651025749215,-3.8397188985410335
TWII,2021-03,16431.13086,2.9919583778455383,77.55295372009277,49.825385385943996,99.19816903145083,7.229044395559336,8.283666760954866,8.535324312357284
TWII,2021-04,17566.66016,6.910840828152209,84.63264045715331,65.75086024602254,105.25555461247762,9.128842161979843,31.96257236491182,6.106348171715048
TWII,2021-05,17068.42969,-2.8362276349746307,90.02756192607265,52.68410350430396,115.80485919214064,6.3745163092844725,-19.87313427204783,10.022563292267739
