Index,YearMonth,Close_last,Stock_monthly_pct,GPRD_mean,GPRD_ACT_mean,GPRD_THREAT_mean,GPRD_monthly_pct,GPRD_ACT_monthly_pct,GPRD_THREAT_monthly_pct,gpr_lag1,stock_lag1,gpr_lag2,stock_lag2,gpr_lag3,stock_lag3,stock_vol6,gprd_zscore,gpr_spike,stock_down,gpr_up_next,cluster
000001.SS,2000-07,2023.53894,4.9495715032428445,51.13137294400123,40.80166629052931,56.5029530679026,-20.264885157915803,-21.61971460324582,-22.58825043151742,-19.521279515661185,1.7709710463220896,60.478668524912834,3.1711726094170167,-2.0144699660817,2.005086557581448,3.6685319612563134,-1.020006078838822,0,0,0,2
000001.SS,2000-08,2021.198975,-0.1156372607289624,47.5130286985828,41.88413973777525,50.82666443240258,-7.076563833678429,2.6530128439808287,-10.046003487071763,-20.264885157915803,4.9495715032428445,-19.521279515661185,1.7709710463220896,60.478668524912834,3.1711726094170167,1.9884195166422145,-1.092244368533953,0,1,1,2
000001.SS,2000-09,1910.161011,-5.493668133292029,52.75809377034505,36.65586573282878,63.30135205586751,11.039214328003254,-12.482705954280584,24.54358900544371,-7.076563833678429,-0.1156372607289624,-20.264885157915803,4.9495715032428445,-19.521279515661185,1.7709710463220896,3.614313144574549,-0.9875294756368682,0,1,1,2
000001.SS,2000-10,1961.286987,2.6765270417300924,74.84650722626716,74.61284114468482,80.27979493910267,41.86734560970407,103.54952653010729,26.82161175364879,11.039214328003254,-5.493668133292029,-7.076563833678429,-0.1156372607289624,-20.264885157915803,4.9495715032428445,3.659982436880025,-0.5465462242076752,0,0,0,2
000001.SS,2000-11,2070.613037,5.574199529423596,45.440477244059245,47.08891073862711,44.53256746927897,-39.28844654475468,-36.88899924435919,-44.52829942694827,41.86734560970407,2.6765270417300924,11.039214328003254,-5.493668133292029,-7.076563833678429,-0.1156372607289624,4.036239040898849,-1.1336217395703077,0,0,1,2
000001.SS,2000-12,2073.477051,0.13831720117774,46.01157077666252,44.53382098290228,46.60758584545505,1.2567947504951382,-5.426096538752367,4.659552534462641,-39.28844654475468,5.574199529423596,41.86734560970407,2.6765270417300924,11.039214328003254,-5.493668133292029,4.0740547396117535,-1.1222201654653985,0,0,1,2
000001.SS,2001-01,2065.605957,-0.3796084454469106,47.34544200281943,39.250703688590754,53.58126591097924,2.8989908486964038,-11.863157433402929,14.962542983127358,1.2567947504951382,0.13831720117774,-39.28844654475468,5.574199529423596,41.86734560970407,2.6765270417300924,3.6778360269225594,-1.0955901464523845,0,1,1,2
000001.SS,2001-02,1959.180054,-5.152284860495316,56.3363071169172,45.95857455049242,65.78157465798515,18.989927506775352,17.089810453134604,22.769728448140224,2.8989908486964038,-0.3796084454469106,1.2567947504951382,0.13831720117774,-39.28844654475468,5.574199529423596,4.335126823828587,-0.916092377674739,0,1,1,2
000001.SS,2001-03,2112.774902,7.839751516784288,61.72149381329936,57.44915543833086,65.804611175291,9.558998400811111,25.00203933699969,0.0350197109534544,18.989927506775352,-5.152284860495316,2.8989908486964038,-0.3796084454469106,1.2567947504951382,0.13831720117774,4.633267876447656,-0.80858003217909,0,0,0,2
000001.SS,2001-04,2119.184082,0.3033536603418207,49.02697035471599,47.12476806640625,50.69535102844238,-20.567427445911942,-17.97134752138766,-22.96079237760469,9.558998400811111,7.839751516784288,18.989927506775352,-5.152284860495316,2.8989908486964038,-0.3796084454469106,4.643001002505021,-1.0620193405876062,0,0,1,2
000001.SS,2001-05,2214.25708,4.486302006868304,59.95146006922568,56.56440058062154,60.64858498111848,22.282612275385794,20.0311490147036,19.63342545373024,-20.567427445911942,0.3033536603418207,9.558998400811111,7.839751516784288,18.989927506775352,-5.152284860495316,4.464609678814534,-0.8439178004239036,0,0,1,2
000001.SS,2001-06,2218.029053,0.1703493706340708,70.94172350565593,62.602798779805504,78.85646438598633,18.33193624265337,10.675262421595733,30.02193606089316,22.282612275385794,4.486302006868304,-20.567427445911942,0.3033536603418207,9.558998400811111,7.839751516784288,4.463096556913823,-0.624503123406393,0,0,0,2
000001.SS,2001-07,1920.317993,-13.422324635348238,59.984781203731416,53.3461978666244,62.87733785567745,-15.444990282835402,-14.786241340007166,-20.26355943641387,18.33193624265337,0.1703493706340708,22.282612275385794,4.486302006868304,-20.567427445911942,0.3033536603418207,7.52138731056967,-0.8432525619600832,0,1,1,2
000001.SS,2001-08,1834.137939,-4.487801203454112,64.13564220551521,73.31873946036062,56.88255968401509,6.919856867837648,37.43948471017813,-9.53408394201134,-15.444990282835402,-13.422324635348238,18.33193624265337,0.1703493706340708,22.282612275385794,4.486302006868304,7.451928132343101,-0.7603828626740763,0,1,1,2
000001.SS,2001-09,1764.866943,-3.776760434810456,472.49111404418943,791.8359584172566,249.4176373163859,93.42482713456964,104.55736914021404,104.18821894560378,6.919856867837648,-4.487801203454112,-15.444990282835402,-13.422324635348238,18.33193624265337,0.1703493706340708,6.134812135823679,7.392213704284887,1,1,1,0
000001.SS,2001-10,1689.170044,-4.289099487088077,504.05423072076616,840.6995652721774,257.8192534908172,6.680150322070344,6.170925472062505,3.368493208751655,636.705984061322,-3.776760434810456,6.919856867837648,-4.487801203454112,-15.444990282835402,-13.422324635348238,5.955888518627989,8.022354291115674,0,1,0,0
000001.SS,2001-11,1747.993042,3.4823609505118647,296.1777104695638,494.21396484375,141.4245381673177,-39.28844654475468,-41.21396212644078,-44.52829942694827,6.680150322070344,-4.289099487088077,636.705984061322,-3.776760434810456,6.919856867837648,-4.487801203454112,5.693163227764363,3.872211775036317,0,0,0,0
000001.SS,2001-12,1645.970947,-5.836527523202806,231.22251793646043,376.6929409888483,121.45619632351784,-21.93115492388762,-23.77938144505022,-14.11943224461908,-41.24090377218973,3.4823609505118647,6.680150322070344,-4.289099487088077,636.705984061322,-3.776760434810456,5.392310973297292,2.5754164186103274,0,1,0,1
000001.SS,2002-01,1491.665039,-9.37476498484029,169.9862031013735,259.16573752126385,104.05673919185516,-26.483715938044828,-31.199736092496558,-14.325705611030717,-21.93115492388762,-5.836527523202806,-41.24090377218973,3.4823609505118647,6.680150322070344,-4.289099487088077,4.209624972363851,1.3528664479931174,0,1,0,2
000001.SS,2002-02,1524.70105,2.2147070646736378,143.41856629507882,209.3824323926653,93.08014828818185,-15.629290096238414,-19.20906119950132,-10.548659307337282,-26.483715938044828,-9.37476498484029,-21.93115492388762,-5.836527523202806,-41.24090377218973,3.4823609505118647,4.901702486738397,0.8224579202367436,0,0,1,2
000001.SS,2002-03,1603.905029,5.19472187679022,150.27259728216356,217.83082137569303,97.68620583318896,4.779040234569632,4.034908223429179,4.948485396420366,-15.629290096238414,2.2147070646736378,-26.483715938044828,-9.37476498484029,-21.93115492388762,-5.836527523202806,5.865376520695951,0.959294949121256,0,0,1,2
000001.SS,2002-04,1667.749023,3.9805345606906295,154.13523864746094,219.28201649983723,99.5971280415853,2.570422974752073,0.6662028426368982,1.956184286304952,4.779040234569632,5.19472187679022,-15.629290096238414,2.2147070646736378,-26.483715938044828,-9.37476498484029,6.029820529629127,1.0364104989443716,0,0,1,2
000001.SS,2002-05,1515.733032,-9.115040027218768,159.16512766192037,205.2949966922883,137.87667772846837,3.263295959182844,-6.378553075536553,38.434391070895146,2.570422974752073,3.9805345606906295,4.779040234569632,5.19472187679022,-15.629290096238414,2.2147070646736378,6.706390051328746,1.136829518008396,0,1,0,2
000001.SS,2002-06,1732.755005,14.31795497084607,147.7977030436198,185.49468332926432,127.91307754516602,-7.141906512616192,-9.644810483473298,-7.226457982200928,3.263295959182844,-9.115040027218768,2.570422974752073,3.9805345606906295,4.779040234569632,5.19472187679022,9.110710169083015,0.9098850215846186,0,0,0,2
000001.SS,2002-07,1651.593994,-4.683928816584193,119.3782693186114,161.98243344214654,92.84361993112871,-19.228603110713397,-12.675430618883077,-27.416631893368603,-7.141906512616192,14.31795497084607,3.263295959182844,-9.115040027218768,2.570422974752073,3.9805345606906295,8.174650039486465,0.3425063679371067,0,1,1,2
000001.SS,2002-08,1666.618042,0.9096695710071768,127.00253000567037,157.38569099672378,101.1353489045174,6.386640324555559,-2.837803055393984,8.930854892925822,-19.228603110713397,-4.683928816584193,-7.141906512616192,14.31795497084607,3.263295959182844,-9.115040027218768,8.184665855145603,0.4947206170153542,0,0,1,2
000001.SS,2002-09,1581.618042,-5.100148795821092,170.25116170247395,185.25534108479815,167.8897672017415,34.05336231874485,17.707867793810127,66.00503090195247,6.386640324555559,0.9096695710071768,-19.228603110713397,-4.683928816584193,-7.141906512616192,14.31795497084607,8.398746721858217,1.3581562034407222,0,1,0,2
000001.SS,2002-10,1507.495972,-4.686470945050091,168.296264894547,195.84739069784845,161.10799457180886,-1.1482428597716532,5.717540747287764,-4.039419878272565,34.05336231874485,-5.100148795821092,6.386640324555559,0.9096695710071768,-19.228603110713397,-4.683928816584193,8.332903587189998,1.319127743914262,0,1,0,2
000001.SS,2002-11,1434.182007,-4.863294254958039,156.04842834472657,175.04123814900717,151.88629328409831,-7.277545082473935,-10.623655732508986,-5.723925316195444,-1.1482428597716532,-4.686470945050091,34.05336231874485,-5.100148795821092,6.386640324555559,0.9096695710071768,7.70177264905677,1.0746062985197744,0,1,1,2
000001.SS,2002-12,1357.654053,-5.336000146876763,175.05461046772618,174.67416357224988,183.75799191382623,12.179669045440855,-0.2097074841557078,20.983920234403875,-7.277545082473935,-4.863294254958039,-1.1482428597716532,-4.686470945050091,34.05336231874485,-5.100148795821092,2.398948556477311,1.4540544651606715,0,1,1,2
000001.SS,2003-01,1499.814941,10.471068655956062,205.2729772752331,176.48827115951045,244.28261073943108,17.26225132075463,1.0385666375383629,32.93713552006381,12.179669045440855,-5.336000146876763,-7.277545082473935,-4.863294254958039,-1.1482428597716532,-4.686470945050091,6.296480366132167,2.057347846744926,0,0,1,2
000001.SS,2003-02,1511.932007,0.8079040732799303,236.19078636169436,210.63462039402552,291.2838772365025,15.061801848864963,19.34765920147381,19.240528973716557,17.26225132075463,10.471068655956062,12.179669045440855,-5.336000146876763,-7.277545082473935,-4.863294254958039,6.28903658593045,2.6746052158729587,0,0,1,2
000001.SS,2003-03,1510.578003,-0.0895545562717869,349.2410371841923,413.4505669378465,352.7903245495212,47.86395462919402,96.28803952760548,21.115637396943757,15.061801848864963,0.8079040732799303,17.26225132075463,10.471068655956062,12.179669045440855,-5.336000146876763,6.0351368263881735,4.931592449567863,1,1,0,0
000001.SS,2003-04,1521.44397,0.7193251178304161,252.85915400187176,326.76046600341795,210.79934641520185,-27.59752518186688,-20.967464520966683,-40.2479796790425,47.86395462919402,-0.0895545562717869,15.061801848864963,0.8079040732799303,17.26225132075463,10.471068655956062,5.700156648610764,3.0073801783052136,0,0,0,2
000001.SS,2003-05,1576.260986,3.602959890793733,159.68020999047064,183.58484895767705,150.55725589875252,-36.85013674083216,-43.81668896391011,-28.5779304067638,-27.59752518186688,0.7193251178304161,47.86395462919402,-0.0895545562717869,15.061801848864963,0.8079040732799303,5.1965020016691215,1.1471128586589634,0,0,0,2
000001.SS,2003-06,1486.024048,-5.724746016139736,145.7216801961263,176.93343124389648,127.7050184249878,-8.741552754206271,-3.623075516059593,-15.17843649404218,-36.85013674083216,3.602959890793733,-27.59752518186688,0.7193251178304161,47.86395462919402,-0.0895545562717869,5.303044124475054,0.8684383460614599,0,1,0,2
000001.SS,2003-07,1476.741943,-0.6246268364561436,133.95684691398375,166.529414761451,106.6518937387774,-8.073495492440319,-5.880186920754349,-16.485745780285622,-8.741552754206271,-5.724746016139736,-36.85013674083216,3.602959890793733,-27.59752518186688,0.7193251178304161,3.0671448365768392,0.6335598001833436,0,1,1,2
000001.SS,2003-08,1421.983032,-3.708089369274448,137.39681588449787,179.2770211004442,108.98332251271894,2.5679680059377485,7.654867674430843,2.186017230647508,-8.073495492440319,-0.6246268364561436,-8.741552754206271,-5.724746016139736,-36.85013674083216,3.602959890793733,3.309531316018698,0.7022369238011168,0,1,0,2
000001.SS,2003-09,1367.161011,-3.8553217419826535,118.71830571492514,145.99144999186197,97.7679594039917,-13.59457280674885,-18.56655744515813,-10.290898506437395,2.5679680059377485,-3.708089369274448,-8.073495492440319,-0.6246268364561436,-8.741552754206271,-5.724746016139736,3.4625263908586126,0.3293305508346584,0,1,0,2
000001.SS,2003-10,1348.302979,-1.3793570653544474,107.55338336575416,129.5931615521831,91.48407450029929,-9.404549940243411,-11.232362196959455,-6.427345872819624,-13.59457280674885,-3.8553217419826535,2.5679680059377485,-3.708089369274448,-8.073495492440319,-0.6246268364561436,3.282908103480707,0.1064289029043117,0,1,1,2
000001.SS,2003-11,1397.224976,3.628412735265485,117.27323557535809,152.34808400472005,93.18425509134929,9.037235190035677,17.55873703519013,1.85844432524096,-9.404549940243411,-1.3793570653544474,-13.59457280674885,-3.8553217419826535,2.5679680059377485,-3.708089369274448,3.291521028670148,0.300480505540044,0,0,1,2
000001.SS,2003-12,1497.043945,7.144087080790906,131.9601605323053,166.63024114793348,112.74830061389554,12.52368017722989,9.374687733369155,20.995011982837084,9.037235190035677,3.628412735265485,-9.404549940243411,-1.3793570653544474,-13.59457280674885,-3.8553217419826535,4.355858813926149,0.5936970343747436,0,0,0,2
000001.SS,2004-01,1590.729004,6.25800326790007,114.1432640321793,127.11111671693864,107.96992640341482,-13.501723875035932,-23.716658008020264,-4.238089784469723,12.52368017722989,7.144087080790906,9.037235190035677,3.628412735265485,-9.404549940243411,-1.3793570653544474,4.959437734118001,0.2379923132239155,0,0,1,2
000001.SS,2004-02,1675.067017,5.301846687143197,114.83697246683056,130.29377562424233,103.49829351490942,0.6077524070589702,2.503839939028385,-4.141554076639597,-13.501723875035932,6.25800326790007,12.52368017722989,7.144087080790906,9.037235190035677,3.628412735265485,4.461388766758888,0.2518418276612841,0,0,1,2
000001.SS,2004-03,1741.623047,3.9733353546176353,137.0413291685043,182.14090384206463,107.18084593742124,19.33554692769983,39.792482771660254,3.558080329103519,0.6077524070589702,5.301846687143197,-13.501723875035932,6.25800326790007,12.52368017722989,7.144087080790906,3.0203285819781835,0.6951398234063075,0,0,1,2
000001.SS,2004-04,1595.587036,-8.385052738682564,148.72968673706055,203.51488087972004,120.71956570943196,8.529074870679644,11.73485833593364,12.631659746290346,19.33554692769983,3.9733353546176353,0.6077524070589702,5.301846687143197,-13.501723875035932,6.25800326790007,5.727952539420151,0.9284915729438924,0,1,0,2
000001.SS,2004-05,1555.906006,-2.486923565102217,121.83138078258884,160.97313985516948,91.7239502937563,-18.08536449217786,-20.9035038817104,-24.01898585807304,8.529074870679644,-8.385052738682564,19.33554692769983,3.9733353546176353,0.6077524070589702,5.301846687143197,6.121502313757625,0.391481414137764,0,1,1,2
000001.SS,2004-06,1399.161987,-10.074131624632344,136.9921531677246,177.06919593811034,107.51701380411784,12.444061856436273,9.9992185636826,17.21803679386078,-18.08536449217786,-2.486923565102217,8.529074870679644,-8.385052738682564,19.33554692769983,3.9733353546176353,7.157629701636326,0.6941580510957076,0,1,0,2
000001.SS,2004-07,1386.202026,-0.9262659449309374,130.39895802159464,159.34060545890563,120.38267381729618,-4.812826861738328,-10.012238653526872,11.96616196634508,12.444061856436273,-10.074131624632344,-18.08536449217786,-2.486923565102217,8.529074870679644,-8.385052738682564,6.265600688961316,0.562528468977937,0,1,1,2
000001.SS,2004-08,1342.062012,-3.18424105376397,139.9520955239573,177.53836158014113,126.08562567926222,7.326084232038577,11.420664600103292,4.737352711255904,-4.812826861738328,-0.9262659449309374,12.444061856436273,-10.074131624632344,-18.08536449217786,-2.486923565102217,5.112390181647756,0.7532517024753868,0,1,1,2
000001.SS,2004-09,1396.699951,4.071193321281497,152.970458984375,188.2974100748698,129.69852345784506,9.30201395818986,6.060126047672232,2.8654319309747045,7.326084232038577,-3.18424105376397,-4.812826861738328,-0.9262659449309374,12.444061856436273,-10.074131624632344,5.141128559482206,1.0131563017132652,0,0,0,2
000001.SS,2004-10,1320.536011,-5.453135438679491,118.0625233804026,147.26095236501385,96.845272556428,-22.82005024743897,-21.793426523253423,-25.33047410681982,9.30201395818986,4.071193321281497,7.326084232038577,-3.18424105376397,-4.812826861738328,-0.9262659449309374,4.704467551523767,0.3162382105140346,0,1,1,2
000001.SS,2004-11,1340.770996,1.532331176995072,124.46195271809896,154.47430343627929,99.13031984965006,5.420373167086323,4.898346068946902,2.3594825363217,-22.82005024743897,-5.453135438679491,9.30201395818986,4.071193321281497,7.326084232038577,-3.18424105376397,5.065928033794839,0.4439993628602703,0,0,0,2
000001.SS,2004-12,1266.495972,-5.53972484649422,107.17075778592016,141.9146915558846,79.30897829609532,-13.892755620942731,-8.130550907824963,-19.995236153396423,5.420373167086323,1.532331176995072,-22.82005024743897,-5.453135438679491,9.30201395818986,4.071193321281497,3.88082677394236,0.0987899897423557,0,1,0,2
000001.SS,2005-01,1191.822998,-5.896029332180131,99.38704164566532,126.41269216229838,77.36354717131584,-7.26291042543833,-10.923463401589872,-2.4529771616982887,-13.892755620942731,-5.53972484649422,5.420373167086323,1.532331176995072,-22.82005024743897,-5.453135438679491,4.227423026483998,-0.0566077013856682,0,1,1,2
000001.SS,2005-02,1306.003052,9.580286182730635,109.60796138218473,108.7996129989624,105.78578090667725,10.283956104618763,-13.932999022537196,36.73853484564569,-7.26291042543833,-5.896029332180131,-13.892755620942731,-5.53972484649422,5.420373167086323,1.532331176995072,6.409499006658343,0.1474474439511143,0,0,0,2
000001.SS,2005-03,1181.235962,-9.553353631825978,90.47840487572456,87.14632021996283,87.85526915519468,-17.45270714392596,-19.901994301400748,-16.94983162935727,10.283956104618763,9.580286182730635,-7.26291042543833,-5.896029332180131,-13.892755620942731,-5.53972484649422,6.9486494925081965,-0.2344638256586798,0,1,0,2
000001.SS,2005-04,1159.145996,-1.8700722557242977,86.93658548990885,102.42798690795898,72.97031523386637,-3.9145466707558807,17.535641951862413,-16.942585304740586,-17.45270714392596,-9.553353631825978,10.283956104618763,9.580286182730635,-7.26291042543833,-5.896029332180131,6.802182229155652,-0.3051743378395897,0,1,1,2
000001.SS,2005-05,1060.738037,-8.489694942620485,98.79405889203473,105.33132522336898,90.99365062098347,13.63922143399825,2.834516622902017,24.69954436862878,-3.9145466707558807,-1.8700722557242977,-17.45270714392596,-9.553353631825978,10.283956104618763,9.580286182730635,7.001338102089467,-0.0684462819726932,0,1,0,2
000001.SS,2005-06,1080.937988,1.9043298435049705,81.75722109476725,95.1893081665039,69.31578687032064,-17.244799928592734,-9.628680770281385,-23.82349054326638,13.63922143399825,-8.489694942620485,-3.9145466707558807,-1.8700722557242977,-17.45270714392596,-9.553353631825978,7.249985660962339,-0.4085775521928494,0,0,1,2
000001.SS,2005-07,1083.032959,0.1938104704670706,164.77051716466104,237.00151295815743,116.65942007495512,93.42482713456964,104.55736914021404,68.30137165319535,-17.244799928592734,1.9043298435049705,13.63922143399825,-8.489694942620485,-3.9145466707558807,-1.8700722557242977,7.08495413688066,1.2487380936685877,1,0,0,2
000001.SS,2005-08,1162.797974,7.364966535612161,116.88755367648216,143.2987120843703,94.36514368364888,-29.06039521641346,-39.53679438760814,-19.11056679090457,101.53634744222848,0.1938104704670706,-17.244799928592734,1.9043298435049705,13.63922143399825,-8.489694942620485,6.42720712956069,0.2927805746182023,0,0,0,2
000001.SS,2005-09,1155.614014,-0.6178166939255547,103.76748135884604,130.99529851277669,78.09897527694702,-11.224524686306191,-8.585850767695435,-17.237475376748023,-29.06039521641346,7.364966535612161,101.53634744222848,0.1938104704670706,-17.244799928592734,1.9043298435049705,5.166783935826126,0.0308454129479047,0,1,0,2
000001.SS,2005-10,1092.817017,-5.434080604702663,87.41865994853359,105.815919445407,73.7711932274603,-15.755245474037638,-19.221589899208325,-5.541406957184714,-11.224524686306191,-0.6178166939255547,-29.06039521641346,7.364966535612161,101.53634744222848,0.1938104704670706,5.578424761780743,-0.295549981494598,0,1,0,2
000001.SS,2005-11,1099.260986,0.5896658726718851,82.0722770690918,93.67955487569174,70.19666430155436,-6.115837148029257,-11.469318258843575,-4.84542647274867,-15.755245474037638,-5.434080604702663,-11.224524686306191,-0.6178166939255547,-29.06039521641346,7.364966535612161,4.1351558138287245,-0.4022876297311443,0,0,1,2
000001.SS,2005-12,1161.057007,5.621596853433686,95.3541398817493,131.53387844947076,69.47696587347215,16.183129415888263,40.40830854075885,-1.0252601533749406,-6.115837148029257,0.5896658726718851,-15.755245474037638,-5.434080604702663,-11.224524686306191,-0.6178166939255547,4.608969385332615,-0.1371224081614686,0,0,0,2
000001.SS,2006-01,1258.046021,8.353510070156279,93.70335646598568,99.09636282151745,89.04377758887506,-1.73121315740542,-24.660958842184765,28.163019886385037,16.183129415888263,5.621596853433686,-6.115837148029257,0.5896658726718851,-15.755245474037638,-5.434080604702663,5.364088076589835,-0.1700794079723198,0,0,1,2
000001.SS,2006-02,1299.030029,3.2577510930341225,96.56065307344709,102.5961035319737,90.61754550252644,3.049300169411317,3.5316540494625848,1.76740919608962,-1.73121315740542,8.353510070156279,16.183129415888263,5.621596853433686,-6.115837148029257,0.5896658726718851,4.8818804600243855,-0.1130350235591828,0,0,0,2
000001.SS,2006-03,1298.295044,-0.0565795234591992,91.851620704897,96.4645538330078,86.54391436423025,-4.876761101613781,-5.976396264459504,-4.495411032935781,3.049300169411317,3.2577510930341225,-1.73121315740542,8.353510070156279,16.183129415888263,5.621596853433686,4.8276444012371424,-0.2070483128844865,0,1,0,2
000001.SS,2006-04,1440.223022,10.931873972400364,89.32775522867838,92.8047290802002,86.14640655517579,-2.7477636832640484,-3.793958098995864,-0.4593134155932654,-4.876761101613781,-0.0565795234591992,3.049300169411317,3.2577510930341225,-1.73121315740542,8.353510070156279,4.349537981490433,-0.2574359247468661,0,0,0,2
000001.SS,2006-05,1641.300049,13.96152012073586,84.38873118738974,80.68312811082409,83.90371753323463,-5.529103500524313,-13.06140440203304,-2.603345991576267,-2.7477636832640484,10.931873972400364,-4.876761101613781,-0.0565795234591992,3.049300169411317,3.2577510930341225,5.127442100666539,-0.3560408736700071,0,0,1,2
000001.SS,2006-06,1672.21106,1.8833248082112288,102.32296142578124,114.45484237670898,90.22701250712076,21.25192544792216,41.85721978887212,7.536370449118013,-5.529103500524313,13.96152012073586,-2.7477636832640484,10.931873972400364,-4.876761101613781,-0.0565795234591992,5.54060263224357,0.0020063522291096,0,0,1,2
000001.SS,2006-07,1612.733032,-3.5568493369491305,137.44066902898973,144.6709271092569,133.83614447809035,34.3204566344385,26.40000554375559,48.33267860611912,21.25192544792216,1.8833248082112288,-5.529103500524313,13.96152012073586,-2.7477636832640484,10.931873972400364,6.706696799894735,0.7031124281591824,0,1,1,2
000001.SS,2006-08,1658.637939,2.846404587067441,147.491208968624,160.77977629630797,141.31128421906502,7.312638981344266,11.134821286439632,5.585292201986869,34.3204566344385,-3.5568493369491305,21.25192544792216,1.8833248082112288,-5.529103500524313,13.96152012073586,6.722834521904141,0.9037660328213402,0,0,0,2
000001.SS,2006-09,1752.42395,5.654399238964958,113.61922556559244,117.84904912312824,111.18667894999186,-22.965425288660548,-26.70157165417424,-21.317904961059643,7.312638981344266,2.846404587067441,34.3204566344385,-3.5568493369491305,21.25192544792216,1.8833248082112288,6.3718453413794025,0.2275301681119277,0,0,0,2
000001.SS,2006-10,1837.993042,4.882899026802279,112.73245288479713,100.46679675194524,124.12324234747118,-0.7804776668569935,-14.749590684454382,11.634993975580254,-22.965425288660548,5.654399238964958,7.312638981344266,2.846404587067441,34.3204566344385,-3.5568493369491305,5.748038555538524,0.2098262302154349,0,0,0,2
000001.SS,2006-11,2099.289063,14.216377049810404,87.80542017618815,84.66829687754313,86.73696505228678,-22.11167420803153,-15.7250956387203,-30.12028737577213,-0.7804776668569935,4.882899026802279,-22.965425288660548,5.654399238964958,7.312638981344266,2.846404587067441,5.834198712787818,-0.2878285223207669,0,0,1,2
000001.SS,2006-12,2675.474121,15.37892042657657,91.50775527954102,79.05746866041615,96.69359145625944,4.216522278378543,-6.626834865052256,11.479103975992969,-22.11167420803153,14.216377049810404,-0.7804776668569935,4.882899026802279,-22.965425288660548,5.654399238964958,10.863932067594137,-0.2139134004848321,0,0,1,2
000001.SS,2007-01,2786.334961,4.14359605012975,97.40868709933372,96.73051378803868,95.33105973274478,6.448559252455,22.35468125539841,-1.4091230897458562,4.216522278378543,27.446675551036304,-22.11167420803153,14.216377049810404,-0.7804776668569935,4.882899026802279,9.514151890682925,-0.0961044819970039,0,0,0,2
000001.SS,2007-02,2881.072998,3.400095046935747,95.05105536324638,89.62849848611015,97.72646740504672,-2.420350593251641,-7.342063040718328,2.5127253164051178,6.448559252455,4.14359605012975,4.216522278378543,27.446675551036304,-22.11167420803153,14.216377049810404,9.434814095476217,-0.1431733269698287,0,0,0,2
000001.SS,2007-03,3183.98291,10.513788168861948,86.13590178951141,82.20472852645382,85.6678963938067,-9.379331496809671,-8.282823080882917,-12.339104575693804,-2.420350593251641,3.400095046935747,6.448559252455,4.14359605012975,4.216522278378543,27.446675551036304,9.197144199622056,-0.3211595557128524,0,0,0,2
000001.SS,2007-04,3841.271973,15.37892042657657,75.71304588317871,82.1852602005005,68.55693855285645,-12.100478069879417,-0.023682732492769,-19.97359403141277,-9.379331496809671,10.513788168861948,-2.420350593251641,3.400095046935747,6.448559252455,4.14359605012975,9.42819803642842,-0.5292462476757941,0,0,1,2
000001.SS,2007-05,4109.653809,6.986795985455729,91.82276621172504,103.15781870195944,82.37121458976499,21.277337532296347,25.518637344815765,20.15007718913517,-12.100478069879417,20.643611526168648,-9.379331496809671,10.513788168861948,-2.420350593251641,3.400095046935747,9.758276031196525,-0.2076243772651489,0,0,1,2
000001.SS,2007-06,3820.702881,-7.031028437655928,98.5847110748291,110.01365140279134,88.00655695597331,7.364126721593589,6.645965169775048,6.841397682763484,21.277337532296347,6.986795985455729,-12.100478069879417,20.643611526168648,-9.379331496809671,10.513788168861948,9.1062656375299,-0.0726257981382684,0,1,1,2
000001.SS,2007-07,4471.032227,15.37892042657657,113.9830302576865,129.01673864549207,104.86104534518334,15.619378517191729,17.2733901660304,19.151400727609147,7.364126721593589,-7.031028437655928,21.277337532296347,6.986795985455729,-12.100478069879417,20.643611526168648,9.935768590776393,0.2347933324095797,0,0,0,2
000001.SS,2007-08,5218.825195,15.37892042657657,83.12109104279548,100.07418700187436,73.35449858634702,-27.075906953096485,-22.433175685168337,-30.045997210043584,15.619378517191729,17.021196524702997,7.364126721593589,-7.031028437655928,21.277337532296347,6.986795985455729,10.032710733138083,-0.3813486248908387,0,0,1,2
000001.SS,2007-09,5552.300781,6.389859279431165,92.71907399495444,90.46699282328288,93.58469161987304,11.546988654440726,-9.600072172868655,27.578667189324,-27.075906953096485,16.725286914376802,15.619378517191729,17.021196524702997,7.364126721593589,-7.031028437655928,10.1969738718211,-0.1897300761955621,0,0,1,2
000001.SS,2007-10,5954.765137,7.248605071563041,100.96206135903635,95.91243030178931,103.749514179845,8.890282235271773,6.019253330486496,10.861629593502276,11.546988654440726,6.389859279431165,-27.075906953096485,16.725286914376802,15.619378517191729,17.021196524702997,8.80404136191761,-0.0251632829962064,0,0,0,2
000001.SS,2007-11,4871.777832,-16.199297081301566,89.11012655893961,80.4546085993449,95.28441146214804,-11.738998432242251,-16.116598916121973,-8.159173355764459,8.890282235271773,7.248605071563041,11.546988654440726,6.389859279431165,-27.075906953096485,16.725286914376802,13.864570602446634,-0.2617807636633019,0,1,1,2
000001.SS,2007-12,5261.562988,8.000881186324182,94.64804052537488,85.06247354322865,97.48771335232642,6.2146853340762975,5.727285265696103,2.3123424454939867,-11.738998432242251,-18.186902087386223,8.890282235271773,7.248605071563041,11.546988654440726,6.389859279431165,12.86063563182925,-0.1512193006624815,0,0,0,2
000001.SS,2008-01,4383.393066,-16.199297081301566,80.78886364352319,81.53163952981272,76.77330804640248,-14.642856634877798,-4.150871549275559,-21.24822153850388,6.2146853340762975,8.000881186324182,-11.738998432242251,-18.186902087386223,8.890282235271773,7.248605071563041,14.452846890448226,-0.4279102859922885,0,1,1,2
000001.SS,2008-02,4348.542969,-0.7950484128452007,81.6396739565093,88.45064189516265,72.8041961275298,1.0531282092792749,8.48627895287195,-5.169911288013928,-14.642856634877798,-16.690286213485127,6.2146853340762975,8.000881186324182,-11.738998432242251,-18.186902087386223,12.12045792143998,-0.4109243173567951,0,1,0,2
000001.SS,2008-03,3472.712891,-16.199297081301566,78.19353657384073,84.13256103761735,72.61432629246866,-4.221155249228914,-4.881910142227531,-0.2607951809928011,1.0531282092792749,-0.7950484128452007,-14.642856634877798,-16.690286213485127,6.2146853340762975,8.000881186324182,13.09912196283161,-0.479724589993553,0,1,0,2
000001.SS,2008-04,3693.105957,6.346423471147822,71.86557184855143,70.36499150594075,69.58370641072591,-8.092695384500992,-16.364139355654284,-4.173583969554883,-4.221155249228914,-20.14077092588573,1.0531282092792749,-0.7950484128452007,-14.642856634877798,-16.690286213485127,12.909961943329666,-0.6060589899293325,0,0,1,2
000001.SS,2008-05,3433.354004,-7.033428123221331,73.08874597857076,75.19145030360067,71.38500275150422,1.7020307479039154,6.85917626701118,2.588675472596913,-8.092695384500992,6.346423471147822,-4.221155249228914,-20.14077092588573,1.0531282092792749,-0.7950484128452007,11.708716181946617,-0.5816389786869506,0,1,1,2
000001.SS,2008-06,2736.103027,-16.199297081301566,86.7860169728597,80.27725048065186,87.26098276774088,18.740602004999385,6.763801145630577,22.23993752791742,1.7020307479039154,-7.033428123221331,-8.092695384500992,6.346423471147822,-4.221155249228914,-20.14077092588573,11.083985968620834,-0.3081803570063219,0,1,1,2
000001.SS,2008-07,2775.717041,1.4478261092176314,89.47498493809854,87.2099857945596,84.52966382426601,3.0983884950956497,8.635989987697258,-3.130057508915207,18.740602004999385,-20.30815861655028,1.7020307479039154,-7.033428123221331,-8.092695384500992,6.346423471147822,11.290693551205344,-0.2544965630721747,0,0,0,2
000001.SS,2008-08,2397.368896,-13.630645321963131,88.47457368912235,105.41860654277188,75.39880838701802,-1.1180904357439236,20.879054826480868,-10.801954040927797,3.0983884950956497,1.4478261092176314,18.740602004999385,-20.30815861655028,1.7020307479039154,-7.033428123221331,11.152523870784012,-0.2744692336408515,0,1,1,2
000001.SS,2008-09,2293.783936,-4.320776838843255,89.21801058451335,95.21897468566894,82.42706019083658,0.8402831055205118,-9.675362055715087,9.321436179392803,-1.1180904357439236,-13.630645321963131,3.0983884950956497,1.4478261092176314,18.740602004999385,-20.30815861655028,9.74030617077502,-0.2596269173279952,0,1,0,2
000001.SS,2008-10,1728.786011,-16.199297081301566,64.97080649099043,76.1353960960142,53.63574997071297,-27.17747676132537,-20.041781223387755,-34.929439620272106,0.8402831055205118,-4.320776838843255,-1.1180904357439236,-13.630645321963131,3.0983884950956497,1.4478261092176314,9.93636647530744,-0.7437092585321883,0,1,1,2
000001.SS,2008-11,1871.156006,8.235258389073108,79.13092206319173,96.24985440572102,67.7355552037557,21.79458180831557,26.41932575531689,26.28807323611904,-27.17747676132537,-24.63169769970871,0.8402831055205118,-4.320776838843255,-1.1180904357439236,-13.630645321963131,12.8192756356399,-0.4610101946947942,0,0,1,2
000001.SS,2008-12,1820.805054,-2.6909008034897157,94.08670757662864,107.55399310204292,87.6594942154423,18.90005212057766,11.744577450134797,29.414299405612443,21.79458180831557,8.235258389073108,-27.17747676132537,-24.63169769970871,0.8402831055205118,-4.320776838843255,11.638055176076222,-0.1624260099794005,0,1,0,2
000001.SS,2009-01,1990.656982,9.32839721786054,86.23219754618984,91.03520405677055,87.53845571702526,-8.348161215059768,-15.358601358110413,-0.1380780250905378,18.90005212057766,-2.6909008034897157,21.79458180831557,8.235258389073108,-27.17747676132537,-24.63169769970871,13.002201120409774,-0.3192370629107492,0,0,0,2
000001.SS,2009-02,2082.852051,4.631389025515187,67.12189470018659,63.14009993416922,65.29873490333557,-22.16144710421756,-30.64210643742353,-25.40565815506419,-8.348161215059768,9.32839721786054,18.90005212057766,-2.6909008034897157,21.79458180831557,8.235258389073108,12.601907305564122,-0.7007639435825536,0,0,1,2
000001.SS,2009-03,2373.212891,13.940540801282308,72.05849173761183,73.33846209126133,69.22285332218293,7.35467474432232,16.151957579612763,6.0094861327044,-22.16144710421756,4.631389025515187,-8.348161215059768,9.32839721786054,18.90005212057766,-2.6909008034897157,13.940183689306012,-0.6022074484814606,0,0,1,2
000001.SS,2009-04,2477.569092,4.397254093627789,85.95789963404337,83.50890401204427,85.18863232930501,19.28906303929281,13.86781455565156,23.06431798298285,7.35467474432232,13.940540801282308,-22.16144710421756,4.631389025515187,-8.348161215059768,9.32839721786054,5.630896681018085,-0.3247132726620728,0,0,1,2
000001.SS,2009-05,2632.929932,6.270696567117162,91.18033575242563,93.24943800895444,89.41171313870338,6.075574369099579,11.664066379682492,4.957329040186531,19.28906303929281,4.397254093627789,7.35467474432232,13.940540801282308,-22.16144710421756,4.631389025515187,5.552924167200807,-0.2204501546042201,0,0,0,2
000001.SS,2009-06,2959.362061,12.398056060384356,81.25230356852214,73.67756567001342,81.75211544036866,-10.88834791183514,-20.988729537503048,-8.566660261226033,6.075574369099579,6.270696567117162,19.28906303929281,4.397254093627789,7.35467474432232,13.940540801282308,4.055831528758141,-0.4186579580523049,0,0,0,2
000001.SS,2009-07,3412.062012,15.297214118066638,81.08385159892421,76.3114563111336,80.97563048331968,-0.2073196231979657,3.5748882542032234,-0.9498041156076996,-10.88834791183514,12.398056060384356,6.075574369099579,6.270696567117162,19.28906303929281,4.397254093627789,4.937487446650889,-0.4220210106957725,0,0,0,2
000001.SS,2009-08,2667.745117,-16.199297081301566,73.76000755063949,78.4546751206921,65.25164118120748,-9.03243235719934,2.808515147214941,-19.41817458939232,-0.2073196231979657,15.297214118066638,-10.88834791183514,12.398056060384356,6.075574369099579,6.270696567117162,13.868244195223571,-0.5682376037443344,0,1,1,2
000001.SS,2009-09,2779.426025,4.186341014676498,91.13029925028484,75.68046391805014,96.45980974833172,23.54974230136824,-3.536068689818938,47.82740786619817,-9.03243235719934,-21.814283925153934,-0.2073196231979657,15.297214118066638,-10.88834791183514,12.398056060384356,13.176523380462571,-0.2214491063600006,0,0,0,2
000001.SS,2009-10,2995.8479,7.786567192411598,90.38770306494928,89.20428694448164,89.28504986916819,-0.8148729801666255,17.869635473000866,-7.4380821379212865,23.54974230136824,4.186341014676498,-9.03243235719934,-21.814283925153934,-0.2073196231979657,15.297214118066638,13.297051829736978,-0.2362746383504112,0,0,0,2
000001.SS,2009-11,3195.301025,6.657651912168161,81.02965710957845,82.64781697591145,73.95016460418701,-10.353229076577463,-7.349949417398238,-17.175199305428855,-0.8148729801666255,7.786567192411598,23.54974230136824,4.186341014676498,-9.03243235719934,-21.814283925153934,13.311077803634344,-0.4231029744216385,0,0,1,2
000001.SS,2009-12,3277.138916,2.5611950285654217,95.82213678667624,100.3492317199707,92.03632293208952,18.25563652218536,21.41788542245284,24.457225247174776,-10.353229076577463,6.657651912168161,-0.8148729801666255,7.786567192411598,23.54974230136824,4.186341014676498,12.672938149121752,-0.1277791025770587,0,0,0,2
000001.SS,2010-01,2989.291992,-8.783482524791452,93.6784295112856,102.653564453125,87.86365244465489,-2.237173316394569,2.296313278794848,-4.53372142052385,18.25563652218536,2.5611950285654217,-10.353229076577463,6.657651912168161,-0.8148729801666255,7.786567192411598,11.55255096521094,-0.170577061167458,0,1,0,2
000001.SS,2010-02,3051.943115,2.095851565108675,81.47286292484829,81.01815795898438,80.05752774647304,-13.029217772023904,-21.07613759872904,-8.88436171384852,-2.237173316394569,-8.783482524791452,18.25563652218536,2.5611950285654217,-10.353229076577463,6.657651912168161,5.924874423307903,-0.4142546095601225,0,0,0,2
000001.SS,2010-03,3109.10498,1.8729662659521693,72.72510971561555,67.32707777330953,73.52030064982753,-10.73701462694614,-16.898779891547267,-8.165661969162553,-13.029217772023904,2.095851565108675,-2.237173316394569,-8.783482524791452,18.25563652218536,2.5611950285654217,5.861668317077221,-0.5888987803877629,0,0,1,2
000001.SS,2010-04,2870.611084,-7.67082158801855,88.62468554178874,79.6067726135254,92.83870468139648,21.86256698456273,18.238865024799743,26.2762854080008,-10.73701462694614,1.8729662659521693,-13.029217772023904,2.095851565108675,-2.237173316394569,-8.783482524791452,6.212845172846196,-0.2714723315320161,0,1,0,2
000001.SS,2010-05,2592.145996,-9.700550853164614,87.13836805282101,83.16650359861312,86.94786573225453,-1.6770919748616664,4.471643389400404,-6.345240349225156,21.86256698456273,-7.67082158801855,-10.73701462694614,1.8729662659521693,-13.029217772023904,2.095851565108675,6.006046970527105,-0.3011458578922958,0,1,1,2
000001.SS,2010-06,2398.370117,-7.475500195553042,96.34650853474936,69.67944971720378,111.88416697184245,10.567262949366471,-16.216930251753723,28.67960131002669,-1.6770919748616664,-9.700550853164614,21.86256698456273,-7.67082158801855,-10.73701462694614,1.8729662659521693,5.42661937874755,-0.1173103036801013,0,1,0,2
000001.SS,2010-07,2637.50293,9.970638447543667,79.39271330064342,81.76249122619629,76.34224307152533,-17.59668875597209,17.340896861315503,-31.766714506854075,10.567262949366471,-7.475500195553042,-1.6770919748616664,-9.700550853164614,21.86256698456273,-7.67082158801855,7.698193286698089,-0.4557836739527096,0,0,1,2
000001.SS,2010-08,2638.798096,0.0491057653535964,81.61330942953786,84.75737048733619,74.11711311340332,2.79697724964445,3.662901186382084,-2.9146772070048788,-17.59668875597209,9.970638447543667,10.567262949366471,-7.475500195553042,-1.6770919748616664,-9.700550853164614,7.533670456329269,-0.4114506709063362,0,0,0,2
000001.SS,2010-09,2655.657959,0.6389220541562768,71.82437750498454,70.37432320912679,69.72902139027913,-11.994283766920088,-16.969671422685785,-5.920483865055792,2.79697724964445,0.0491057653535964,-17.59668875597209,9.970638447543667,10.567262949366471,-7.475500195553042,7.417529117139863,-0.6068814127621388,0,0,0,2
000001.SS,2010-10,2978.834961,12.169375988528785,65.55662228984218,74.25972569373346,63.16021014798072,-8.726501270000398,5.521051297446489,-9.4204839123329,-11.994283766920088,0.6389220541562768,2.79697724964445,0.0491057653535964,-17.59668875597209,9.970638447543667,8.86089835585643,-0.7320137623286357,0,0,1,2
000001.SS,2010-11,2820.180908,-5.326043741165831,95.60385462443034,80.85895284016927,102.02185897827148,45.83401536726808,8.886683979486731,61.52868829796508,-8.726501270000398,12.169375988528785,-11.994283766920088,0.6389220541562768,2.79697724964445,0.0491057653535964,7.942451881538751,-0.1321369881186469,1,1,1,2
000001.SS,2010-12,2808.076904,-0.429192466542283,97.89414264309792,94.39043466506466,98.9651261606524,2.3956021728043453,16.73467358851721,-2.9961547929352017,45.83401536726808,-5.326043741165831,-8.726501270000398,12.169375988528785,-11.994283766920088,0.6389220541562768,6.751130366845572,-0.0864126241122966,0,1,0,2
000001.SS,2011-01,2790.694092,-0.6190290577597346,78.83949353618007,77.48969244187877,77.08557048920662,-19.46454465246935,-17.9051429132163,-22.108349193561573,2.3956021728043453,-0.429192466542283,45.83401536726808,-5.326043741165831,-8.726501270000398,12.169375988528785,5.838378351982069,-0.4668284079248787,0,1,1,2
000001.SS,2011-02,2905.052979,4.097865377929777,88.93610232216972,84.70568302699498,89.67357962472099,12.806536842294957,9.312194122500305,16.329916293837265,-19.46454465246935,-0.6190290577597346,2.3956021728043453,-0.429192466542283,45.83401536726808,-5.326043741165831,5.928604657970349,-0.2652550636129752,0,0,1,2
000001.SS,2011-03,2928.111084,0.7937240789301248,136.0791222356981,156.13775290212322,126.68266185637444,53.00774228080458,84.32972537670638,41.27088757528632,12.806536842294957,4.097865377929777,-19.46454465246935,-0.6190290577597346,2.3956021728043453,-0.429192466542283,5.923108904573728,0.6759298813874604,1,0,0,2
000001.SS,2011-04,2911.51001,-0.5669550615997054,90.6722047805786,111.14294446309408,73.5580285390218,-33.36802641662523,-28.8173792710048,-41.93520450145128,53.00774228080458,0.7937240789301248,12.806536842294957,4.097865377929777,-19.46454465246935,-0.6190290577597346,3.0324220432122404,-0.2305947151705158,0,1,1,2
000001.SS,2011-05,2743.471924,-5.7715098152796624,104.47366776004914,120.63443325411887,96.0221432101342,15.221272067740331,8.53989323107822,30.539310415579468,-33.36802641662523,-0.5669550615997054,53.00774228080458,0.7937240789301248,12.806536842294957,4.097865377929777,3.180694279962984,0.0449440432519357,0,1,0,2
000001.SS,2011-06,2762.075928,0.6781189862834713,84.53678283691406,97.33198216756185,72.88245728810628,-19.08316741489856,-19.316583547476828,-24.098281030229863,15.221272067740331,-5.7715098152796624,-33.36802641662523,-0.5669550615997054,53.00774228080458,0.7937240789301248,3.2117382541035444,-0.3530851024048154,0,0,0,2
000001.SS,2011-07,2701.729004,-2.184839431394525,78.2851328695974,99.24549016644876,60.41787485922536,-7.395183206081024,1.9659601667134647,-17.102308144754364,-19.08316741489856,0.6781189862834713,15.221272067740331,-5.7715098152796624,-33.36802641662523,-0.5669550615997054,3.3116061391305034,-0.4778959193920065,0,1,1,2
000001.SS,2011-08,2567.340088,-4.974181933163269,86.39183038280856,111.57653574789724,62.886020106654016,10.35534745366633,12.424791857813933,4.085124233812376,-7.395183206081024,-2.184839431394525,-19.08316741489856,0.6781189862834713,15.221272067740331,-5.7715098152796624,2.833193738791983,-0.3160500794966862,0,1,0,2
000001.SS,2011-09,2359.218994,-8.106487137126027,83.14460322062175,93.88602275848388,70.98976675669353,-3.758720179672215,-15.85504772202676,12.886404062931067,10.35534745366633,-4.974181933163269,-7.395183206081024,-2.184839431394525,-19.08316741489856,0.6781189862834713,3.356809642832316,-0.3808792169522968,0,1,0,2
000001.SS,2011-10,2468.25,4.621487292077986,75.16556069158739,90.5741471321352,63.65037210526005,-9.59658500968753,-3.527549180423029,-10.338665679221236,-3.758720179672215,-8.106487137126027,10.35534745366633,-4.974181933163269,-7.395183206081024,-2.184839431394525,4.670797983979132,-0.5401764939960677,0,0,1,2
000001.SS,2011-11,2333.414063,-5.462815233465001,83.25008093516031,70.99307772318522,95.16603965759278,10.75561755834511,-21.6188283621196,49.51372083137953,-9.59658500968753,4.621487292077986,-3.758720179672215,-8.106487137126027,10.35534745366633,-4.974181933163269,4.63070756972162,-0.3787734113178923,0,1,1,2
000001.SS,2011-12,2199.416992,-5.742532931670263,84.81960911904612,77.63644483012538,86.84766141829952,1.885317306908374,9.357767433106437,-8.740910380659695,10.75561755834511,-5.462815233465001,-9.59658500968753,4.621487292077986,-3.758720179672215,-8.106487137126027,4.468612733449351,-0.347438628350302,0,1,0,2
000001.SS,2012-01,2292.610107,4.237173548216355,77.90155767625377,61.71806113950668,91.26849322165212,-8.156193496580155,-20.503751460347488,5.090329124764548,1.885317306908374,-5.742532931670263,10.75561755834511,-5.462815233465001,-9.59658500968753,4.621487292077986,5.530302305173583,-0.4855537910750859,0,0,1,2
000001.SS,2012-02,2428.487061,5.92673623766764,91.4857845964103,77.98118065143454,103.34518873280491,17.437683308734808,26.350664962022897,13.232053126837195,-8.156193496580155,4.237173548216355,1.885317306908374,-5.742532931670263,10.75561755834511,-5.462815233465001,6.317553031309576,-0.2143520333138689,0,0,0,2
000001.SS,2012-03,2262.788086,-6.823136003523467,88.0797755333685,86.14695296748992,86.66009946023264,-3.722992679209569,10.47146535592387,-16.145008274851524,17.437683308734808,5.92673623766764,-8.156193496580155,4.237173548216355,1.885317306908374,-5.742532931670263,6.034223577594577,-0.2823511657103503,0,1,1,2
000001.SS,2012-04,2396.315918,5.901031246635258,98.3707051595052,88.1813424428304,104.64068247477212,11.683646516830692,2.361533873529132,20.748398774675515,-3.722992679209569,-6.823136003523467,17.437683308734808,5.92673623766764,-8.156193496580155,4.237173548216355,6.271102741038656,-0.0768983107183564,0,0,0,2
000001.SS,2012-05,2372.233887,-1.0049606072015438,77.68080416033345,69.08255398658014,79.93533497471964,-21.032583801878506,-21.65853674617435,-23.60969645434864,11.683646516830692,5.901031246635258,-3.722992679209569,-6.823136003523467,17.437683308734808,5.92673623766764,5.786309626408096,-0.4899610158587595,0,1,0,2
000001.SS,2012-06,2225.429932,-6.188426689480131,77.59097859064738,81.92765919367473,70.51085557937623,-0.115634191299907,18.59384817994694,-11.790129356840753,-21.032583801878506,-1.0049606072015438,11.683646516830692,5.901031246635258,-3.722992679209569,-6.823136003523467,5.883271736888444,-0.4917543348701357,0,1,1,2
000001.SS,2012-07,2103.63501,-5.472871567362381,81.20776933239353,89.00009404459307,77.46019707956621,4.661354718603983,8.632536216126097,9.8557044062058,-0.115634191299907,-6.188426689480131,-21.032583801878506,-1.0049606072015438,11.683646516830692,5.901031246635258,5.932605307504775,-0.4195470600372483,0,1,0,2
000001.SS,2012-08,2047.521973,-2.667432170184314,74.8681123795048,78.25724669425718,70.49690803404778,-7.806712344159738,-12.070602245603512,-8.989505976038025,4.661354718603983,-5.472871567362381,-0.115634191299907,-6.188426689480131,-21.032583801878506,-1.0049606072015438,4.768849480767277,-0.5461148889856426,0,1,0,2
000001.SS,2012-09,2086.168945,1.8874997440625707,68.97198734283447,65.10240313212077,68.31967938741049,-7.87534886252107,-16.80974493458861,-3.0884030340532886,-7.806712344159738,-2.667432170184314,4.661354718603983,-5.472871567362381,-0.115634191299907,-6.188426689480131,4.588478469652629,-0.6638278426431106,0,0,1,2
000001.SS,2012-10,2068.879883,-0.8287469737979336,81.94055532640026,86.90206847652313,75.07558896464687,18.8026595770016,33.48519301224788,9.888672836016443,-7.87534886252107,1.8874997440625707,-7.806712344159738,-2.667432170184314,4.661354718603983,-5.472871567362381,3.054873310375666,-0.404917383221224,0,1,0,2
000001.SS,2012-11,1980.116943,-4.290386345256958,79.75129572550456,87.46022033691406,73.34758491516114,-2.6717656381202715,0.6422768412488677,-2.301685638855866,18.8026595770016,-0.8287469737979336,-7.87534886252107,1.8874997440625707,-7.806712344159738,-2.667432170184314,3.053739902956025,-0.4486247694014081,0,1,0,2
000001.SS,2012-12,2269.12793,14.595652444755649,74.97084549934634,85.26028196273312,64.21883093926215,-5.994197564654025,-2.515358829084069,-12.44588214657365,-2.6717656381202715,-4.290386345256958,18.8026595770016,-0.8287469737979336,-7.87534886252107,1.8874997440625707,7.362410245879838,-0.5440638777028454,0,0,1,2
000001.SS,2013-01,2385.422119,5.125060930346037,90.2403597062634,109.75873522604664,83.89209476594002,20.367269576878645,28.73372301773727,30.63472744510833,-5.994197564654025,14.595652444755649,-2.6717656381202715,-4.290386345256958,18.8026595770016,-0.8287469737979336,6.88813107934815,-0.2392162689713456,0,0,0,2
000001.SS,2013-02,2365.593018,-0.8312617226972185,82.87265164511544,87.37166687420437,78.62591293879917,-8.164537558505069,-20.3966165478642,-6.277327848152503,20.367269576878645,5.125060930346037,-5.994197564654025,14.595652444755649,-2.6717656381202715,-4.290386345256958,6.660120067144585,-0.3863085833591407,0,1,0,2
000001.SS,2013-03,2236.621094,-5.451991235121234,74.79130831072408,70.25588681620937,79.46081779849145,-9.751520162523589,-19.589622895300696,1.0618698447955044,-8.164537558505069,-0.8312617226972185,20.367269576878645,5.125060930346037,-5.994197564654025,14.595652444755649,7.446829301476097,-0.5476482407603864,0,1,1,2
000001.SS,2013-04,2177.912109,-2.62489632944507,93.84421526590982,83.1100798924764,99.8020144144694,25.47476088535521,18.296250547507608,25.599027520157392,-9.751520162523589,-5.451991235121234,-8.164537558505069,-0.8312617226972185,20.367269576878645,5.125060930346037,7.588441468728426,-0.1672672380667305,0,1,0,2
000001.SS,2013-05,2300.594971,5.633049262779055,83.38529759068643,96.31220405332505,76.66901059304514,-11.144978564302331,15.885105847484285,-23.178894691799336,25.47476088535521,-2.62489632944507,-9.751520162523589,-5.451991235121234,-8.164537558505069,-0.8312617226972185,7.256162658479364,-0.3760738837796071,0,0,0,2
000001.SS,2013-06,1979.206055,-13.969817375559234,82.57989651362101,85.31224797566732,78.08507897059123,-0.965878998260461,-11.421144584716792,1.8469892419278768,-11.144978564302331,5.633049262779055,25.47476088535521,-2.62489632944507,-9.751520162523589,-5.451991235121234,7.293514326055918,-0.3921532815316291,0,1,0,2
000001.SS,2013-07,1993.79895,0.7373105474861807,77.08005560598066,75.28471995938209,75.0804361527966,-6.660023976577866,-11.753913716053145,-3.847909046651865,-0.965878998260461,-13.969817375559234,-11.144978564302331,5.633049262779055,25.47476088535521,-2.62489632944507,6.62297676628117,-0.5019546364652614,0,0,1,2
000001.SS,2013-08,2098.38208,5.245420056019179,88.84743185966245,104.4280973249866,78.84740774093136,15.266434567502763,38.71087968624718,5.017247875956099,-6.660023976577866,0.7373105474861807,-0.965878998260461,-13.969817375559234,-11.144978564302331,5.633049262779055,7.3949355115022755,-0.2670253215330478,0,0,1,2
000001.SS,2013-09,2174.665039,3.635322648199524,98.07846705118816,97.374010403951,98.14722569783528,10.38976028717007,-6.754970263494176,24.47742863064981,15.266434567502763,5.245420056019179,-6.660023976577866,0.7373105474861807,-0.965878998260461,-13.969817375559234,7.412824961769884,-0.0827326868021949,0,0,0,2
000001.SS,2013-10,2141.614014,-1.5198214165064283,73.56673326799947,80.33374651016727,65.35439909658125,-24.99196257869301,-17.499807005065403,-33.411873201809016,10.38976028717007,3.635322648199524,15.266434567502763,5.245420056019179,-6.660023976577866,0.7373105474861807,7.354740573890996,-0.5720962204687234,0,1,1,2
000001.SS,2013-11,2220.503906,3.683665286288118,76.75024941762288,52.19944121042887,91.32140051523844,4.327385501849101,-35.02177667784688,39.73259914804351,-24.99196257869301,-1.5198214165064283,10.38976028717007,3.635322648199524,15.266434567502763,5.245420056019179,7.092402149393734,-0.508539038988046,0,0,0,2
000001.SS,2013-12,2115.978027,-4.707304441913451,70.2421502144106,68.61865160542149,68.88867827384702,-8.47958052592066,31.45476276039567,-24.564584111528333,4.327385501849101,3.683665286288118,-24.99196257869301,-1.5198214165064283,10.38976028717007,3.635322648199524,3.767491148108805,-0.6384697265398416,0,1,1,2
000001.SS,2014-01,2033.083008,-3.917574660145562,78.61989428920131,86.78251980197045,68.41249278283888,11.926947066993351,26.4707448654002,-0.6912391164121345,-8.47958052592066,-4.707304441913451,4.327385501849101,3.683665286288118,-24.99196257869301,-1.5198214165064283,4.316005676976218,-0.4712125883522027,0,1,0,2
000001.SS,2014-02,2056.302002,1.1420583374429416,70.26414687292916,61.49816117967878,73.86041593551636,-10.628031863710918,-29.135312825656825,7.963345481315476,11.926947066993351,-3.917574660145562,-8.47958052592066,-4.707304441913451,4.327385501849101,3.683665286288118,3.672404465880148,-0.6380305751262079,0,0,1,2
000001.SS,2014-03,2033.30603,-1.1183168609296468,119.53876396917528,75.00083989481772,150.81426780454575,70.12768145517792,21.956231627297345,104.18821894560378,-10.628031863710918,1.1420583374429416,11.926947066993351,-3.917574660145562,-8.47958052592066,-4.707304441913451,3.131575474763831,0.3457105570013821,1,1,0,2
000001.SS,2014-04,2026.358032,-0.3417094081012428,92.7823445002238,61.30099623998006,112.3606637954712,-22.3830484610423,-18.26625365002648,-25.49732500038402,70.12768145517792,-1.1183168609296468,-10.628031863710918,1.1420583374429416,11.926947066993351,-3.917574660145562,3.1348798805249056,-0.1884669147109705,0,1,0,2
000001.SS,2014-05,2039.212036,0.6343402200899906,83.18502376925561,75.96359517497402,92.24833537686256,-10.343908404842097,23.91902225796312,-17.89979494533681,-22.3830484610423,-0.3417094081012428,70.12768145517792,-1.1183168609296468,-10.628031863710918,1.1420583374429416,2.41143006382066,-0.3800722425176376,0,0,1,2
000001.SS,2014-06,2048.326904,0.4469799039573896,98.1738182067871,105.45366484324136,96.13338797887168,18.01862133153733,38.82131908098889,4.211515130476329,-10.343908404842097,0.6343402200899906,-22.3830484610423,-0.3417094081012428,70.12768145517792,-1.1183168609296468,1.841905446635014,-0.0808290524507526,0,0,1,2
000001.SS,2014-07,2201.562012,7.48098888418447,136.12800659671908,115.96761592741936,161.79567853866084,38.660193810520525,9.970209285573103,68.30331473828896,18.01862133153733,0.4469799039573896,-10.343908404842097,0.6343402200899906,-22.3830484610423,-0.3417094081012428,3.0955088468230443,0.6769058312677037,0,0,0,2
000001.SS,2014-08,2217.199951,0.7103110843466043,132.44592408211,107.58255644767516,154.0424594263877,-2.7048677246242936,-7.230518117223495,-4.791981579669047,38.660193810520525,7.48098888418447,18.01862133153733,0.4469799039573896,-10.343908404842097,0.6343402200899906,3.106977393446524,0.6033950414337895,0,0,0,2
000001.SS,2014-09,2363.870117,6.615107759399352,130.56609942118328,121.00510635375976,142.43847586313885,-1.419314844118058,12.476511387431977,-7.53297734044166,-2.7048677246242936,0.7103110843466043,38.660193810520525,7.48098888418447,18.01862133153733,0.4469799039573896,3.483347513040542,0.5658653567986086,0,0,0,2
000001.SS,2014-10,2420.177979,2.382020128561924,80.79179345407793,74.09397866649013,83.08987451368763,-38.12192153075063,-38.76789096000993,-41.66613058010812,-1.419314844118058,6.615107759399352,-2.7048677246242936,0.7103110843466043,38.660193810520525,7.48098888418447,3.189826654239078,-0.4278517939060605,0,0,1,2
000001.SS,2014-11,2682.918945,10.856266286191165,84.14203809102376,77.99142316182454,87.09242757161458,4.1467635433172,5.26013660688609,4.817136963262114,-38.12192153075063,2.382020128561924,-1.419314844118058,6.615107759399352,-2.7048677246242936,0.7103110843466043,4.211075890974614,-0.3609659681752187,0,0,1,2
000001.SS,2014-12,3234.677002,15.37892042657657,85.45243663172567,94.30592924548732,80.33614915417087,1.5573648683008257,20.918333609340344,-7.757595701288888,4.1467635433172,10.856266286191165,-38.12192153075063,2.382020128561924,-1.419314844118058,6.615107759399352,7.111662907969162,-0.3348045686568722,0,0,1,2
000001.SS,2015-01,3210.363037,-0.7516659309404483,108.33973257003292,146.6483586834323,81.6583960748488,26.783666844919374,55.50279802841731,1.645892832304474,1.5573648683008257,20.565588014810498,4.1467635433172,10.856266286191165,-38.12192153075063,2.382020128561924,7.994744238244169,0.1221279403002564,0,1,1,2
000001.SS,2015-02,3310.302979,3.113041760329738,112.50795323508126,110.6266494478498,116.82035664149691,3.8473610430540095,-24.56332246673284,43.05982269651534,26.783666844919374,-0.7516659309404483,1.5573648683008257,20.565588014810498,4.1467635433172,10.856266286191165,7.687198760838386,0.205344215892678,0,0,0,2
000001.SS,2015-03,3747.898926,13.219211346394388,103.47884836504537,80.65029876462874,119.2300068024666,-8.025303643352133,-27.09686213298193,2.062697144783177,3.8473610430540095,3.113041760329738,26.783666844919374,-0.7516659309404483,1.5573648683008257,20.565588014810498,8.062365483116585,0.0250830110293626,0,0,0,2
000001.SS,2015-04,4441.654785,15.37892042657657,99.56071904500324,92.08395849863687,107.84801419576009,-3.786405996924136,14.17683493941706,-9.546248391618018,-8.025303643352133,13.219211346394388,3.8473610430540095,3.113041760329738,26.783666844919374,-0.7516659309404483,8.403812040279034,-0.0531403258581029,0,0,0,2
000001.SS,2015-05,4611.744141,3.829414131292075,74.41008684712071,71.70904147240424,75.1276002699329,-25.261601602650146,-22.12645650603112,-30.3393754347992,-3.786405996924136,18.51052743677965,-8.025303643352133,13.219211346394388,3.8473610430540095,3.113041760329738,8.889844985684677,-0.5552591214997333,0,0,1,2
000001.SS,2015-06,4277.222168,-7.253697576714712,85.28621266682943,88.44556840260823,80.42666390736898,14.61646704169861,23.33949330035976,7.053417942802098,-25.261601602650146,3.829414131292075,-3.786405996924136,18.51052743677965,-8.025303643352133,13.219211346394388,9.361424294405554,-0.3381231403891369,0,1,1,2
000001.SS,2015-07,3663.726074,-14.34333008441473,106.23084825085056,89.69054517438335,118.30285398421748,24.558055668202016,1.4076191653921155,47.09407084256565,14.61646704169861,-7.253697576714712,-25.261601602650146,3.829414131292075,-3.786405996924136,18.51052743677965,12.259659929103998,0.0800252032332923,0,1,0,2
000001.SS,2015-08,3205.986084,-12.493837714789812,80.77308187177104,72.6687409493231,83.29964871560374,-23.96457036562888,-18.978370788097155,-29.58779445277242,24.558055668202016,-14.34333008441473,14.61646704169861,-7.253697576714712,-25.261601602650146,3.829414131292075,13.755984174919147,-0.4282253605463964,0,1,1,2
000001.SS,2015-09,3052.781006,-4.778719370136852,96.26670481363932,79.88457260131835,111.3503412882487,19.18166619724222,9.929760111059792,33.674442815976114,-23.96457036562888,-12.493837714789812,24.558055668202016,-14.34333008441473,14.61646704169861,-7.253697576714712,12.239650654751031,-0.118903541894402,0,1,0,2
000001.SS,2015-10,3382.561035,10.802610090663013,86.38631562263735,101.0595084159605,75.2390812904604,-10.263558111944526,26.506915071474868,-32.43030922043458,19.18166619724222,-4.778719370136852,-23.96457036562888,-12.493837714789812,24.558055668202016,-14.34333008441473,9.702889192814649,-0.3161601787066636,0,0,1,2
000001.SS,2015-11,3445.405029,1.85788204114401,146.2837247212728,206.724671681722,112.25876941680907,69.33668679688365,104.55736914021404,49.20273811350009,-10.263558111944526,10.802610090663013,19.18166619724222,-4.778719370136852,-23.96457036562888,-12.493837714789812,9.4121347980104,0.879659261617105,1,0,0,2
000001.SS,2015-12,3539.181885,2.7217948313965845,140.49793341852003,194.36913816390495,108.1629870014806,-3.955184566004821,-5.976806453387384,-3.648518896658426,69.33668679688365,1.85788204114401,-10.263558111944526,10.802610090663013,19.18166619724222,-4.778719370136852,9.677788030856703,0.7641490613996877,0,0,0,2
000001.SS,2016-01,2737.600098,-16.199297081301566,115.96384011545489,110.91858869983304,120.46343551143524,-17.462244964117836,-42.93405334426132,11.37214203393464,-3.955184566004821,2.7217948313965845,69.33668679688365,1.85788204114401,-10.263558111944526,10.802610090663013,11.992456826675747,0.2743391319883859,0,1,0,2
000001.SS,2016-02,2687.979004,-1.8125764254703136,101.22297576378132,113.22725730106748,90.85711604151231,-12.711604183681224,2.0814082006417767,-24.57701736981631,-17.462244964117836,-22.64878757425037,-3.955184566004821,2.7217948313965845,69.33668679688365,1.85788204114401,11.26622410611543,-0.0199542677458014,0,1,1,2
000001.SS,2016-03,3003.915039,11.753664538668396,105.2873266896894,122.0475801037204,93.74349009606146,4.015245447232085,7.78992886774601,3.1768277272089085,-12.711604183681224,-1.8125764254703136,-17.462244964117836,-22.64878757425037,-3.955184566004821,2.7217948313965845,12.496124864442685,0.0611883045730654,0,0,0,2
000001.SS,2016-04,2938.323975,-2.183519278955215,83.62793006896973,90.3290501912435,79.78639167149862,-20.571703453499047,-25.98865941096199,-14.888605502377429,4.015245447232085,11.753664538668396,-12.711604183681224,-1.8125764254703136,-17.462244964117836,-22.64878757425037,11.421978596078802,-0.3712298573225143,0,1,1,2
000001.SS,2016-05,2916.615967,-0.7387887851951214,84.68827352216167,88.0693675010435,82.82368420016381,1.2679298080407353,-2.5016123665817624,3.806780160168821,-20.571703453499047,-2.183519278955215,4.015245447232085,11.753664538668396,-12.711604183681224,-1.8125764254703136,11.30798875626785,-0.3500606726477829,0,1,1,2
000001.SS,2016-06,2929.605957,0.4453788276199244,88.54716021219889,97.87790400187174,80.03160365422566,4.556577350732516,11.137285050573364,-3.3711136770858907,1.2679298080407353,-0.7387887851951214,-20.571703453499047,-2.183519278955215,4.015245447232085,11.753664538668396,11.148854154570827,-0.273020082889481,0,0,1,2
000001.SS,2016-07,2979.339111,1.6976055732398798,112.01366116923673,143.21993846278036,94.82303280984202,26.501697966147653,46.32509750110867,18.481985216143254,4.556577350732516,0.4453788276199244,1.2679298080407353,-0.7387887851951214,-20.571703453499047,-2.183519278955215,5.212258647449176,0.1954759416145478,0,0,0,2
000001.SS,2016-08,3085.490967,3.5629329876574856,98.61115221823415,123.22047128985004,80.60763149876749,-11.96506641342012,-13.964164059550775,-14.9915066939296,26.501697966147653,1.6976055732398798,4.556577350732516,0.4453788276199244,1.2679298080407353,-0.7387887851951214,4.980258198668564,-0.0720979149829873,0,0,1,2
000001.SS,2016-09,3004.702881,-2.6183219093507737,103.71691958109538,119.65013109842936,94.2956667582194,5.177677420867943,-2.897521940994874,16.98106619056434,-11.96506641342012,3.5629329876574856,26.501697966147653,1.6976055732398798,4.556577350732516,0.4453788276199244,2.363867173384208,0.0298359743481151,0,1,0,2
000001.SS,2016-10,3100.491943,3.187971183630656,86.16627822383758,100.4282025367983,80.40413419661984,-16.921676258939698,-16.065112829519823,-14.731888578950723,5.177677420867943,-2.6183219093507737,-11.96506641342012,3.5629329876574856,26.501697966147653,1.6976055732398798,2.376130425869651,-0.320553106598582,0,0,0,2
000001.SS,2016-11,3250.033936,4.823169863015497,83.57939580281575,85.52786210378011,80.94508310953776,-3.0021981619094418,-14.836808841180336,0.6727874360229924,-16.921676258939698,3.187971183630656,5.177677420867943,-2.6183219093507737,-11.96506641342012,3.5629329876574856,2.66556299724858,-0.3721988177477174,0,0,1,2
000001.SS,2016-12,3103.636963,-4.504475211116688,101.61987716920916,112.50576536117062,94.95736854307113,21.58484300240133,31.54282428415589,17.310854341296356,-3.0021981619094418,4.823169863015497,-16.921676258939698,3.187971183630656,5.177677420867943,-2.6183219093507737,3.737564211994216,-0.0120303454318856,0,1,1,2
000001.SS,2017-01,3159.166016,1.7891607060358528,104.88912440884498,102.22949655594364,108.44574915978215,3.217133626516944,-9.133993064477783,14.204669762508138,21.58484300240133,-4.504475211116688,-3.0021981619094418,4.823169863015497,-16.921676258939698,3.187971183630656,3.741045617712248,0.0532384109836636,0,0,1,2
000001.SS,2017-02,3241.73291,2.613566162139924,113.19088404519218,94.91658476420812,125.99899278368268,7.91479544055298,-7.153426396591556,16.186197946807358,3.217133626516944,1.7891607060358528,21.58484300240133,-4.504475211116688,-3.0021981619094418,4.823169863015497,3.631472247848583,0.2189785608738084,0,0,0,2
000001.SS,2017-03,3222.513916,-0.5928617357930377,98.49747651623142,99.26259293094758,97.23793039014262,-12.981087348955,4.578765847439437,-22.826422464279197,7.91479544055298,2.613566162139924,3.217133626516944,1.7891607060358528,21.58484300240133,-4.504475211116688,3.3219812253832965,-0.0743673890118802,0,1,1,2
000001.SS,2017-04,3154.657959,-2.1056839091707413,115.10228830973308,101.26866887410482,124.87095286051432,16.858108837707487,2.020978783571348,28.417945918327536,-12.981087348955,-0.5928617357930377,7.91479544055298,2.613566162139924,3.217133626516944,1.7891607060358528,3.396718235779809,0.2571387152486297,0,1,0,2
000001.SS,2017-05,3117.177979,-1.1880837950457468,101.37748035307854,98.86025521063036,100.89005654858003,-11.924009642381684,-2.378241651885993,-19.20454338065464,16.858108837707487,-2.1056839091707413,-12.981087348955,-0.5928617357930377,7.91479544055298,2.613566162139924,2.602608730512789,-0.0168696670213093,0,1,1,2
000001.SS,2017-06,3192.427002,2.41401111861248,126.94453862508138,146.7019323984782,113.13888193766276,25.21966237763813,48.393236580177735,12.140765708843391,-11.924009642381684,-1.1880837950457468,16.858108837707487,-2.1056839091707413,-12.981087348955,-0.5928617357930377,2.031023583378493,0.4935628504053606,0,0,0,2
000001.SS,2017-07,3273.028076,2.5247585598513256,101.5980480563256,69.98286450293756,124.43094007430538,-19.96658607237466,-43.81668896391011,9.9807050796775,25.21966237763813,2.41401111861248,-11.924009642381684,-1.1880837950457468,16.858108837707487,-2.1056839091707413,2.144292385915502,-0.0124661518873564,0,0,1,2
000001.SS,2017-08,3360.810059,2.6819807518204675,137.11038946336316,109.75087941077447,156.3583743187689,34.9537634693037,56.82536030826179,25.65875836459781,-19.96658607237466,2.5247585598513256,25.21966237763813,2.41401111861248,-11.924009642381684,-1.1880837950457468,2.157214213978441,0.6965185749147532,0,0,0,2
000001.SS,2017-09,3348.943115,-0.3530977291686277,118.73107655843098,86.45641419092814,146.35588200887045,-13.40475581527194,-21.22485518558812,-6.397158037411099,34.9537634693037,2.6819807518204675,-19.96658607237466,2.5247585598513256,25.21966237763813,2.41401111861248,2.132277736464053,0.3295855138316133,0,1,0,2
000001.SS,2017-10,3393.342041,1.3257593358673605,91.91498454924552,71.24007597277242,109.52413552807224,-22.585571348701183,-17.60001078063723,-25.16588057497128,-13.40475581527194,-0.3530977291686277,34.9537634693037,2.6819807518204675,-19.96658607237466,2.5247585598513256,1.6461422023238463,-0.2057832879355632,0,0,1,2
000001.SS,2017-11,3317.187988,-2.244219771537015,93.25364055633544,80.09026870727538,105.41860446929932,1.45640671502556,12.423053476087633,-3.748517200321233,-22.585571348701183,1.3257593358673605,-13.40475581527194,-0.3530977291686277,34.9537634693037,2.6819807518204675,1.979646804599468,-0.1790577433540232,0,1,0,2
000001.SS,2017-12,3307.172119,-0.3019385406022534,84.61367348701724,64.52695954230524,98.77827345940376,-9.265018521286285,-19.432209950316203,-6.29901244028458,1.45640671502556,-2.244219771537015,-22.585571348701183,1.3257593358673605,-13.40475581527194,-0.3530977291686277,1.9171518625797452,-0.3515500220807048,0,1,1,2
000001.SS,2018-01,3480.833008,5.251038734945279,91.99991103141538,75.9898567199707,106.7695834867416,8.729366354164325,17.76450844572981,8.09014953133611,-9.265018521286285,-0.3019385406022534,1.45640671502556,-2.244219771537015,-22.585571348701183,1.3257593358673605,2.647105789457916,-0.2040877765619447,0,0,0,2
000001.SS,2018-02,3259.407959,-6.361266067378091,65.82219927651542,53.66386883599417,76.22563787869045,-28.45406203269154,-29.380221055357104,-28.60734734611382,8.729366354164325,5.251038734945279,-9.265018521286285,-0.3019385406022534,1.45640671502556,-2.244219771537015,3.843142544295515,-0.7267116611468718,0,1,1,2
000001.SS,2018-03,3168.896973,-2.7769149225422285,109.2456529678837,64.72115756619361,142.5100219480453,65.97083380479091,20.60471779251023,86.95812316433921,-28.45406203269154,-6.361266067378091,8.729366354164325,5.251038734945279,-9.265018521286285,-0.3019385406022534,3.956965195028297,0.1402141520319168,1,1,1,2
000001.SS,2018-04,3082.231934,-2.734864520317748,122.0270450592041,94.80569979349772,144.06638272603354,11.699680256456425,46.483319147274415,1.092106194858089,65.97083380479091,-2.7769149225422285,-28.45406203269154,-6.361266067378091,8.729366354164325,5.251038734945279,3.856120718051408,0.3953877458017615,0,1,1,2
000001.SS,2018-05,3095.474121,0.4296298034526913,122.07622054315382,62.3412499273977,166.9032696139428,0.0402988402496085,-34.24314143222706,15.851641761102208,11.699680256456425,-2.734864520317748,65.97083380479091,-2.7769149225422285,-28.45406203269154,-6.361266067378091,3.910914143654741,0.3963695077941304,0,0,0,2
000001.SS,2018-06,2847.417969,-8.013510767774246,103.35734113057454,56.24654754002889,136.8462231318156,-15.333763880707776,-9.776355774814691,-18.008662473569824,0.0402988402496085,0.4296298034526913,11.699680256456425,-2.734864520317748,65.97083380479091,-2.7769149225422285,4.774856012954323,0.0226571846821675,0,1,1,2
000001.SS,2018-07,2876.400879,1.017866372817,109.5580127469955,85.10936841657085,127.5609563396823,5.999256123072527,51.3148311120806,-6.785183090650127,-15.333763880707776,-8.013510767774246,0.0402988402496085,0.4296298034526913,11.699680256456425,-2.734864520317748,3.58962241426739,0.1464502464115924,0,0,1,2
000001.SS,2018-08,2725.25,-5.254861382623011,113.0449313502158,67.86267332876882,146.81783097790134,3.182714359079064,-20.264155883976787,15.096213755986486,5.999256123072527,1.017866372817,-15.333763880707776,-8.013510767774246,0.0402988402496085,0.4296298034526913,3.4108984103195583,0.2160646941031607,0,1,0,2
000001.SS,2018-09,2821.350098,3.526285588478117,73.96346220970153,49.602893877029416,88.1794579188029,-34.571624462700555,-26.906955703436157,-39.93954458292232,3.182714359079064,-5.254861382623011,5.999256123072527,1.017866372817,-15.333763880707776,-8.013510767774246,4.305575875666743,-0.5641757412999974,0,0,1,2
000001.SS,2018-10,2602.782959,-7.746898874937136,92.58265267649004,61.918164991563366,115.57533417978594,25.17349771161239,24.8277270779095,31.06832011397669,-34.571624462700555,3.526285588478117,3.182714359079064,-5.254861382623011,5.999256123072527,1.017866372817,4.951998774444546,-0.1924536541791385,0,1,0,2
000001.SS,2018-11,2588.187988,-0.5607448346598765,79.83305384318034,48.951593685150144,103.46333103179931,-13.771045076727717,-20.94146573655724,-10.479747459908284,25.17349771161239,-7.746898874937136,-34.571624462700555,3.526285588478117,3.182714359079064,-5.254861382623011,4.843183745245166,-0.446992512714646,0,1,1,2
000001.SS,2018-12,2493.895996,-3.643166278383947,86.58019570381411,64.75931516770393,99.9929014944261,8.45156427798377,32.292557386848046,-3.3542603961847828,-13.771045076727717,-0.5607448346598765,25.17349771161239,-7.746898874937136,-34.571624462700555,3.526285588478117,4.19444478669123,-0.3122894675414957,0,1,1,2
000001.SS,2019-01,2584.572021,3.635918464339993,87.5074286307058,54.891605531015706,113.59607076644896,1.0709526807535674,-15.237513879098808,13.60413496230144,8.45156427798377,-3.643166278383947,-13.771045076727717,-0.5607448346598765,25.17349771161239,-7.746898874937136,4.691648455164455,-0.2937777626719332,0,0,1,2
000001.SS,2019-02,2940.954102,13.788823762864698,98.55523300170898,57.736959321158274,130.96962765284948,12.624990293825844,5.183586383777472,15.294153018831214,1.0709526807535674,3.635918464339993,8.45156427798377,-3.643166278383947,-13.771045076727717,-0.5607448346598765,7.428151020048257,-0.0732143119559909,0,0,0,2
000001.SS,2019-03,3090.758057,5.093719582299006,79.65598315577353,67.75160512616557,85.8987022830594,-19.17630273940678,17.345294803804002,-34.41326525662569,12.624990293825844,13.788823762864698,1.0709526807535674,3.635918464339993,8.45156427798377,-3.643166278383947,7.540378456492299,-0.450527633406826,0,0,0,2
000001.SS,2019-04,3086.398926,-0.1410376004724045,78.96416734059652,57.763711071014406,93.91384995778402,-0.8685045212788456,-14.741929783880291,9.330929876347316,-19.17630273940678,5.093719582299006,12.624990293825844,13.788823762864698,1.0709526807535674,3.635918464339993,6.129574757796196,-0.4643393627180184,0,1,1,2
000001.SS,2019-05,2898.696045,-6.081614382987888,105.1034455453196,63.40447973435925,133.1031727944651,33.10270858929771,9.765246309071296,41.72901319059692,-0.8685045212788456,-0.1410376004724045,-19.17630273940678,5.093719582299006,12.624990293825844,13.788823762864698,7.111885317904746,0.0575172167838708,0,1,0,2
000001.SS,2019-06,2978.87793,2.766136350801829,103.3317710240682,51.50454092025757,138.8043354034424,-1.685648374379367,-18.768293445444108,4.283265747376963,33.10270858929771,-6.081614382987888,-0.8685045212788456,-0.1410376004724045,-19.17630273940678,5.093719582299006,6.53292195632168,0.0221466913083878,0,0,0,2
000001.SS,2019-07,2932.51001,-1.556556565579048,93.06078184804608,47.329337519984094,126.32542345600744,-9.939817225846037,-8.10647629446455,-8.990289756558633,-1.685648374379367,2.766136350801829,33.10270858929771,-6.081614382987888,-0.8685045212788456,-0.1410376004724045,6.798493539871745,-0.1829080633608263,0,1,1,2
000001.SS,2019-08,2886.23999,-1.5778299082430003,106.01592488442698,74.11447860348609,125.86253258489792,13.921162899248628,56.59310374287909,-0.3664273259061712,-9.939817225846037,-1.556556565579048,-1.685648374379367,2.766136350801829,33.10270858929771,-6.081614382987888,3.876654165089026,0.0757343742372348,0,1,0,2
000001.SS,2019-09,2905.189941,0.6565618613024737,92.55197461446126,70.08315865198772,112.63771381378174,-12.699931906120154,-5.439314999523937,-10.507351552135392,13.921162899248628,-1.5778299082430003,-9.939817225846037,-1.556556565579048,-1.685648374379367,2.766136350801829,2.9709098079205813,-0.1930661251276743,0,0,1,2
000001.SS,2019-10,2929.060059,0.8216370868950218,95.20806701721683,69.20361838802215,118.00913903021043,2.8698387190764008,-1.2549951812718674,4.768762641355617,-12.699931906120154,0.6565618613024737,13.921162899248628,-1.5778299082430003,-9.939817225846037,-1.556556565579048,3.050788224473945,-0.1400386740524366,0,0,0,2
000001.SS,2019-11,2871.97998,-1.9487507203757135,73.70891914367675,52.628954823811846,86.17964719136556,-22.58122504435712,-23.95057361202817,-26.97205665630397,2.8698387190764008,0.8216370868950218,-12.699931906120154,0.6565618613024737,13.921162899248628,-1.5778299082430003,1.862817836127093,-0.5692575562120714,0,1,0,2
000001.SS,2019-12,3050.124023,6.202830250926739,72.31251805828464,60.52569272441249,79.17934866874448,-1.8944804802661477,15.004550113215975,-8.122913879046889,-22.58122504435712,-1.9487507203757135,2.8698387190764008,0.8216370868950218,-12.699931906120154,0.6565618613024737,3.0713667496812773,-0.597135950111402,0,0,1,2
000001.SS,2020-01,2976.528076,-2.4128837530879577,139.8703630508915,84.9525350447624,191.54257983546103,93.42482713456964,40.35780710775339,104.18821894560378,-1.8944804802661477,6.202830250926739,-22.58122504435712,-1.9487507203757135,2.8698387190764008,0.8216370868950218,3.199529362118944,0.7516199577694204,1,1,0,2
000001.SS,2020-02,2880.303955,-3.232763761775459,75.72699855935984,56.10202249987372,87.16311290346343,-39.28844654475468,-33.960743525413385,-44.52829942694827,93.42482713456964,-2.4128837530879577,-1.8944804802661477,6.202830250926739,-22.58122504435712,-1.9487507203757135,3.453995141773343,-0.5289676900274246,1,1,1,2
000001.SS,2020-03,2750.295898,-4.513692271064496,82.76741433912709,64.03543063132993,98.19669649677893,9.297101316181845,14.141037663079016,12.658546976787765,-45.859153499296525,-3.232763761775459,93.42482713456964,-2.4128837530879577,-1.8944804802661477,6.202830250926739,3.880381511430271,-0.3884095893666116,0,1,0,2
000001.SS,2020-04,2860.082031,3.991793504103902,69.76431941986084,47.72460098266602,82.26346549987792,-15.71040369340041,-25.47157017272198,-16.225831993669605,9.297101316181845,-4.513692271064496,-45.859153499296525,-3.232763761775459,93.42482713456964,-2.4128837530879577,4.3414999596892905,-0.6480093604222856,0,0,0,2
000001.SS,2020-05,2852.351074,-0.2703054288724971,69.50140085527974,42.10684902437272,85.36720494301089,-0.3768668092335003,-11.771186856719284,3.772925714073616,-15.71040369340041,3.991793504103902,9.297101316181845,-4.513692271064496,-45.859153499296525,-3.232763761775459,4.268947531689033,-0.6532583876419832,0,1,1,2
000001.SS,2020-06,2984.674072,4.639085251677533,71.60573234558106,51.32019710540772,86.46775321960449,3.027754065969246,21.88087756388999,1.289193288369117,-0.3768668092335003,-0.2703054288724971,-15.71040369340041,3.991793504103902,9.297101316181845,-4.513692271064496,3.837590903440152,-0.6112465453460343,0,0,0,2
000001.SS,2020-07,3310.00708,10.900118409980951,68.53134112204275,36.44394225458945,92.3572107745755,-4.293498750492198,-28.98713506548618,6.811160618471734,3.027754065969246,4.639085251677533,-0.3768668092335003,-0.2703054288724971,-15.71040369340041,3.991793504103902,5.745765093425507,-0.6726251065825277,0,0,0,2
000001.SS,2020-08,3395.677979,2.588239146606308,64.93029563657699,27.294767964270807,89.9976692199707,-5.254596548829982,-25.104787584187527,-2.5547994951514386,-4.293498750492198,10.900118409980951,3.027754065969246,4.639085251677533,-0.3768668092335003,-0.2703054288724971,5.163884014340196,-0.7445180358729901,0,0,1,2
000001.SS,2020-09,3218.052002,-5.230942925050552,83.04108727773031,49.94818175633748,105.76334724426268,27.8926677656324,82.9954437484879,17.517873697104093,-5.254596548829982,2.588239146606308,-4.293498750492198,10.900118409980951,3.027754065969246,4.639085251677533,5.373577309928212,-0.3829458568747211,0,1,0,2
000001.SS,2020-10,3224.532959,0.2013937933871945,76.71051840628347,43.048690057569935,98.63585779743808,-7.62341761045866,-13.813299015418378,-6.739092164285898,27.8926677656324,-5.230942925050552,-5.254596548829982,2.588239146606308,-4.293498750492198,10.900118409980951,5.4237359854337885,-0.5093322471828304,0,0,0,2
000001.SS,2020-11,3391.76001,5.18608595806882,70.364892578125,62.07505849202474,79.94887498219808,-8.272171743840929,44.197322633999846,-18.94542535800341,-7.62341761045866,0.2013937933871945,27.8926677656324,-5.230942925050552,-5.254596548829982,2.588239146606308,5.39655756138585,-0.6360192415040153,0,0,0,2
000001.SS,2020-12,3473.069092,2.397253395295506,62.28910067773634,29.27726056498866,85.56250313789614,-11.4770187297909,-43.81668896391011,7.021522387836021,-8.272171743840929,5.18608595806882,-7.62341761045866,0.2013937933871945,27.8926677656324,-5.230942925050552,5.341637334983427,-0.797248067522034,0,0,1,2
000001.SS,2021-01,3483.069092,0.2879297743610731,74.98195703567997,47.25387308674474,95.04665202479208,20.37733121820517,61.40127926877659,11.08446870892834,-11.4770187297909,2.397253395295506,-8.272171743840929,5.18608595806882,-7.62341761045866,0.2013937933871945,3.5189044925194324,-0.5438420418778978,0,0,0,2
000001.SS,2021-02,3509.080078,0.746783520882266,72.32457787649972,46.01375893184117,91.3971277645656,-3.544024808415902,-2.624365102574921,-3.8397188985410335,20.37733121820517,0.2879297743610731,-11.4770187297909,2.397253395295506,-8.272171743840929,5.18608595806882,3.4216954184845507,-0.5968951823505692,0,0,1,2
000001.SS,2021-03,3441.909912,-1.9141816233012143,77.55295372009277,49.825385385944,99.19816903145085,7.229044395559336,8.283666760954866,8.535324312357284,-3.544024808415902,0.746783520882266,20.37733121820517,0.2879297743610731,-11.4770187297909,2.397253395295506,2.409997412116621,-0.4925134808851181,0,1,1,2
000001.SS,2021-04,3446.860107,0.1438211669265721,84.63264045715331,65.75086024602254,105.25555461247762,9.128842161979843,31.96257236491182,6.106348171715048,7.229044395559336,-1.9141816233012143,-3.544024808415902,0.746783520882266,20.37733121820517,0.2879297743610731,2.4146440045220667,-0.3511713567602164,0,0,1,2
000001.SS,2021-05,3615.47998,4.891984814166417,90.02756192607265,52.68410350430396,115.80485919214064,6.3745163092844725,-19.87313427204783,10.02256329226774,9.128842161979843,0.1438211669265721,7.229044395559336,-1.9141816233012143,-3.544024808415902,0.746783520882266,2.31712947367627,-0.2434646617856457,0,0,0,2
399001.SZ,2000-07,4894.129883,1.3136886192738562,51.13137294400123,40.80166629052931,56.5029530679026,-20.264885157915803,-21.61971460324582,-22.58825043151742,-19.521279515661185,4.038408318905296,60.478668524912834,-0.8543308627783741,-2.0144699660817,3.328542421770786,5.073836364658121,-1.020006078838822,0,0,0,2
399001.SZ,2000-08,4826.299805,-1.3859476479284094,47.5130286985828,41.88413973777525,50.82666443240258,-7.076563833678429,2.6530128439808287,-10.046003487071763,-20.264885157915803,1.3136886192738562,-19.521279515661185,4.038408318905296,60.478668524912834,-0.8543308627783741,2.168274209019962,-1.092244368533953,0,1,1,2
399001.SZ,2000-09,4523.660156,-6.270635087494314,52.75809377034505,36.65586573282878,63.30135205586751,11.039214328003254,-12.482705954280584,24.54358900544371,-7.076563833678429,-1.3859476479284094,-20.264885157915803,1.3136886192738562,-19.521279515661185,4.038408318905296,3.770424632836893,-0.9875294756368682,0,1,1,2
399001.SZ,2000-10,4573.220215,1.09557432015015,74.84650722626716,74.61284114468482,80.27979493910267,41.86734560970407,103.54952653010729,26.82161175364879,11.039214328003254,-6.270635087494314,-7.076563833678429,-1.3859476479284094,-20.264885157915803,1.3136886192738562,3.4784164302305087,-0.5465462242076752,0,0,0,2
399001.SZ,2000-11,4831.359863,5.644592559818373,45.440477244059245,47.08891073862711,44.53256746927897,-39.28844654475468,-36.88899924435919,-44.52829942694827,41.86734560970407,1.09557432015015,11.039214328003254,-6.270635087494314,-7.076563833678429,-1.3859476479284094,4.220396473507713,-1.1336217395703077,0,0,1,2
399001.SZ,2000-12,4752.75,-1.627075300310732,46.01157077666252,44.53382098290228,46.60758584545505,1.2567947504951382,-5.426096538752367,4.659552534462641,-39.28844654475468,5.644592559818373,41.86734560970407,1.09557432015015,11.039214328003254,-6.270635087494314,3.96041680421325,-1.1222201654653985,0,1,1,2
399001.SZ,2001-01,4743.370117,-0.1973569617589765,47.34544200281943,39.250703688590754,53.58126591097924,2.8989908486964038,-11.863157433402929,14.962542983127358,1.2567947504951382,-1.627075300310732,-39.28844654475468,5.644592559818373,41.86734560970407,1.09557432015015,3.891984222561104,-1.0955901464523845,0,1,1,2
399001.SZ,2001-02,4453.140137,-6.118645031721859,56.3363071169172,45.95857455049242,65.78157465798515,18.989927506775352,17.089810453134604,22.769728448140224,2.8989908486964038,-0.1973569617589765,1.2567947504951382,-1.627075300310732,-39.28844654475468,5.644592559818373,4.543076778834318,-0.916092377674739,0,1,1,2
399001.SZ,2001-03,4965.990234,11.516594610146203,61.72149381329936,57.44915543833086,65.804611175291,9.558998400811111,25.00203933699969,0.0350197109534544,18.989927506775352,-6.118645031721859,2.8989908486964038,-0.1973569617589765,1.2567947504951382,-1.627075300310732,6.1333371049641086,-0.80858003217909,0,0,0,2
399001.SZ,2001-04,4802.589844,-3.290388871111094,49.02697035471599,47.12476806640625,50.69535102844238,-20.567427445911942,-17.97134752138766,-22.96079237760469,9.558998400811111,11.516594610146203,18.989927506775352,-6.118645031721859,2.8989908486964038,-0.1973569617589765,6.474378172649671,-1.0620193405876062,0,1,1,2
399001.SZ,2001-05,4857.470215,1.1427245045413148,59.95146006922568,56.56440058062154,60.64858498111848,22.282612275385794,20.0311490147036,19.63342545373024,-20.567427445911942,-3.290388871111094,9.558998400811111,11.516594610146203,18.989927506775352,-6.118645031721859,6.075355589361143,-0.8439178004239036,0,0,1,2
399001.SZ,2001-06,4716.899902,-2.893899638662023,70.94172350565593,62.602798779805504,78.85646438598633,18.33193624265337,10.675262421595733,30.02193606089316,22.282612275385794,1.1427245045413148,-20.567427445911942,-3.290388871111094,9.558998400811111,11.516594610146203,6.1743280853471765,-0.624503123406393,0,1,0,2
399001.SZ,2001-07,4059.01001,-13.947505897274814,59.984781203731416,53.3461978666244,62.87733785567745,-15.444990282835402,-14.786241340007166,-20.26355943641387,18.33193624265337,-2.893899638662023,22.282612275385794,1.1427245045413148,-20.567427445911942,-3.290388871111094,8.41811614615714,-0.8432525619600832,0,1,1,2
399001.SZ,2001-08,3860.219971,-4.897500585370573,64.13564220551521,73.31873946036062,56.88255968401509,6.919856867837648,37.43948471017813,-9.53408394201134,-15.444990282835402,-13.947505897274814,18.33193624265337,-2.893899638662023,22.282612275385794,1.1427245045413148,8.320514410601316,-0.7603828626740763,0,1,1,2
399001.SZ,2001-09,3498.629883,-9.36708505516407,472.49111404418943,791.8359584172566,249.4176373163859,93.42482713456964,104.55736914021404,104.18821894560378,6.919856867837648,-4.897500585370573,-15.444990282835402,-13.947505897274814,18.33193624265337,-2.893899638662023,5.337919332625493,7.392213704284887,1,1,1,0
399001.SZ,2001-10,3438.530029,-1.7178111435001475,504.05423072076616,840.6995652721774,257.8192534908172,6.680150322070344,6.170925472062505,3.368493208751655,636.705984061322,-9.36708505516407,6.919856867837648,-4.897500585370573,-15.444990282835402,-13.947505897274814,5.506546699720273,8.022354291115674,0,1,0,0
399001.SZ,2001-11,3513.75,2.187561846649788,296.1777104695638,494.21396484375,141.4245381673177,-39.28844654475468,-41.21396212644078,-44.52829942694827,6.680150322070344,-1.7178111435001475,636.705984061322,-9.36708505516407,6.919856867837648,-4.897500585370573,5.760933961121195,3.872211775036317,0,0,0,0
399001.SZ,2001-12,3325.659912,-5.352972977588044,231.22251793646043,376.6929409888483,121.45619632351784,-21.93115492388762,-23.77938144505022,-14.11943224461908,-41.24090377218973,2.187561846649788,6.680150322070344,-1.7178111435001475,636.705984061322,-9.36708505516407,5.658645964718836,2.5754164186103274,0,1,0,1
399001.SZ,2002-01,2982.699951,-10.312538566030016,169.9862031013735,259.16573752126385,104.05673919185516,-26.483715938044828,-31.199736092496558,-14.325705611030717,-21.93115492388762,-5.352972977588044,-41.24090377218973,2.187561846649788,6.680150322070344,-1.7178111435001475,4.6864670122219,1.3528664479931174,0,1,0,2
399001.SZ,2002-02,3029.48999,1.5687142444318791,143.41856629507882,209.3824323926653,93.08014828818185,-15.629290096238414,-19.20906119950132,-10.548659307337282,-26.483715938044828,-10.312538566030016,-21.93115492388762,-5.352972977588044,-41.24090377218973,2.187561846649788,5.381831257323713,0.8224579202367436,0,0,1,2
399001.SZ,2002-03,3173.899902,4.766806045792538,150.27259728216356,217.83082137569303,97.68620583318896,4.779040234569632,4.034908223429179,4.948485396420366,-15.629290096238414,1.5687142444318791,-26.483715938044828,-10.312538566030016,-21.93115492388762,-5.352972977588044,5.564861193054476,0.959294949121256,0,0,1,2
399001.SZ,2002-04,3253.459961,2.506697169304739,154.13523864746094,219.28201649983723,99.5971280415853,2.570422974752073,0.6662028426368982,1.956184286304952,4.779040234569632,4.766806045792538,-15.629290096238414,1.5687142444318791,-26.483715938044828,-10.312538566030016,5.790912955119337,1.0364104989443716,0,0,1,2
399001.SZ,2002-05,3037.0,-6.653223448106238,159.16512766192037,205.2949966922883,137.87667772846837,3.263295959182844,-6.378553075536553,38.434391070895146,2.570422974752073,2.506697169304739,4.779040234569632,4.766806045792538,-15.629290096238414,1.5687142444318791,6.007754452094436,1.136829518008396,0,1,0,2
399001.SZ,2002-06,3551.330078,15.37892042657657,147.7977030436198,185.49468332926432,127.91307754516602,-7.141906512616192,-9.644810483473298,-7.226457982200928,3.263295959182844,-6.653223448106238,2.570422974752073,2.506697169304739,4.779040234569632,4.766806045792538,9.549334979160603,0.9098850215846186,0,0,0,2
399001.SZ,2002-07,3405.699951,-4.100720682151127,119.3782693186114,161.98243344214654,92.84361993112871,-19.228603110713397,-12.675430618883077,-27.416631893368603,-7.141906512616192,16.935465195917022,3.263295959182844,-6.653223448106238,2.570422974752073,2.506697169304739,8.267276724260743,0.3425063679371067,0,1,1,2
399001.SZ,2002-08,3436.840088,0.9143535087656972,127.00253000567037,157.38569099672378,101.1353489045174,6.386640324555559,-2.837803055393984,8.930854892925822,-19.228603110713397,-4.100720682151127,-7.141906512616192,16.935465195917022,3.263295959182844,-6.653223448106238,8.28637576996154,0.4947206170153542,0,0,1,2
399001.SZ,2002-09,3243.929932,-5.613009365014133,170.25116170247395,185.25534108479815,167.8897672017415,34.05336231874485,17.707867793810127,66.00503090195247,6.386640324555559,0.9143535087656972,-19.228603110713397,-4.100720682151127,-7.141906512616192,16.935465195917022,8.762008364973038,1.3581562034407222,0,1,0,2
399001.SZ,2002-10,3036.179932,-6.404269030309006,168.296264894547,195.84739069784845,161.10799457180886,-1.1482428597716532,5.717540747287764,-4.039419878272565,34.05336231874485,-5.613009365014133,6.386640324555559,0.9143535087656972,-19.228603110713397,-4.100720682151127,9.13467185457856,1.319127743914262,0,1,0,2
399001.SZ,2002-11,2920.719971,-3.8028036409536448,156.04842834472657,175.04123814900717,151.88629328409831,-7.277545082473935,-10.623655732508986,-5.723925316195444,-1.1482428597716532,-6.404269030309006,34.05336231874485,-5.613009365014133,6.386640324555559,0.9143535087656972,8.84001081672673,1.0746062985197744,0,1,1,2
399001.SZ,2002-12,2759.300049,-5.526716823343147,175.05461046772618,174.67416357224988,183.75799191382623,12.179669045440855,-0.2097074841557078,20.983920234403875,-7.277545082473935,-3.8028036409536448,-1.1482428597716532,-6.404269030309006,34.05336231874485,-5.613009365014133,2.6406702497496903,1.4540544651606715,0,1,1,2
399001.SZ,2003-01,3051.219971,10.57949178472979,205.2729772752331,176.48827115951045,244.28261073943108,17.26225132075463,1.0385666375383629,32.93713552006381,12.179669045440855,-5.526716823343147,-7.277545082473935,-3.8028036409536448,-1.1482428597716532,-6.404269030309006,6.5438218713660365,2.057347846744926,0,0,1,2
399001.SZ,2003-02,3057.23999,0.1972987545052928,236.19078636169436,210.63462039402552,291.2838772365025,15.061801848864963,19.34765920147381,19.240528973716557,17.26225132075463,10.57949178472979,12.179669045440855,-5.526716823343147,-7.277545082473935,-3.8028036409536448,6.494153948913021,2.6746052158729587,0,0,1,2
399001.SZ,2003-03,3101.860107,1.4594901658341763,349.2410371841923,413.4505669378465,352.7903245495212,47.86395462919402,96.28803952760548,21.115637396943757,15.061801848864963,0.1972987545052928,17.26225132075463,10.57949178472979,12.179669045440855,-5.526716823343147,6.29406863112719,4.931592449567863,1,0,0,0
399001.SZ,2003-04,3260.75,5.122406798470114,252.85915400187176,326.76046600341795,210.79934641520185,-27.59752518186688,-20.967464520966683,-40.2479796790425,47.86395462919402,1.4594901658341763,15.061801848864963,0.1972987545052928,17.26225132075463,10.57949178472979,5.90923113996971,3.0073801783052136,0,0,0,2
399001.SZ,2003-05,3503.689941,7.450431373150357,159.68020999047064,183.58484895767705,150.55725589875252,-36.85013674083216,-43.81668896391011,-28.5779304067638,-27.59752518186688,5.122406798470114,47.86395462919402,1.4594901658341763,15.061801848864963,0.1972987545052928,5.734435592834524,1.1471128586589634,0,0,0,2
399001.SZ,2003-06,3224.810059,-7.959605064836417,145.7216801961263,176.93343124389648,127.7050184249878,-8.741552754206271,-3.623075516059593,-15.17843649404218,-36.85013674083216,7.450431373150357,-27.59752518186688,5.122406798470114,47.86395462919402,1.4594901658341763,6.509689557264013,0.8684383460614599,0,1,0,2
399001.SZ,2003-07,3318.419922,2.902802375561553,133.95684691398375,166.529414761451,106.6518937387774,-8.073495492440319,-5.880186920754349,-16.485745780285622,-8.741552754206271,-7.959605064836417,-36.85013674083216,7.450431373150357,-27.59752518186688,5.122406798470114,5.323065668648438,0.6335598001833436,0,0,1,2
399001.SZ,2003-08,3192.370117,-3.798488677226553,137.39681588449787,179.2770211004442,108.98332251271894,2.5679680059377485,7.654867674430843,2.186017230647508,-8.073495492440319,2.902802375561553,-8.741552754206271,-7.959605064836417,-36.85013674083216,7.450431373150357,5.755366700454807,0.7022369238011168,0,1,0,2
399001.SZ,2003-09,3054.899902,-4.306211684790052,118.71830571492514,145.99144999186197,97.7679594039917,-13.59457280674885,-18.56655744515813,-10.290898506437395,2.5679680059377485,-3.798488677226553,-8.073495492440319,2.902802375561553,-8.741552754206271,-7.959605064836417,6.106451905811083,0.3293305508346584,0,1,0,2
399001.SZ,2003-10,3167.340088,3.680650417592624,107.55338336575416,129.5931615521831,91.48407450029929,-9.404549940243411,-11.232362196959455,-6.427345872819624,-13.59457280674885,-4.306211684790052,2.5679680059377485,-3.798488677226553,-8.073495492440319,2.902802375561553,5.884259734551312,0.1064289029043117,0,0,1,2
399001.SZ,2003-11,3267.939941,3.176162022548179,117.27323557535809,152.34808400472005,93.18425509134929,9.037235190035677,17.55873703519013,1.85844432524096,-9.404549940243411,3.680650417592624,-13.59457280674885,-4.306211684790052,2.5679680059377485,-3.798488677226553,4.934853360832308,0.300480505540044,0,0,1,2
399001.SZ,2003-12,3479.800049,6.48298658558486,131.9601605323053,166.63024114793348,112.74830061389554,12.52368017722989,9.374687733369155,20.995011982837084,9.037235190035677,3.176162022548179,-9.404549940243411,3.680650417592624,-13.59457280674885,-4.306211684790052,4.382350339141199,0.5936970343747436,0,0,0,2
399001.SZ,2004-01,3716.870117,6.812749717275501,114.1432640321793,127.11111671693864,107.96992640341482,-13.501723875035932,-23.716658008020264,-4.238089784469723,12.52368017722989,6.48298658558486,9.037235190035677,3.176162022548179,-9.404549940243411,3.680650417592624,4.916463498745578,0.2379923132239155,0,0,1,2
399001.SZ,2004-02,3919.919922,5.462924412432457,114.83697246683056,130.29377562424233,103.49829351490942,0.6077524070589702,2.503839939028385,-4.141554076639597,-13.501723875035932,6.812749717275501,12.52368017722989,6.48298658558486,9.037235190035677,3.176162022548179,4.117865902185497,0.2518418276612841,0,0,1,2
399001.SZ,2004-03,4060.139893,3.5771131500170528,137.0413291685043,182.14090384206463,107.18084593742124,19.33554692769983,39.792482771660254,3.558080329103519,0.6077524070589702,5.462924412432457,-13.501723875035932,6.812749717275501,12.52368017722989,6.48298658558486,1.5926476211782588,0.6951398234063075,0,0,1,2
399001.SZ,2004-04,3613.169922,-11.008733264846647,148.72968673706055,203.51488087972004,120.71956570943196,8.529074870679644,11.73485833593364,12.631659746290346,19.33554692769983,3.5771131500170528,0.6077524070589702,5.462924412432457,-13.501723875035932,6.812749717275501,6.742477600591895,0.9284915729438924,0,1,0,2
399001.SZ,2004-05,3577.649902,-0.9830708426892488,121.83138078258884,160.97313985516948,91.7239502937563,-18.08536449217786,-20.9035038817104,-24.01898585807304,8.529074870679644,-11.008733264846647,19.33554692769983,3.5771131500170528,0.6077524070589702,5.462924412432457,6.861598065413274,0.391481414137764,0,1,1,2
399001.SZ,2004-06,3275.850098,-8.435699754503268,136.9921531677246,177.06919593811034,107.51701380411784,12.444061856436273,9.9992185636826,17.21803679386078,-18.08536449217786,-0.9830708426892488,8.529074870679644,-11.008733264846647,19.33554692769983,3.5771131500170528,7.468393425084267,0.6941580510957076,0,1,0,2
399001.SZ,2004-07,3283.370117,0.2295593136142359,130.39895802159464,159.34060545890563,120.38267381729618,-4.812826861738328,-10.012238653526872,11.96616196634508,12.444061856436273,-8.435699754503268,-18.08536449217786,-0.9830708426892488,8.529074870679644,-11.008733264846647,6.561430196396352,0.562528468977937,0,0,1,2
399001.SZ,2004-08,3175.790039,-3.276513891717314,139.9520955239573,177.53836158014113,126.08562567926222,7.326084232038577,11.420664600103292,4.737352711255904,-4.812826861738328,0.2295593136142359,12.444061856436273,-8.435699754503268,-18.08536449217786,-0.9830708426892488,5.493989219315549,0.7532517024753868,0,1,1,2
399001.SZ,2004-09,3453.909912,8.757501899828846,152.970458984375,188.2974100748698,129.69852345784506,9.30201395818986,6.060126047672232,2.8654319309747045,7.326084232038577,-3.276513891717314,-4.812826861738328,0.2295593136142359,12.444061856436273,-8.435699754503268,6.9957646050272055,1.0131563017132652,0,0,0,2
399001.SZ,2004-10,3216.350098,-6.877996822518173,118.0625233804026,147.26095236501385,96.845272556428,-22.82005024743897,-21.793426523253423,-25.33047410681982,9.30201395818986,8.757501899828846,7.326084232038577,-3.276513891717314,-4.812826861738328,0.2295593136142359,6.135770039365368,0.3162382105140346,0,1,1,2
399001.SZ,2004-11,3226.01001,0.3003377028516496,124.46195271809896,154.47430343627929,99.13031984965006,5.420373167086323,4.898346068946902,2.3594825363217,-22.82005024743897,-6.877996822518173,9.30201395818986,8.757501899828846,7.326084232038577,-3.276513891717314,6.190580530628651,0.4439993628602703,0,0,0,2
399001.SZ,2004-12,3067.570068,-4.911328281960293,107.17075778592016,141.9146915558846,79.30897829609532,-13.892755620942731,-8.130550907824963,-19.995236153396423,5.420373167086323,0.3003377028516496,-22.82005024743897,-6.877996822518173,9.30201395818986,8.757501899828846,5.539588561976944,0.0987899897423557,0,1,0,2
399001.SZ,2005-01,3045.47998,-0.7201168191865337,99.38704164566532,126.41269216229838,77.36354717131584,-7.26291042543833,-10.923463401589872,-2.4529771616982887,-13.892755620942731,-4.911328281960293,5.420373167086323,0.3003377028516496,-22.82005024743897,-6.877996822518173,5.512196445440508,-0.0566077013856682,0,1,1,2
399001.SZ,2005-02,3376.320068,10.863315148110075,109.60796138218473,108.7996129989624,105.78578090667725,10.283956104618763,-13.932999022537196,36.73853484564569,-7.26291042543833,-0.7201168191865337,-13.892755620942731,-4.911328281960293,5.420373167086323,0.3003377028516496,7.177557120824373,0.1474474439511143,0,0,0,2
399001.SZ,2005-03,3170.350098,-6.100427857895852,90.47840487572456,87.14632021996283,87.85526915519468,-17.45270714392596,-19.901994301400748,-16.94983162935727,10.283956104618763,10.863315148110075,-7.26291042543833,-0.7201168191865337,-13.892755620942731,-4.911328281960293,6.603371387098291,-0.2344638256586798,0,1,0,2
399001.SZ,2005-04,3156.669922,-0.4315036376780545,86.93658548990885,102.42798690795898,72.97031523386637,-3.9145466707558807,17.535641951862413,-16.942585304740586,-17.45270714392596,-6.100427857895852,10.283956104618763,10.863315148110075,-7.26291042543833,-0.7201168191865337,5.99960620896826,-0.3051743378395897,0,1,1,2
399001.SZ,2005-05,2801.659912,-11.246345635500363,98.79405889203473,105.33132522336898,90.99365062098347,13.63922143399825,2.834516622902017,24.69954436862878,-3.9145466707558807,-0.4315036376780545,-17.45270714392596,-6.100427857895852,10.283956104618763,10.863315148110075,7.487291190705802,-0.0684462819726932,0,1,0,2
399001.SZ,2005-06,2760.22998,-1.4787637793776565,81.75722109476725,95.1893081665039,69.31578687032064,-17.244799928592734,-9.628680770281385,-23.82349054326638,13.63922143399825,-11.246345635500363,-3.9145466707558807,-0.4315036376780545,-17.45270714392596,-6.100427857895852,7.358735548729527,-0.4085775521928494,0,1,1,2
399001.SZ,2005-07,2887.570068,4.613386888870763,164.77051716466104,237.00151295815743,116.65942007495512,93.42482713456964,104.55736914021404,68.30137165319535,-17.244799928592734,-1.4787637793776565,13.63922143399825,-11.246345635500363,-3.9145466707558807,-0.4315036376780545,7.784363500003172,1.2487380936685877,1,0,0,2
399001.SZ,2005-08,2950.429932,2.176912162119016,116.88755367648216,143.2987120843703,94.36514368364888,-29.06039521641346,-39.53679438760814,-19.11056679090457,101.53634744222848,4.613386888870763,-17.244799928592734,-1.4787637793776565,13.63922143399825,-11.246345635500363,5.765196572941821,0.2927805746182023,0,0,0,2
399001.SZ,2005-09,2903.110107,-1.6038281230397966,103.76748135884604,130.99529851277669,78.09897527694702,-11.224524686306191,-8.585850767695435,-17.237475376748023,-29.06039521641346,2.176912162119016,101.53634744222848,4.613386888870763,-17.244799928592734,-1.4787637793776565,5.419604845487718,0.0308454129479047,0,1,0,2
399001.SZ,2005-10,2662.290039,-8.295244035675154,87.41865994853359,105.815919445407,73.7711932274603,-15.755245474037638,-19.221589899208325,-5.541406957184714,-11.224524686306191,-1.6038281230397966,-29.06039521641346,2.176912162119016,101.53634744222848,4.613386888870763,6.07103533047505,-0.295549981494598,0,1,0,2
399001.SZ,2005-11,2676.850098,0.5468998038045791,82.0722770690918,93.67955487569174,70.19666430155436,-6.115837148029257,-11.469318258843575,-4.84542647274867,-15.755245474037638,-8.295244035675154,-11.224524686306191,-1.6038281230397966,-29.06039521641346,2.176912162119016,4.408408793319659,-0.4022876297311443,0,0,1,2
399001.SZ,2005-12,2863.610107,6.976857207638831,95.3541398817493,131.53387844947076,69.47696587347215,16.183129415888263,40.40830854075885,-1.0252601533749406,-6.115837148029257,0.5468998038045791,-15.755245474037638,-8.295244035675154,-11.224524686306191,-1.6038281230397966,5.350375291892686,-0.1371224081614686,0,0,0,2
399001.SZ,2006-01,3242.350098,13.225962224193257,93.70335646598568,99.09636282151745,89.04377758887506,-1.73121315740542,-24.660958842184765,28.163019886385037,16.183129415888263,6.976857207638831,-6.115837148029257,0.5468998038045791,-15.755245474037638,-8.295244035675154,7.372079501023986,-0.1700794079723198,0,0,1,2
399001.SZ,2006-02,3351.639893,3.3706969234264417,96.56065307344709,102.5961035319737,90.61754550252644,3.049300169411317,3.5316540494625848,1.76740919608962,-1.73121315740542,13.225962224193257,16.183129415888263,6.976857207638831,-6.115837148029257,0.5468998038045791,7.388354049360629,-0.1130350235591828,0,0,0,2
399001.SZ,2006-03,3516.399902,4.915802838607641,91.851620704897,96.4645538330078,86.54391436423025,-4.876761101613781,-5.976396264459504,-4.495411032935781,3.049300169411317,3.3706969234264417,-1.73121315740542,13.225962224193257,16.183129415888263,6.976857207638831,7.162981146054752,-0.2070483128844865,0,0,0,2
399001.SZ,2006-04,3848.100098,9.432948619164192,89.32775522867838,92.8047290802002,86.14640655517579,-2.7477636832640484,-3.793958098995864,-0.4593134155932654,-4.876761101613781,4.915802838607641,3.049300169411317,3.3706969234264417,-1.73121315740542,13.225962224193257,4.511381268327126,-0.2574359247468661,0,0,0,2
399001.SZ,2006-05,4292.100098,11.538161396341096,84.38873118738974,80.68312811082409,83.90371753323463,-5.529103500524313,-13.06140440203304,-2.603345991576267,-2.7477636832640484,9.432948619164192,-4.876761101613781,4.915802838607641,3.049300169411317,3.3706969234264417,3.834492761235264,-0.3560408736700071,0,0,1,2
399001.SZ,2006-06,4301.660156,0.2227361380610526,102.32296142578124,114.45484237670898,90.22701250712076,21.25192544792216,41.85721978887212,7.536370449118013,-5.529103500524313,11.538161396341096,-2.7477636832640484,9.432948619164192,-4.876761101613781,4.915802838607641,5.072290061604999,0.0020063522291096,0,0,1,2
399001.SZ,2006-07,3946.899902,-8.247054419331024,137.44066902898973,144.6709271092569,133.83614447809035,34.3204566344385,26.40000554375559,48.33267860611912,21.25192544792216,0.2227361380610526,-5.529103500524313,11.538161396341096,-2.7477636832640484,9.432948619164192,7.078952041733506,0.7031124281591824,0,1,1,2
399001.SZ,2006-08,4178.839844,5.876509355671011,147.491208968624,160.77977629630797,141.31128421906502,7.312638981344266,11.134821286439632,5.585292201986869,34.3204566344385,-8.247054419331024,21.25192544792216,0.2227361380610526,-5.529103500524313,11.538161396341096,7.140693382433303,0.9037660328213402,0,0,0,2
399001.SZ,2006-09,4326.779785,3.540215622582732,113.61922556559244,117.84904912312824,111.18667894999186,-22.965425288660548,-26.70157165417424,-21.317904961059643,7.312638981344266,5.876509355671011,34.3204566344385,-8.247054419331024,21.25192544792216,0.2227361380610526,7.125801217347909,0.2275301681119277,0,0,0,2
399001.SZ,2006-10,4621.97998,6.822630447322386,112.73245288479713,100.46679675194524,124.12324234747118,-0.7804776668569935,-14.749590684454382,11.634993975580254,-22.965425288660548,3.540215622582732,7.312638981344266,5.876509355671011,34.3204566344385,-8.247054419331024,6.779026272879928,0.2098262302154349,0,0,0,2
399001.SZ,2006-11,5667.0,15.37892042657657,87.80542017618815,84.66829687754313,86.73696505228678,-22.11167420803153,-15.7250956387203,-30.12028737577213,-0.7804776668569935,6.822630447322386,-22.965425288660548,3.540215622582732,7.312638981344266,5.876509355671011,10.144153738239984,-0.2878285223207669,0,0,1,2
399001.SZ,2006-12,6647.140137,15.37892042657657,91.50775527954102,79.05746866041615,96.69359145625944,4.216522278378543,-6.626834865052256,11.479103975992969,-22.11167420803153,22.60979113977035,-0.7804776668569935,6.822630447322386,-22.965425288660548,3.540215622582732,10.859132559092432,-0.2139134004848321,0,0,1,2
399001.SZ,2007-01,7632.939941,14.830435099641392,97.40868709933372,96.73051378803868,95.33105973274478,6.448559252455,22.35468125539841,-1.4091230897458562,4.216522278378543,17.295573266278463,-22.11167420803153,22.60979113977035,-0.7804776668569935,6.822630447322386,7.540786706095162,-0.0961044819970039,0,0,0,2
399001.SZ,2007-02,8039.700195,5.329011588511334,95.05105536324638,89.62849848611015,97.72646740504672,-2.420350593251641,-7.342063040718328,2.5127253164051178,6.448559252455,14.830435099641392,4.216522278378543,17.295573266278463,-22.11167420803153,22.60979113977035,7.6300101837331695,-0.1431733269698287,0,0,0,2
399001.SZ,2007-03,8549.200195,6.337300989368533,86.13590178951141,82.20472852645382,85.6678963938067,-9.379331496809671,-8.282823080882917,-12.339104575693804,-2.420350593251641,5.329011588511334,6.448559252455,14.830435099641392,4.216522278378543,17.295573266278463,7.095710394499963,-0.3211595557128524,0,0,0,2
399001.SZ,2007-04,10865.87988,15.37892042657657,75.71304588317871,82.1852602005005,68.55693855285645,-12.100478069879417,-0.023682732492769,-19.97359403141277,-9.379331496809671,6.337300989368533,-2.420350593251641,5.329011588511334,6.448559252455,14.830435099641392,8.672971798960166,-0.5292462476757941,0,0,1,2
399001.SZ,2007-05,12944.23047,15.37892042657657,91.82276621172504,103.15781870195944,82.37121458976499,21.277337532296347,25.518637344815765,20.15007718913517,-12.100478069879417,27.0982037168215,-9.379331496809671,6.337300989368533,-2.420350593251641,5.329011588511334,8.213037836485615,-0.2076243772651489,0,0,1,2
399001.SZ,2007-06,12546.4502,-3.073031424478345,98.5847110748291,110.01365140279134,88.00655695597331,7.364126721593589,6.645965169775048,6.841397682763484,21.277337532296347,19.127310562538625,-12.100478069879417,27.0982037168215,-9.379331496809671,6.337300989368533,10.859182082112527,-0.0726257981382684,0,1,1,2
399001.SZ,2007-07,15199.55957,15.37892042657657,113.9830302576865,129.01673864549207,104.86104534518334,15.619378517191729,17.2733901660304,19.151400727609147,7.364126721593589,-3.073031424478345,21.277337532296347,19.127310562538625,-12.100478069879417,27.0982037168215,11.520010611822531,0.2347933324095797,0,0,0,2
399001.SZ,2007-08,17872.10938,15.37892042657657,83.12109104279548,100.07418700187436,73.35449858634702,-27.075906953096485,-22.433175685168337,-30.045997210043584,15.619378517191729,21.146294989478378,7.364126721593589,-3.073031424478345,21.277337532296347,19.127310562538625,11.036291847717177,-0.3813486248908387,0,0,1,2
399001.SZ,2007-09,18864.55078,5.553017715472364,92.71907399495444,90.46699282328288,93.58469161987304,11.546988654440726,-9.600072172868655,27.578667189324,-27.075906953096485,17.583074020611257,15.619378517191729,21.146294989478378,7.364126721593589,-3.073031424478345,11.15915524840304,-0.1897300761955621,0,0,1,2
399001.SZ,2007-10,19531.15039,3.5336097730284566,100.96206135903635,95.91243030178931,103.749514179845,8.890282235271773,6.019253330486496,10.861629593502276,11.546988654440726,5.553017715472364,-27.075906953096485,17.583074020611257,15.619378517191729,21.146294989478378,9.95035879501238,-0.0251632829962064,0,0,0,2
399001.SZ,2007-11,15637.66016,-16.199297081301566,89.11012655893961,80.4546085993449,95.28441146214804,-11.738998432242251,-16.116598916121973,-8.159173355764459,8.890282235271773,3.5336097730284566,11.546988654440726,5.553017715472364,-27.075906953096485,17.583074020611257,14.858781377163766,-0.2617807636633019,0,1,1,2
399001.SZ,2007-12,17700.61914,13.192248449527622,94.64804052537488,85.06247354322865,97.48771335232642,6.2146853340762975,5.727285265696103,2.3123424454939867,-11.738998432242251,-19.934771645573303,8.890282235271773,3.5336097730284566,11.546988654440726,5.553017715472364,14.76422382494566,-0.1512193006624815,0,0,0,2
399001.SZ,2008-01,15857.70996,-10.411552078624064,80.78886364352319,81.53163952981272,76.77330804640248,-14.642856634877798,-4.150871549275559,-21.24822153850388,6.2146853340762975,13.192248449527622,-11.738998432242251,-19.934771645573303,8.890282235271773,3.5336097730284566,14.263426388865126,-0.4279102859922885,0,1,1,2
399001.SZ,2008-02,15823.87988,-0.2133352172875802,81.6396739565093,88.45064189516265,72.8041961275298,1.0531282092792749,8.48627895287195,-5.169911288013928,-14.642856634877798,-10.411552078624064,6.2146853340762975,13.192248449527622,-11.738998432242251,-19.934771645573303,11.931222157857285,-0.4109243173567951,0,1,0,2
399001.SZ,2008-03,13302.13965,-15.936295327843464,78.19353657384073,84.13256103761735,72.61432629246866,-4.221155249228914,-4.881910142227531,-0.2607951809928011,1.0531282092792749,-0.2133352172875802,-14.642856634877798,-10.411552078624064,6.2146853340762975,13.192248449527622,12.638185038588407,-0.479724589993553,0,1,0,2
399001.SZ,2008-04,13504.88965,1.5241908845844865,71.86557184855143,70.36499150594075,69.58370641072591,-8.092695384500992,-16.364139355654284,-4.173583969554883,-4.221155249228914,-15.936295327843464,1.0531282092792749,-0.2133352172875802,-14.642856634877798,-10.411552078624064,12.392273453180492,-0.6060589899293325,0,0,1,2
399001.SZ,2008-05,12048.24023,-10.786089022208332,73.08874597857076,75.19145030360067,71.38500275150422,1.7020307479039154,6.85917626701118,2.588675472596913,-8.092695384500992,1.5241908845844865,-4.221155249228914,-15.936295327843464,1.0531282092792749,-0.2133352172875802,10.67474248486532,-0.5816389786869506,0,1,1,2
399001.SZ,2008-06,9370.780273,-16.199297081301566,86.7860169728597,80.27725048065186,87.26098276774088,18.740602004999385,6.763801145630577,22.23993752791742,1.7020307479039154,-10.786089022208332,-8.092695384500992,1.5241908845844865,-4.221155249228914,-15.936295327843464,9.09256687034526,-0.3081803570063219,0,1,1,2
399001.SZ,2008-07,9470.330078,1.0623427516151862,89.47498493809854,87.2099857945596,84.52966382426601,3.0983884950956497,8.635989987697258,-3.130057508915207,18.740602004999385,-22.22283010537215,1.7020307479039154,-10.786089022208332,-8.092695384500992,1.5241908845844865,10.061456475104638,-0.2544965630721747,0,0,0,2
399001.SZ,2008-08,8004.240234,-15.48087375967806,88.47457368912235,105.41860654277188,75.39880838701802,-1.1180904357439236,20.879054826480868,-10.801954040927797,3.0983884950956497,1.0623427516151862,18.740602004999385,-22.22283010537215,1.7020307479039154,-10.786089022208332,9.69446749764997,-0.2744692336408515,0,1,1,2
399001.SZ,2008-09,7559.27002,-5.5591811463863605,89.21801058451335,95.21897468566894,82.42706019083658,0.8402831055205118,-9.675362055715087,9.321436179392803,-1.1180904357439236,-15.48087375967806,3.0983884950956497,1.0623427516151862,18.740602004999385,-22.22283010537215,9.410743254739485,-0.2596269173279952,0,1,0,2
399001.SZ,2008-10,5839.330078,-16.199297081301566,64.97080649099043,76.1353960960142,53.63574997071297,-27.17747676132537,-20.041781223387755,-34.929439620272106,0.8402831055205118,-5.5591811463863605,-1.1180904357439236,-15.48087375967806,3.0983884950956497,1.0623427516151862,9.418024205757622,-0.7437092585321883,0,1,1,2
399001.SZ,2008-11,6658.509766,14.028658716970032,79.13092206319173,96.24985440572102,67.7355552037557,21.79458180831557,26.41932575531689,26.28807323611904,-27.17747676132537,-22.75272529555704,0.8402831055205118,-5.5591811463863605,-1.1180904357439236,-15.48087375967806,14.4762921607046,-0.4610101946947942,0,0,1,2
399001.SZ,2008-12,6485.509766,-2.5981789631575047,94.08670757662864,107.55399310204292,87.6594942154423,18.90005212057766,11.744577450134797,29.414299405612443,21.79458180831557,14.028658716970032,-27.17747676132537,-22.75272529555704,0.8402831055205118,-5.5591811463863605,12.881378822959732,-0.1624260099794005,0,1,0,2
399001.SZ,2009-01,7015.240234,8.167907953467113,86.23219754618984,91.03520405677055,87.53845571702526,-8.348161215059768,-15.358601358110413,-0.1380780250905378,18.90005212057766,-2.5981789631575047,21.79458180831557,14.028658716970032,-27.17747676132537,-22.75272529555704,13.863300742509017,-0.3192370629107492,0,0,0,2
399001.SZ,2009-02,7608.220215,8.452739481765281,67.12189470018659,63.14009993416922,65.29873490333557,-22.16144710421756,-30.64210643742353,-25.40565815506419,-8.348161215059768,8.167907953467113,18.90005212057766,-2.5981789631575047,21.79458180831557,14.028658716970032,13.3438899388073,-0.7007639435825536,0,0,1,2
399001.SZ,2009-03,8981.950195,15.37892042657657,72.05849173761183,73.33846209126133,69.22285332218293,7.35467474432232,16.151957579612763,6.0094861327044,-22.16144710421756,8.452739481765281,-8.348161215059768,8.167907953467113,18.90005212057766,-2.5981789631575047,14.795367293191203,-0.6022074484814606,0,0,1,2
399001.SZ,2009-04,9502.519531,5.79572726076556,85.95789963404337,83.50890401204427,85.18863232930501,19.28906303929281,13.86781455565156,23.06431798298285,7.35467474432232,18.055865119303704,-22.16144710421756,8.452739481765281,-8.348161215059768,8.167907953467113,7.104083252806601,-0.3247132726620728,0,0,1,2
399001.SZ,2009-05,10127.91992,6.581416507061744,91.18033575242563,93.24943800895444,89.41171313870338,6.075574369099579,11.664066379682492,4.957329040186531,19.28906303929281,5.79572726076556,7.35467474432232,18.055865119303704,-22.16144710421756,8.452739481765281,6.6098750980955,-0.2204501546042201,0,0,0,2
399001.SZ,2009-06,11566.61035,14.205191602660316,81.25230356852214,73.67756567001342,81.75211544036866,-10.88834791183514,-20.988729537503048,-8.566660261226033,6.075574369099579,6.581416507061744,19.28906303929281,5.79572726076556,7.35467474432232,18.055865119303704,4.846229083072588,-0.4186579580523049,0,0,0,2
399001.SZ,2009-07,13670.71973,15.37892042657657,81.08385159892421,76.3114563111336,80.97563048331968,-0.2073196231979657,3.5748882542032234,-0.9498041156076996,-10.88834791183514,14.205191602660316,6.075574369099579,6.581416507061744,19.28906303929281,5.79572726076556,5.66072434985144,-0.4220210106957725,0,0,0,2
399001.SZ,2009-08,10585.08984,-16.199297081301566,73.76000755063949,78.4546751206921,65.25164118120748,-9.03243235719934,2.808515147214941,-19.41817458939232,-0.2073196231979657,18.191235948395203,-10.88834791183514,14.205191602660316,6.075574369099579,6.581416507061744,15.32944714786258,-0.5682376037443344,0,1,1,2
399001.SZ,2009-09,11206.84961,5.8739205750567125,91.13029925028484,75.68046391805014,96.45980974833172,23.54974230136824,-3.536068689818938,47.82740786619817,-9.03243235719934,-22.57108587508143,-0.2073196231979657,18.191235948395203,-10.88834791183514,14.205191602660316,14.298182608514711,-0.2214491063600006,0,0,0,2
399001.SZ,2009-10,12297.16016,9.7289656588869,90.38770306494928,89.20428694448164,89.28504986916819,-0.8148729801666255,17.869635473000866,-7.4380821379212865,23.54974230136824,5.8739205750567125,-9.03243235719934,-22.57108587508143,-0.2073196231979657,18.191235948395203,14.44896988980068,-0.2362746383504112,0,0,0,2
399001.SZ,2009-11,13486.76953,9.673854406398164,81.02965710957845,82.64781697591145,73.95016460418701,-10.353229076577463,-7.349949417398238,-17.175199305428855,-0.8148729801666255,9.7289656588869,23.54974230136824,5.8739205750567125,-9.03243235719934,-22.57108587508143,14.55707568397769,-0.4231029744216385,0,0,1,2
399001.SZ,2009-12,13699.96973,1.5808099895661345,95.82213678667624,100.3492317199707,92.03632293208952,18.25563652218536,21.41788542245284,24.457225247174776,-10.353229076577463,9.673854406398164,-0.8148729801666255,9.7289656588869,23.54974230136824,5.8739205750567125,14.010034116825416,-0.1277791025770587,0,0,0,2
399001.SZ,2010-01,12137.2002,-11.407102065180997,93.6784295112856,102.653564453125,87.86365244465489,-2.237173316394569,2.296313278794848,-4.53372142052385,18.25563652218536,1.5808099895661345,-10.353229076577463,9.673854406398164,-0.8148729801666255,9.7289656588869,13.08711924630218,-0.170577061167458,0,1,0,2
399001.SZ,2010-02,12436.66016,2.467290273419076,81.47286292484829,81.01815795898438,80.05752774647304,-13.029217772023904,-21.07613759872904,-8.88436171384852,-2.237173316394569,-11.407102065180997,18.25563652218536,1.5808099895661345,-10.353229076577463,9.673854406398164,7.847803170143949,-0.4142546095601225,0,0,0,2
399001.SZ,2010-03,12494.34961,0.4638660963459218,72.72510971561555,67.32707777330953,73.52030064982753,-10.73701462694614,-16.898779891547267,-8.165661969162553,-13.029217772023904,2.467290273419076,-2.237173316394569,-11.407102065180997,18.25563652218536,1.5808099895661345,7.759976391622111,-0.5888987803877629,0,0,1,2
399001.SZ,2010-04,11162.54004,-10.659294893862024,88.62468554178874,79.6067726135254,92.83870468139648,21.86256698456273,18.238865024799743,26.2762854080008,-10.73701462694614,0.4638660963459218,-13.029217772023904,2.467290273419076,-2.237173316394569,-11.407102065180997,8.19484078329711,-0.2714723315320161,0,1,0,2
399001.SZ,2010-05,10204.16992,-8.585591778983659,87.13836805282101,83.16650359861312,86.94786573225453,-1.6770919748616664,4.471643389400404,-6.345240349225156,21.86256698456273,-10.659294893862024,-10.73701462694614,0.4638660963459218,-13.029217772023904,2.467290273419076,6.517255909769035,-0.3011458578922958,0,1,1,2
399001.SZ,2010-06,9386.94043,-8.008779708756553,96.34650853474936,69.67944971720378,111.88416697184245,10.567262949366471,-16.216930251753723,28.67960131002669,-1.6770919748616664,-8.585591778983659,21.86256698456273,-10.659294893862024,-10.73701462694614,0.4638660963459218,5.91828770785591,-0.1173103036801013,0,1,0,2
399001.SZ,2010-07,10785.34961,14.897390586721748,79.39271330064342,81.76249122619629,76.34224307152533,-17.59668875597209,17.340896861315503,-31.766714506854075,10.567262949366471,-8.008779708756553,-1.6770919748616664,-8.585591778983659,21.86256698456273,-10.659294893862024,9.642644515194997,-0.4557836739527096,0,0,1,2
399001.SZ,2010-08,11338.70996,5.130666784198956,81.61330942953786,84.75737048733619,74.11711311340332,2.79697724964445,3.662901186382084,-2.9146772070048788,-17.59668875597209,14.897390586721748,10.567262949366471,-8.008779708756553,-1.6770919748616664,-8.585591778983659,9.922947862528504,-0.4114506709063362,0,0,0,2
399001.SZ,2010-09,11468.54004,1.1450163242380018,71.82437750498454,70.37432320912679,69.72902139027913,-11.994283766920088,-16.969671422685785,-5.920483865055792,2.79697724964445,5.130666784198956,-17.59668875597209,14.897390586721748,10.567262949366471,-8.008779708756553,9.94865105103786,-0.6068814127621388,0,0,0,2
399001.SZ,2010-10,13367.24023,15.37892042657657,65.55662228984218,74.25972569373346,63.16021014798072,-8.726501270000398,5.521051297446489,-9.4204839123329,-11.994283766920088,1.1450163242380018,2.79697724964445,5.130666784198956,-17.59668875597209,14.897390586721748,10.835756285715174,-0.7320137623286357,0,0,1,2
399001.SZ,2010-11,12336.29004,-7.712513370458063,95.60385462443034,80.85895284016927,102.02185897827148,45.83401536726808,8.886683979486731,61.52868829796508,-8.726501270000398,16.555727087996463,-11.994283766920088,1.1450163242380018,2.79697724964445,5.130666784198956,10.644818759332674,-0.1321369881186469,1,1,1,2
399001.SZ,2010-12,12458.54981,0.9910578431892914,97.89414264309792,94.39043466506466,98.9651261606524,2.3956021728043453,16.73467358851721,-2.9961547929352017,45.83401536726808,-7.712513370458063,-8.726501270000398,16.555727087996463,-11.994283766920088,1.1450163242380018,9.207406054264911,-0.0864126241122966,0,0,0,2
399001.SZ,2011-01,11994.67969,-3.723307504278461,78.83949353618007,77.48969244187877,77.08557048920662,-19.46454465246935,-17.9051429132163,-22.108349193561573,2.3956021728043453,0.9910578431892914,45.83401536726808,-7.712513370458063,-8.726501270000398,16.555727087996463,8.372376910894152,-0.4668284079248787,0,1,1,2
399001.SZ,2011-02,12902.44043,7.568028188004083,88.93610232216972,84.70568302699498,89.67357962472099,12.806536842294957,9.312194122500305,16.329916293837265,-19.46454465246935,-3.723307504278461,2.3956021728043453,0.9910578431892914,45.83401536726808,-7.712513370458063,8.606754142549145,-0.2652550636129752,0,0,1,2
399001.SZ,2011-03,12562.90039,-2.6315954864672086,136.0791222356981,156.13775290212322,126.68266185637444,53.00774228080458,84.32972537670638,41.27088757528632,12.806536842294957,7.568028188004083,-19.46454465246935,-3.723307504278461,2.3956021728043453,0.9910578431892914,8.857535691064824,0.6759298813874604,1,1,0,2
399001.SZ,2011-04,12312.99023,-1.9892712052300252,90.6722047805786,111.14294446309408,73.5580285390218,-33.36802641662523,-28.8173792710048,-41.93520450145128,53.00774228080458,-2.6315954864672086,12.806536842294957,7.568028188004083,-19.46454465246935,-3.723307504278461,5.159779404186983,-0.2305947151705158,0,1,1,2
399001.SZ,2011-05,11665.13965,-5.26152110818332,104.47366776004914,120.63443325411887,96.0221432101342,15.221272067740331,8.53989323107822,30.539310415579468,-33.36802641662523,-1.9892712052300252,53.00774228080458,-2.6315954864672086,12.806536842294957,7.568028188004083,4.613927899731446,0.0449440432519357,0,1,0,2
399001.SZ,2011-06,12110.92969,3.821557678480092,84.53678283691406,97.33198216756185,72.88245728810628,-19.08316741489856,-19.316583547476828,-24.098281030229863,15.221272067740331,-5.26152110818332,-33.36802641662523,-1.9892712052300252,53.00774228080458,-2.6315954864672086,4.969707196875408,-0.3530851024048154,0,0,0,2
399001.SZ,2011-07,11990.42969,-0.9949690328026284,78.2851328695974,99.24549016644876,60.41787485922536,-7.395183206081024,1.9659601667134647,-17.102308144754364,-19.08316741489856,3.821557678480092,15.221272067740331,-5.26152110818332,-33.36802641662523,-1.9892712052300252,4.719993357219404,-0.4778959193920065,0,1,1,2
399001.SZ,2011-08,11397.48047,-4.945187414713914,86.39183038280856,111.57653574789724,62.886020106654016,10.35534745366633,12.424791857813933,4.085124233812376,-7.395183206081024,-0.9949690328026284,-19.08316741489856,3.821557678480092,15.221272067740331,-5.26152110818332,3.304884194617237,-0.3160500794966862,0,1,0,2
399001.SZ,2011-09,10292.33008,-9.696444691516993,83.14460322062175,93.88602275848388,70.98976675669353,-3.758720179672215,-15.85504772202676,12.886404062931067,10.35534745366633,-4.945187414713914,-7.395183206081024,-0.9949690328026284,-19.08316741489856,3.821557678480092,4.585338374172984,-0.3808792169522968,0,1,0,2
399001.SZ,2011-10,10480.91016,1.8322389442838367,75.16556069158739,90.5741471321352,63.65037210526005,-9.59658500968753,-3.527549180423029,-10.338665679221236,-3.758720179672215,-9.696444691516993,10.35534745366633,-4.945187414713914,-7.395183206081024,-0.9949690328026284,5.0275105433716005,-0.5401764939960677,0,0,1,2
399001.SZ,2011-11,9693.389648,-7.513856143959153,83.25008093516031,70.99307772318522,95.16603965759278,10.75561755834511,-21.6188283621196,49.51372083137953,-9.59658500968753,1.8322389442838367,-3.758720179672215,-9.696444691516993,10.35534745366633,-4.945187414713914,5.345336834032875,-0.3787734113178923,0,1,1,2
399001.SZ,2011-12,8918.820313,-7.990696372757633,84.81960911904612,77.63644483012538,86.84766141829952,1.885317306908374,9.357767433106437,-8.740910380659695,10.75561755834511,-7.513856143959153,-9.59658500968753,1.8322389442838367,-3.758720179672215,-9.696444691516993,4.471319646231039,-0.347438628350302,0,1,0,2
399001.SZ,2012-01,9303.650391,4.314809184338797,77.90155767625377,61.71806113950668,91.26849322165212,-8.156193496580155,-20.503751460347488,5.090329124764548,1.885317306908374,-7.990696372757633,10.75561755834511,-7.513856143959153,-9.59658500968753,1.8322389442838367,5.7405011395058265,-0.4855537910750859,0,0,1,2
399001.SZ,2012-02,10054.83984,8.074136682163747,91.4857845964103,77.98118065143454,103.34518873280491,17.437683308734808,26.350664962022897,13.232053126837195,-8.156193496580155,4.314809184338797,1.885317306908374,-7.990696372757633,10.75561755834511,-7.513856143959153,7.5020523852783985,-0.2143520333138689,0,0,0,2
399001.SZ,2012-03,9410.259766,-6.410644866124504,88.0797755333685,86.14695296748992,86.66009946023264,-3.722992679209569,10.47146535592387,-16.145008274851524,17.437683308734808,8.074136682163747,-8.156193496580155,4.314809184338797,1.885317306908374,-7.990696372757633,6.90949616646434,-0.2823511657103503,0,1,1,2
399001.SZ,2012-04,10180.38965,8.183938628161357,98.3707051595052,88.1813424428304,104.64068247477212,11.683646516830692,2.361533873529132,20.748398774675515,-3.722992679209569,-6.410644866124504,17.437683308734808,8.074136682163747,-8.156193496580155,4.314809184338797,7.897992688702831,-0.0768983107183564,0,0,0,2
399001.SZ,2012-05,10141.41016,-0.382887996826331,77.68080416033345,69.08255398658014,79.93533497471964,-21.032583801878506,-21.65853674617435,-23.60969645434864,11.683646516830692,8.183938628161357,-3.722992679209569,-6.410644866124504,17.437683308734808,8.074136682163747,7.075246388884845,-0.4899610158587595,0,1,0,2
399001.SZ,2012-06,9500.320313,-6.321505953172091,77.59097859064738,81.92765919367473,70.51085557937623,-0.115634191299907,18.59384817994694,-11.790129356840753,-21.032583801878506,-0.382887996826331,11.683646516830692,8.183938628161357,-3.722992679209569,-6.410644866124504,6.674138309952506,-0.4917543348701357,0,1,1,2
399001.SZ,2012-07,9059.219727,-4.64300751414044,81.20776933239353,89.00009404459307,77.46019707956621,4.661354718603983,8.632536216126097,9.8557044062058,-0.115634191299907,-6.321505953172091,-21.032583801878506,-0.382887996826331,11.683646516830692,8.183938628161357,6.849167485639428,-0.4195470600372483,0,1,0,2
399001.SZ,2012-08,8210.990234,-9.363162817123694,74.8681123795048,78.25724669425718,70.49690803404778,-7.806712344159738,-12.070602245603512,-8.989505976038025,4.661354718603983,-4.64300751414044,-0.115634191299907,-6.321505953172091,-21.032583801878506,-0.382887996826331,6.287090912864665,-0.5461148889856426,0,1,0,2
399001.SZ,2012-09,8679.219727,5.702472901029143,68.97198734283447,65.10240313212077,68.31967938741049,-7.87534886252107,-16.80974493458861,-3.0884030340532886,-7.806712344159738,-9.363162817123694,4.661354718603983,-4.64300751414044,-0.115634191299907,-6.321505953172091,6.943600160958542,-0.6638278426431106,0,0,1,2
399001.SZ,2012-10,8469.799805,-2.4128888147458616,81.94055532640026,86.90206847652313,75.07558896464687,18.8026595770016,33.48519301224788,9.888672836016443,-7.87534886252107,5.702472901029143,-7.806712344159738,-9.363162817123694,4.661354718603983,-4.64300751414044,5.236274411782173,-0.404917383221224,0,1,0,2
399001.SZ,2012-11,7903.25,-6.689057805894628,79.75129572550456,87.46022033691406,73.34758491516114,-2.6717656381202715,0.6422768412488677,-2.301685638855866,18.8026595770016,-2.4128888147458616,-7.87534886252107,5.702472901029143,-7.806712344159738,-9.363162817123694,5.26197473001263,-0.4486247694014081,0,1,0,2
399001.SZ,2012-12,9116.480469,15.351032410717114,74.97084549934634,85.26028196273312,64.21883093926215,-5.994197564654025,-2.515358829084069,-12.44588214657365,-2.6717656381202715,-6.689057805894628,18.8026595770016,-2.4128888147458616,-7.87534886252107,5.702472901029143,9.244032510138323,-0.5440638777028454,0,0,1,2
399001.SZ,2013-01,9667.669922,6.04607726495201,90.2403597062634,109.75873522604664,83.89209476594002,20.367269576878645,28.73372301773727,30.63472744510833,-5.994197564654025,15.351032410717114,-2.6717656381202715,-6.689057805894628,18.8026595770016,-2.4128888147458616,9.279397615442065,-0.2392162689713456,0,0,0,2
399001.SZ,2013-02,9641.44043,-0.2713114143492845,82.87265164511544,87.37166687420437,78.62591293879917,-8.164537558505069,-20.3966165478642,-6.277327848152503,20.367269576878645,6.04607726495201,-5.994197564654025,15.351032410717114,-2.6717656381202715,-6.689057805894628,7.784550724468485,-0.3863085833591407,0,1,0,2
399001.SZ,2013-03,8889.769531,-7.796251031755852,74.79130831072408,70.25588681620937,79.46081779849145,-9.751520162523589,-19.589622895300696,1.0618698447955044,-8.164537558505069,-0.2713114143492845,20.367269576878645,6.04607726495201,-5.994197564654025,15.351032410717114,8.725263839531705,-0.5476482407603864,0,1,1,2
399001.SZ,2013-04,8691.389648,-2.2315525988409246,93.84421526590982,83.1100798924764,99.8020144144694,25.47476088535521,18.296250547507608,25.599027520157392,-9.751520162523589,-7.796251031755852,-8.164537558505069,-0.2713114143492845,20.367269576878645,6.04607726495201,8.712610635320194,-0.1672672380667305,0,1,0,2
399001.SZ,2013-05,9257.950195,6.518641666587488,83.38529759068643,96.31220405332505,76.66901059304514,-11.144978564302331,15.885105847484285,-23.178894691799336,25.47476088535521,-2.2315525988409246,-9.751520162523589,-7.796251031755852,-8.164537558505069,-0.2713114143492845,8.109409228493094,-0.3760738837796071,0,0,0,2
399001.SZ,2013-06,7694.470215,-16.199297081301566,82.57989651362101,85.31224797566732,78.08507897059123,-0.965878998260461,-11.421144584716792,1.8469892419278768,-11.144978564302331,6.518641666587488,25.47476088535521,-2.2315525988409246,-9.751520162523589,-7.796251031755852,8.882011921509081,-0.3921532815316291,0,1,0,2
399001.SZ,2013-07,7765.399902,0.921826779727164,77.08005560598066,75.28471995938209,75.0804361527966,-6.660023976577866,-11.753913716053145,-3.847909046651865,-0.965878998260461,-16.887971387493504,-11.144978564302331,6.518641666587488,25.47476088535521,-2.2315525988409246,8.116561399518528,-0.5019546364652614,0,0,1,2
399001.SZ,2013-08,8202.480469,5.6285648197902605,88.84743185966245,104.4280973249866,78.84740774093136,15.266434567502763,38.71087968624718,5.017247875956099,-6.660023976577866,0.921826779727164,-0.965878998260461,-16.887971387493504,-11.144978564302331,6.518641666587488,8.877305382435498,-0.2670253215330478,0,0,1,2
399001.SZ,2013-09,8514.570313,3.8048227628154185,98.07846705118816,97.374010403951,98.14722569783528,10.38976028717007,-6.754970263494176,24.47742863064981,15.266434567502763,5.6285648197902605,-6.660023976577866,0.921826779727164,-0.965878998260461,-16.887971387493504,8.704513455289487,-0.0827326868021949,0,0,0,2
399001.SZ,2013-10,8444.410156,-0.8240011465156405,73.56673326799947,80.33374651016727,65.35439909658125,-24.99196257869301,-17.499807005065403,-33.411873201809016,10.38976028717007,3.8048227628154185,15.266434567502763,5.6285648197902605,-6.660023976577866,0.921826779727164,8.663317542809871,-0.5720962204687234,0,1,1,2
399001.SZ,2013-11,8542.610352,1.1629017798268082,76.75024941762288,52.19944121042887,91.32140051523844,4.327385501849101,-35.02177667784688,39.73259914804351,-24.99196257869301,-0.8240011465156405,10.38976028717007,3.8048227628154185,15.266434567502763,5.6285648197902605,8.097507056563538,-0.508539038988046,0,0,0,2
399001.SZ,2013-12,8121.790039,-4.9261325948394274,70.2421502144106,68.61865160542149,68.88867827384702,-8.47958052592066,31.45476276039567,-24.564584111528333,4.327385501849101,1.1629017798268082,-24.99196257869301,-0.8240011465156405,10.38976028717007,3.8048227628154185,3.681313535965991,-0.6384697265398416,0,1,1,2
399001.SZ,2014-01,7572.629883,-6.7615655337430525,78.61989428920131,86.78251980197045,68.41249278283888,11.926947066993351,26.4707448654002,-0.6912391164121345,-8.47958052592066,-4.9261325948394274,4.327385501849101,1.1629017798268082,-24.99196257869301,-0.8240011465156405,4.848975594482906,-0.4712125883522027,0,1,0,2
399001.SZ,2014-02,7365.930176,-2.729563047363848,70.26414687292916,61.49816117967878,73.86041593551636,-10.628031863710918,-29.135312825656825,7.963345481315476,11.926947066993351,-6.7615655337430525,-8.47958052592066,-4.9261325948394274,4.327385501849101,1.1629017798268082,3.907764838926903,-0.6380305751262079,0,1,1,2
399001.SZ,2014-03,7189.580078,-2.394132089041401,119.53876396917528,75.00083989481772,150.81426780454575,70.12768145517792,21.956231627297345,104.18821894560378,-10.628031863710918,-2.729563047363848,11.926947066993351,-6.7615655337430525,-8.47958052592066,-4.9261325948394274,2.8275578350901074,0.3457105570013821,1,1,0,2
399001.SZ,2014-04,7312.859863,1.714700770594857,92.7823445002238,61.30099623998006,112.3606637954712,-22.3830484610423,-18.26625365002648,-25.49732500038402,70.12768145517792,-2.394132089041401,-10.628031863710918,-2.729563047363848,11.926947066993351,-6.7615655337430525,3.3197003589983427,-0.1884669147109705,0,0,0,2
399001.SZ,2014-05,7364.830078,0.7106688214134627,83.18502376925561,75.96359517497402,92.24833537686256,-10.343908404842097,23.91902225796312,-17.89979494533681,-22.3830484610423,1.714700770594857,70.12768145517792,-2.394132089041401,-10.628031863710918,-2.729563047363848,3.228629319639344,-0.3800722425176376,0,0,1,2
399001.SZ,2014-06,7343.279785,-0.2926108650405212,98.1738182067871,105.45366484324136,96.13338797887168,18.01862133153733,38.82131908098889,4.211515130476329,-10.343908404842097,0.7106688214134627,-22.3830484610423,1.714700770594857,70.12768145517792,-2.394132089041401,3.052216867214334,-0.0808290524507526,0,1,1,2
399001.SZ,2014-07,7956.910156,8.356352869101524,136.12800659671908,115.96761592741936,161.79567853866084,38.660193810520525,9.970209285573103,68.30331473828896,18.01862133153733,-0.2926108650405212,-10.343908404842097,0.7106688214134627,-22.3830484610423,1.714700770594857,4.043363382698332,0.6769058312677037,0,0,0,2
399001.SZ,2014-08,7841.700195,-1.447923361471215,132.44592408211,107.58255644767516,154.0424594263877,-2.7048677246242936,-7.230518117223495,-4.791981579669047,38.660193810520525,8.356352869101524,18.01862133153733,-0.2926108650405212,-10.343908404842097,0.7106688214134627,3.842498178298337,0.6033950414337895,0,1,0,2
399001.SZ,2014-09,8080.350098,3.043343880350924,130.56609942118328,121.00510635375976,142.43847586313885,-1.419314844118058,12.476511387431977,-7.53297734044166,-2.7048677246242936,-1.447923361471215,38.660193810520525,8.356352869101524,18.01862133153733,-0.2926108650405212,3.475013897130387,0.5658653567986086,0,0,0,2
399001.SZ,2014-10,8225.610352,1.7976975284270669,80.79179345407793,74.09397866649013,83.08987451368763,-38.12192153075063,-38.76789096000993,-41.66613058010812,-1.419314844118058,3.043343880350924,-2.7048677246242936,-1.447923361471215,38.660193810520525,8.356352869101524,3.4737487490747614,-0.4278517939060605,0,0,1,2
399001.SZ,2014-11,9002.230469,9.44148924840782,84.14203809102376,77.99142316182454,87.09242757161458,4.1467635433172,5.26013660688609,4.817136963262114,-38.12192153075063,1.7976975284270669,-1.419314844118058,3.043343880350924,-2.7048677246242936,-1.447923361471215,4.491234725885208,-0.3609659681752187,0,0,1,2
399001.SZ,2014-12,11014.62012,15.37892042657657,85.45243663172567,94.30592924548732,80.33614915417087,1.5573648683008257,20.918333609340344,-7.757595701288888,4.1467635433172,9.44148924840782,-38.12192153075063,1.7976975284270669,-1.419314844118058,3.043343880350924,8.452750610443479,-0.3348045686568722,0,0,1,2
399001.SZ,2015-01,11150.69043,1.235360897766502,108.33973257003292,146.6483586834323,81.6583960748488,26.783666844919374,55.50279802841731,1.645892832304474,1.5573648683008257,22.35434493628936,4.1467635433172,9.44148924840782,-38.12192153075063,1.7976975284270669,8.761882779958707,0.1221279403002564,0,0,1,2
399001.SZ,2015-02,11757.67969,5.4435127924181925,112.50795323508126,110.6266494478498,116.82035664149691,3.8473610430540095,-24.56332246673284,43.05982269651534,26.783666844919374,1.235360897766502,1.5573648683008257,22.35434493628936,4.1467635433172,9.44148924840782,7.997512620029544,0.205344215892678,0,0,0,2
399001.SZ,2015-03,13160.66016,11.932460374756126,103.47884836504537,80.65029876462874,119.2300068024666,-8.025303643352133,-27.09686213298193,2.062697144783177,3.8473610430540095,5.4435127924181925,26.783666844919374,1.235360897766502,1.5573648683008257,22.35434493628936,7.891857364928697,0.0250830110293626,0,0,0,2
399001.SZ,2015-04,14818.63965,12.597996375890007,99.56071904500324,92.08395849863687,107.84801419576009,-3.786405996924136,14.17683493941706,-9.546248391618018,-8.025303643352133,11.932460374756126,3.8473610430540095,5.4435127924181925,26.783666844919374,1.235360897766502,7.204180266036824,-0.0531403258581029,0,0,0,2
399001.SZ,2015-05,16100.4502,8.649987989956953,74.41008684712071,71.70904147240424,75.1276002699329,-25.261601602650146,-22.12645650603112,-30.3393754347992,-3.786405996924136,12.597996375890007,-8.025303643352133,11.932460374756126,3.8473610430540095,5.4435127924181925,7.234640504996582,-0.5552591214997333,0,0,1,2
399001.SZ,2015-06,14337.96973,-10.946777562778951,85.28621266682943,88.44556840260823,80.42666390736898,14.61646704169861,23.33949330035976,7.053417942802098,-25.261601602650146,8.649987989956953,-3.786405996924136,12.597996375890007,-8.025303643352133,11.932460374756126,8.804348917957084,-0.3381231403891369,0,1,1,2
399001.SZ,2015-07,12374.25,-13.695939989963978,106.23084825085056,89.69054517438335,118.30285398421748,24.558055668202016,1.4076191653921155,47.09407084256565,14.61646704169861,-10.946777562778951,-25.261601602650146,8.649987989956953,-3.786405996924136,12.597996375890007,11.665151346493388,0.0800252032332923,0,1,0,2
399001.SZ,2015-08,10549.16016,-14.749094611794655,80.77308187177104,72.6687409493231,83.29964871560374,-23.96457036562888,-18.978370788097155,-29.58779445277242,24.558055668202016,-13.695939989963978,14.61646704169861,-10.946777562778951,-25.261601602650146,8.649987989956953,13.37484009410656,-0.4282253605463964,0,1,1,2
399001.SZ,2015-09,9988.25,-5.31710725301946,96.26670481363932,79.88457260131835,111.3503412882487,19.18166619724222,9.929760111059792,33.674442815976114,-23.96457036562888,-14.749094611794655,24.558055668202016,-13.695939989963978,14.61646704169861,-10.946777562778951,11.78994508289739,-0.118903541894402,0,1,0,2
399001.SZ,2015-10,11546.04981,15.37892042657657,86.38631562263735,101.0595084159605,75.2390812904604,-10.263558111944526,26.506915071474868,-32.43030922043458,19.18166619724222,-5.31710725301946,-23.96457036562888,-14.749094611794655,24.558055668202016,-13.695939989963978,12.660958534244529,-0.3161601787066636,0,0,1,2
399001.SZ,2015-11,12037.86035,4.259556715007795,146.2837247212728,206.724671681722,112.25876941680907,69.33668679688365,104.55736914021404,49.20273811350009,-10.263558111944526,15.596323780442024,19.18166619724222,-5.31710725301946,-23.96457036562888,-14.749094611794655,11.930311654668184,0.879659261617105,1,0,0,2
399001.SZ,2015-12,12664.88965,5.2088102185036345,140.49793341852003,194.36913816390495,108.1629870014806,-3.955184566004821,-5.976806453387384,-3.648518896658426,69.33668679688365,4.259556715007795,-10.263558111944526,15.596323780442024,19.18166619724222,-5.31710725301946,11.910494758744845,0.7641490613996877,0,0,0,2
399001.SZ,2016-01,9418.200195,-16.199297081301566,115.96384011545489,110.91858869983304,120.46343551143524,-17.462244964117836,-42.93405334426132,11.37214203393464,-3.955184566004821,5.2088102185036345,69.33668679688365,4.259556715007795,-10.263558111944526,15.596323780442024,14.970101274964351,0.2743391319883859,0,1,0,2
399001.SZ,2016-02,9097.360352,-3.4065940026453245,101.22297576378132,113.22725730106748,90.85711604151231,-12.711604183681224,2.0814082006417767,-24.57701736981631,-17.462244964117836,-25.635355259490957,-3.955184566004821,5.2088102185036345,69.33668679688365,4.259556715007795,13.936794861157944,-0.0199542677458014,0,1,1,2
399001.SZ,2016-03,10455.37012,14.927514305855215,105.2873266896894,122.0475801037204,93.74349009606146,4.015245447232085,7.78992886774601,3.1768277272089085,-12.711604183681224,-3.4065940026453245,-17.462244964117836,-25.635355259490957,-3.955184566004821,5.2088102185036345,15.232486104174937,0.0611883045730654,0,0,0,2
399001.SZ,2016-04,10141.54004,-3.0016161685149423,83.62793006896973,90.3290501912435,79.78639167149862,-20.571703453499047,-25.98865941096199,-14.888605502377429,4.015245447232085,14.927514305855215,-12.711604183681224,-3.4065940026453245,-17.462244964117836,-25.635355259490957,13.683160356240249,-0.3712298573225143,0,1,1,2
399001.SZ,2016-05,10159.92969,0.181329955090348,84.68827352216167,88.0693675010435,82.82368420016381,1.2679298080407353,-2.5016123665817624,3.806780160168821,-20.571703453499047,-3.0016161685149423,4.015245447232085,14.927514305855215,-12.711604183681224,-3.4065940026453245,13.452621490199247,-0.3500606726477829,0,0,1,2
399001.SZ,2016-06,10489.99023,3.248649843756924,88.54716021219889,97.87790400187174,80.03160365422566,4.556577350732516,11.137285050573364,-3.3711136770858907,1.2679298080407353,0.181329955090348,-20.571703453499047,-3.0016161685149423,4.015245447232085,14.927514305855215,13.266387751938362,-0.273020082889481,0,0,1,2
399001.SZ,2016-07,10329.44043,-1.5305047619667669,112.01366116923673,143.21993846278036,94.82303280984202,26.501697966147653,46.32509750110867,18.481985216143254,4.556577350732516,3.248649843756924,1.2679298080407353,0.181329955090348,-20.571703453499047,-3.0016161685149423,6.903368602194295,0.1954759416145478,0,1,0,2
399001.SZ,2016-08,10757.87988,4.147750818676244,98.61115221823415,123.22047128985004,80.60763149876749,-11.96506641342012,-13.964164059550775,-14.9915066939296,26.501697966147653,-1.5305047619667669,4.556577350732516,3.248649843756924,1.2679298080407353,0.181329955090348,6.451889749070129,-0.0720979149829873,0,0,1,2
399001.SZ,2016-09,10567.58008,-1.768934047625759,103.71691958109538,119.65013109842936,94.2956667582194,5.177677420867943,-2.897521940994874,16.98106619056434,-11.96506641342012,4.147750818676244,26.501697966147653,-1.5305047619667669,4.556577350732516,3.248649843756924,2.8982775993135674,0.0298359743481151,0,1,0,2
399001.SZ,2016-10,10704.29981,1.2937657341130837,86.16627822383758,100.4282025367983,80.40413419661984,-16.921676258939698,-16.065112829519823,-14.731888578950723,5.177677420867943,-1.768934047625759,-11.96506641342012,4.147750818676244,26.501697966147653,-1.5305047619667669,2.4397216209160795,-0.320553106598582,0,0,0,2
399001.SZ,2016-11,11012.19043,2.876326574040533,83.57939580281575,85.52786210378011,80.94508310953776,-3.0021981619094418,-14.836808841180336,0.6727874360229924,-16.921676258939698,1.2937657341130837,5.177677420867943,-1.768934047625759,-11.96506641342012,4.147750818676244,2.521329889995299,-0.3721988177477174,0,0,1,2
399001.SZ,2016-12,10177.13965,-7.582967124552365,101.61987716920916,112.50576536117062,94.95736854307113,21.58484300240133,31.54282428415589,17.310854341296356,-3.0021981619094418,2.876326574040533,-16.921676258939698,1.2937657341130837,5.177677420867943,-1.768934047625759,4.219661606344997,-0.0120303454318856,0,1,1,2
399001.SZ,2017-01,10052.04981,-1.229125710189094,104.88912440884498,102.22949655594364,108.44574915978215,3.217133626516944,-9.133993064477783,14.204669762508138,21.58484300240133,-7.582967124552365,-3.0021981619094418,2.876326574040533,-16.921676258939698,1.2937657341130837,4.205675272586896,0.0532384109836636,0,1,1,2
399001.SZ,2017-02,10391.33984,3.375331762308486,113.19088404519218,94.91658476420812,125.99899278368268,7.91479544055298,-7.153426396591556,16.186197946807358,3.217133626516944,-1.229125710189094,21.58484300240133,-7.582967124552365,-3.0021981619094418,2.876326574040533,4.0483429414352665,0.2189785608738084,0,0,0,2
399001.SZ,2017-03,10428.71973,0.3597215621426564,98.49747651623142,99.26259293094758,97.23793039014262,-12.981087348955,4.578765847439437,-22.826422464279197,7.91479544055298,3.375331762308486,3.217133626516944,-1.229125710189094,21.58484300240133,-7.582967124552365,4.008600670112408,-0.0743673890118802,0,0,1,2
399001.SZ,2017-04,10234.65039,-1.860912413263216,115.10228830973308,101.26866887410482,124.87095286051432,16.858108837707487,2.020978783571348,28.417945918327536,-12.981087348955,0.3597215621426564,7.91479544055298,3.375331762308486,3.217133626516944,-1.229125710189094,3.988011719018464,0.2571387152486297,0,1,0,2
399001.SZ,2017-05,9864.839844,-3.613318793589004,101.37748035307854,98.86025521063036,100.89005654858003,-11.924009642381684,-2.378241651885993,-19.20454338065464,16.858108837707487,-1.860912413263216,-12.981087348955,0.3597215621426564,7.91479544055298,3.375331762308486,3.701312918977382,-0.0168696670213093,0,1,1,2
399001.SZ,2017-06,10529.61035,6.73878660487659,126.94453862508138,146.7019323984782,113.13888193766276,25.21966237763813,48.393236580177735,12.140765708843391,-11.924009642381684,-3.613318793589004,16.858108837707487,-1.860912413263216,-12.981087348955,0.3597215621426564,3.810351769807645,0.4935628504053606,0,0,0,2
399001.SZ,2017-07,10505.04004,-0.2333449119510944,101.5980480563256,69.98286450293756,124.43094007430538,-19.96658607237466,-43.81668896391011,9.9807050796775,25.21966237763813,6.73878660487659,-11.924009642381684,-3.613318793589004,16.858108837707487,-1.860912413263216,3.734188393496089,-0.0124661518873564,0,1,1,2
399001.SZ,2017-08,10816.63965,2.966191550089503,137.11038946336316,109.75087941077447,156.3583743187689,34.9537634693037,56.82536030826179,25.65875836459781,-19.96658607237466,-0.2333449119510944,25.21966237763813,6.73878660487659,-11.924009642381684,-3.613318793589004,3.68098809307716,0.6965185749147532,0,0,0,2
399001.SZ,2017-09,11087.19043,2.5012461240677686,118.73107655843098,86.45641419092814,146.35588200887045,-13.40475581527194,-21.22485518558812,-6.397158037411099,34.9537634693037,2.966191550089503,-19.96658607237466,-0.2333449119510944,25.21966237763813,6.73878660487659,3.7416720585280174,0.3295855138316133,0,0,0,2
399001.SZ,2017-10,11367.62012,2.529312468929956,91.91498454924552,71.24007597277242,109.52413552807224,-22.585571348701183,-17.60001078063723,-25.16588057497128,-13.40475581527194,2.5012461240677686,34.9537634693037,2.966191550089503,-19.96658607237466,-0.2333449119510944,3.47022921873762,-0.2057832879355632,0,0,1,2
399001.SZ,2017-11,10944.09961,-3.725674376247545,93.25364055633544,80.09026870727538,105.41860446929932,1.45640671502556,12.423053476087633,-3.748517200321233,-22.585571348701183,2.529312468929956,-13.40475581527194,2.5012461240677686,34.9537634693037,2.966191550089503,3.505502406280502,-0.1790577433540232,0,1,0,2
399001.SZ,2017-12,11040.4502,0.8803884598415079,84.61367348701724,64.52695954230524,98.77827345940376,-9.265018521286285,-19.432209950316203,-6.29901244028458,1.45640671502556,-3.725674376247545,-22.585571348701183,2.529312468929956,-13.40475581527194,2.5012461240677686,2.5349876934928246,-0.3515500220807048,0,0,1,2
399001.SZ,2018-01,11159.67969,1.0799332259114005,91.99991103141538,75.9898567199707,106.7695834867416,8.729366354164325,17.76450844572981,8.09014953133611,-9.265018521286285,0.8803884598415079,1.45640671502556,-3.725674376247545,-22.585571348701183,2.529312468929956,2.4820240202538297,-0.2040877765619447,0,0,0,2
399001.SZ,2018-02,10828.73047,-2.965579919794281,65.82219927651542,53.66386883599417,76.22563787869045,-28.45406203269154,-29.380221055357104,-28.60734734611382,8.729366354164325,1.0799332259114005,-9.265018521286285,0.8803884598415079,1.45640671502556,-3.725674376247545,2.7296646148648684,-0.7267116611468718,0,1,1,2
399001.SZ,2018-03,10868.65039,0.3686482003647073,109.2456529678837,64.72115756619361,142.5100219480453,65.97083380479091,20.60471779251023,86.95812316433921,-28.45406203269154,-2.965579919794281,8.729366354164325,1.0799332259114005,-9.265018521286285,0.8803884598415079,2.473459606955488,0.1402141520319168,1,0,1,2
399001.SZ,2018-04,10324.46973,-5.006883471941359,122.0270450592041,94.80569979349772,144.06638272603354,11.699680256456425,46.483319147274415,1.092106194858089,65.97083380479091,0.3686482003647073,-28.45406203269154,-2.965579919794281,8.729366354164325,1.0799332259114005,2.6529688738706376,0.3953877458017615,0,1,1,2
399001.SZ,2018-05,10295.73047,-0.278360639835018,122.07622054315382,62.3412499273977,166.9032696139428,0.0402988402496085,-34.24314143222706,15.851641761102208,11.699680256456425,-5.006883471941359,65.97083380479091,0.3686482003647073,-28.45406203269154,-2.965579919794281,2.4565645128800364,0.3963695077941304,0,1,0,2
399001.SZ,2018-06,9379.469727,-8.899424335843175,103.35734113057454,56.24654754002889,136.8462231318156,-15.333763880707776,-9.776355774814691,-18.008662473569824,0.0402988402496085,-0.278360639835018,11.699680256456425,-5.006883471941359,65.97083380479091,0.3686482003647073,3.830210203034565,0.0226571846821675,0,1,1,2
399001.SZ,2018-07,9178.780273,-2.1396673782345,109.5580127469955,85.10936841657085,127.5609563396823,5.999256123072527,51.3148311120806,-6.785183090650127,-15.333763880707776,-8.899424335843175,0.0402988402496085,-0.278360639835018,11.699680256456425,-5.006883471941359,3.4113282334765995,0.1464502464115924,0,1,1,2
399001.SZ,2018-08,8465.469727,-7.771299941651854,113.0449313502158,67.86267332876882,146.81783097790134,3.182714359079064,-20.264155883976787,15.096213755986486,5.999256123072527,-2.1396673782345,-15.333763880707776,-8.899424335843175,0.0402988402496085,-0.278360639835018,3.8890867271505374,0.2160646941031607,0,1,0,2
399001.SZ,2018-09,8401.089844,-0.7604998313875511,73.96346220970153,49.602893877029416,88.1794579188029,-34.571624462700555,-26.906955703436157,-39.93954458292232,3.182714359079064,-7.771299941651854,5.999256123072527,-2.1396673782345,-15.333763880707776,-8.899424335843175,3.658538324828186,-0.5641757412999974,0,1,1,2
399001.SZ,2018-10,7482.830078,-10.930245754434054,92.58265267649004,61.918164991563366,115.57533417978594,25.17349771161239,24.8277270779095,31.06832011397669,-34.571624462700555,-0.7604998313875511,3.182714359079064,-7.771299941651854,5.999256123072527,-2.1396673782345,4.613044577470025,-0.1924536541791385,0,1,0,2
399001.SZ,2018-11,7681.75,2.6583514516096862,79.83305384318034,48.951593685150144,103.46333103179931,-13.771045076727717,-20.94146573655724,-10.479747459908284,25.17349771161239,-10.930245754434054,-34.571624462700555,-0.7604998313875511,3.182714359079064,-7.771299941651854,5.330723103745722,-0.446992512714646,0,0,1,2
399001.SZ,2018-12,7239.790039,-5.753376001562138,86.58019570381411,64.75931516770393,99.9929014944261,8.45156427798377,32.292557386848046,-3.3542603961847828,-13.771045076727717,2.6583514516096862,25.17349771161239,-10.930245754434054,-34.571624462700555,-0.7604998313875511,4.970578890802421,-0.3122894675414957,0,1,1,2
399001.SZ,2019-01,7479.220215,3.3071425374246344,87.5074286307058,54.891605531015706,113.59607076644896,1.0709526807535674,-15.237513879098808,13.60413496230144,8.45156427798377,-5.753376001562138,-13.771045076727717,2.6583514516096862,25.17349771161239,-10.930245754434054,5.827300282833707,-0.2937777626719332,0,0,1,2
399001.SZ,2019-02,9031.929688,15.37892042657657,98.55523300170898,57.736959321158274,130.96962765284948,12.624990293825844,5.183586383777472,15.294153018831214,1.0709526807535674,3.3071425374246344,8.45156427798377,-5.753376001562138,-13.771045076727717,2.6583514516096862,10.842382390765914,-0.0732143119559909,0,0,0,2
399001.SZ,2019-03,9906.860352,9.68708453479714,79.65598315577353,67.75160512616557,85.8987022830594,-19.17630273940678,17.345294803804002,-34.41326525662569,12.624990293825844,20.76031228343769,1.0709526807535674,3.3071425374246344,8.45156427798377,-5.753376001562138,11.229708769254588,-0.450527633406826,0,0,0,2
399001.SZ,2019-04,9780.820313,-1.2722500824850602,78.96416734059652,57.763711071014406,93.91384995778402,-0.8685045212788456,-14.741929783880291,9.330929876347316,-19.17630273940678,9.68708453479714,12.624990293825844,20.76031228343769,1.0709526807535674,3.3071425374246344,9.312560673222215,-0.4643393627180184,0,1,1,2
399001.SZ,2019-05,8922.69043,-8.77359828254315,105.1034455453196,63.40447973435925,133.1031727944651,33.10270858929771,9.765246309071296,41.72901319059692,-0.8685045212788456,-1.2722500824850602,-19.17630273940678,9.68708453479714,12.624990293825844,20.76031228343769,10.897074143439298,0.0575172167838708,0,1,0,2
399001.SZ,2019-06,9178.30957,2.864821345146673,103.3317710240682,51.50454092025757,138.8043354034424,-1.685648374379367,-18.768293445444108,4.283265747376963,33.10270858929771,-8.77359828254315,-0.8685045212788456,-1.2722500824850602,-19.17630273940678,9.68708453479714,10.048654504743222,0.0221466913083878,0,0,0,2
399001.SZ,2019-07,9326.610352,1.615774461178909,93.06078184804608,47.329337519984094,126.32542345600744,-9.939817225846037,-8.10647629446455,-8.990289756558633,-1.685648374379367,2.864821345146673,33.10270858929771,-8.77359828254315,-0.8685045212788456,-1.2722500824850602,10.109954480045538,-0.1829080633608263,0,0,1,2
399001.SZ,2019-08,9365.679688,0.4189017716562215,106.01592488442698,74.11447860348609,125.86253258489792,13.921162899248628,56.59310374287909,-0.3664273259061712,-9.939817225846037,1.615774461178909,-1.685648374379367,2.864821345146673,33.10270858929771,-8.77359828254315,5.999854729276514,0.0757343742372348,0,0,0,2
399001.SZ,2019-09,9446.240234,0.860167640616849,92.55197461446126,70.08315865198772,112.63771381378174,-12.699931906120154,-5.439314999523937,-10.507351552135392,13.921162899248628,0.4189017716562215,-9.939817225846037,1.615774461178909,-1.685648374379367,2.864821345146673,4.177703873699959,-0.1930661251276743,0,0,1,2
399001.SZ,2019-10,9635.330078,2.0017471429469413,95.20806701721683,69.20361838802215,118.00913903021043,2.8698387190764008,-1.2549951812718674,4.768762641355617,-12.699931906120154,0.860167640616849,13.921162899248628,0.4189017716562215,-9.939817225846037,1.615774461178909,4.3022217648845045,-0.1400386740524366,0,0,0,2
399001.SZ,2019-11,9582.160156,-0.5518225278177247,73.70891914367675,52.628954823811846,86.17964719136556,-22.58122504435712,-23.95057361202817,-26.97205665630397,2.8698387190764008,2.0017471429469413,-12.699931906120154,0.860167640616849,13.921162899248628,0.4189017716562215,1.2150526170778175,-0.5692575562120714,0,1,0,2
399001.SZ,2019-12,10430.76953,8.85613849261986,72.31251805828464,60.52569272441249,79.17934866874448,-1.8944804802661477,15.004550113215975,-8.122913879046889,-22.58122504435712,-0.5518225278177247,2.8698387190764008,2.0017471429469413,-12.699931906120154,0.860167640616849,3.383039817863168,-0.597135950111402,0,0,1,2
399001.SZ,2020-01,10681.90039,2.4075966713455133,139.8703630508915,84.9525350447624,191.54257983546103,93.42482713456964,40.35780710775339,104.18821894560378,-1.8944804802661477,8.85613849261986,-22.58122504435712,-0.5518225278177247,2.8698387190764008,2.0017471429469413,3.371107606883608,0.7516199577694204,1,0,0,2
399001.SZ,2020-02,10980.76953,2.797902330935309,75.72699855935984,56.10202249987372,87.16311290346343,-39.28844654475468,-33.960743525413385,-44.52829942694827,93.42482713456964,2.4075966713455133,-1.8944804802661477,8.85613849261986,-22.58122504435712,-0.5518225278177247,3.238366886077691,-0.5289676900274246,1,0,1,2
399001.SZ,2020-03,9962.299805,-9.275030517829286,82.76741433912709,64.03543063132993,98.19669649677893,9.297101316181845,14.141037663079016,12.658546976787765,-45.859153499296525,2.797902330935309,93.42482713456964,2.4075966713455133,-1.8944804802661477,8.85613849261986,5.931463079244538,-0.3884095893666116,0,1,0,2
399001.SZ,2020-04,10721.78027,7.623545565440848,69.76431941986084,47.72460098266602,82.26346549987792,-15.71040369340041,-25.47157017272198,-16.225831993669605,9.297101316181845,-9.275030517829286,-45.859153499296525,2.797902330935309,93.42482713456964,2.4075966713455133,6.527916195235872,-0.6480093604222856,0,0,0,2
399001.SZ,2020-05,10746.08008,0.2266396940440174,69.50140085527974,42.10684902437272,85.36720494301089,-0.3768668092335003,-11.771186856719284,3.772925714073616,-15.71040369340041,7.623545565440848,9.297101316181845,-9.275030517829286,-45.859153499296525,2.797902330935309,6.475140443677535,-0.6532583876419832,0,0,1,2
399001.SZ,2020-06,11992.34961,11.597433861669115,71.60573234558106,51.32019710540772,86.46775321960449,3.027754065969246,21.88087756388999,1.289193288369117,-0.3768668092335003,0.2266396940440174,-15.71040369340041,7.623545565440848,9.297101316181845,-9.275030517829286,7.112060066386351,-0.6112465453460343,0,0,0,2
399001.SZ,2020-07,13637.87988,13.721500152295851,68.53134112204275,36.44394225458945,92.3572107745755,-4.293498750492198,-28.98713506548618,6.811160618471734,3.027754065969246,11.597433861669115,-0.3768668092335003,0.2266396940440174,-15.71040369340041,7.623545565440848,8.438727017078286,-0.6726251065825277,0,0,0,2
399001.SZ,2020-08,13758.23047,0.8824728701159357,64.93029563657699,27.294767964270807,89.9976692199707,-5.254596548829982,-25.104787584187527,-2.5547994951514386,-4.293498750492198,13.721500152295851,3.027754065969246,11.597433861669115,-0.3768668092335003,0.2266396940440174,8.549173054964816,-0.7445180358729901,0,0,1,2
399001.SZ,2020-09,12907.4502,-6.18379138113101,83.04108727773031,49.94818175633748,105.76334724426268,27.8926677656324,82.9954437484879,17.517873697104093,-5.254596548829982,0.8824728701159357,-4.293498750492198,13.721500152295851,3.027754065969246,11.597433861669115,7.62275757803208,-0.3829458568747211,0,1,0,2
399001.SZ,2020-10,13236.59961,2.550073057806568,76.71051840628347,43.048690057569935,98.63585779743808,-7.62341761045866,-13.813299015418378,-6.739092164285898,27.8926677656324,-6.18379138113101,-5.254596548829982,0.8824728701159357,-4.293498750492198,13.721500152295851,7.506735786881268,-0.5093322471828304,0,0,0,2
399001.SZ,2020-11,13670.11035,3.275091434151212,70.364892578125,62.07505849202474,79.94887498219808,-8.272171743840929,44.197322633999846,-18.94542535800341,-7.62341761045866,2.550073057806568,27.8926677656324,-6.18379138113101,-5.254596548829982,0.8824728701159357,7.317362316323459,-0.6360192415040153,0,0,0,2
399001.SZ,2020-12,14470.67969,5.856348774829012,62.28910067773634,29.27726056498866,85.56250313789614,-11.4770187297909,-43.81668896391011,7.021522387836021,-8.272171743840929,3.275091434151212,-7.62341761045866,2.550073057806568,27.8926677656324,-6.18379138113101,6.503493857198607,-0.797248067522034,0,0,1,2
399001.SZ,2021-01,14821.99023,2.427740420809488,74.98195703567997,47.25387308674474,95.04665202479208,20.37733121820517,61.40127926877659,11.08446870892834,-11.4770187297909,5.856348774829012,-8.272171743840929,3.275091434151212,-7.62341761045866,2.550073057806568,4.086757187751013,-0.5438420418778978,0,0,0,2
399001.SZ,2021-02,14507.4502,-2.1221173750564537,72.32457787649972,46.01375893184117,91.3971277645656,-3.544024808415902,-2.624365102574921,-3.8397188985410335,20.37733121820517,2.427740420809488,-11.4770187297909,5.856348774829012,-8.272171743840929,3.275091434151212,4.34854834687447,-0.5968951823505692,0,1,1,2
399001.SZ,2021-03,13778.66992,-5.023489792851398,77.55295372009277,49.825385385944,99.19816903145085,7.229044395559336,8.283666760954866,8.535324312357284,-3.544024808415902,-2.1221173750564537,20.37733121820517,2.427740420809488,-11.4770187297909,5.856348774829012,3.9768482680638457,-0.4925134808851181,0,1,1,2
399001.SZ,2021-04,14438.57031,4.7892894875298575,84.63264045715331,65.75086024602254,105.25555461247762,9.128842161979843,31.96257236491182,6.106348171715048,7.229044395559336,-5.023489792851398,-3.544024808415902,-2.1221173750564537,20.37733121820517,2.427740420809488,4.230310776498832,-0.3511713567602164,0,0,1,2
399001.SZ,2021-05,14996.37988,3.863329665082338,90.02756192607265,52.68410350430396,115.80485919214064,6.3745163092844725,-19.87313427204783,10.02256329226774,9.128842161979843,4.7892894875298575,7.229044395559336,-5.023489792851398,-3.544024808415902,-2.1221173750564537,4.285197215644946,-0.2434646617856457,0,0,0,2
GDAXI,2000-07,7190.370117,4.235303907126187,51.13137294400123,40.80166629052931,56.5029530679026,-20.264885157915803,-21.61971460324582,-22.58825043151742,-19.521279515661185,-2.974258486257764,60.478668524912834,-4.1135995991744,-2.0144699660817,-2.4305892666397377,6.067839551945045,-1.020006078838822,0,0,0,2
GDAXI,2000-08,7216.450195,0.3627084221762056,47.5130286985828,41.88413973777525,50.82666443240258,-7.076563833678429,2.6530128439808287,-10.046003487071763,-20.264885157915803,4.235303907126187,-19.521279515661185,-2.974258486257764,60.478668524912834,-4.1135995991744,3.001060896317969,-1.092244368533953,0,0,1,2
GDAXI,2000-09,6798.120117,-5.796895519210333,52.75809377034505,36.65586573282878,63.30135205586751,11.039214328003254,-12.482705954280584,24.54358900544371,-7.076563833678429,0.3627084221762056,-20.264885157915803,4.235303907126187,-19.521279515661185,-2.974258486257764,3.58344818975735,-0.9875294756368682,0,1,1,2
GDAXI,2000-10,7077.439941,4.108780356815212,74.84650722626716,74.61284114468482,80.27979493910267,41.86734560970407,103.54952653010729,26.82161175364879,11.039214328003254,-5.796895519210333,-7.076563833678429,0.3627084221762056,-20.264885157915803,4.235303907126187,4.275841887450419,-0.5465462242076752,0,0,0,2
GDAXI,2000-11,6372.330078,-9.962781300555578,45.440477244059245,47.08891073862711,44.53256746927897,-39.28844654475468,-36.88899924435919,-44.52829942694827,41.86734560970407,4.108780356815212,11.039214328003254,-5.796895519210333,-7.076563833678429,0.3627084221762056,5.655110789345875,-1.1336217395703077,0,1,1,2
GDAXI,2000-12,6433.609863,0.961654281085722,46.01157077666252,44.53382098290228,46.60758584545505,1.2567947504951382,-5.426096538752367,4.659552534462641,-39.28844654475468,-9.962781300555578,41.86734560970407,4.108780356815212,11.039214328003254,-5.796895519210333,5.701813283731169,-1.1222201654653985,0,0,1,2
GDAXI,2001-01,6795.140137,5.619400021116894,47.34544200281943,39.250703688590754,53.58126591097924,2.8989908486964038,-11.863157433402929,14.962542983127358,1.2567947504951382,0.961654281085722,-39.28844654475468,-9.962781300555578,41.86734560970407,4.108780356815212,5.978030219700592,-1.0955901464523845,0,0,1,2
GDAXI,2001-02,6208.240234,-8.637053705548926,56.3363071169172,45.95857455049242,65.78157465798515,18.989927506775352,17.089810453134604,22.769728448140224,2.8989908486964038,5.619400021116894,1.2567947504951382,0.961654281085722,-39.28844654475468,-9.962781300555578,6.7161157148335136,-0.916092377674739,0,1,1,2
GDAXI,2001-03,5829.950195,-6.093353748269259,61.72149381329936,57.44915543833086,65.804611175291,9.558998400811111,25.00203933699969,0.0350197109534544,18.989927506775352,-8.637053705548926,2.8989908486964038,5.619400021116894,1.2567947504951382,0.961654281085722,6.748138386908486,-0.80858003217909,0,1,0,2
GDAXI,2001-04,6264.509766,7.453915667627764,49.02697035471599,47.12476806640625,50.69535102844238,-20.567427445911942,-17.97134752138766,-22.96079237760469,9.558998400811111,-6.093353748269259,18.989927506775352,-8.637053705548926,2.8989908486964038,5.619400021116894,7.484851691882079,-1.0620193405876062,0,0,1,2
GDAXI,2001-05,6123.259766,-2.25476542101698,59.95146006922568,56.56440058062154,60.64858498111848,22.282612275385794,20.0311490147036,19.63342545373024,-20.567427445911942,7.453915667627764,9.558998400811111,-6.093353748269259,18.989927506775352,-8.637053705548926,6.378468497294314,-0.8439178004239036,0,1,1,2
GDAXI,2001-06,6058.379883,-1.0595644391938497,70.94172350565593,62.602798779805504,78.85646438598633,18.33193624265337,10.675262421595733,30.02193606089316,22.282612275385794,-2.25476542101698,-20.567427445911942,7.453915667627764,9.558998400811111,-6.093353748269259,6.339615820117375,-0.624503123406393,0,1,0,2
GDAXI,2001-07,5861.189941,-3.2548296047483105,59.984781203731416,53.3461978666244,62.87733785567745,-15.444990282835402,-14.786241340007166,-20.26355943641387,18.33193624265337,-1.0595644391938497,22.282612275385794,-2.25476542101698,-20.567427445911942,7.453915667627764,5.516135095517711,-0.8432525619600832,0,1,1,2
GDAXI,2001-08,5188.169922,-11.482651573737822,64.13564220551521,73.31873946036062,56.88255968401509,6.919856867837648,37.43948471017813,-9.53408394201134,-15.444990282835402,-3.2548296047483105,18.33193624265337,-1.0595644391938497,22.282612275385794,-2.25476542101698,6.243535846171013,-0.7603828626740763,0,1,1,2
GDAXI,2001-09,4308.149902,-16.199297081301566,472.49111404418943,791.8359584172566,249.4176373163859,93.42482713456964,104.55736914021404,104.18821894560378,6.919856867837648,-11.482651573737822,-15.444990282835402,-3.2548296047483105,18.33193624265337,-1.0595644391938497,8.547889819782094,7.392213704284887,1,1,1,0
GDAXI,2001-10,4559.129883,5.825702139182432,504.05423072076616,840.6995652721774,257.8192534908172,6.680150322070344,6.170925472062505,3.368493208751655,636.705984061322,-16.962050843175913,6.919856867837648,-11.482651573737822,-15.444990282835402,-3.2548296047483105,8.103213883201956,8.022354291115674,0,0,0,0
GDAXI,2001-11,4989.910156,9.448738773735888,296.1777104695638,494.21396484375,141.4245381673177,-39.28844654475468,-41.21396212644078,-44.52829942694827,6.680150322070344,5.825702139182432,636.705984061322,-16.962050843175913,6.919856867837648,-11.482651573737822,10.035380628066571,3.872211775036317,0,0,0,0
GDAXI,2001-12,5160.100098,3.410681488831191,231.22251793646043,376.6929409888483,121.45619632351784,-21.93115492388762,-23.77938144505022,-14.11943224461908,-41.24090377218973,9.448738773735888,6.680150322070344,5.825702139182432,636.705984061322,-16.962050843175913,10.361249411284138,2.5754164186103274,0,0,0,1
GDAXI,2002-01,5107.609863,-1.0172328831439703,169.9862031013735,259.16573752126385,104.05673919185516,-26.483715938044828,-31.199736092496558,-14.325705611030717,-21.93115492388762,3.410681488831191,-41.24090377218973,9.448738773735888,6.680150322070344,5.825702139182432,10.354620424864171,1.3528664479931174,0,1,0,2
GDAXI,2002-02,5039.080078,-1.341719254957896,143.41856629507882,209.3824323926653,93.08014828818185,-15.629290096238414,-19.20906119950132,-10.548659307337282,-26.483715938044828,-1.0172328831439703,-21.93115492388762,3.410681488831191,-41.24090377218973,9.448738773735888,9.223111941920171,0.8224579202367436,0,1,1,2
GDAXI,2002-03,5397.290039,7.108637994539935,150.27259728216356,217.83082137569303,97.68620583318896,4.779040234569632,4.034908223429179,4.948485396420366,-15.629290096238414,-1.341719254957896,-26.483715938044828,-1.0172328831439703,-21.93115492388762,3.410681488831191,4.397413310855642,0.959294949121256,0,0,1,2
GDAXI,2002-04,5041.200195,-6.597567324100595,154.13523864746094,219.28201649983723,99.5971280415853,2.570422974752073,0.6662028426368982,1.956184286304952,4.779040234569632,7.108637994539935,-15.629290096238414,-1.341719254957896,-26.483715938044828,-1.0172328831439703,5.959832495829701,1.0364104989443716,0,1,1,2
GDAXI,2002-05,4818.299805,-4.421573858960793,159.16512766192037,205.2949966922883,137.87667772846837,3.263295959182844,-6.378553075536553,38.434391070895146,2.570422974752073,-6.597567324100595,4.779040234569632,7.108637994539935,-15.629290096238414,-1.341719254957896,5.034214291499541,1.136829518008396,0,1,0,2
GDAXI,2002-06,4382.560059,-9.04343365159278,147.7977030436198,185.49468332926432,127.91307754516602,-7.141906512616192,-9.644810483473298,-7.226457982200928,3.263295959182844,-4.421573858960793,2.570422974752073,-6.597567324100595,4.779040234569632,7.108637994539935,5.641787804510344,0.9098850215846186,0,1,0,2
GDAXI,2002-07,3700.139893,-15.571267862001935,119.3782693186114,161.98243344214654,92.84361993112871,-19.228603110713397,-12.675430618883077,-27.416631893368603,-7.141906512616192,-9.04343365159278,3.263295959182844,-4.421573858960793,2.570422974752073,-6.597567324100595,7.6287225485554835,0.3425063679371067,0,1,1,2
GDAXI,2002-08,3712.939941,0.3459341638464952,127.00253000567037,157.38569099672378,101.1353489045174,6.386640324555559,-2.837803055393984,8.930854892925822,-19.228603110713397,-15.571267862001935,-7.141906512616192,-9.04343365159278,3.263295959182844,-4.421573858960793,7.818356284184389,0.4947206170153542,0,0,1,2
GDAXI,2002-09,2769.030029,-16.199297081301566,170.25116170247395,185.25534108479815,167.8897672017415,34.05336231874485,17.707867793810127,66.00503090195247,6.386640324555559,0.3459341638464952,-19.228603110713397,-15.571267862001935,-7.141906512616192,-9.04343365159278,9.159116593126852,1.3581562034407222,0,1,0,2
GDAXI,2002-10,3152.850098,13.861173948287275,168.296264894547,195.84739069784845,161.10799457180886,-1.1482428597716532,5.717540747287764,-4.039419878272565,34.05336231874485,-25.42217022087835,6.386640324555559,0.3459341638464952,-19.228603110713397,-15.571267862001935,13.507839067262704,1.319127743914262,0,0,0,2
GDAXI,2002-11,3320.320068,5.3117009941650695,156.04842834472657,175.04123814900717,151.88629328409831,-7.277545082473935,-10.623655732508986,-5.723925316195444,-1.1482428597716532,13.861173948287275,34.05336231874485,-25.42217022087835,6.386640324555559,0.3459341638464952,14.392883221503858,1.0746062985197744,0,0,1,2
GDAXI,2002-12,2892.629883,-12.880992682660851,175.05461046772618,174.67416357224988,183.75799191382623,12.179669045440855,-0.2097074841557078,20.983920234403875,-7.277545082473935,5.3117009941650695,-1.1482428597716532,13.861173948287275,34.05336231874485,-25.42217022087835,14.686176847066765,1.4540544651606715,0,1,1,2
GDAXI,2003-01,2747.830078,-5.005818609943469,205.2729772752331,176.48827115951045,244.28261073943108,17.26225132075463,1.0385666375383629,32.93713552006381,12.179669045440855,-12.880992682660851,-7.277545082473935,5.3117009941650695,-1.1482428597716532,13.861173948287275,13.880937973448471,2.057347846744926,0,1,1,2
GDAXI,2003-02,2547.050049,-7.306857531239242,236.19078636169436,210.63462039402552,291.2838772365025,15.061801848864963,19.34765920147381,19.240528973716557,17.26225132075463,-5.005818609943469,12.179669045440855,-12.880992682660851,-7.277545082473935,5.3117009941650695,13.756632898987675,2.6746052158729587,0,1,1,2
GDAXI,2003-03,2423.870117,-4.836180272482737,349.2410371841923,413.4505669378465,352.7903245495212,47.86395462919402,96.28803952760548,21.115637396943757,15.061801848864963,-7.306857531239242,17.26225132075463,-5.005818609943469,12.179669045440855,-12.880992682660851,9.6794386383644,4.931592449567863,1,1,0,0
GDAXI,2003-04,2942.040039,15.37892042657657,252.85915400187176,326.76046600341795,210.79934641520185,-27.59752518186688,-20.967464520966683,-40.2479796790425,47.86395462919402,-4.836180272482737,15.061801848864963,-7.306857531239242,17.26225132075463,-5.005818609943469,12.25660240296181,3.0073801783052136,0,0,0,2
GDAXI,2003-05,2982.679932,1.3813507790945367,159.68020999047064,183.58484895767705,150.55725589875252,-36.85013674083216,-43.81668896391011,-28.5779304067638,-27.59752518186688,21.377792414113905,47.86395462919402,-4.836180272482737,15.061801848864963,-7.306857531239242,11.982191870803742,1.1471128586589634,0,0,0,2
GDAXI,2003-06,3220.580078,7.97605346278234,145.7216801961263,176.93343124389648,127.7050184249878,-8.741552754206271,-3.623075516059593,-15.17843649404218,-36.85013674083216,1.3813507790945367,-27.59752518186688,21.377792414113905,47.86395462919402,-4.836180272482737,10.895942550806794,0.8684383460614599,0,0,0,2
GDAXI,2003-07,3487.860107,8.299126943801461,133.95684691398375,166.529414761451,106.6518937387774,-8.073495492440319,-5.880186920754349,-16.485745780285622,-8.741552754206271,7.97605346278234,-36.85013674083216,1.3813507790945367,-27.59752518186688,21.377792414113905,10.465814253990322,0.6335598001833436,0,0,1,2
GDAXI,2003-08,3484.580078,-0.0940413003783335,137.39681588449787,179.2770211004442,108.98332251271894,2.5679680059377485,7.654867674430843,2.186017230647508,-8.073495492440319,8.299126943801461,-8.741552754206271,7.97605346278234,-36.85013674083216,1.3813507790945367,9.17562273523257,0.7022369238011168,0,1,0,2
GDAXI,2003-09,3256.780029,-6.537374487050029,118.71830571492514,145.99144999186197,97.7679594039917,-13.59457280674885,-18.56655744515813,-10.290898506437395,2.5679680059377485,-0.0940413003783335,-8.073495492440319,8.299126943801461,-8.741552754206271,7.97605346278234,9.582961739605304,0.3293305508346584,0,1,0,2
GDAXI,2003-10,3655.98999,12.257811625140016,107.55338336575416,129.5931615521831,91.48407450029929,-9.404549940243411,-11.232362196959455,-6.427345872819624,-13.59457280674885,-6.537374487050029,2.5679680059377485,-0.0940413003783335,-8.073495492440319,8.299126943801461,6.885521135012347,0.1064289029043117,0,0,1,2
GDAXI,2003-11,3745.949951,2.4606183618133937,117.27323557535809,152.34808400472005,93.18425509134929,9.037235190035677,17.55873703519013,1.85844432524096,-9.404549940243411,12.257811625140016,-13.59457280674885,-6.537374487050029,2.5679680059377485,-0.0940413003783335,6.820970801523699,0.300480505540044,0,0,1,2
GDAXI,2003-12,3965.159912,5.851919109102899,131.9601605323053,166.63024114793348,112.74830061389554,12.52368017722989,9.374687733369155,20.995011982837084,9.037235190035677,2.4606183618133937,-9.404549940243411,12.257811625140016,-13.59457280674885,-6.537374487050029,6.629529025509863,0.5936970343747436,0,0,0,2
GDAXI,2004-01,4058.600098,2.3565300788302768,114.1432640321793,127.11111671693864,107.96992640341482,-13.501723875035932,-23.716658008020264,-4.238089784469723,12.52368017722989,5.851919109102899,9.037235190035677,2.4606183618133937,-9.404549940243411,12.257811625140016,6.238523344723025,0.2379923132239155,0,0,1,2
GDAXI,2004-02,4018.159912,-0.9964072592401508,114.83697246683056,130.29377562424233,103.49829351490942,0.6077524070589702,2.503839939028385,-4.141554076639597,-13.501723875035932,2.3565300788302768,12.52368017722989,5.851919109102899,9.037235190035677,2.4606183618133937,6.330017867815469,0.2518418276612841,0,1,1,2
GDAXI,2004-03,3856.699951,-4.018256230116912,137.0413291685043,182.14090384206463,107.18084593742124,19.33554692769983,39.792482771660254,3.558080329103519,0.6077524070589702,-0.9964072592401508,-13.501723875035932,2.3565300788302768,12.52368017722989,5.851919109102899,5.652811900782562,0.6951398234063075,0,1,1,2
GDAXI,2004-04,3985.209961,3.3321236194866266,148.72968673706055,203.51488087972004,120.71956570943196,8.529074870679644,11.73485833593364,12.631659746290346,19.33554692769983,-4.018256230116912,0.6077524070589702,-0.9964072592401508,-13.501723875035932,2.3565300788302768,3.4823979978426585,0.9284915729438924,0,0,0,2
GDAXI,2004-05,3921.409912,-1.600920644692727,121.83138078258884,160.97313985516948,91.7239502937563,-18.08536449217786,-20.9035038817104,-24.01898585807304,8.529074870679644,3.3321236194866266,19.33554692769983,-4.018256230116912,0.6077524070589702,-0.9964072592401508,3.648583587724487,0.391481414137764,0,1,1,2
GDAXI,2004-06,4052.72998,3.348797267996506,136.9921531677246,177.06919593811034,107.51701380411784,12.444061856436273,9.9992185636826,17.21803679386078,-18.08536449217786,-1.600920644692727,8.529074870679644,3.3321236194866266,19.33554692769983,-4.018256230116912,3.052713850952527,0.6941580510957076,0,0,0,2
GDAXI,2004-07,3895.610107,-3.876889745316814,130.39895802159464,159.34060545890563,120.38267381729618,-4.812826861738328,-10.012238653526872,11.96616196634508,12.444061856436273,3.348797267996506,-18.08536449217786,-1.600920644692727,8.529074870679644,3.3321236194866266,3.305407685025001,0.562528468977937,0,1,1,2
GDAXI,2004-08,3785.209961,-2.8339629215362816,139.9520955239573,177.53836158014113,126.08562567926222,7.326084232038577,11.420664600103292,4.737352711255904,-4.812826861738328,-3.876889745316814,12.444061856436273,3.348797267996506,-18.08536449217786,-1.600920644692727,3.428402042916082,0.7532517024753868,0,1,1,2
GDAXI,2004-09,3892.899902,2.8450189582495344,152.970458984375,188.2974100748698,129.69852345784506,9.30201395818986,6.060126047672232,2.8654319309747045,7.326084232038577,-2.8339629215362816,-4.812826861738328,-3.876889745316814,12.444061856436273,3.348797267996506,3.340373949633373,1.0131563017132652,0,0,0,2
GDAXI,2004-10,3960.25,1.7300752574038292,118.0625233804026,147.26095236501385,96.845272556428,-22.82005024743897,-21.793426523253423,-25.33047410681982,9.30201395818986,2.8450189582495344,7.326084232038577,-2.8339629215362816,-4.812826861738328,-3.876889745316814,3.0951971786756274,0.3162382105140346,0,0,1,2
GDAXI,2004-11,4126.0,4.1853418344801385,124.46195271809896,154.47430343627929,99.13031984965006,5.420373167086323,4.898346068946902,2.3594825363217,-22.82005024743897,1.7300752574038292,9.30201395818986,2.8450189582495344,7.326084232038577,-2.8339629215362816,3.406562989621919,0.4439993628602703,0,0,0,2
GDAXI,2004-12,4256.080078,3.152692147358205,107.17075778592016,141.9146915558846,79.30897829609532,-13.892755620942731,-8.130550907824963,-19.995236153396423,5.420373167086323,4.1853418344801385,-22.82005024743897,1.7300752574038292,9.30201395818986,2.8450189582495344,3.3791968120175837,0.0987899897423557,0,0,0,2
GDAXI,2005-01,4254.850098,-0.0288993622643007,99.38704164566532,126.41269216229838,77.36354717131584,-7.26291042543833,-10.923463401589872,-2.4529771616982887,-13.892755620942731,3.152692147358205,5.420373167086323,4.1853418344801385,-22.82005024743897,1.7300752574038292,2.5661180595953064,-0.0566077013856682,0,1,1,2
GDAXI,2005-02,4350.490234,2.2477909631870574,109.60796138218473,108.7996129989624,105.78578090667725,10.283956104618763,-13.932999022537196,36.73853484564569,-7.26291042543833,-0.0288993622643007,-13.892755620942731,3.152692147358205,5.420373167086323,4.1853418344801385,1.436076792752092,0.1474474439511143,0,0,0,2
GDAXI,2005-03,4348.77002,-0.0395406932891417,90.47840487572456,87.14632021996283,87.85526915519468,-17.45270714392596,-19.901994301400748,-16.94983162935727,10.283956104618763,2.2477909631870574,-7.26291042543833,-0.0288993622643007,-13.892755620942731,3.152692147358205,1.698260914675289,-0.2344638256586798,0,1,0,2
GDAXI,2005-04,4184.839844,-3.7695756557850735,86.93658548990885,102.42798690795898,72.97031523386637,-3.9145466707558807,17.535641951862413,-16.942585304740586,-17.45270714392596,-0.0395406932891417,10.283956104618763,2.2477909631870574,-7.26291042543833,-0.0288993622643007,2.8710624872368222,-0.3051743378395897,0,1,1,2
GDAXI,2005-05,4460.629883,6.590217291001288,98.79405889203473,105.33132522336898,90.99365062098347,13.63922143399825,2.834516622902017,24.69954436862878,-3.9145466707558807,-3.7695756557850735,-17.45270714392596,-0.0395406932891417,10.283956104618763,2.2477909631870574,3.508771406653308,-0.0684462819726932,0,0,0,2
GDAXI,2005-06,4586.279785,2.8168645526692737,81.75722109476725,95.1893081665039,69.31578687032064,-17.244799928592734,-9.628680770281385,-23.82349054326638,13.63922143399825,6.590217291001288,-3.9145466707558807,-3.7695756557850735,-17.45270714392596,-0.0395406932891417,3.4769664226307184,-0.4085775521928494,0,0,1,2
GDAXI,2005-07,4886.5,6.546051027717681,164.77051716466104,237.00151295815743,116.65942007495512,93.42482713456964,104.55736914021404,68.30137165319535,-17.244799928592734,2.8168645526692737,13.63922143399825,6.590217291001288,-3.9145466707558807,-3.7695756557850735,3.973905260492724,1.2487380936685877,1,0,0,2
GDAXI,2005-08,4829.689941,-1.1625920188273908,116.88755367648216,143.2987120843703,94.36514368364888,-29.06039521641346,-39.53679438760814,-19.11056679090457,101.53634744222848,6.546051027717681,-17.244799928592734,2.8168645526692737,13.63922143399825,6.590217291001288,4.235109070155632,0.2927805746182023,0,1,0,2
GDAXI,2005-09,5044.120117,4.439833169820462,103.76748135884604,130.99529851277669,78.09897527694702,-11.224524686306191,-8.585850767695435,-17.237475376748023,-29.06039521641346,-1.1625920188273908,101.53634744222848,6.546051027717681,-17.244799928592734,2.8168645526692737,4.23439564256475,0.0308454129479047,0,0,0,2
GDAXI,2005-10,4929.069824,-2.280879327442076,87.41865994853359,105.815919445407,73.7711932274603,-15.755245474037638,-19.221589899208325,-5.541406957184714,-11.224524686306191,4.439833169820462,-29.06039521641346,-1.1625920188273908,101.53634744222848,6.546051027717681,3.8105571278659625,-0.295549981494598,0,1,0,2
GDAXI,2005-11,5193.399902,5.362676680150846,82.0722770690918,93.67955487569174,70.19666430155436,-6.115837148029257,-11.469318258843575,-4.84542647274867,-15.755245474037638,-2.280879327442076,-11.224524686306191,4.439833169820462,-29.06039521641346,-1.1625920188273908,3.5948107151504183,-0.4022876297311443,0,0,1,2
GDAXI,2005-12,5408.259766,4.137171564956055,95.3541398817493,131.53387844947076,69.47696587347215,16.183129415888263,40.40830854075885,-1.0252601533749406,-6.115837148029257,5.362676680150846,-15.755245474037638,-2.280879327442076,-11.224524686306191,4.439833169820462,3.64924592747938,-0.1371224081614686,0,0,0,2
GDAXI,2006-01,5674.149902,4.916371393097019,93.70335646598568,99.09636282151745,89.04377758887506,-1.73121315740542,-24.660958842184765,28.163019886385037,16.183129415888263,4.137171564956055,-6.115837148029257,5.362676680150846,-15.755245474037638,-2.280879327442076,3.368087552518118,-0.1700794079723198,0,0,1,2
GDAXI,2006-02,5796.040039,2.148165612562281,96.56065307344709,102.5961035319737,90.61754550252644,3.049300169411317,3.5316540494625848,1.76740919608962,-1.73121315740542,4.916371393097019,16.183129415888263,4.137171564956055,-6.115837148029257,5.362676680150846,2.868696714199109,-0.1130350235591828,0,0,0,2
GDAXI,2006-03,5970.080078,3.002740454326247,91.851620704897,96.4645538330078,86.54391436423025,-4.876761101613781,-5.976396264459504,-4.495411032935781,3.049300169411317,2.148165612562281,-1.73121315740542,4.916371393097019,16.183129415888263,4.137171564956055,2.795578223260232,-0.2070483128844865,0,0,0,2
GDAXI,2006-04,6009.890137,0.666826214722005,89.32775522867838,92.8047290802002,86.14640655517579,-2.7477636832640484,-3.793958098995864,-0.4593134155932654,-4.876761101613781,3.002740454326247,3.049300169411317,2.148165612562281,-1.73121315740542,4.916371393097019,1.7824394498570384,-0.2574359247468661,0,0,0,2
GDAXI,2006-05,5692.859863,-5.27514258618802,84.38873118738974,80.68312811082409,83.90371753323463,-5.529103500524313,-13.06140440203304,-2.603345991576267,-2.7477636832640484,0.666826214722005,-4.876761101613781,3.002740454326247,3.049300169411317,2.148165612562281,3.683534212931683,-0.3560408736700071,0,1,1,2
GDAXI,2006-06,5683.310059,-0.1677505547267532,102.32296142578124,114.45484237670898,90.22701250712076,21.25192544792216,41.85721978887212,7.536370449118013,-5.529103500524313,-5.27514258618802,-2.7477636832640484,0.666826214722005,-4.876761101613781,3.002740454326247,3.505297381914545,0.0020063522291096,0,1,1,2
GDAXI,2006-07,5681.970215,-0.0235750642863186,137.44066902898973,144.6709271092569,133.83614447809035,34.3204566344385,26.40000554375559,48.33267860611912,21.25192544792216,-0.1677505547267532,-5.529103500524313,-5.27514258618802,-2.7477636832640484,0.666826214722005,2.895202371648732,0.7031124281591824,0,1,1,2
GDAXI,2006-08,5859.569824,3.125669482236093,147.491208968624,160.77977629630797,141.31128421906502,7.312638981344266,11.134821286439632,5.585292201986869,34.3204566344385,-0.0235750642863186,21.25192544792216,-0.1677505547267532,-5.529103500524313,-5.27514258618802,3.059165630581714,0.9037660328213402,0,0,0,2
GDAXI,2006-09,6004.330078,2.470492857804696,113.61922556559244,117.84904912312824,111.18667894999186,-22.965425288660548,-26.70157165417424,-21.317904961059643,7.312638981344266,3.125669482236093,34.3204566344385,-0.0235750642863186,21.25192544792216,-0.1677505547267532,2.9687669639865897,0.2275301681119277,0,0,0,2
GDAXI,2006-10,6268.919922,4.406650543238166,112.73245288479713,100.46679675194524,124.12324234747118,-0.7804776668569935,-14.749590684454382,11.634993975580254,-22.965425288660548,2.470492857804696,7.312638981344266,3.125669482236093,34.3204566344385,-0.0235750642863186,3.4559456548590264,0.2098262302154349,0,0,0,2
GDAXI,2006-11,6309.189941,0.6423757122606899,87.80542017618815,84.66829687754313,86.73696505228678,-22.11167420803153,-15.7250956387203,-30.12028737577213,-0.7804776668569935,4.406650543238166,-22.965425288660548,2.470492857804696,7.312638981344266,3.125669482236093,1.8718536845689429,-0.2878285223207669,0,0,1,2
GDAXI,2006-12,6596.919922,4.560490073855594,91.50775527954102,79.05746866041615,96.69359145625944,4.216522278378543,-6.626834865052256,11.479103975992969,-22.11167420803153,0.6423757122606899,-0.7804776668569935,4.406650543238166,-22.965425288660548,2.470492857804696,1.9019432565975525,-0.2139134004848321,0,0,1,2
GDAXI,2007-01,6789.109863,2.9133283907095464,97.40868709933372,96.73051378803868,95.33105973274478,6.448559252455,22.35468125539841,-1.4091230897458562,4.216522278378543,4.560490073855594,-22.11167420803153,0.6423757122606899,-0.7804776668569935,4.406650543238166,1.4334231376020865,-0.0961044819970039,0,0,0,2
GDAXI,2007-02,6715.439941,-1.0851190139298583,95.05105536324638,89.62849848611015,97.72646740504672,-2.420350593251641,-7.342063040718328,2.5127253164051178,6.448559252455,2.9133283907095464,4.216522278378543,4.560490073855594,-22.11167420803153,0.6423757122606899,2.19808228036384,-0.1431733269698287,0,1,0,2
GDAXI,2007-03,6917.029785,3.001885889399847,86.13590178951141,82.20472852645382,85.6678963938067,-9.379331496809671,-8.282823080882917,-12.339104575693804,-2.420350593251641,-1.0851190139298583,6.448559252455,2.9133283907095464,4.216522278378543,4.560490073855594,2.2160854039272464,-0.3211595557128524,0,0,0,2
GDAXI,2007-04,7408.870117,7.110571260898513,75.71304588317871,82.1852602005005,68.55693855285645,-12.100478069879417,-0.023682732492769,-19.97359403141277,-9.379331496809671,3.001885889399847,-2.420350593251641,-1.0851190139298583,6.448559252455,2.9133283907095464,2.8797143739029094,-0.5292462476757941,0,0,1,2
GDAXI,2007-05,7883.040039,6.400030159956449,91.82276621172504,103.15781870195944,82.37121458976499,21.277337532296347,25.518637344815765,20.15007718913517,-12.100478069879417,7.110571260898513,-9.379331496809671,3.001885889399847,-2.420350593251641,-1.0851190139298583,2.9524307969883603,-0.2076243772651489,0,0,1,2
GDAXI,2007-06,8007.319824,1.5765464133779217,98.5847110748291,110.01365140279134,88.00655695597331,7.364126721593589,6.645965169775048,6.841397682763484,21.277337532296347,6.400030159956449,-12.100478069879417,7.110571260898513,-9.379331496809671,3.001885889399847,3.051763336964372,-0.0726257981382684,0,0,1,2
GDAXI,2007-07,7584.140137,-5.2849105106507865,113.9830302576865,129.01673864549207,104.86104534518334,15.619378517191729,17.2733901660304,19.151400727609147,7.364126721593589,1.5765464133779217,21.277337532296347,6.400030159956449,-12.100478069879417,7.110571260898513,4.674099121790069,0.2347933324095797,0,1,0,2
GDAXI,2007-08,7638.169922,0.7124048873571098,83.12109104279548,100.07418700187436,73.35449858634702,-27.075906953096485,-22.433175685168337,-30.045997210043584,15.619378517191729,-5.2849105106507865,7.364126721593589,1.5765464133779217,21.277337532296347,6.400030159956449,4.49457016941752,-0.3813486248908387,0,0,1,2
GDAXI,2007-09,7861.509766,2.923996798719042,92.71907399495444,90.46699282328288,93.58469161987304,11.546988654440726,-9.600072172868655,27.578667189324,-27.075906953096485,0.7124048873571098,15.619378517191729,-5.2849105106507865,7.364126721593589,1.5765464133779217,4.492085536457536,-0.1897300761955621,0,0,1,2
GDAXI,2007-10,8019.220215,2.006108924294381,100.96206135903635,95.91243030178931,103.749514179845,8.890282235271773,6.019253330486496,10.861629593502276,11.546988654440726,2.923996798719042,-27.075906953096485,0.7124048873571098,15.619378517191729,-5.2849105106507865,3.8178920352233847,-0.0251632829962064,0,0,0,2
GDAXI,2007-11,7870.52002,-1.8542974380707955,89.11012655893961,80.4546085993449,95.28441146214804,-11.738998432242251,-16.116598916121973,-8.159173355764459,8.890282235271773,2.006108924294381,11.546988654440726,2.923996798719042,-27.075906953096485,0.7124048873571098,3.063817392102343,-0.2617807636633019,0,1,1,2
GDAXI,2007-12,8067.319824,2.5004676120498504,94.64804052537488,85.06247354322865,97.48771335232642,6.2146853340762975,5.727285265696103,2.3123424454939867,-11.738998432242251,-1.8542974380707955,8.890282235271773,2.006108924294381,11.546988654440726,2.923996798719042,3.1791464765936697,-0.1512193006624815,0,0,0,2
GDAXI,2008-01,6851.75,-15.067827364222277,80.78886364352319,81.53163952981272,76.77330804640248,-14.642856634877798,-4.150871549275559,-21.24822153850388,6.2146853340762975,2.5004676120498504,-11.738998432242251,-1.8542974380707955,8.890282235271773,2.006108924294381,6.8842771683383,-0.4279102859922885,0,1,1,2
GDAXI,2008-02,6748.129883,-1.51231607983362,81.6396739565093,88.45064189516265,72.8041961275298,1.0531282092792749,8.48627895287195,-5.169911288013928,-14.642856634877798,-15.067827364222277,6.2146853340762975,2.5004676120498504,-11.738998432242251,-1.8542974380707955,6.803097218187839,-0.4109243173567951,0,1,0,2
GDAXI,2008-03,6534.970215,-3.158796165690214,78.19353657384073,84.13256103761735,72.61432629246866,-4.221155249228914,-4.881910142227531,-0.2607951809928011,1.0531282092792749,-1.51231607983362,-14.642856634877798,-15.067827364222277,6.2146853340762975,2.5004676120498504,6.393133039929664,-0.479724589993553,0,1,0,2
GDAXI,2008-04,6948.819824,6.332846139835091,71.86557184855143,70.36499150594075,69.58370641072591,-8.092695384500992,-16.364139355654284,-4.173583969554883,-4.221155249228914,-3.158796165690214,1.0531282092792749,-1.51231607983362,-14.642856634877798,-15.067827364222277,7.238290843819429,-0.6060589899293325,0,0,1,2
GDAXI,2008-05,7096.790039,2.1294294390672874,73.08874597857076,75.19145030360067,71.38500275150422,1.7020307479039154,6.85917626701118,2.588675472596913,-8.092695384500992,6.332846139835091,-4.221155249228914,-3.158796165690214,1.0531282092792749,-1.51231607983362,7.447943684022691,-0.5816389786869506,0,0,1,2
GDAXI,2008-06,6418.319824,-9.560240774653138,86.7860169728597,80.27725048065186,87.26098276774088,18.740602004999385,6.763801145630577,22.23993752791742,1.7020307479039154,2.1294294390672874,-8.092695384500992,6.332846139835091,-4.221155249228914,-3.158796165690214,7.784335055442432,-0.3081803570063219,0,1,1,2
GDAXI,2008-07,6479.560059,0.9541474510354586,89.47498493809854,87.2099857945596,84.52966382426601,3.0983884950956497,8.635989987697258,-3.130057508915207,18.740602004999385,-9.560240774653138,1.7020307479039154,2.1294294390672874,-8.092695384500992,6.332846139835091,5.391644999459824,-0.2544965630721747,0,0,0,2
GDAXI,2008-08,6422.299805,-0.8837058917366969,88.47457368912235,105.41860654277188,75.39880838701802,-1.1180904357439236,20.879054826480868,-10.801954040927797,3.0983884950956497,0.9541474510354586,18.740602004999385,-9.560240774653138,1.7020307479039154,2.1294294390672874,5.381190600594199,-0.2744692336408515,0,1,1,2
GDAXI,2008-09,5831.02002,-9.2066674392819,89.21801058451335,95.21897468566894,82.42706019083658,0.8402831055205118,-9.675362055715087,9.321436179392803,-1.1180904357439236,-0.8837058917366969,3.0983884950956497,0.9541474510354586,18.740602004999385,-9.560240774653138,6.403674381779584,-0.2596269173279952,0,1,0,2
GDAXI,2008-10,4987.970215,-14.45801595790096,64.97080649099043,76.1353960960142,53.63574997071297,-27.17747676132537,-20.041781223387755,-34.929439620272106,0.8402831055205118,-9.2066674392819,-1.1180904357439236,-0.8837058917366969,3.0983884950956497,0.9541474510354586,6.796989091851295,-0.7437092585321883,0,1,1,2
GDAXI,2008-11,4669.439941,-6.385969848859663,79.13092206319173,96.24985440572102,67.7355552037557,21.79458180831557,26.41932575531689,26.28807323611904,-27.17747676132537,-14.45801595790096,0.8402831055205118,-9.2066674392819,-1.1180904357439236,-0.8837058917366969,5.780874247765888,-0.4610101946947942,0,1,1,2
GDAXI,2008-12,4810.200195,3.014499721134767,94.08670757662864,107.55399310204292,87.6594942154423,18.90005212057766,11.744577450134797,29.414299405612443,21.79458180831557,-6.385969848859663,-27.17747676132537,-14.45801595790096,0.8402831055205118,-9.2066674392819,6.695737451270949,-0.1624260099794005,0,0,0,2
GDAXI,2009-01,4338.350098,-9.809365054919516,86.23219754618984,91.03520405677055,87.53845571702526,-8.348161215059768,-15.358601358110413,-0.1380780250905378,18.90005212057766,3.014499721134767,21.79458180831557,-6.385969848859663,-27.17747676132537,-14.45801595790096,6.378405536420657,-0.3192370629107492,0,1,0,2
GDAXI,2009-02,3843.73999,-11.400880445956108,67.12189470018659,63.14009993416922,65.29873490333557,-22.16144710421756,-30.64210643742353,-25.40565815506419,-8.348161215059768,-9.809365054919516,18.90005212057766,3.014499721134767,21.79458180831557,-6.385969848859663,6.03184855281023,-0.7007639435825536,0,1,1,2
GDAXI,2009-03,4084.76001,6.270455874409953,72.05849173761183,73.33846209126133,69.22285332218293,7.35467474432232,16.151957579612763,6.0094861327044,-22.16144710421756,-11.400880445956108,-8.348161215059768,-9.809365054919516,18.90005212057766,3.014499721134767,8.31208126041755,-0.6022074484814606,0,0,1,2
GDAXI,2009-04,4769.450195,15.37892042657657,85.95789963404337,83.50890401204427,85.18863232930501,19.28906303929281,13.86781455565156,23.06431798298285,7.35467474432232,6.270455874409953,-22.16144710421756,-11.400880445956108,-8.348161215059768,-9.809365054919516,10.917481613770072,-0.3247132726620728,0,0,1,2
GDAXI,2009-05,4940.819824,3.593068844280056,91.18033575242563,93.24943800895444,89.41171313870338,6.075574369099579,11.664066379682492,4.957329040186531,19.28906303929281,16.7620663961602,7.35467474432232,6.270455874409953,-22.16144710421756,-11.400880445956108,10.551235390784148,-0.2204501546042201,0,0,0,2
GDAXI,2009-06,4808.640137,-2.675258190107188,81.25230356852214,73.67756567001342,81.75211544036866,-10.88834791183514,-20.988729537503048,-8.566660261226033,6.075574369099579,3.593068844280056,19.28906303929281,16.7620663961602,7.35467474432232,6.270455874409953,10.633014700020544,-0.4186579580523049,0,1,0,2
GDAXI,2009-07,5332.140137,10.886653712594097,81.08385159892421,76.3114563111336,80.97563048331968,-0.2073196231979657,3.5748882542032234,-0.9498041156076996,-10.88834791183514,-2.675258190107188,6.075574369099579,3.593068844280056,19.28906303929281,16.7620663961602,9.973064677195795,-0.4220210106957725,0,0,0,2
GDAXI,2009-08,5464.609863,2.4843631749432937,73.76000755063949,78.4546751206921,65.25164118120748,-9.03243235719934,2.808515147214941,-19.41817458939232,-0.2073196231979657,10.886653712594097,-10.88834791183514,-2.675258190107188,6.075574369099579,3.593068844280056,6.824906363023545,-0.5682376037443344,0,0,1,2
GDAXI,2009-09,5675.160156,3.852979412594526,91.13029925028484,75.68046391805014,96.45980974833172,23.54974230136824,-3.536068689818938,47.82740786619817,-9.03243235719934,2.4843631749432937,-0.2073196231979657,10.886653712594097,-10.88834791183514,-2.675258190107188,6.89237304018534,-0.2214491063600006,0,0,0,2
GDAXI,2009-10,5414.959961,-4.584896070728616,90.38770306494928,89.20428694448164,89.28504986916819,-0.8148729801666255,17.869635473000866,-7.4380821379212865,23.54974230136824,3.852979412594526,-9.03243235719934,2.4843631749432937,-0.2073196231979657,10.886653712594097,5.47710732221819,-0.2362746383504112,0,1,0,2
GDAXI,2009-11,5625.950195,3.89643202386738,81.02965710957845,82.64781697591145,73.95016460418701,-10.353229076577463,-7.349949417398238,-17.175199305428855,-0.8148729801666255,-4.584896070728616,23.54974230136824,3.852979412594526,-9.03243235719934,2.4843631749432937,5.493256493050991,-0.4231029744216385,0,0,1,2
GDAXI,2009-12,5957.430176,5.891982145426722,95.82213678667624,100.3492317199707,92.03632293208952,18.25563652218536,21.41788542245284,24.457225247174776,-10.353229076577463,3.89643202386738,-0.8148729801666255,-4.584896070728616,23.54974230136824,3.852979412594526,5.0323635443178505,-0.1277791025770587,0,0,0,2
GDAXI,2010-01,5608.790039,-5.852190066860119,93.6784295112856,102.653564453125,87.86365244465489,-2.237173316394569,2.296313278794848,-4.53372142052385,18.25563652218536,5.891982145426722,-10.353229076577463,3.89643202386738,-0.8148729801666255,-4.584896070728616,4.915100240006039,-0.170577061167458,0,1,0,2
GDAXI,2010-02,5598.459961,-0.1841765858263899,81.47286292484829,81.01815795898438,80.05752774647304,-13.029217772023904,-21.07613759872904,-8.88436171384852,-2.237173316394569,-5.852190066860119,18.25563652218536,5.891982145426722,-10.353229076577463,3.89643202386738,4.868802925667573,-0.4142546095601225,0,1,0,2
GDAXI,2010-03,6153.549805,9.915045349379437,72.72510971561555,67.32707777330953,73.52030064982753,-10.73701462694614,-16.898779891547267,-8.165661969162553,-13.029217772023904,-0.1841765858263899,-2.237173316394569,-5.852190066860119,18.25563652218536,5.891982145426722,6.160541624463487,-0.5888987803877629,0,0,1,2
GDAXI,2010-04,6135.700195,-0.2900701313166554,88.62468554178874,79.6067726135254,92.83870468139648,21.86256698456273,18.238865024799743,26.2762854080008,-10.73701462694614,9.915045349379437,-13.029217772023904,-0.1841765858263899,-2.237173316394569,-5.852190066860119,5.527166141874534,-0.2714723315320161,0,1,0,2
GDAXI,2010-05,5964.330078,-2.793000172004012,87.13836805282101,83.16650359861312,86.94786573225453,-1.6770919748616664,4.471643389400404,-6.345240349225156,21.86256698456273,-0.2900701313166554,-10.73701462694614,9.915045349379437,-13.029217772023904,-0.1841765858263899,5.792005529149503,-0.3011458578922958,0,1,1,2
GDAXI,2010-06,5965.52002,0.0199509749533977,96.34650853474936,69.67944971720378,111.88416697184245,10.567262949366471,-16.216930251753723,28.67960131002669,-1.6770919748616664,-2.793000172004012,21.86256698456273,-0.2900701313166554,-10.73701462694614,9.915045349379437,5.298390441944195,-0.1173103036801013,0,0,0,2
GDAXI,2010-07,6147.970215,3.058412248862097,79.39271330064342,81.76249122619629,76.34224307152533,-17.59668875597209,17.340896861315503,-31.766714506854075,10.567262949366471,0.0199509749533977,-1.6770919748616664,-2.793000172004012,21.86256698456273,-0.2900701313166554,4.46799617901057,-0.4557836739527096,0,0,1,2
GDAXI,2010-08,5925.220215,-3.6231470259326826,81.61330942953786,84.75737048733619,74.11711311340332,2.79697724964445,3.662901186382084,-2.9146772070048788,-17.59668875597209,3.058412248862097,10.567262949366471,0.0199509749533977,-1.6770919748616664,-2.793000172004012,4.941385713800283,-0.4114506709063362,0,1,0,2
GDAXI,2010-09,6229.02002,5.127232304900908,71.82437750498454,70.37432320912679,69.72902139027913,-11.994283766920088,-16.969671422685785,-5.920483865055792,2.79697724964445,-3.6231470259326826,-17.59668875597209,3.058412248862097,10.567262949366471,0.0199509749533977,3.355004932427416,-0.6068814127621388,0,0,0,2
GDAXI,2010-10,6601.370117,5.977667366687967,65.55662228984218,74.25972569373346,63.16021014798072,-8.726501270000398,5.521051297446489,-9.4204839123329,-11.994283766920088,5.127232304900908,2.79697724964445,-3.6231470259326826,-17.59668875597209,3.058412248862097,4.055827044387906,-0.7320137623286357,0,0,1,2
GDAXI,2010-11,6688.490234,1.3197278058330042,95.60385462443034,80.85895284016927,102.02185897827148,45.83401536726808,8.886683979486731,61.52868829796508,-8.726501270000398,5.977667366687967,-11.994283766920088,5.127232304900908,2.79697724964445,-3.6231470259326826,3.541818647963538,-0.1321369881186469,1,0,1,2
GDAXI,2010-12,6914.189941,3.3744492270121995,97.89414264309792,94.39043466506466,98.9651261606524,2.3956021728043453,16.73467358851721,-2.9961547929352017,45.83401536726808,1.3197278058330042,-8.726501270000398,5.977667366687967,-11.994283766920088,5.127232304900908,3.433651841734537,-0.0864126241122966,0,0,0,2
GDAXI,2011-01,7077.47998,2.3616655080838544,78.83949353618007,77.48969244187877,77.08557048920662,-19.46454465246935,-17.9051429132163,-22.108349193561573,2.3956021728043453,3.3744492270121995,45.83401536726808,1.3197278058330042,-8.726501270000398,5.977667366687967,3.424343830997444,-0.4668284079248787,0,0,1,2
GDAXI,2011-02,7272.319824,2.7529550708810246,88.93610232216972,84.70568302699498,89.67357962472099,12.806536842294957,9.312194122500305,16.329916293837265,-19.46454465246935,2.3616655080838544,2.3956021728043453,3.3744492270121995,45.83401536726808,1.3197278058330042,1.755489138280966,-0.2652550636129752,0,0,1,2
GDAXI,2011-03,7041.310059,-3.17656223310786,136.0791222356981,156.13775290212322,126.68266185637444,53.00774228080458,84.32972537670638,41.27088757528632,12.806536842294957,2.7529550708810246,-19.46454465246935,2.3616655080838544,2.3956021728043453,3.3744492270121995,3.020141107776532,0.6759298813874604,1,1,0,2
GDAXI,2011-04,7514.459961,6.719628847975989,90.6722047805786,111.14294446309408,73.5580285390218,-33.36802641662523,-28.8173792710048,-41.93520450145128,53.00774228080458,-3.17656223310786,12.806536842294957,2.7529550708810246,-19.46454465246935,2.3616655080838544,3.219215051808482,-0.2305947151705158,0,0,1,2
GDAXI,2011-05,7293.689941,-2.937935941448821,104.47366776004914,120.63443325411887,96.0221432101342,15.221272067740331,8.53989323107822,30.539310415579468,-33.36802641662523,6.719628847975989,53.00774228080458,-3.17656223310786,12.806536842294957,2.7529550708810246,3.8635341297371433,0.0449440432519357,0,1,0,2
GDAXI,2011-06,7376.240234,1.1318042536461626,84.53678283691406,97.33198216756185,72.88245728810628,-19.08316741489856,-19.316583547476828,-24.098281030229863,15.221272067740331,-2.937935941448821,-33.36802641662523,6.719628847975989,53.00774228080458,-3.17656223310786,3.754694787213651,-0.3530851024048154,0,0,0,2
GDAXI,2011-07,7158.77002,-2.948252864617862,78.2851328695974,99.24549016644876,60.41787485922536,-7.395183206081024,1.9659601667134647,-17.102308144754364,-19.08316741489856,1.1318042536461626,15.221272067740331,-2.937935941448821,-33.36802641662523,6.719628847975989,4.025698871190627,-0.4778959193920065,0,1,1,2
GDAXI,2011-08,5784.850098,-16.199297081301566,86.39183038280856,111.57653574789724,62.886020106654016,10.35534745366633,12.424791857813933,4.085124233812376,-7.395183206081024,-2.948252864617862,-19.08316741489856,1.1318042536461626,15.221272067740331,-2.937935941448821,8.634845412985467,-0.3160500794966862,0,1,0,2
GDAXI,2011-09,5502.02002,-4.889151373132084,83.14460322062175,93.88602275848388,70.98976675669353,-3.758720179672215,-15.85504772202676,12.886404062931067,10.35534745366633,-19.192122643437003,-7.395183206081024,-2.948252864617862,-19.08316741489856,1.1318042536461626,8.654243269975417,-0.3808792169522968,0,1,0,2
GDAXI,2011-10,6141.339844,11.61972914813203,75.16556069158739,90.5741471321352,63.65037210526005,-9.59658500968753,-3.527549180423029,-10.338665679221236,-3.758720179672215,-4.889151373132084,10.35534745366633,-19.192122643437003,-7.395183206081024,-2.948252864617862,9.96459817521115,-0.5401764939960677,0,0,1,2
GDAXI,2011-11,6088.839844,-0.8548623156116597,83.25008093516031,70.99307772318522,95.16603965759278,10.75561755834511,-21.6188283621196,49.51372083137953,-9.59658500968753,11.61972914813203,-3.758720179672215,-4.889151373132084,10.35534745366633,-19.192122643437003,9.997962020680822,-0.3787734113178923,0,1,1,2
GDAXI,2011-12,5898.350098,-3.1285064294754084,84.81960911904612,77.63644483012538,86.84766141829952,1.885317306908374,9.357767433106437,-8.740910380659695,10.75561755834511,-0.8548623156116597,-9.59658500968753,11.61972914813203,-3.758720179672215,-4.889151373132084,9.836539339180597,-0.347438628350302,0,1,0,2
GDAXI,2012-01,6458.910156,9.503675581923732,77.90155767625377,61.71806113950668,91.26849322165212,-8.156193496580155,-20.503751460347488,5.090329124764548,1.885317306908374,-3.1285064294754084,10.75561755834511,-0.8548623156116597,-9.59658500968753,11.61972914813203,11.13613522644694,-0.4855537910750859,0,0,1,2
GDAXI,2012-02,6856.080078,6.149178613841677,91.4857845964103,77.98118065143454,103.34518873280491,17.437683308734808,26.350664962022897,13.232053126837195,-8.156193496580155,9.503675581923732,1.885317306908374,-3.1285064294754084,10.75561755834511,-0.8548623156116597,6.944716573383809,-0.2143520333138689,0,0,0,2
GDAXI,2012-03,6946.830078,1.3236426495542464,88.0797755333685,86.14695296748992,86.66009946023264,-3.722992679209569,10.47146535592387,-16.145008274851524,17.437683308734808,6.149178613841677,-8.156193496580155,9.503675581923732,1.885317306908374,-3.1285064294754084,5.906864948530805,-0.2823511657103503,0,0,1,2
GDAXI,2012-04,6761.189941,-2.672299954304425,98.3707051595052,88.1813424428304,104.64068247477212,11.683646516830692,2.361533873529132,20.748398774675515,-3.722992679209569,1.3236426495542464,17.437683308734808,6.149178613841677,-8.156193496580155,9.503675581923732,5.094910347052255,-0.0768983107183564,0,1,0,2
GDAXI,2012-05,6264.379883,-7.347967773946618,77.68080416033345,69.08255398658014,79.93533497471964,-21.032583801878506,-21.65853674617435,-23.60969645434864,11.683646516830692,-2.672299954304425,-3.722992679209569,1.3236426495542464,17.437683308734808,6.149178613841677,6.298630594421567,-0.4899610158587595,0,1,0,2
GDAXI,2012-06,6416.279785,2.4248194527956235,77.59097859064738,81.92765919367473,70.51085557937623,-0.115634191299907,18.59384817994694,-11.790129356840753,-21.032583801878506,-7.347967773946618,11.683646516830692,-2.672299954304425,-3.722992679209569,1.3236426495542464,6.037060518300796,-0.4917543348701357,0,0,1,2
GDAXI,2012-07,6772.259766,5.548074475059694,81.20776933239353,89.00009404459307,77.46019707956621,4.661354718603983,8.632536216126097,9.8557044062058,-0.115634191299907,2.4248194527956235,-21.032583801878506,-7.347967773946618,11.683646516830692,-2.672299954304425,5.146906086933191,-0.4195470600372483,0,0,0,2
GDAXI,2012-08,6970.790039,2.931521823730354,74.8681123795048,78.25724669425718,70.49690803404778,-7.806712344159738,-12.070602245603512,-8.989505976038025,4.661354718603983,5.548074475059694,-0.115634191299907,2.4248194527956235,-21.032583801878506,-7.347967773946618,4.63310171130261,-0.5461148889856426,0,0,0,2
GDAXI,2012-09,7216.149902,3.519828622398125,68.97198734283447,65.10240313212077,68.31967938741049,-7.87534886252107,-16.80974493458861,-3.0884030340532886,-7.806712344159738,2.931521823730354,4.661354718603983,5.548074475059694,-0.115634191299907,2.4248194527956235,4.8071864792252965,-0.6638278426431106,0,0,1,2
GDAXI,2012-10,7260.629883,0.6163949142419023,81.94055532640026,86.90206847652313,75.07558896464687,18.8026595770016,33.48519301224788,9.888672836016443,-7.87534886252107,3.519828622398125,-7.806712344159738,2.931521823730354,4.661354718603983,5.548074475059694,4.520035414751088,-0.404917383221224,0,0,0,2
GDAXI,2012-11,7405.5,1.9952830447837355,79.75129572550456,87.46022033691406,73.34758491516114,-2.6717656381202715,0.6422768412488677,-2.301685638855866,18.8026595770016,0.6163949142419023,-7.87534886252107,3.519828622398125,-7.806712344159738,2.931521823730354,1.6513357617340474,-0.4486247694014081,0,0,0,2
GDAXI,2012-12,7612.390137,2.793736236580924,74.97084549934634,85.26028196273312,64.21883093926215,-5.994197564654025,-2.515358829084069,-12.44588214657365,-2.6717656381202715,1.9952830447837355,18.8026595770016,0.6163949142419023,-7.87534886252107,3.519828622398125,1.6396421934866374,-0.5440638777028454,0,0,1,2
GDAXI,2013-01,7776.049805,2.149911723579856,90.2403597062634,109.75873522604664,83.89209476594002,20.367269576878645,28.73372301773727,30.63472744510833,-5.994197564654025,2.793736236580924,-2.6717656381202715,1.9952830447837355,18.8026595770016,0.6163949142419023,1.007309581491717,-0.2392162689713456,0,0,0,2
GDAXI,2013-02,7741.700195,-0.4417359824253286,82.87265164511544,87.37166687420437,78.62591293879917,-8.164537558505069,-20.3966165478642,-6.277327848152503,20.367269576878645,2.149911723579856,-5.994197564654025,2.793736236580924,-2.6717656381202715,1.9952830447837355,1.4510390896218863,-0.3863085833591407,0,1,0,2
GDAXI,2013-03,7795.310059,0.6924817888791956,74.79130831072408,70.25588681620937,79.46081779849145,-9.751520162523589,-19.589622895300696,1.0618698447955044,-8.164537558505069,-0.4417359824253286,20.367269576878645,2.149911723579856,-5.994197564654025,2.793736236580924,1.208887817210648,-0.5476482407603864,0,0,1,2
GDAXI,2013-04,7913.709961,1.5188607137351928,93.84421526590982,83.1100798924764,99.8020144144694,25.47476088535521,18.296250547507608,25.599027520157392,-9.751520162523589,0.6924817888791956,-8.164537558505069,-0.4417359824253286,20.367269576878645,2.149911723579856,1.1619006506831846,-0.1672672380667305,0,0,0,2
GDAXI,2013-05,8348.839844,5.49843101584957,83.38529759068643,96.31220405332505,76.66901059304514,-11.144978564302331,15.885105847484285,-23.178894691799336,25.47476088535521,1.5188607137351928,-9.751520162523589,0.6924817888791956,-8.164537558505069,-0.4417359824253286,2.03898088983887,-0.3760738837796071,0,0,0,2
GDAXI,2013-06,7959.220215,-4.66675174371688,82.57989651362101,85.31224797566732,78.08507897059123,-0.965878998260461,-11.421144584716792,1.8469892419278768,-11.144978564302331,5.49843101584957,25.47476088535521,1.5188607137351928,-9.751520162523589,0.6924817888791956,3.342236451660354,-0.3921532815316291,0,1,0,2
GDAXI,2013-07,8275.969727,3.979655084841749,77.08005560598066,75.28471995938209,75.0804361527966,-6.660023976577866,-11.753913716053145,-3.847909046651865,-0.965878998260461,-4.66675174371688,-11.144978564302331,5.49843101584957,25.47476088535521,1.5188607137351928,3.5668596599872373,-0.5019546364652614,0,0,1,2
GDAXI,2013-08,8103.149902,-2.088212387198352,88.84743185966245,104.4280973249866,78.84740774093136,15.266434567502763,38.71087968624718,5.017247875956099,-6.660023976577866,3.979655084841749,-0.965878998260461,-4.66675174371688,-11.144978564302331,5.49843101584957,3.766640766855094,-0.2670253215330478,0,1,1,2
GDAXI,2013-09,8594.400391,6.062463300583265,98.07846705118816,97.374010403951,98.14722569783528,10.38976028717007,-6.754970263494176,24.47742863064981,15.266434567502763,-2.088212387198352,-6.660023976577866,3.979655084841749,-0.965878998260461,-4.66675174371688,4.326038965936935,-0.0827326868021949,0,0,0,2
GDAXI,2013-10,9033.919922,5.114022049289924,73.56673326799947,80.33374651016727,65.35439909658125,-24.99196257869301,-17.499807005065403,-33.411873201809016,10.38976028717007,6.062463300583265,15.266434567502763,-2.088212387198352,-6.660023976577866,3.979655084841749,4.536880791028816,-0.5720962204687234,0,0,1,2
GDAXI,2013-11,9405.299805,4.110949468298841,76.75024941762288,52.19944121042887,91.32140051523844,4.327385501849101,-35.02177667784688,39.73259914804351,-24.99196257869301,5.114022049289924,10.38976028717007,6.062463300583265,15.266434567502763,-2.088212387198352,4.3747281173916885,-0.508539038988046,0,0,0,2
GDAXI,2013-12,9552.160156,1.5614637921688157,70.2421502144106,68.61865160542149,68.88867827384702,-8.47958052592066,31.45476276039567,-24.564584111528333,4.327385501849101,4.110949468298841,-24.99196257869301,5.114022049289924,10.38976028717007,6.062463300583265,2.9634319409012524,-0.6384697265398416,0,0,1,2
GDAXI,2014-01,9306.480469,-2.571980400115892,78.61989428920131,86.78251980197045,68.41249278283888,11.926947066993351,26.4707448654002,-0.6912391164121345,-8.47958052592066,1.5614637921688157,4.327385501849101,4.110949468298841,-24.99196257869301,5.114022049289924,3.700262514361704,-0.4712125883522027,0,1,0,2
GDAXI,2014-02,9692.080078,4.143345169900026,70.26414687292916,61.49816117967878,73.86041593551636,-10.628031863710918,-29.135312825656825,7.963345481315476,11.926947066993351,-2.571980400115892,-8.47958052592066,1.5614637921688157,4.327385501849101,4.110949468298841,3.1456679006751105,-0.6380305751262079,0,0,1,2
GDAXI,2014-03,9555.910156,-1.404960760787488,119.53876396917528,75.00083989481772,150.81426780454575,70.12768145517792,21.956231627297345,104.18821894560378,-10.628031863710918,4.143345169900026,11.926947066993351,-2.571980400115892,-8.47958052592066,1.5614637921688157,3.201671078782969,0.3457105570013821,1,1,0,2
GDAXI,2014-04,9603.230469,0.4951942015726018,92.7823445002238,61.30099623998006,112.3606637954712,-22.3830484610423,-18.26625365002648,-25.49732500038402,70.12768145517792,-1.404960760787488,-10.628031863710918,4.143345169900026,11.926947066993351,-2.571980400115892,2.780395016231604,-0.1884669147109705,0,0,0,2
GDAXI,2014-05,9943.269531,3.540882030246739,83.18502376925561,75.96359517497402,92.24833537686256,-10.343908404842097,23.91902225796312,-17.89979494533681,-22.3830484610423,0.4951942015726018,70.12768145517792,-1.404960760787488,-10.628031863710918,4.143345169900026,2.6623434790657563,-0.3800722425176376,0,0,1,2
GDAXI,2014-06,9833.070313,-1.1082795015908251,98.1738182067871,105.45366484324136,96.13338797887168,18.01862133153733,38.82131908098889,4.211515130476329,-10.343908404842097,3.540882030246739,-22.3830484610423,0.4951942015726018,70.12768145517792,-1.404960760787488,2.763040850782771,-0.0808290524507526,0,1,1,2
GDAXI,2014-07,9407.480469,-4.328148080435678,136.12800659671908,115.96761592741936,161.79567853866084,38.660193810520525,9.970209285573103,68.30331473828896,18.01862133153733,-1.1082795015908251,-10.343908404842097,3.540882030246739,-22.3830484610423,0.4951942015726018,3.2120724556290323,0.6769058312677037,0,1,0,2
GDAXI,2014-08,9470.169922,0.6663787738552918,132.44592408211,107.58255644767516,154.0424594263877,-2.7048677246242936,-7.230518117223495,-4.791981579669047,38.660193810520525,-4.328148080435678,18.01862133153733,-1.1082795015908251,-10.343908404842097,3.540882030246739,2.6229632688506164,0.6033950414337895,0,0,0,2
GDAXI,2014-09,9474.299805,0.0436093864631503,130.56609942118328,121.00510635375976,142.43847586313885,-1.419314844118058,12.476511387431977,-7.53297734044166,-2.7048677246242936,0.6663787738552918,38.660193810520525,-4.328148080435678,18.01862133153733,-1.1082795015908251,2.573353493105633,0.5658653567986086,0,0,0,2
GDAXI,2014-10,9326.870117,-1.556101147677369,80.79179345407793,74.09397866649013,83.08987451368763,-38.12192153075063,-38.76789096000993,-41.66613058010812,-1.419314844118058,0.0436093864631503,-2.7048677246242936,0.6663787738552918,38.660193810520525,-4.328148080435678,2.612034690366116,-0.4278517939060605,0,1,1,2
GDAXI,2014-11,9980.849609,7.011778697421733,84.14203809102376,77.99142316182454,87.09242757161458,4.1467635433172,5.26013660688609,4.817136963262114,-38.12192153075063,-1.556101147677369,-1.419314844118058,0.0436093864631503,-2.7048677246242936,0.6663787738552918,3.792228147607016,-0.3609659681752187,0,0,1,2
GDAXI,2014-12,9805.549805,-1.756361541024798,85.45243663172567,94.30592924548732,80.33614915417087,1.5573648683008257,20.918333609340344,-7.757595701288888,4.1467635433172,7.011778697421733,-38.12192153075063,-1.556101147677369,-1.419314844118058,0.0436093864631503,3.843150470194215,-0.3348045686568722,0,1,1,2
GDAXI,2015-01,10694.32031,9.063953808554428,108.33973257003292,146.6483586834323,81.6583960748488,26.783666844919374,55.50279802841731,1.645892832304474,1.5573648683008257,-1.756361541024798,4.1467635433172,7.011778697421733,-38.12192153075063,-1.556101147677369,4.626396830151787,0.1221279403002564,0,0,1,2
GDAXI,2015-02,11401.66016,6.614163682179819,112.50795323508126,110.6266494478498,116.82035664149691,3.8473610430540095,-24.56332246673284,43.05982269651534,26.783666844919374,9.063953808554428,1.5573648683008257,-1.756361541024798,4.1467635433172,7.011778697421733,4.852067620859576,0.205344215892678,0,0,0,2
GDAXI,2015-03,11966.16992,4.9511189780980125,103.47884836504537,80.65029876462874,119.2300068024666,-8.025303643352133,-27.09686213298193,2.062697144783177,3.8473610430540095,6.614163682179819,26.783666844919374,9.063953808554428,1.5573648683008257,-1.756361541024798,4.613911251803679,0.0250830110293626,0,0,0,2
GDAXI,2015-04,11454.37988,-4.276974532549504,99.56071904500324,92.08395849863687,107.84801419576009,-3.786405996924136,14.17683493941706,-9.546248391618018,-8.025303643352133,4.9511189780980125,3.8473610430540095,6.614163682179819,26.783666844919374,9.063953808554428,5.350571132405802,-0.0531403258581029,0,1,0,2
GDAXI,2015-05,11413.82031,-0.3540966025652792,74.41008684712071,71.70904147240424,75.1276002699329,-25.261601602650146,-22.12645650603112,-30.3393754347992,-3.786405996924136,-4.276974532549504,-8.025303643352133,4.9511189780980125,3.8473610430540095,6.614163682179819,5.255737268942981,-0.5552591214997333,0,1,1,2
GDAXI,2015-06,10944.96973,-4.107744534835756,85.28621266682943,88.44556840260823,80.42666390736898,14.61646704169861,23.33949330035976,7.053417942802098,-25.261601602650146,-0.3540966025652792,-3.786405996924136,-4.276974532549504,-8.025303643352133,4.9511189780980125,5.694625101806835,-0.3381231403891369,0,1,1,2
GDAXI,2015-07,11308.99023,3.3259160050687298,106.23084825085056,89.69054517438335,118.30285398421748,24.558055668202016,1.4076191653921155,47.09407084256565,14.61646704169861,-4.107744534835756,-25.261601602650146,-0.3540966025652792,-3.786405996924136,-4.276974532549504,4.654144008412575,0.0800252032332923,0,0,0,2
GDAXI,2015-08,10259.45996,-9.280494974837373,80.77308187177104,72.6687409493231,83.29964871560374,-23.96457036562888,-18.978370788097155,-29.58779445277242,24.558055668202016,3.3259160050687298,14.61646704169861,-4.107744534835756,-25.261601602650146,-0.3540966025652792,5.313674590357076,-0.4282253605463964,0,1,1,2
GDAXI,2015-09,9660.44043,-5.838704301546882,96.26670481363932,79.88457260131835,111.3503412882487,19.18166619724222,9.929760111059792,33.674442815976114,-23.96457036562888,-9.280494974837373,24.558055668202016,3.3259160050687298,14.61646704169861,-4.107744534835756,4.38885068635282,-0.118903541894402,0,1,0,2
GDAXI,2015-10,10850.13965,12.315165427711229,86.38631562263735,101.0595084159605,75.2390812904604,-10.263558111944526,26.506915071474868,-32.43030922043458,19.18166619724222,-5.838704301546882,-23.96457036562888,-9.280494974837373,24.558055668202016,3.3259160050687298,7.711741806565328,-0.3161601787066636,0,0,1,2
GDAXI,2015-11,11382.23047,4.903999737920439,146.2837247212728,206.724671681722,112.25876941680907,69.33668679688365,104.55736914021404,49.20273811350009,-10.263558111944526,12.315165427711229,19.18166619724222,-5.838704301546882,-23.96457036562888,-9.280494974837373,8.044579159410855,0.879659261617105,1,0,0,2
GDAXI,2015-12,10743.00977,-5.615952880982212,140.49793341852003,194.36913816390495,108.1629870014806,-3.955184566004821,-5.976806453387384,-3.648518896658426,69.33668679688365,4.903999737920439,-10.263558111944526,12.315165427711229,19.18166619724222,-5.838704301546882,8.228307124933508,0.7641490613996877,0,1,0,2
GDAXI,2016-01,9798.110352,-8.795481324411014,115.96384011545489,110.91858869983304,120.46343551143524,-17.462244964117836,-42.93405334426132,11.37214203393464,-3.955184566004821,-5.615952880982212,69.33668679688365,4.903999737920439,-10.263558111944526,12.315165427711229,8.71284045892268,0.2743391319883859,0,1,0,2
GDAXI,2016-02,9495.400391,-3.0894728690028628,101.22297576378132,113.22725730106748,90.85711604151231,-12.711604183681224,2.0814082006417767,-24.57701736981631,-17.462244964117836,-8.795481324411014,-3.955184566004821,-5.615952880982212,69.33668679688365,4.903999737920439,8.025010051805307,-0.0199542677458014,0,1,1,2
GDAXI,2016-03,9965.509766,4.950916819111528,105.2873266896894,122.0475801037204,93.74349009606146,4.015245447232085,7.78992886774601,3.1768277272089085,-12.711604183681224,-3.0894728690028628,-17.462244964117836,-8.795481324411014,-3.955184566004821,-5.615952880982212,7.937692599217863,0.0611883045730654,0,0,0,2
GDAXI,2016-04,10038.96973,0.7371420602148238,83.62793006896973,90.3290501912435,79.78639167149862,-20.571703453499047,-25.98865941096199,-14.888605502377429,4.015245447232085,4.950916819111528,-12.711604183681224,-3.0894728690028628,-17.462244964117836,-8.795481324411014,5.649656021269982,-0.3712298573225143,0,0,1,2
GDAXI,2016-05,10262.74023,2.229018574797492,84.68827352216167,88.0693675010435,82.82368420016381,1.2679298080407353,-2.5016123665817624,3.806780160168821,-20.571703453499047,0.7371420602148238,4.015245447232085,4.950916819111528,-12.711604183681224,-3.0894728690028628,5.1606093110446505,-0.3500606726477829,0,0,1,2
GDAXI,2016-06,9680.089844,-5.677337367429391,88.54716021219889,97.87790400187174,80.03160365422566,4.556577350732516,11.137285050573364,-3.3711136770858907,1.2679298080407353,2.229018574797492,-20.571703453499047,0.7371420602148238,4.015245447232085,4.950916819111528,5.170221419489229,-0.273020082889481,0,1,1,2
GDAXI,2016-07,10337.5,6.791364198003613,112.01366116923673,143.21993846278036,94.82303280984202,26.501697966147653,46.32509750110867,18.481985216143254,4.556577350732516,-5.677337367429391,1.2679298080407353,2.229018574797492,-20.571703453499047,0.7371420602148238,4.73369366961296,0.1954759416145478,0,0,0,2
GDAXI,2016-08,10592.69043,2.4685894074969905,98.61115221823415,123.22047128985004,80.60763149876749,-11.96506641342012,-13.964164059550775,-14.9915066939296,26.501697966147653,6.791364198003613,4.556577350732516,-5.677337367429391,1.2679298080407353,2.229018574797492,4.299574583315149,-0.0720979149829873,0,0,1,2
GDAXI,2016-09,10511.01953,-0.7710118646410913,103.71691958109538,119.65013109842936,94.2956667582194,5.177677420867943,-2.897521940994874,16.98106619056434,-11.96506641342012,2.4685894074969905,26.501697966147653,6.791364198003613,4.556577350732516,-5.677337367429391,4.122895124060896,0.0298359743481151,0,1,0,2
GDAXI,2016-10,10665.00977,1.4650361895008457,86.16627822383758,100.4282025367983,80.40413419661984,-16.921676258939698,-16.065112829519823,-14.731888578950723,5.177677420867943,-0.7710118646410913,-11.96506641342012,2.4685894074969905,26.501697966147653,6.791364198003613,4.125629687349887,-0.320553106598582,0,0,0,2
GDAXI,2016-11,10640.29981,-0.2316918646385835,83.57939580281575,85.52786210378011,80.94508310953776,-3.0021981619094418,-14.836808841180336,0.6727874360229924,-16.921676258939698,1.4650361895008457,5.177677420867943,-0.7710118646410913,-11.96506641342012,2.4685894074969905,4.111356403260198,-0.3721988177477174,0,1,1,2
GDAXI,2016-12,11481.05957,7.901654793691382,101.61987716920916,112.50576536117062,94.95736854307113,21.58484300240133,31.54282428415589,17.310854341296356,-3.0021981619094418,-0.2316918646385835,-16.921676258939698,1.4650361895008457,5.177677420867943,-0.7710118646410913,3.6243610754859006,-0.0120303454318856,0,0,1,2
GDAXI,2017-01,11535.30957,0.4725173636565216,104.88912440884498,102.22949655594364,108.44574915978215,3.217133626516944,-9.133993064477783,14.204669762508138,21.58484300240133,7.901654793691382,-3.0021981619094418,-0.2316918646385835,-16.921676258939698,1.4650361895008457,3.170077846571055,0.0532384109836636,0,0,1,2
GDAXI,2017-02,11834.41016,2.592913421048304,113.19088404519218,94.91658476420812,125.99899278368268,7.91479544055298,-7.153426396591556,16.186197946807358,3.217133626516944,0.4725173636565216,21.58484300240133,7.901654793691382,-3.0021981619094418,-0.2316918646385835,3.1750640880209327,0.2189785608738084,0,0,0,2
GDAXI,2017-03,12312.87012,4.042955698942929,98.49747651623142,99.26259293094758,97.23793039014262,-12.981087348955,4.578765847439437,-22.826422464279197,7.91479544055298,2.592913421048304,3.217133626516944,0.4725173636565216,21.58484300240133,7.901654793691382,2.964912414108615,-0.0743673890118802,0,0,1,2
GDAXI,2017-04,12438.00977,1.016332088135452,115.10228830973308,101.26866887410482,124.87095286051432,16.858108837707487,2.020978783571348,28.417945918327536,-12.981087348955,4.042955698942929,7.91479544055298,2.592913421048304,3.217133626516944,0.4725173636565216,3.007858485534038,0.2571387152486297,0,0,0,2
GDAXI,2017-05,12615.05957,1.4234576373065355,101.37748035307854,98.86025521063036,100.89005654858003,-11.924009642381684,-2.378241651885993,-19.20454338065464,16.858108837707487,1.016332088135452,-12.981087348955,4.042955698942929,7.91479544055298,2.592913421048304,2.7581820396026737,-0.0168696670213093,0,0,1,2
GDAXI,2017-06,12325.12012,-2.298359737353184,126.94453862508138,146.7019323984782,113.13888193766276,25.21966237763813,48.393236580177735,12.140765708843391,-11.924009642381684,1.4234576373065355,16.858108837707487,1.016332088135452,-12.981087348955,4.042955698942929,2.138859992933015,0.4935628504053606,0,1,0,2
GDAXI,2017-07,12118.25,-1.6784430333000255,101.5980480563256,69.98286450293756,124.43094007430538,-19.96658607237466,-43.81668896391011,9.9807050796775,25.21966237763813,-2.298359737353184,-11.924009642381684,1.4234576373065355,16.858108837707487,1.016332088135452,2.445175916139662,-0.0124661518873564,0,1,1,2
GDAXI,2017-08,12055.83984,-0.5150096754894418,137.11038946336316,109.75087941077447,156.3583743187689,34.9537634693037,56.82536030826179,25.65875836459781,-19.96658607237466,-1.6784430333000255,25.21966237763813,-2.298359737353184,-11.924009642381684,1.4234576373065355,2.3284707908433764,0.6965185749147532,0,1,0,2
GDAXI,2017-09,12828.86035,6.412000493198322,118.73107655843098,86.45641419092814,146.35588200887045,-13.40475581527194,-21.22485518558812,-6.397158037411099,34.9537634693037,-0.5150096754894418,-19.96658607237466,-1.6784430333000255,25.21966237763813,-2.298359737353184,3.142277581142193,0.3295855138316133,0,0,0,2
GDAXI,2017-10,13229.57031,3.123503951775408,91.91498454924552,71.24007597277242,109.52413552807224,-22.585571348701183,-17.60001078063723,-25.16588057497128,-13.40475581527194,6.412000493198322,34.9537634693037,-0.5150096754894418,-19.96658607237466,-1.6784430333000255,3.295161654149108,-0.2057832879355632,0,0,1,2
GDAXI,2017-11,13023.98047,-1.554017516688333,93.25364055633544,80.09026870727538,105.41860446929932,1.45640671502556,12.423053476087633,-3.748517200321233,-22.585571348701183,3.123503951775408,-13.40475581527194,6.412000493198322,34.9537634693037,-0.5150096754894418,3.453120999018735,-0.1790577433540232,0,1,0,2
GDAXI,2017-12,12917.63965,-0.8165001494355062,84.61367348701724,64.52695954230524,98.77827345940376,-9.265018521286285,-19.432209950316203,-6.29901244028458,1.45640671502556,-1.554017516688333,-22.585571348701183,3.123503951775408,-13.40475581527194,6.412000493198322,3.253143638943328,-0.3515500220807048,0,1,1,2
GDAXI,2018-01,13189.48047,2.104415569449647,91.99991103141538,75.9898567199707,106.7695834867416,8.729366354164325,17.76450844572981,8.09014953133611,-9.265018521286285,-0.8165001494355062,1.45640671502556,-1.554017516688333,-22.585571348701183,3.123503951775408,3.0289350672329034,-0.2040877765619447,0,0,0,2
GDAXI,2018-02,12435.84961,-5.713878281363427,65.82219927651542,53.66386883599417,76.22563787869045,-28.45406203269154,-29.380221055357104,-28.60734734611382,8.729366354164325,2.104415569449647,-9.265018521286285,-0.8165001494355062,1.45640671502556,-1.554017516688333,4.217147887751145,-0.7267116611468718,0,1,1,2
GDAXI,2018-03,12096.73047,-2.726947901712351,109.2456529678837,64.72115756619361,142.5100219480453,65.97083380479091,20.60471779251023,86.95812316433921,-28.45406203269154,-5.713878281363427,8.729366354164325,2.104415569449647,-9.265018521286285,-0.8165001494355062,3.229717121681759,0.1402141520319168,1,1,1,2
GDAXI,2018-04,12612.11035,4.260489074119223,122.0270450592041,94.80569979349772,144.06638272603354,11.699680256456425,46.483319147274415,1.092106194858089,65.97083380479091,-2.726947901712351,-28.45406203269154,-5.713878281363427,8.729366354164325,2.104415569449647,3.534161510565947,0.3953877458017615,0,0,1,2
GDAXI,2018-05,12604.88965,-0.0572521156223637,122.07622054315382,62.3412499273977,166.9032696139428,0.0402988402496085,-34.24314143222706,15.851641761102208,11.699680256456425,4.260489074119223,65.97083380479091,-2.726947901712351,-28.45406203269154,-5.713878281363427,3.5180914225112754,0.3963695077941304,0,1,0,2
GDAXI,2018-06,12306.0,-2.371219886086029,103.35734113057454,56.24654754002889,136.8462231318156,-15.333763880707776,-9.776355774814691,-18.008662473569824,0.0402988402496085,-0.0572521156223637,11.699680256456425,4.260489074119223,65.97083380479091,-2.726947901712351,3.6030362178698936,0.0226571846821675,0,1,1,2
GDAXI,2018-07,12805.5,4.058995611896643,109.5580127469955,85.10936841657085,127.5609563396823,5.999256123072527,51.3148311120806,-6.785183090650127,-15.333763880707776,-2.371219886086029,0.0402988402496085,-0.0572521156223637,11.699680256456425,4.260489074119223,3.981312157420932,0.1464502464115924,0,0,1,2
GDAXI,2018-08,12364.05957,-3.447272109640398,113.0449313502158,67.86267332876882,146.81783097790134,3.182714359079064,-20.264155883976787,15.096213755986486,5.999256123072527,4.058995611896643,-15.333763880707776,-2.371219886086029,0.0402988402496085,-0.0572521156223637,3.451368893812269,0.2160646941031607,0,1,0,2
GDAXI,2018-09,12246.73047,-0.948952885059573,73.96346220970153,49.602893877029416,88.1794579188029,-34.571624462700555,-26.906955703436157,-39.93954458292232,3.182714359079064,-3.447272109640398,5.999256123072527,4.058995611896643,-15.333763880707776,-2.371219886086029,3.2454575111725763,-0.5641757412999974,0,1,1,2
GDAXI,2018-10,11447.50977,-6.525992402280734,92.58265267649004,61.918164991563366,115.57533417978594,25.17349771161239,24.8277270779095,31.06832011397669,-34.571624462700555,-0.948952885059573,3.182714359079064,-3.447272109640398,5.999256123072527,4.058995611896643,3.5520393607893235,-0.1924536541791385,0,1,0,2
GDAXI,2018-11,11257.24023,-1.6621041940373171,79.83305384318034,48.951593685150144,103.46333103179931,-13.771045076727717,-20.94146573655724,-10.479747459908284,25.17349771161239,-6.525992402280734,-34.571624462700555,-0.948952885059573,3.182714359079064,-3.447272109640398,3.476905930735001,-0.446992512714646,0,1,1,2
GDAXI,2018-12,10558.95996,-6.202943667659467,86.58019570381411,64.75931516770393,99.9929014944261,8.45156427798377,32.292557386848046,-3.3542603961847828,-13.771045076727717,-1.6621041940373171,25.17349771161239,-6.525992402280734,-34.571624462700555,-0.948952885059573,3.922592632921966,-0.3122894675414957,0,1,1,2
GDAXI,2019-01,11173.09961,5.816289220969817,87.5074286307058,54.891605531015706,113.59607076644896,1.0709526807535674,-15.237513879098808,13.60413496230144,8.45156427798377,-6.202943667659467,-13.771045076727717,-1.6621041940373171,25.17349771161239,-6.525992402280734,4.5254846734191565,-0.2937777626719332,0,0,1,2
GDAXI,2019-02,11515.63965,3.0657566114726587,98.55523300170898,57.736959321158274,130.96962765284948,12.624990293825844,5.183586383777472,15.294153018831214,1.0709526807535674,5.816289220969817,8.45156427798377,-6.202943667659467,-13.771045076727717,-1.6621041940373171,4.919459839334424,-0.0732143119559909,0,0,0,2
GDAXI,2019-03,11526.04004,0.090315347788783,79.65598315577353,67.75160512616557,85.8987022830594,-19.17630273940678,17.345294803804002,-34.41326525662569,12.624990293825844,3.0657566114726587,1.0709526807535674,5.816289220969817,8.45156427798377,-6.202943667659467,4.943080772014928,-0.450527633406826,0,0,0,2
GDAXI,2019-04,12344.08008,7.097320824507558,78.96416734059652,57.763711071014406,93.91384995778402,-0.8685045212788456,-14.741929783880291,9.330929876347316,-19.17630273940678,0.090315347788783,12.624990293825844,3.0657566114726587,1.0709526807535674,5.816289220969817,4.972483629802267,-0.4643393627180184,0,0,1,2
GDAXI,2019-05,11726.83984,-5.00029354961864,105.1034455453196,63.40447973435925,133.1031727944651,33.10270858929771,9.765246309071296,41.72901319059692,-0.8685045212788456,7.097320824507558,-19.17630273940678,0.090315347788783,12.624990293825844,3.0657566114726587,5.534267826895868,0.0575172167838708,0,1,0,2
GDAXI,2019-06,12398.79981,5.730102731581255,103.3317710240682,51.50454092025757,138.8043354034424,-1.685648374379367,-18.768293445444108,4.283265747376963,33.10270858929771,-5.00029354961864,-0.8685045212788456,7.097320824507558,-19.17630273940678,0.090315347788783,4.569640376636859,0.0221466913083878,0,0,0,2
GDAXI,2019-07,12189.04004,-1.691774794450851,93.06078184804608,47.329337519984094,126.32542345600744,-9.939817225846037,-8.10647629446455,-8.990289756558633,-1.685648374379367,5.730102731581255,33.10270858929771,-5.00029354961864,-0.8685045212788456,7.097320824507558,4.606292689808719,-0.1829080633608263,0,1,1,2
GDAXI,2019-08,11939.28027,-2.049052010497787,106.01592488442698,74.11447860348609,125.86253258489792,13.921162899248628,56.59310374287909,-0.3664273259061712,-9.939817225846037,-1.691774794450851,-1.685648374379367,5.730102731581255,33.10270858929771,-5.00029354961864,4.740685428444389,0.0757343742372348,0,1,0,2
GDAXI,2019-09,12428.08008,4.094047538428391,92.55197461446126,70.08315865198772,112.63771381378174,-12.699931906120154,-5.439314999523937,-10.507351552135392,13.921162899248628,-2.049052010497787,-9.939817225846037,-1.691774794450851,-1.685648374379367,5.730102731581255,4.916866768349483,-0.1930661251276743,0,0,1,2
GDAXI,2019-10,12866.79004,3.5299898067602475,95.20806701721683,69.20361838802215,118.00913903021043,2.8698387190764008,-1.2549951812718674,4.768762641355617,-12.699931906120154,4.094047538428391,13.921162899248628,-2.049052010497787,-9.939817225846037,-1.691774794450851,4.256127906525717,-0.1400386740524366,0,0,0,2
GDAXI,2019-11,13236.37988,2.87243235376522,73.70891914367675,52.628954823811846,86.17964719136556,-22.58122504435712,-23.95057361202817,-26.97205665630397,2.8698387190764008,3.5299898067602475,-12.699931906120154,4.094047538428391,13.921162899248628,-2.049052010497787,3.2057887334184736,-0.5692575562120714,0,0,0,2
GDAXI,2019-12,13249.00977,0.0954180079032251,72.31251805828464,60.52569272441249,79.17934866874448,-1.8944804802661477,15.004550113215975,-8.122913879046889,-22.58122504435712,2.87243235376522,2.8698387190764008,3.5299898067602475,-12.699931906120154,4.094047538428391,2.709977946620731,-0.597135950111402,0,0,1,2
GDAXI,2020-01,12981.96973,-2.015547158887787,139.8703630508915,84.9525350447624,191.54257983546103,93.42482713456964,40.35780710775339,104.18821894560378,-1.8944804802661477,0.0954180079032251,-22.58122504435712,2.87243235376522,2.8698387190764008,3.5299898067602475,2.7800055415576748,0.7516199577694204,1,1,0,2
GDAXI,2020-02,11890.34961,-8.408740296762351,75.72699855935984,56.10202249987372,87.16311290346343,-39.28844654475468,-33.960743525413385,-44.52829942694827,93.42482713456964,-2.015547158887787,-1.8944804802661477,0.0954180079032251,-22.58122504435712,2.87243235376522,4.738073186292657,-0.5289676900274246,1,1,1,2
GDAXI,2020-03,9935.839844,-16.199297081301566,82.76741433912709,64.03543063132993,98.19669649677893,9.297101316181845,14.141037663079016,12.658546976787765,-45.859153499296525,-8.408740296762351,93.42482713456964,-2.015547158887787,-1.8944804802661477,0.0954180079032251,7.701608307631115,-0.3884095893666116,0,1,0,2
GDAXI,2020-04,10861.63965,9.317781088823264,69.76431941986084,47.72460098266602,82.26346549987792,-15.71040369340041,-25.47157017272198,-16.225831993669605,9.297101316181845,-16.437782151974922,-45.859153499296525,-8.408740296762351,93.42482713456964,-2.015547158887787,8.995987448726023,-0.6480093604222856,0,0,0,2
GDAXI,2020-05,11586.84961,6.6768000354348045,69.50140085527974,42.10684902437272,85.36720494301089,-0.3768668092335003,-11.771186856719284,3.772925714073616,-15.71040369340041,9.317781088823264,9.297101316181845,-16.437782151974922,-45.859153499296525,-8.408740296762351,9.560755721292486,-0.6532583876419832,0,0,1,2
GDAXI,2020-06,12310.92969,6.249154035580862,71.60573234558106,51.32019710540772,86.46775321960449,3.027754065969246,21.88087756388999,1.289193288369117,-0.3768668092335003,6.6768000354348045,-15.71040369340041,9.317781088823264,9.297101316181845,-16.437782151974922,10.117982205803465,-0.6112465453460343,0,0,0,2
GDAXI,2020-07,12313.36035,0.0197439191125692,68.53134112204275,36.44394225458945,92.3572107745755,-4.293498750492198,-28.98713506548618,6.811160618471734,3.027754065969246,6.249154035580862,-0.3768668092335003,6.6768000354348045,-15.71040369340041,9.317781088823264,10.101966102968811,-0.6726251065825277,0,0,0,2
GDAXI,2020-08,12945.37988,5.132794883242409,64.93029563657699,27.294767964270807,89.9976692199707,-5.254596548829982,-25.104787584187527,-2.5547994951514386,-4.293498750492198,0.0197439191125692,3.027754065969246,6.249154035580862,-0.3768668092335003,6.6768000354348045,9.454993679306456,-0.7445180358729901,0,0,1,2
GDAXI,2020-09,12760.73047,-1.426373051325247,83.04108727773031,49.94818175633748,105.76334724426268,27.8926677656324,82.9954437484879,17.517873697104093,-5.254596548829982,5.132794883242409,-4.293498750492198,0.0197439191125692,3.027754065969246,6.249154035580862,4.157575823083371,-0.3829458568747211,0,1,0,2
GDAXI,2020-10,11556.48047,-9.437155677185928,76.71051840628347,43.048690057569935,98.63585779743808,-7.62341761045866,-13.813299015418378,-6.739092164285898,27.8926677656324,-1.426373051325247,-5.254596548829982,5.132794883242409,-4.293498750492198,0.0197439191125692,6.203161356885189,-0.5093322471828304,0,1,0,2
GDAXI,2020-11,13291.16016,15.010449716962992,70.364892578125,62.07505849202474,79.94887498219808,-8.272171743840929,44.197322633999846,-18.94542535800341,-7.62341761045866,-9.437155677185928,27.8926677656324,-1.426373051325247,-5.254596548829982,5.132794883242409,8.264535260637947,-0.6360192415040153,0,0,0,2
GDAXI,2020-12,13718.78027,3.2173271923013225,62.28910067773634,29.27726056498866,85.56250313789614,-11.4770187297909,-43.81668896391011,7.021522387836021,-8.272171743840929,15.010449716962992,-7.62341761045866,-9.437155677185928,27.8926677656324,-1.426373051325247,8.086946964878848,-0.797248067522034,0,0,1,2
GDAXI,2021-01,13432.87012,-2.084078499494768,74.98195703567997,47.25387308674474,95.04665202479208,20.37733121820517,61.40127926877659,11.08446870892834,-11.4770187297909,3.2173271923013225,-8.272171743840929,15.010449716962992,-7.62341761045866,-9.437155677185928,8.238647587155185,-0.5438420418778978,0,1,0,2
GDAXI,2021-02,13786.29004,2.631008242042032,72.32457787649972,46.01375893184117,91.3971277645656,-3.544024808415902,-2.624365102574921,-3.8397188985410335,20.37733121820517,-2.084078499494768,-11.4770187297909,3.2173271923013225,-8.272171743840929,15.010449716962992,8.094364795306864,-0.5968951823505692,0,0,1,2
GDAXI,2021-03,15008.33984,8.864239737117853,77.55295372009277,49.825385385944,99.19816903145085,7.229044395559336,8.283666760954866,8.535324312357284,-3.544024808415902,2.631008242042032,20.37733121820517,-2.084078499494768,-11.4770187297909,3.2173271923013225,8.477588160199046,-0.4925134808851181,0,0,1,2
GDAXI,2021-04,15135.91016,0.8499962111732096,84.63264045715331,65.75086024602254,105.25555461247762,9.128842161979843,31.96257236491182,6.106348171715048,7.229044395559336,8.864239737117853,-3.544024808415902,2.631008242042032,20.37733121820517,-2.084078499494768,6.179929564760368,-0.3511713567602164,0,0,1,2
GDAXI,2021-05,15421.12988,1.8843909417073368,90.02756192607265,52.68410350430396,115.80485919214064,6.3745163092844725,-19.87313427204783,10.02256329226774,9.128842161979843,0.8499962111732096,7.229044395559336,8.864239737117853,-3.544024808415902,2.631008242042032,3.609115796204853,-0.2434646617856457,0,0,0,2
GSPTSE,2000-07,10406.29981,2.0675769702319657,51.13137294400123,40.80166629052931,56.5029530679026,-20.264885157915803,-21.61971460324582,-22.58825043151742,-19.521279515661185,10.197795071335936,60.478668524912834,-1.0227182699177215,-2.0144699660817,-1.2132310751634343,4.619999311944395,-1.020006078838822,0,0,0,2
GSPTSE,2000-08,11247.90039,8.087414310235985,47.5130286985828,41.88413973777525,50.82666443240258,-7.076563833678429,2.6530128439808287,-10.046003487071763,-20.264885157915803,2.0675769702319657,-19.521279515661185,10.197795071335936,60.478668524912834,-1.0227182699177215,4.702143826169859,-1.092244368533953,0,0,1,2
GSPTSE,2000-09,10377.90039,-7.734776890213912,52.75809377034505,36.65586573282878,63.30135205586751,11.039214328003254,-12.482705954280584,24.54358900544371,-7.076563833678429,8.087414310235985,-20.264885157915803,2.0675769702319657,-19.521279515661185,10.197795071335936,6.603882134055583,-0.9875294756368682,0,1,1,2
GSPTSE,2000-10,9639.599609,-7.1141633013881656,74.84650722626716,74.61284114468482,80.27979493910267,41.86734560970407,103.54952653010729,26.82161175364879,11.039214328003254,-7.734776890213912,-7.076563833678429,8.087414310235985,-20.264885157915803,2.0675769702319657,7.507509088308701,-0.5465462242076752,0,1,0,2
GSPTSE,2000-11,8819.900391,-8.503457106607314,45.440477244059245,47.08891073862711,44.53256746927897,-39.28844654475468,-36.88899924435919,-44.52829942694827,41.86734560970407,-7.1141633013881656,11.039214328003254,-7.734776890213912,-7.076563833678429,8.087414310235985,8.425241051539,-1.1336217395703077,0,1,1,2
GSPTSE,2000-12,8933.700195,1.2902617825040652,46.01157077666252,44.53382098290228,46.60758584545505,1.2567947504951382,-5.426096538752367,4.659552534462641,-39.28844654475468,-8.503457106607314,41.86734560970407,-7.1141633013881656,11.039214328003254,-7.734776890213912,6.789149903067766,-1.1222201654653985,0,0,1,2
GSPTSE,2001-01,9321.900391,4.345346133478567,47.34544200281943,39.250703688590754,53.58126591097924,2.8989908486964038,-11.863157433402929,14.962542983127358,1.2567947504951382,1.2902617825040652,-39.28844654475468,-8.503457106607314,41.86734560970407,-7.1141633013881656,7.116822471447123,-1.0955901464523845,0,0,1,2
GSPTSE,2001-02,8078.700195,-13.3363385560338,56.3363071169172,45.95857455049242,65.78157465798515,18.989927506775352,17.089810453134604,22.769728448140224,2.8989908486964038,4.345346133478567,1.2567947504951382,1.2902617825040652,-39.28844654475468,-8.503457106607314,6.6398115117936,-0.916092377674739,0,1,1,2
GSPTSE,2001-03,7608.0,-5.826434743689612,61.72149381329936,57.44915543833086,65.804611175291,9.558998400811111,25.00203933699969,0.0350197109534544,18.989927506775352,-13.3363385560338,2.8989908486964038,4.345346133478567,1.2567947504951382,1.2902617825040652,6.537620701128478,-0.80858003217909,0,1,0,2
GSPTSE,2001-04,7946.600098,4.450579626708717,49.02697035471599,47.12476806640625,50.69535102844238,-20.567427445911942,-17.97134752138766,-22.96079237760469,9.558998400811111,-5.826434743689612,18.989927506775352,-13.3363385560338,2.8989908486964038,4.345346133478567,7.388624594430373,-1.0620193405876062,0,0,1,2
GSPTSE,2001-05,8161.899902,2.709332309979806,59.95146006922568,56.56440058062154,60.64858498111848,22.282612275385794,20.0311490147036,19.63342545373024,-20.567427445911942,4.450579626708717,9.558998400811111,-5.826434743689612,18.989927506775352,-13.3363385560338,7.109757111095008,-0.8439178004239036,0,0,1,2
GSPTSE,2001-06,7736.399902,-5.213246978142127,70.94172350565593,62.602798779805504,78.85646438598633,18.33193624265337,10.675262421595733,30.02193606089316,22.282612275385794,2.709332309979806,-20.567427445911942,4.450579626708717,9.558998400811111,-5.826434743689612,7.175011715533214,-0.624503123406393,0,1,0,2
GSPTSE,2001-07,7689.700195,-0.6036361562427373,59.984781203731416,53.3461978666244,62.87733785567745,-15.444990282835402,-14.786241340007166,-20.26355943641387,18.33193624265337,-5.213246978142127,22.282612275385794,2.709332309979806,-20.567427445911942,4.450579626708717,6.535623104523091,-0.8432525619600832,0,1,1,2
GSPTSE,2001-08,7399.200195,-3.7777805718471225,64.13564220551521,73.31873946036062,56.88255968401509,6.919856867837648,37.43948471017813,-9.53408394201134,-15.444990282835402,-0.6036361562427373,18.33193624265337,-5.213246978142127,22.282612275385794,2.709332309979806,4.2786655711230415,-0.7603828626740763,0,1,1,2
GSPTSE,2001-09,6838.600098,-7.576495867469912,472.49111404418943,791.8359584172566,249.4176373163859,93.42482713456964,104.55736914021404,104.18821894560378,6.919856867837648,-3.7777805718471225,-15.444990282835402,-0.6036361562427373,18.33193624265337,-5.213246978142127,4.68318688603576,7.392213704284887,1,1,1,0
GSPTSE,2001-10,6885.700195,0.6887388694328811,504.05423072076616,840.6995652721774,257.8192534908172,6.680150322070344,6.170925472062505,3.368493208751655,636.705984061322,-7.576495867469912,6.919856867837648,-3.7777805718471225,-15.444990282835402,-0.6036361562427373,3.883703176601679,8.022354291115674,0,0,0,0
GSPTSE,2001-11,7425.700195,7.842339699775436,296.1777104695638,494.21396484375,141.4245381673177,-39.28844654475468,-41.21396212644078,-44.52829942694827,6.680150322070344,0.6887388694328811,636.705984061322,-7.576495867469912,6.919856867837648,-3.7777805718471225,5.4543937563390505,3.872211775036317,0,0,0,0
GSPTSE,2001-12,7688.399902,3.5377095775679823,231.22251793646043,376.6929409888483,121.45619632351784,-21.93115492388762,-23.77938144505022,-14.11943224461908,-41.24090377218973,7.842339699775436,6.680150322070344,0.6887388694328811,636.705984061322,-7.576495867469912,5.413488443547639,2.5754164186103274,0,0,0,1
GSPTSE,2002-01,7648.5,-0.5189623654932474,169.9862031013735,259.16573752126385,104.05673919185516,-26.483715938044828,-31.199736092496558,-14.325705611030717,-21.93115492388762,3.5377095775679823,-41.24090377218973,7.842339699775436,6.680150322070344,0.6887388694328811,5.411652365225365,1.3528664479931174,0,1,0,2
GSPTSE,2002-02,7637.5,-0.1438190494868263,143.41856629507882,209.3824323926653,93.08014828818185,-15.629290096238414,-19.20906119950132,-10.548659307337282,-26.483715938044828,-0.5189623654932474,-21.93115492388762,3.5377095775679823,-41.24090377218973,7.842339699775436,5.093940429459453,0.8224579202367436,0,1,1,2
GSPTSE,2002-03,7851.5,2.80196399345336,150.27259728216356,217.83082137569303,97.68620583318896,4.779040234569632,4.034908223429179,4.948485396420366,-15.629290096238414,-0.1438190494868263,-26.483715938044828,-0.5189623654932474,-21.93115492388762,3.5377095775679823,3.130132424471385,0.959294949121256,0,0,1,2
GSPTSE,2002-04,7663.399902,-2.3957218111188894,154.13523864746094,219.28201649983723,99.5971280415853,2.570422974752073,0.6662028426368982,1.956184286304952,4.779040234569632,2.80196399345336,-15.629290096238414,-0.1438190494868263,-26.483715938044828,-0.5189623654932474,3.66813557025404,1.0364104989443716,0,1,1,2
GSPTSE,2002-05,7656.100098,-0.0952554230935431,159.16512766192037,205.2949966922883,137.87667772846837,3.263295959182844,-6.378553075536553,38.434391070895146,2.570422974752073,-2.3957218111188894,4.779040234569632,2.80196399345336,-15.629290096238414,-0.1438190494868263,2.2232084056754453,1.136829518008396,0,1,0,2
GSPTSE,2002-06,7145.600098,-6.667885652818962,147.7977030436198,185.49468332926432,127.91307754516602,-7.141906512616192,-9.644810483473298,-7.226457982200928,3.263295959182844,-0.0952554230935431,2.570422974752073,-2.3957218111188894,4.779040234569632,2.80196399345336,3.1666263375495185,0.9098850215846186,0,1,0,2
GSPTSE,2002-07,6605.399902,-7.559899638816869,119.3782693186114,161.98243344214654,92.84361993112871,-19.228603110713397,-12.675430618883077,-27.416631893368603,-7.141906512616192,-6.667885652818962,3.263295959182844,-0.0952554230935431,2.570422974752073,-2.3957218111188894,4.056670142589921,0.3425063679371067,0,1,1,2
GSPTSE,2002-08,6612.0,0.0999197338226398,127.00253000567037,157.38569099672378,101.1353489045174,6.386640324555559,-2.837803055393984,8.930854892925822,-19.228603110713397,-7.559899638816869,-7.141906512616192,-6.667885652818962,3.263295959182844,-0.0952554230935431,4.084229044459403,0.4947206170153542,0,0,1,2
GSPTSE,2002-09,6180.399902,-6.527527192982452,170.25116170247395,185.25534108479815,167.8897672017415,34.05336231874485,17.707867793810127,66.00503090195247,6.386640324555559,0.0999197338226398,-19.228603110713397,-7.559899638816869,-7.141906512616192,-6.667885652818962,3.483892253820066,1.3581562034407222,0,1,0,2
GSPTSE,2002-10,6248.799805,1.1067229319233096,168.296264894547,195.84739069784845,161.10799457180886,-1.1482428597716532,5.717540747287764,-4.039419878272565,34.05336231874485,-6.527527192982452,6.386640324555559,0.0999197338226398,-19.228603110713397,-7.559899638816869,4.028680170843413,1.319127743914262,0,0,0,2
GSPTSE,2002-11,6570.399902,5.1465898578263225,156.04842834472657,175.04123814900717,151.88629328409831,-7.277545082473935,-10.623655732508986,-5.723925316195444,-1.1482428597716532,1.1067229319233096,34.05336231874485,-6.527527192982452,6.386640324555559,0.0999197338226398,5.241633621592606,1.0746062985197744,0,0,1,2
GSPTSE,2002-12,6614.5,0.6711935142117653,175.05461046772618,174.67416357224988,183.75799191382623,12.179669045440855,-0.2097074841557078,20.983920234403875,-7.277545082473935,5.1465898578263225,-1.1482428597716532,1.1067229319233096,34.05336231874485,-6.527527192982452,4.891197629773676,1.4540544651606715,0,0,1,2
GSPTSE,2003-01,6569.5,-0.6803235316350409,205.2729772752331,176.48827115951045,244.28261073943108,17.26225132075463,1.0385666375383629,32.93713552006381,12.179669045440855,0.6711935142117653,-7.277545082473935,5.1465898578263225,-1.1482428597716532,1.1067229319233096,3.774613925325816,2.057347846744926,0,1,1,2
GSPTSE,2003-02,6555.100098,-0.2191932719385003,236.19078636169436,210.63462039402552,291.2838772365025,15.061801848864963,19.34765920147381,19.240528973716557,17.26225132075463,-0.6803235316350409,12.179669045440855,0.6711935142117653,-7.277545082473935,5.1465898578263225,3.774655743529045,2.6746052158729587,0,1,1,2
GSPTSE,2003-03,6343.299805,-3.2310764112453705,349.2410371841923,413.4505669378465,352.7903245495212,47.86395462919402,96.28803952760548,21.115637396943757,15.061801848864963,-0.2191932719385003,17.26225132075463,-0.6803235316350409,12.179669045440855,0.6711935142117653,2.749998996173066,4.931592449567863,1,1,0,0
GSPTSE,2003-04,6586.100098,3.82766541806232,252.85915400187176,326.76046600341795,210.79934641520185,-27.59752518186688,-20.967464520966683,-40.2479796790425,47.86395462919402,-3.2310764112453705,15.061801848864963,-0.2191932719385003,17.26225132075463,-0.6803235316350409,3.081256638286648,3.0073801783052136,0,0,0,2
GSPTSE,2003-05,6859.799805,4.155717388551605,159.68020999047064,183.58484895767705,150.55725589875252,-36.85013674083216,-43.81668896391011,-28.5779304067638,-27.59752518186688,3.82766541806232,47.86395462919402,-3.2310764112453705,15.061801848864963,-0.2191932719385003,2.825285130715843,1.1471128586589634,0,0,0,2
GSPTSE,2003-06,6983.100098,1.7974328188138822,145.7216801961263,176.93343124389648,127.7050184249878,-8.741552754206271,-3.623075516059593,-15.17843649404218,-36.85013674083216,4.155717388551605,-27.59752518186688,3.82766541806232,47.86395462919402,-3.2310764112453705,2.855929947653855,0.8684383460614599,0,0,0,2
GSPTSE,2003-07,7257.899902,3.93521215711492,133.95684691398375,166.529414761451,106.6518937387774,-8.073495492440319,-5.880186920754349,-16.485745780285622,-8.741552754206271,1.7974328188138822,-36.85013674083216,4.155717388551605,-27.59752518186688,3.82766541806232,2.9516528002393936,0.6335598001833436,0,0,1,2
GSPTSE,2003-08,7510.299805,3.4775886469645023,137.39681588449787,179.2770211004442,108.98332251271894,2.5679680059377485,7.654867674430843,2.186017230647508,-8.073495492440319,3.93521215711492,-8.741552754206271,1.7974328188138822,-36.85013674083216,4.155717388551605,2.852334458123845,0.7022369238011168,0,0,0,2
GSPTSE,2003-09,7421.100098,-1.187698351810329,118.71830571492514,145.99144999186197,97.7679594039917,-13.59457280674885,-18.56655744515813,-10.290898506437395,2.5679680059377485,3.4775886469645023,-8.073495492440319,3.93521215711492,-8.741552754206271,1.7974328188138822,2.0709265372384986,0.3293305508346584,0,1,0,2
GSPTSE,2003-10,7772.700195,4.737843343398063,107.55338336575416,129.5931615521831,91.48407450029929,-9.404549940243411,-11.232362196959455,-6.427345872819624,-13.59457280674885,-1.187698351810329,2.5679680059377485,3.4775886469645023,-8.073495492440319,3.93521215711492,2.2020750302763186,0.1064289029043117,0,0,1,2
GSPTSE,2003-11,7859.399902,1.1154387127368048,117.27323557535809,152.34808400472005,93.18425509134929,9.037235190035677,17.55873703519013,1.85844432524096,-9.404549940243411,4.737843343398063,-13.59457280674885,-1.187698351810329,2.5679680059377485,3.4775886469645023,2.182775982586258,0.300480505540044,0,0,1,2
GSPTSE,2003-12,8220.900391,4.599594033992438,131.9601605323053,166.63024114793348,112.74830061389554,12.52368017722989,9.374687733369155,20.995011982837084,9.037235190035677,1.1154387127368048,-9.404549940243411,4.737843343398063,-13.59457280674885,-1.187698351810329,2.344295709295822,0.5936970343747436,0,0,0,2
GSPTSE,2004-01,8521.400391,3.65531737045468,114.1432640321793,127.11111671693864,107.96992640341482,-13.501723875035932,-23.716658008020264,-4.238089784469723,12.52368017722989,4.599594033992438,9.037235190035677,1.1154387127368048,-9.404549940243411,4.737843343398063,2.319354728673736,0.2379923132239155,0,0,1,2
GSPTSE,2004-02,8788.5,3.13445674119599,114.83697246683056,130.29377562424233,103.49829351490942,0.6077524070589702,2.503839939028385,-4.141554076639597,-13.501723875035932,3.65531737045468,12.52368017722989,4.599594033992438,9.037235190035677,1.1154387127368048,2.301485319437505,0.2518418276612841,0,0,1,2
GSPTSE,2004-03,8585.900391,-2.30528086704217,137.0413291685043,182.14090384206463,107.18084593742124,19.33554692769983,39.792482771660254,3.558080329103519,0.6077524070589702,3.13445674119599,-13.501723875035932,3.65531737045468,12.52368017722989,4.599594033992438,2.689260564643566,0.6951398234063075,0,1,1,2
GSPTSE,2004-04,8244.0,-3.9821145765724153,148.72968673706055,203.51488087972004,120.71956570943196,8.529074870679644,11.73485833593364,12.631659746290346,19.33554692769983,-2.30528086704217,0.6077524070589702,3.13445674119599,-13.501723875035932,3.65531737045468,3.4731970440526285,0.9284915729438924,0,1,0,2
GSPTSE,2004-05,8417.299805,2.1021325206210584,121.83138078258884,160.97313985516948,91.7239502937563,-18.08536449217786,-20.9035038817104,-24.01898585807304,8.529074870679644,-3.9821145765724153,19.33554692769983,-2.30528086704217,0.6077524070589702,3.13445674119599,3.5009453462372555,0.391481414137764,0,0,1,2
GSPTSE,2004-06,8545.599609,1.5242394469992426,136.9921531677246,177.06919593811034,107.51701380411784,12.444061856436273,9.9992185636826,17.21803679386078,-18.08536449217786,2.1021325206210584,8.529074870679644,-3.9821145765724153,19.33554692769983,-2.30528086704217,3.1067310979724936,0.6941580510957076,0,0,0,2
GSPTSE,2004-07,8458.099609,-1.0239187886575851,130.39895802159464,159.34060545890563,120.38267381729618,-4.812826861738328,-10.012238653526872,11.96616196634508,12.444061856436273,1.5242394469992426,-18.08536449217786,2.1021325206210584,8.529074870679644,-3.9821145765724153,2.783398873052451,0.562528468977937,0,1,1,2
GSPTSE,2004-08,8377.0,-0.958839606401718,139.9520955239573,177.53836158014113,126.08562567926222,7.326084232038577,11.420664600103292,4.737352711255904,-4.812826861738328,-1.0239187886575851,12.444061856436273,1.5242394469992426,-18.08536449217786,2.1021325206210584,2.292923380106364,0.7532517024753868,0,1,1,2
GSPTSE,2004-09,8668.299805,3.477376208666594,152.970458984375,188.2974100748698,129.69852345784506,9.30201395818986,6.060126047672232,2.8654319309747045,7.326084232038577,-0.958839606401718,-4.812826861738328,-1.0239187886575851,12.444061856436273,1.5242394469992426,2.6997503259202684,1.0131563017132652,0,0,0,2
GSPTSE,2004-10,8871.0,2.3384077565369754,118.0625233804026,147.26095236501385,96.845272556428,-22.82005024743897,-21.793426523253423,-25.33047410681982,9.30201395818986,3.477376208666594,7.326084232038577,-0.958839606401718,-4.812826861738328,-1.0239187886575851,1.8437232780785269,0.3162382105140346,0,0,1,2
GSPTSE,2004-11,9030.099609,1.7934799797091785,124.46195271809896,154.47430343627929,99.13031984965006,5.420373167086323,4.898346068946902,2.3594825363217,-22.82005024743897,2.3384077565369754,9.30201395818986,3.477376208666594,7.326084232038577,-0.958839606401718,1.819107649558277,0.4439993628602703,0,0,0,2
GSPTSE,2004-12,9246.700195,2.3986511265514654,107.17075778592016,141.9146915558846,79.30897829609532,-13.892755620942731,-8.130550907824963,-19.995236153396423,5.420373167086323,1.7934799797091785,-22.82005024743897,2.3384077565369754,9.30201395818986,3.477376208666594,1.8849042553961808,0.0987899897423557,0,0,0,2
GSPTSE,2005-01,9204.099609,-0.4607112278068093,99.38704164566532,126.41269216229838,77.36354717131584,-7.26291042543833,-10.923463401589872,-2.4529771616982887,-13.892755620942731,2.3986511265514654,5.420373167086323,1.7934799797091785,-22.82005024743897,2.3384077565369754,1.7532078396219908,-0.0566077013856682,0,1,1,2
GSPTSE,2005-02,9668.299805,5.04340691343772,109.60796138218473,108.7996129989624,105.78578090667725,10.283956104618763,-13.932999022537196,36.73853484564569,-7.26291042543833,-0.4607112278068093,-13.892755620942731,2.3986511265514654,5.420373167086323,1.7934799797091785,1.8274361757784543,0.1474474439511143,0,0,0,2
GSPTSE,2005-03,9612.400391,-0.578172120511744,90.47840487572456,87.14632021996283,87.85526915519468,-17.45270714392596,-19.901994301400748,-16.94983162935727,10.283956104618763,5.04340691343772,-7.26291042543833,-0.4607112278068093,-13.892755620942731,2.3986511265514654,2.0939348718564053,-0.2344638256586798,0,1,0,2
GSPTSE,2005-04,9369.299805,-2.5290310027827334,86.93658548990885,102.42798690795898,72.97031523386637,-3.9145466707558807,17.535641951862413,-16.942585304740586,-17.45270714392596,-0.578172120511744,10.283956104618763,5.04340691343772,-7.26291042543833,-0.4607112278068093,2.6830925043177003,-0.3051743378395897,0,1,1,2
GSPTSE,2005-05,9607.299805,2.540211167893136,98.79405889203473,105.33132522336898,90.99365062098347,13.63922143399825,2.834516622902017,24.69954436862878,-3.9145466707558807,-2.5290310027827334,-17.45270714392596,-0.578172120511744,10.283956104618763,5.04340691343772,2.7469024097525714,-0.0684462819726932,0,0,0,2
GSPTSE,2005-06,9902.799805,3.0757861833999423,81.75722109476725,95.1893081665039,69.31578687032064,-17.244799928592734,-9.628680770281385,-23.82349054326638,13.63922143399825,2.540211167893136,-3.9145466707558807,-2.5290310027827334,-17.45270714392596,-0.578172120511744,2.82524633149784,-0.4085775521928494,0,0,1,2
GSPTSE,2005-07,10422.90039,5.252055936114131,164.77051716466104,237.00151295815743,116.65942007495512,93.42482713456964,104.55736914021404,68.30137165319535,-17.244799928592734,3.0757861833999423,13.63922143399825,2.540211167893136,-3.9145466707558807,-2.5290310027827334,3.109296572218197,1.2487380936685877,1,0,0,2
GSPTSE,2005-08,10668.90039,2.360187575389472,116.88755367648216,143.2987120843703,94.36514368364888,-29.06039521641346,-39.53679438760814,-19.11056679090457,101.53634744222848,5.252055936114131,-17.244799928592734,3.0757861833999423,13.63922143399825,2.540211167893136,2.7829992345362253,0.2927805746182023,0,0,0,2
GSPTSE,2005-09,11011.79981,3.214009011850938,103.76748135884604,130.99529851277669,78.09897527694702,-11.224524686306191,-8.585850767695435,-17.237475376748023,-29.06039521641346,2.360187575389472,101.53634744222848,5.252055936114131,-17.244799928592734,3.0757861833999423,2.5896184615680298,0.0308454129479047,0,0,0,2
GSPTSE,2005-10,10383.29981,-5.70751385644741,87.41865994853359,105.815919445407,73.7711932274603,-15.755245474037638,-19.221589899208325,-5.541406957184714,-11.224524686306191,3.214009011850938,-29.06039521641346,2.360187575389472,101.53634744222848,5.252055936114131,3.8149054813184606,-0.295549981494598,0,1,0,2
GSPTSE,2005-11,10824.09961,4.245276627527139,82.0722770690918,93.67955487569174,70.19666430155436,-6.115837148029257,-11.469318258843575,-4.84542647274867,-15.755245474037638,-5.70751385644741,-11.224524686306191,3.214009011850938,-29.06039521641346,2.360187575389472,3.943387785118962,-0.4022876297311443,0,0,1,2
GSPTSE,2005-12,11272.29981,4.140761967729167,95.3541398817493,131.53387844947076,69.47696587347215,16.183129415888263,40.40830854075885,-1.0252601533749406,-6.115837148029257,4.245276627527139,-15.755245474037638,-5.70751385644741,-11.224524686306191,3.214009011850938,4.0207443870774,-0.1371224081614686,0,0,0,2
GSPTSE,2006-01,11945.59961,5.9730473048871024,93.70335646598568,99.09636282151745,89.04377758887506,-1.73121315740542,-24.660958842184765,28.163019886385037,16.183129415888263,4.140761967729167,-6.115837148029257,4.245276627527139,-15.755245474037638,-5.70751385644741,4.137460146225899,-0.1700794079723198,0,0,1,2
GSPTSE,2006-02,11688.29981,-2.1539295506322387,96.56065307344709,102.5961035319737,90.61754550252644,3.049300169411317,3.5316540494625848,1.76740919608962,-1.73121315740542,5.9730473048871024,16.183129415888263,4.140761967729167,-6.115837148029257,4.245276627527139,4.531472074078634,-0.1130350235591828,0,1,0,2
GSPTSE,2006-03,12110.59961,3.613013071744597,91.851620704897,96.4645538330078,86.54391436423025,-4.876761101613781,-5.976396264459504,-4.495411032935781,3.049300169411317,-2.1539295506322387,-1.73121315740542,5.9730473048871024,16.183129415888263,4.140761967729167,4.562389910698802,-0.2070483128844865,0,0,0,2
GSPTSE,2006-04,12204.2002,0.7728815501646391,89.32775522867838,92.8047290802002,86.14640655517579,-2.7477636832640484,-3.793958098995864,-0.4593134155932654,-4.876761101613781,3.613013071744597,3.049300169411317,-2.1539295506322387,-1.73121315740542,5.9730473048871024,2.941395492764056,-0.2574359247468661,0,0,0,2
GSPTSE,2006-05,11744.5,-3.766737618742111,84.38873118738974,80.68312811082409,83.90371753323463,-5.529103500524313,-13.06140440203304,-2.603345991576267,-2.7477636832640484,0.7728815501646391,-4.876761101613781,3.613013071744597,3.049300169411317,-2.1539295506322387,3.8219234093829058,-0.3560408736700071,0,1,1,2
GSPTSE,2006-06,11612.90039,-1.1205211801268655,102.32296142578124,114.45484237670898,90.22701250712076,21.25192544792216,41.85721978887212,7.536370449118013,-5.529103500524313,-3.766737618742111,-2.7477636832640484,0.7728815501646391,-4.876761101613781,3.613013071744597,3.676335526026937,0.0020063522291096,0,1,1,2
GSPTSE,2006-07,11831.0,1.8780804336167911,137.44066902898973,144.6709271092569,133.83614447809035,34.3204566344385,26.40000554375559,48.33267860611912,21.25192544792216,-1.1205211801268655,-5.529103500524313,-3.766737618742111,-2.7477636832640484,0.7728815501646391,2.7262065667972077,0.7031124281591824,0,0,1,2
GSPTSE,2006-08,12073.79981,2.052234046149959,147.491208968624,160.77977629630797,141.31128421906502,7.312638981344266,11.134821286439632,5.585292201986869,34.3204566344385,1.8780804336167911,21.25192544792216,-1.1205211801268655,-5.529103500524313,-3.766737618742111,2.6409969083485585,0.9037660328213402,0,0,0,2
GSPTSE,2006-09,11761.29981,-2.588248976442153,113.61922556559244,117.84904912312824,111.18667894999186,-22.965425288660548,-26.70157165417424,-21.317904961059643,7.312638981344266,2.052234046149959,34.3204566344385,1.8780804336167911,21.25192544792216,-1.1205211801268655,2.416532941409298,0.2275301681119277,0,1,0,2
GSPTSE,2006-10,12344.59961,4.9594841507573095,112.73245288479713,100.46679675194524,124.12324234747118,-0.7804776668569935,-14.749590684454382,11.634993975580254,-22.965425288660548,-2.588248976442153,7.312638981344266,2.052234046149959,34.3204566344385,1.8780804336167911,3.290740850751232,0.2098262302154349,0,0,0,2
GSPTSE,2006-11,12752.40039,3.303475146084556,87.80542017618815,84.66829687754313,86.73696505228678,-22.11167420803153,-15.7250956387203,-30.12028737577213,-0.7804776668569935,4.9594841507573095,-22.965425288660548,-2.588248976442153,7.312638981344266,2.052234046149959,2.8001814933016425,-0.2878285223207669,0,0,1,2
GSPTSE,2006-12,12908.40039,1.2232991062790743,91.50775527954102,79.05746866041615,96.69359145625944,4.216522278378543,-6.626834865052256,11.479103975992969,-22.11167420803153,3.303475146084556,-0.7804776668569935,4.9594841507573095,-22.965425288660548,-2.588248976442153,2.5259325198712737,-0.2139134004848321,0,0,1,2
GSPTSE,2007-01,13034.09961,0.9737784404129312,97.40868709933372,96.73051378803868,95.33105973274478,6.448559252455,22.35468125539841,-1.4091230897458562,4.216522278378543,1.2232991062790743,-22.11167420803153,3.303475146084556,-0.7804776668569935,4.9594841507573095,2.5475660969637213,-0.0961044819970039,0,0,0,2
GSPTSE,2007-02,13045.0,0.0836297889854842,95.05105536324638,89.62849848611015,97.72646740504672,-2.420350593251641,-7.342063040718328,2.5127253164051178,6.448559252455,0.9737784404129312,4.216522278378543,1.2232991062790743,-22.11167420803153,3.303475146084556,2.611974397350387,-0.1431733269698287,0,0,0,2
GSPTSE,2007-03,13165.5,0.9237255653507191,86.13590178951141,82.20472852645382,85.6678963938067,-9.379331496809671,-8.282823080882917,-12.339104575693804,-2.420350593251641,0.0836297889854842,6.448559252455,0.9737784404129312,4.216522278378543,1.2232991062790743,1.838344461478342,-0.3211595557128524,0,0,0,2
GSPTSE,2007-04,13416.7002,1.9080186851999412,75.71304588317871,82.1852602005005,68.55693855285645,-12.100478069879417,-0.023682732492769,-19.97359403141277,-9.379331496809671,0.9237255653507191,-2.420350593251641,0.0836297889854842,6.448559252455,0.9737784404129312,1.1003466937941824,-0.5292462476757941,0,0,1,2
GSPTSE,2007-05,14056.79981,4.770916845857531,91.82276621172504,103.15781870195944,82.37121458976499,21.277337532296347,25.518637344815765,20.15007718913517,-12.100478069879417,1.9080186851999412,-9.379331496809671,0.9237255653507191,-2.420350593251641,0.0836297889854842,1.6387183371093628,-0.2076243772651489,0,0,1,2
GSPTSE,2007-06,13906.59961,-1.0685234337131866,98.5847110748291,110.01365140279134,88.00655695597331,7.364126721593589,6.645965169775048,6.841397682763484,21.277337532296347,4.770916845857531,-12.100478069879417,1.9080186851999412,-9.379331496809671,0.9237255653507191,1.9873183433441808,-0.0726257981382684,0,1,1,2
GSPTSE,2007-07,13868.59961,-0.2732515572870464,113.9830302576865,129.01673864549207,104.86104534518334,15.619378517191729,17.2733901660304,19.151400727609147,7.364126721593589,-1.0685234337131866,21.277337532296347,4.770916845857531,-12.100478069879417,1.9080186851999412,2.086626023086055,0.2347933324095797,0,1,0,2
GSPTSE,2007-08,13660.5,-1.5005091779414337,83.12109104279548,100.07418700187436,73.35449858634702,-27.075906953096485,-22.433175685168337,-30.045997210043584,15.619378517191729,-0.2732515572870464,7.364126721593589,-1.0685234337131866,21.277337532296347,4.770916845857531,2.3214876075348574,-0.3813486248908387,0,1,1,2
GSPTSE,2007-09,14098.90039,3.2092558105486724,92.71907399495444,90.46699282328288,93.58469161987304,11.546988654440726,-9.600072172868655,27.578667189324,-27.075906953096485,-1.5005091779414337,15.619378517191729,-0.2732515572870464,7.364126721593589,-1.0685234337131866,2.5256804072608223,-0.1897300761955621,0,0,1,2
GSPTSE,2007-10,14625.0,3.7314939140441705,100.96206135903635,95.91243030178931,103.749514179845,8.890282235271773,6.019253330486496,10.861629593502276,11.546988654440726,3.2092558105486724,-27.075906953096485,-1.5005091779414337,15.619378517191729,-0.2732515572870464,2.732836002245699,-0.0251632829962064,0,0,0,2
GSPTSE,2007-11,13689.09961,-6.399318905982909,89.11012655893961,80.4546085993449,95.28441146214804,-11.738998432242251,-16.116598916121973,-8.159173355764459,8.890282235271773,3.7314939140441705,11.546988654440726,3.2092558105486724,-27.075906953096485,-1.5005091779414337,3.681311387544145,-0.2617807636633019,0,1,1,2
GSPTSE,2007-12,13833.09961,1.0519318589427673,94.64804052537488,85.06247354322865,97.48771335232642,6.2146853340762975,5.727285265696103,2.3123424454939867,-11.738998432242251,-6.399318905982909,8.890282235271773,3.7314939140441705,11.546988654440726,3.2092558105486724,3.704105373263441,-0.1512193006624815,0,0,0,2
GSPTSE,2008-01,13155.09961,-4.9012876297794605,80.78886364352319,81.53163952981272,76.77330804640248,-14.642856634877798,-4.150871549275559,-21.24822153850388,6.2146853340762975,1.0519318589427673,-11.738998432242251,-6.399318905982909,8.890282235271773,3.7314939140441705,4.211931968664879,-0.4279102859922885,0,1,1,2
GSPTSE,2008-02,13582.7002,3.250454976980599,81.6396739565093,88.45064189516265,72.8041961275298,1.0531282092792749,8.48627895287195,-5.169911288013928,-14.642856634877798,-4.9012876297794605,6.2146853340762975,1.0519318589427673,-11.738998432242251,-6.399318905982909,4.491519571487643,-0.4109243173567951,0,0,0,2
GSPTSE,2008-03,13350.09961,-1.7124768019248449,78.19353657384073,84.13256103761735,72.61432629246866,-4.221155249228914,-4.881910142227531,-0.2607951809928011,1.0531282092792749,3.250454976980599,-14.642856634877798,-4.9012876297794605,6.2146853340762975,1.0519318589427673,4.227776444175428,-0.479724589993553,0,1,0,2
GSPTSE,2008-04,13937.0,4.3962248009024485,71.86557184855143,70.36499150594075,69.58370641072591,-8.092695384500992,-16.364139355654284,-4.173583969554883,-4.221155249228914,-1.7124768019248449,1.0531282092792749,3.250454976980599,-14.642856634877798,-4.9012876297794605,4.377278744558411,-0.6060589899293325,0,0,1,2
GSPTSE,2008-05,14714.7002,5.580111932266618,73.08874597857076,75.19145030360067,71.38500275150422,1.7020307479039154,6.85917626701118,2.588675472596913,-8.092695384500992,4.3962248009024485,-4.221155249228914,-1.7124768019248449,1.0531282092792749,3.250454976980599,3.9824546199695896,-0.5816389786869506,0,0,1,2
GSPTSE,2008-06,14467.0,-1.683351999247662,86.7860169728597,80.27725048065186,87.26098276774088,18.740602004999385,6.763801145630577,22.23993752791742,1.7020307479039154,5.580111932266618,-8.092695384500992,4.3962248009024485,-4.221155249228914,-1.7124768019248449,4.165776934850947,-0.3081803570063219,0,1,1,2
GSPTSE,2008-07,13592.90039,-6.042023985622446,89.47498493809854,87.2099857945596,84.52966382426601,3.0983884950956497,8.635989987697258,-3.130057508915207,18.740602004999385,-1.683351999247662,1.7020307479039154,5.580111932266618,-8.092695384500992,4.3962248009024485,4.492427572406526,-0.2544965630721747,0,1,0,2
GSPTSE,2008-08,13771.29981,1.3124455773342092,88.47457368912235,105.41860654277188,75.39880838701802,-1.1180904357439236,20.879054826480868,-10.801954040927797,3.0983884950956497,-6.042023985622446,18.740602004999385,-1.683351999247662,1.7020307479039154,5.580111932266618,4.333319043101742,-0.2744692336408515,0,0,1,2
GSPTSE,2008-09,11752.90039,-14.65656436100784,89.21801058451335,95.21897468566894,82.42706019083658,0.8402831055205118,-9.675362055715087,9.321436179392803,-1.1180904357439236,1.3124455773342092,3.0983884950956497,-6.042023985622446,18.740602004999385,-1.683351999247662,7.560844783511495,-0.2596269173279952,0,1,0,2
GSPTSE,2008-10,9762.799805,-16.199297081301566,64.97080649099043,76.1353960960142,53.63574997071297,-27.17747676132537,-20.041781223387755,-34.929439620272106,0.8402831055205118,-14.65656436100784,-1.1180904357439236,1.3124455773342092,3.0983884950956497,-6.042023985622446,8.927887781113034,-0.7437092585321883,0,1,1,2
GSPTSE,2008-11,9270.599609,-5.041588538442843,79.13092206319173,96.24985440572102,67.7355552037557,21.79458180831557,26.41932575531689,26.28807323611904,-27.17747676132537,-16.932846522661627,0.8402831055205118,-14.65656436100784,-1.1180904357439236,1.3124455773342092,7.200269122920284,-0.4610101946947942,0,1,1,2
GSPTSE,2008-12,8987.700195,-3.051576229496089,94.08670757662864,107.55399310204292,87.6594942154423,18.90005212057766,11.744577450134797,29.414299405612443,21.79458180831557,-5.041588538442843,-27.17747676132537,-16.932846522661627,0.8402831055205118,-14.65656436100784,7.0107712162557165,-0.1624260099794005,0,1,0,2
GSPTSE,2009-01,8694.900391,-3.2577833889351315,86.23219754618984,91.03520405677055,87.53845571702526,-8.348161215059768,-15.358601358110413,-0.1380780250905378,18.90005212057766,-3.051576229496089,21.79458180831557,-5.041588538442843,-27.17747676132537,-16.932846522661627,7.208157954563814,-0.3192370629107492,0,1,0,2
GSPTSE,2009-02,8123.0,-6.5774231478484495,67.12189470018659,63.14009993416922,65.29873490333557,-22.16144710421756,-30.64210643742353,-25.40565815506419,-8.348161215059768,-3.2577833889351315,18.90005212057766,-3.051576229496089,21.79458180831557,-5.041588538442843,6.024501502520055,-0.7007639435825536,0,1,1,2
GSPTSE,2009-03,8720.400391,7.354430518281418,72.05849173761183,73.33846209126133,69.22285332218293,7.35467474432232,16.151957579612763,6.0094861327044,-22.16144710421756,-6.5774231478484495,-8.348161215059768,-3.2577833889351315,18.90005212057766,-3.051576229496089,7.788586888698084,-0.6022074484814606,0,0,1,2
GSPTSE,2009-04,9324.799805,6.930867699879695,85.95789963404337,83.50890401204427,85.18863232930501,19.28906303929281,13.86781455565156,23.06431798298285,7.35467474432232,7.354430518281418,-22.16144710421756,-6.5774231478484495,-8.348161215059768,-3.2577833889351315,6.1403250525182775,-0.3247132726620728,0,0,1,2
GSPTSE,2009-05,10370.09961,11.209890044390058,91.18033575242563,93.24943800895444,89.41171313870338,6.075574369099579,11.664066379682492,4.957329040186531,19.28906303929281,6.930867699879695,7.35467474432232,7.354430518281418,-22.16144710421756,-6.5774231478484495,7.272945216740531,-0.2204501546042201,0,0,0,2
GSPTSE,2009-06,10374.90039,0.0462944444175938,81.25230356852214,73.67756567001342,81.75211544036866,-10.88834791183514,-20.988729537503048,-8.566660261226033,6.075574369099579,11.209890044390058,19.28906303929281,6.930867699879695,7.35467474432232,7.354430518281418,6.936129794879615,-0.4186579580523049,0,0,0,2
GSPTSE,2009-07,10787.2002,3.974012226636892,81.08385159892421,76.3114563111336,80.97563048331968,-0.2073196231979657,3.5748882542032234,-0.9498041156076996,-10.88834791183514,0.0462944444175938,6.075574369099579,11.209890044390058,19.28906303929281,6.930867699879695,6.311118741917592,-0.4220210106957725,0,0,0,2
GSPTSE,2009-08,10868.2002,0.7508899297150373,73.76000755063949,78.4546751206921,65.25164118120748,-9.03243235719934,2.808515147214941,-19.41817458939232,-0.2073196231979657,3.974012226636892,-10.88834791183514,0.0462944444175938,6.075574369099579,11.209890044390058,4.2771319062956845,-0.5682376037443344,0,0,1,2
GSPTSE,2009-09,11395.0,4.847166874971642,91.13029925028484,75.68046391805014,96.45980974833172,23.54974230136824,-3.536068689818938,47.82740786619817,-9.03243235719934,0.7508899297150373,-0.2073196231979657,3.974012226636892,-10.88834791183514,0.0462944444175938,4.12611695139035,-0.2214491063600006,0,0,0,2
GSPTSE,2009-10,10910.79981,-4.249233786748574,90.38770306494928,89.20428694448164,89.28504986916819,-0.8148729801666255,17.869635473000866,-7.4380821379212865,23.54974230136824,4.847166874971642,-9.03243235719934,0.7508899297150373,-0.2073196231979657,3.974012226636892,5.249014233457405,-0.2362746383504112,0,1,0,2
GSPTSE,2009-11,11447.2002,4.9162334507171,81.02965710957845,82.64781697591145,73.95016460418701,-10.353229076577463,-7.349949417398238,-17.175199305428855,-0.8148729801666255,-4.249233786748574,23.54974230136824,4.847166874971642,-9.03243235719934,0.7508899297150373,3.5901996801624283,-0.4231029744216385,0,0,1,2
GSPTSE,2009-12,11746.09961,2.6111136765127885,95.82213678667624,100.3492317199707,92.03632293208952,18.25563652218536,21.41788542245284,24.457225247174776,-10.353229076577463,4.9162334507171,-0.8148729801666255,-4.249233786748574,23.54974230136824,4.847166874971642,3.503532260289773,-0.1277791025770587,0,0,0,2
GSPTSE,2010-01,11094.29981,-5.549074345028471,93.6784295112856,102.653564453125,87.86365244465489,-2.237173316394569,2.296313278794848,-4.53372142052385,18.25563652218536,2.6111136765127885,-10.353229076577463,4.9162334507171,-0.8148729801666255,-4.249233786748574,4.517729839005559,-0.170577061167458,0,1,0,2
GSPTSE,2010-02,11629.59961,4.824998505245892,81.47286292484829,81.01815795898438,80.05752774647304,-13.029217772023904,-21.07613759872904,-8.88436171384852,-2.237173316394569,-5.549074345028471,18.25563652218536,2.6111136765127885,-10.353229076577463,4.9162334507171,4.84729779201624,-0.4142546095601225,0,0,0,2
GSPTSE,2010-03,12037.7002,3.509154258836955,72.72510971561555,67.32707777330953,73.52030064982753,-10.73701462694614,-16.898779891547267,-8.165661969162553,-13.029217772023904,4.824998505245892,-2.237173316394569,-5.549074345028471,18.25563652218536,2.6111136765127885,4.675536439180191,-0.5888987803877629,0,0,1,2
GSPTSE,2010-04,12210.7002,1.4371515914642918,88.62468554178874,79.6067726135254,92.83870468139648,21.86256698456273,18.238865024799743,26.2762854080008,-10.73701462694614,3.509154258836955,-13.029217772023904,4.824998505245892,-2.237173316394569,-5.549074345028471,3.909754735506511,-0.2714723315320161,0,0,0,2
GSPTSE,2010-05,11763.0,-3.6664580463616647,87.13836805282101,83.16650359861312,86.94786573225453,-1.6770919748616664,4.471643389400404,-6.345240349225156,21.86256698456273,1.4371515914642918,-10.73701462694614,3.509154258836955,-13.029217772023904,4.824998505245892,4.172330446293268,-0.3011458578922958,0,1,1,2
GSPTSE,2010-06,11294.40039,-3.983674317776076,96.34650853474936,69.67944971720378,111.88416697184245,10.567262949366471,-16.216930251753723,28.67960131002669,-1.6770919748616664,-3.6664580463616647,21.86256698456273,1.4371515914642918,-10.73701462694614,3.509154258836955,4.377363625660717,-0.1173103036801013,0,1,0,2
GSPTSE,2010-07,11713.40039,3.709802960155195,79.39271330064342,81.76249122619629,76.34224307152533,-17.59668875597209,17.340896861315503,-31.766714506854075,10.567262949366471,-3.983674317776076,-1.6770919748616664,-3.6664580463616647,21.86256698456273,1.4371515914642918,3.874756278344218,-0.4557836739527096,0,0,1,2
GSPTSE,2010-08,11913.90039,1.7117147311994207,81.61330942953786,84.75737048733619,74.11711311340332,2.79697724964445,3.662901186382084,-2.9146772070048788,-17.59668875597209,3.709802960155195,10.567262949366471,-3.983674317776076,-1.6770919748616664,-3.6664580463616647,3.4395864602145223,-0.4114506709063362,0,0,0,2
GSPTSE,2010-09,12368.7002,3.817388051873727,71.82437750498454,70.37432320912679,69.72902139027913,-11.994283766920088,-16.969671422685785,-5.920483865055792,2.79697724964445,1.7117147311994207,-17.59668875597209,3.709802960155195,10.567262949366471,-3.983674317776076,3.496197941980749,-0.6068814127621388,0,0,0,2
GSPTSE,2010-10,12676.2002,2.4861141027575417,65.55662228984218,74.25972569373346,63.16021014798072,-8.726501270000398,5.521051297446489,-9.4204839123329,-11.994283766920088,3.817388051873727,2.79697724964445,1.7117147311994207,-17.59668875597209,3.709802960155195,3.5774556472140326,-0.7320137623286357,0,0,1,2
GSPTSE,2010-11,12952.90039,2.182832281238367,95.60385462443034,80.85895284016927,102.02185897827148,45.83401536726808,8.886683979486731,61.52868829796508,-8.726501270000398,2.4861141027575417,-11.994283766920088,3.817388051873727,2.79697724964445,1.7117147311994207,2.886705867728837,-0.1321369881186469,1,0,1,2
GSPTSE,2010-12,13443.2002,3.78525114250492,97.89414264309792,94.39043466506466,98.9651261606524,2.3956021728043453,16.73467358851721,-2.9961547929352017,45.83401536726808,2.182832281238367,-8.726501270000398,2.4861141027575417,-11.994283766920088,3.817388051873727,0.9342789685813332,-0.0864126241122966,0,0,0,2
GSPTSE,2011-01,13552.0,0.809329611858356,78.83949353618007,77.48969244187877,77.08557048920662,-19.46454465246935,-17.9051429132163,-22.108349193561573,2.3956021728043453,3.78525114250492,45.83401536726808,2.182832281238367,-8.726501270000398,2.4861141027575417,1.1798951586133304,-0.4668284079248787,0,0,1,2
GSPTSE,2011-02,14136.5,4.313016528925617,88.93610232216972,84.70568302699498,89.67357962472099,12.806536842294957,9.312194122500305,16.329916293837265,-19.46454465246935,0.809329611858356,2.3956021728043453,3.78525114250492,45.83401536726808,2.182832281238367,1.317453129437806,-0.2652550636129752,0,0,1,2
GSPTSE,2011-03,14116.09961,-0.144310048456131,136.0791222356981,156.13775290212322,126.68266185637444,53.00774228080458,84.32972537670638,41.27088757528632,12.806536842294957,4.313016528925617,-19.46454465246935,0.809329611858356,2.3956021728043453,3.78525114250492,1.7018096859608485,0.6759298813874604,1,1,0,2
GSPTSE,2011-04,13944.79981,-1.2135065969543612,90.6722047805786,111.14294446309408,73.5580285390218,-33.36802641662523,-28.8173792710048,-41.93520450145128,53.00774228080458,-0.144310048456131,12.806536842294957,4.313016528925617,-19.46454465246935,0.809329611858356,2.193451173743243,-0.2305947151705158,0,1,1,2
GSPTSE,2011-05,13802.90039,-1.0175794700060248,104.47366776004914,120.63443325411887,96.0221432101342,15.221272067740331,8.53989323107822,30.539310415579468,-33.36802641662523,-1.2135065969543612,53.00774228080458,-0.144310048456131,12.806536842294957,4.313016528925617,2.4084241801244395,0.0449440432519357,0,1,0,2
GSPTSE,2011-06,13300.90039,-3.636916777025301,84.53678283691406,97.33198216756185,72.88245728810628,-19.08316741489856,-19.316583547476828,-24.098281030229863,15.221272067740331,-1.0175794700060248,-33.36802641662523,-1.2135065969543612,53.00774228080458,-0.144310048456131,2.6412563097118453,-0.3530851024048154,0,1,0,2
GSPTSE,2011-07,12945.59961,-2.6712535962386985,78.2851328695974,99.24549016644876,60.41787485922536,-7.395183206081024,1.9659601667134647,-17.102308144754364,-19.08316741489856,-3.636916777025301,15.221272067740331,-1.0175794700060248,-33.36802641662523,-1.2135065969543612,2.7680370229029703,-0.4778959193920065,0,1,1,2
GSPTSE,2011-08,12768.7002,-1.3664829388308264,86.39183038280856,111.57653574789724,62.886020106654016,10.35534745366633,12.424791857813933,4.085124233812376,-7.395183206081024,-2.6712535962386985,-19.08316741489856,-3.636916777025301,15.221272067740331,-1.0175794700060248,1.2589687118182562,-0.3160500794966862,0,1,0,2
GSPTSE,2011-09,11623.79981,-8.966459953378802,83.14460322062175,93.88602275848388,70.98976675669353,-3.758720179672215,-15.85504772202676,12.886404062931067,10.35534745366633,-1.3664829388308264,-7.395183206081024,-2.6712535962386985,-19.08316741489856,-3.636916777025301,3.025740265374079,-0.3808792169522968,0,1,0,2
GSPTSE,2011-10,12252.09961,5.405287515872992,75.16556069158739,90.5741471321352,63.65037210526005,-9.59658500968753,-3.527549180423029,-10.338665679221236,-3.758720179672215,-8.966459953378802,10.35534745366633,-1.3664829388308264,-7.395183206081024,-2.6712535962386985,4.644474501967627,-0.5401764939960677,0,0,1,2
GSPTSE,2011-11,12204.09961,-0.3917695866659687,83.25008093516031,70.99307772318522,95.16603965759278,10.75561755834511,-21.6188283621196,49.51372083137953,-9.59658500968753,5.405287515872992,-3.758720179672215,-8.966459953378802,10.35534745366633,-1.3664829388308264,4.678986217626956,-0.3787734113178923,0,1,1,2
GSPTSE,2011-12,11955.09961,-2.0402979978627056,84.81960911904612,77.63644483012538,86.84766141829952,1.885317306908374,9.357767433106437,-8.740910380659695,10.75561755834511,-0.3917695866659687,-9.59658500968753,5.405287515872992,-3.758720179672215,-8.966459953378802,4.607898136242219,-0.347438628350302,0,1,0,2
GSPTSE,2012-01,12452.2002,4.158063138045232,77.90155767625377,61.71806113950668,91.26849322165212,-8.156193496580155,-20.503751460347488,5.090329124764548,1.885317306908374,-2.0402979978627056,10.75561755834511,-0.3917695866659687,-9.59658500968753,5.405287515872992,5.12599577901686,-0.4855537910750859,0,0,1,2
GSPTSE,2012-02,12644.0,1.5402884383436175,91.4857845964103,77.98118065143454,103.34518873280491,17.437683308734808,26.350664962022897,13.232053126837195,-8.156193496580155,4.158063138045232,1.885317306908374,-2.0402979978627056,10.75561755834511,-0.3917695866659687,5.168719781298913,-0.2143520333138689,0,0,0,2
GSPTSE,2012-03,12392.2002,-1.991456817462833,88.0797755333685,86.14695296748992,86.66009946023264,-3.722992679209569,10.47146535592387,-16.145008274851524,17.437683308734808,1.5402884383436175,-8.156193496580155,4.158063138045232,1.885317306908374,-2.0402979978627056,3.1535373218528786,-0.2823511657103503,0,1,1,2
GSPTSE,2012-04,12292.7002,-0.8029244072412567,98.3707051595052,88.1813424428304,104.64068247477212,11.683646516830692,2.361533873529132,20.748398774675515,-3.722992679209569,-1.991456817462833,17.437683308734808,1.5402884383436175,-8.156193496580155,4.158063138045232,2.389633836037331,-0.0768983107183564,0,1,0,2
GSPTSE,2012-05,11513.2002,-6.341161724581879,77.68080416033345,69.08255398658014,79.93533497471964,-21.032583801878506,-21.65853674617435,-23.60969645434864,11.683646516830692,-0.8029244072412567,-3.722992679209569,-1.991456817462833,17.437683308734808,1.5402884383436175,3.567778908389607,-0.4899610158587595,0,1,0,2
GSPTSE,2012-06,11596.59961,0.7243807851095907,77.59097859064738,81.92765919367473,70.51085557937623,-0.115634191299907,18.59384817994694,-11.790129356840753,-21.032583801878506,-6.341161724581879,11.683646516830692,-0.8029244072412567,-3.722992679209569,-1.991456817462833,3.571584187754725,-0.4917543348701357,0,0,1,2
GSPTSE,2012-07,11664.7002,0.5872461953525976,81.20776933239353,89.00009404459307,77.46019707956621,4.661354718603983,8.632536216126097,9.8557044062058,-0.115634191299907,0.7243807851095907,-21.032583801878506,-6.341161724581879,11.683646516830692,-0.8029244072412567,2.8803587094544585,-0.4195470600372483,0,0,0,2
GSPTSE,2012-08,11949.29981,2.4398364734654843,74.8681123795048,78.25724669425718,70.49690803404778,-7.806712344159738,-12.070602245603512,-8.989505976038025,4.661354718603983,0.5872461953525976,-0.115634191299907,0.7243807851095907,-21.032583801878506,-6.341161724581879,3.0598013718056927,-0.5461148889856426,0,0,0,2
GSPTSE,2012-09,12317.5,3.081353684772936,68.97198734283447,65.10240313212077,68.31967938741049,-7.87534886252107,-16.80974493458861,-3.0884030340532886,-7.806712344159738,2.4398364734654843,4.661354718603983,0.5872461953525976,-0.115634191299907,0.7243807851095907,3.3810057592499776,-0.6638278426431106,0,0,1,2
GSPTSE,2012-10,12422.90039,0.8556962857722894,81.94055532640026,86.90206847652313,75.07558896464687,18.8026595770016,33.48519301224788,9.888672836016443,-7.87534886252107,3.081353684772936,-7.806712344159738,2.4398364734654843,4.661354718603983,0.5872461953525976,3.375118275872073,-0.404917383221224,0,0,0,2
GSPTSE,2012-11,12239.40039,-1.477110773163015,79.75129572550456,87.46022033691406,73.34758491516114,-2.6717656381202715,0.6422768412488677,-2.301685638855866,18.8026595770016,0.8556962857722894,-7.87534886252107,3.081353684772936,-7.806712344159738,2.4398364734654843,1.6000591687353547,-0.4486247694014081,0,1,0,2
GSPTSE,2012-12,12433.5,1.585858815098362,74.97084549934634,85.26028196273312,64.21883093926215,-5.994197564654025,-2.515358829084069,-12.44588214657365,-2.6717656381202715,-1.477110773163015,18.8026595770016,0.8556962857722894,-7.87534886252107,3.081353684772936,1.605229848816768,-0.5440638777028454,0,0,1,2
GSPTSE,2013-01,12685.2002,2.0243712550769954,90.2403597062634,109.75873522604664,83.89209476594002,20.367269576878645,28.73372301773727,30.63472744510833,-5.994197564654025,1.585858815098362,-2.6717656381202715,-1.477110773163015,18.8026595770016,0.8556962857722894,1.6065247664048732,-0.2392162689713456,0,0,0,2
GSPTSE,2013-02,12821.79981,1.0768423662718574,82.87265164511544,87.37166687420437,78.62591293879917,-8.164537558505069,-20.3966165478642,-6.277327848152503,20.367269576878645,2.0243712550769954,-5.994197564654025,1.585858815098362,-2.6717656381202715,-1.477110773163015,1.527621265863936,-0.3863085833591407,0,0,0,2
GSPTSE,2013-03,12749.90039,-0.5607591840883663,74.79130831072408,70.25588681620937,79.46081779849145,-9.751520162523589,-19.589622895300696,1.0618698447955044,-8.164537558505069,1.0768423662718574,20.367269576878645,2.0243712550769954,-5.994197564654025,1.585858815098362,1.3381893723767735,-0.5476482407603864,0,1,1,2
GSPTSE,2013-04,12456.5,-2.301197507630104,93.84421526590982,83.1100798924764,99.8020144144694,25.47476088535521,18.296250547507608,25.599027520157392,-9.751520162523589,-0.5607591840883663,-8.164537558505069,1.0768423662718574,20.367269576878645,2.0243712550769954,1.763193076934911,-0.1672672380667305,0,1,0,2
GSPTSE,2013-05,12650.40039,1.556620158150368,83.38529759068643,96.31220405332505,76.66901059304514,-11.144978564302331,15.885105847484285,-23.178894691799336,25.47476088535521,-2.301197507630104,-9.751520162523589,-0.5607591840883663,-8.164537558505069,1.0768423662718574,1.667310459226114,-0.3760738837796071,0,0,0,2
GSPTSE,2013-06,12129.09961,-4.120824352817198,82.57989651362101,85.31224797566732,78.08507897059123,-0.965878998260461,-11.421144584716792,1.8469892419278768,-11.144978564302331,1.556620158150368,25.47476088535521,-2.301197507630104,-9.751520162523589,-0.5607591840883663,2.4236745790021783,-0.3921532815316291,0,1,0,2
GSPTSE,2013-07,12486.59961,2.9474570371675,77.08005560598066,75.28471995938209,75.0804361527966,-6.660023976577866,-11.753913716053145,-3.847909046651865,-0.965878998260461,-4.120824352817198,-11.144978564302331,1.556620158150368,25.47476088535521,-2.301197507630104,2.628070662166905,-0.5019546364652614,0,0,1,2
GSPTSE,2013-08,12653.90039,1.3398425930628566,88.84743185966245,104.4280973249866,78.84740774093136,15.266434567502763,38.71087968624718,5.017247875956099,-6.660023976577866,2.9474570371675,-0.965878998260461,-4.120824352817198,-11.144978564302331,1.556620158150368,2.6563408727746336,-0.2670253215330478,0,0,1,2
GSPTSE,2013-09,12787.2002,1.0534286337937404,98.07846705118816,97.374010403951,98.14722569783528,10.38976028717007,-6.754970263494176,24.47742863064981,15.266434567502763,1.3398425930628566,-6.660023976577866,2.9474570371675,-0.965878998260461,-4.120824352817198,2.6927497763155483,-0.0827326868021949,0,0,0,2
GSPTSE,2013-10,13361.29981,4.48964277575008,73.56673326799947,80.33374651016727,65.35439909658125,-24.99196257869301,-17.499807005065403,-33.411873201809016,10.38976028717007,1.0534286337937404,15.266434567502763,1.3398425930628566,-6.660023976577866,2.9474570371675,2.910464391141618,-0.5720962204687234,0,0,1,2
GSPTSE,2013-11,13395.40039,0.2552190317178349,76.75024941762288,52.19944121042887,91.32140051523844,4.327385501849101,-35.02177667784688,39.73259914804351,-24.99196257869301,4.48964277575008,10.38976028717007,1.0534286337937404,15.266434567502763,1.3398425930628566,2.927998533297133,-0.508539038988046,0,0,0,2
GSPTSE,2013-12,13621.59961,1.688633511610904,70.2421502144106,68.61865160542149,68.88867827384702,-8.47958052592066,31.45476276039567,-24.564584111528333,4.327385501849101,0.2552190317178349,-24.99196257869301,4.48964277575008,10.38976028717007,1.0534286337937404,1.5205600959522654,-0.6384697265398416,0,0,1,2
GSPTSE,2014-01,13694.90039,0.5381216751238815,78.61989428920131,86.78251980197045,68.41249278283888,11.926947066993351,26.4707448654002,-0.6912391164121345,-8.47958052592066,1.688633511610904,4.327385501849101,0.2552190317178349,-24.99196257869301,4.48964277575008,1.5265072492651548,-0.4712125883522027,0,0,0,2
GSPTSE,2014-02,14209.59961,3.758327591603594,70.26414687292916,61.49816117967878,73.86041593551636,-10.628031863710918,-29.135312825656825,7.963345481315476,11.926947066993351,0.5381216751238815,-8.47958052592066,1.688633511610904,4.327385501849101,0.2552190317178349,1.7582099523100263,-0.6380305751262079,0,0,1,2
GSPTSE,2014-03,14335.29981,0.8846146510105735,119.53876396917528,75.00083989481772,150.81426780454575,70.12768145517792,21.956231627297345,104.18821894560378,-10.628031863710918,3.758327591603594,11.926947066993351,0.5381216751238815,-8.47958052592066,1.688633511610904,1.77694449758226,0.3457105570013821,1,0,0,2
GSPTSE,2014-04,14651.90039,2.2085382530970588,92.7823445002238,61.30099623998006,112.3606637954712,-22.3830484610423,-18.26625365002648,-25.49732500038402,70.12768145517792,0.8846146510105735,-10.628031863710918,3.758327591603594,11.926947066993351,0.5381216751238815,1.301730329959647,-0.1884669147109705,0,0,0,2
GSPTSE,2014-05,14604.2002,-0.3255563355628377,83.18502376925561,75.96359517497402,92.24833537686256,-10.343908404842097,23.91902225796312,-17.89979494533681,-22.3830484610423,2.2085382530970588,70.12768145517792,0.8846146510105735,-10.628031863710918,3.758327591603594,1.432761177481466,-0.3800722425176376,0,1,1,2
GSPTSE,2014-06,15146.0,3.709890254722748,98.1738182067871,105.45366484324136,96.13338797887168,18.01862133153733,38.82131908098889,4.211515130476329,-10.343908404842097,-0.3255563355628377,-22.3830484610423,2.2085382530970588,70.12768145517792,0.8846146510105735,1.7086705360436327,-0.0808290524507526,0,0,1,2
GSPTSE,2014-07,15330.7002,1.2194652053347357,136.12800659671908,115.96761592741936,161.79567853866084,38.660193810520525,9.970209285573103,68.30331473828896,18.01862133153733,3.709890254722748,-10.343908404842097,-0.3255563355628377,-22.3830484610423,2.2085382530970588,1.629171982073572,0.6769058312677037,0,0,0,2
GSPTSE,2014-08,15625.7002,1.9242434862825064,132.44592408211,107.58255644767516,154.0424594263877,-2.7048677246242936,-7.230518117223495,-4.791981579669047,38.660193810520525,1.2194652053347357,18.01862133153733,3.709890254722748,-10.343908404842097,-0.3255563355628377,1.3631848579560726,0.6033950414337895,0,0,0,2
GSPTSE,2014-09,14960.5,-4.257090507854489,130.56609942118328,121.00510635375976,142.43847586313885,-1.419314844118058,12.476511387431977,-7.53297734044166,-2.7048677246242936,1.9242434862825064,38.660193810520525,1.2194652053347357,18.01862133153733,3.709890254722748,2.7826331478324646,0.5658653567986086,0,1,0,2
GSPTSE,2014-10,14613.29981,-2.320779318873034,80.79179345407793,74.09397866649013,83.08987451368763,-38.12192153075063,-38.76789096000993,-41.66613058010812,-1.419314844118058,-4.257090507854489,-2.7048677246242936,1.9242434862825064,38.660193810520525,1.2194652053347357,2.917790378293132,-0.4278517939060605,0,1,1,2
GSPTSE,2014-11,14744.7002,0.8991835636608325,84.14203809102376,77.99142316182454,87.09242757161458,4.1467635433172,5.26013660688609,4.817136963262114,-38.12192153075063,-2.320779318873034,-1.419314844118058,-4.257090507854489,-2.7048677246242936,1.9242434862825064,2.933952672926225,-0.3609659681752187,0,0,1,2
GSPTSE,2014-12,14632.40039,-0.7616283035717375,85.45243663172567,94.30592924548732,80.33614915417087,1.5573648683008257,20.918333609340344,-7.757595701288888,4.1467635433172,0.8991835636608325,-38.12192153075063,-2.320779318873034,-1.419314844118058,-4.257090507854489,2.3780658103558943,-0.3348045686568722,0,1,1,2
GSPTSE,2015-01,14673.5,0.2808808459621392,108.33973257003292,146.6483586834323,81.6583960748488,26.783666844919374,55.50279802841731,1.645892832304474,1.5573648683008257,-0.7616283035717375,4.1467635433172,0.8991835636608325,-38.12192153075063,-2.320779318873034,2.266697126517397,0.1221279403002564,0,0,1,2
GSPTSE,2015-02,15234.29981,3.8218544314580822,112.50795323508126,110.6266494478498,116.82035664149691,3.8473610430540095,-24.56332246673284,43.05982269651534,26.783666844919374,0.2808808459621392,1.5573648683008257,-0.7616283035717375,4.1467635433172,0.8991835636608325,2.781086029434785,0.205344215892678,0,0,0,2
GSPTSE,2015-03,14902.40039,-2.178632586593421,103.47884836504537,80.65029876462874,119.2300068024666,-8.025303643352133,-27.09686213298193,2.062697144783177,3.8473610430540095,3.8218544314580822,26.783666844919374,0.2808808459621392,1.5573648683008257,-0.7616283035717375,2.2889010483591004,0.0250830110293626,0,1,0,2
GSPTSE,2015-04,15224.5,2.1613941483959787,99.56071904500324,92.08395849863687,107.84801419576009,-3.786405996924136,14.17683493941706,-9.546248391618018,-8.025303643352133,-2.178632586593421,3.8473610430540095,3.8218544314580822,26.783666844919374,0.2808808459621392,2.122252445179263,-0.0531403258581029,0,0,0,2
GSPTSE,2015-05,15014.09961,-1.381985549607545,74.41008684712071,71.70904147240424,75.1276002699329,-25.261601602650146,-22.12645650603112,-30.3393754347992,-3.786405996924136,2.1613941483959787,-8.025303643352133,-2.178632586593421,3.8473610430540095,3.8218544314580822,2.2788157787404675,-0.5552591214997333,0,1,1,2
GSPTSE,2015-06,14553.29981,-3.069113779510879,85.28621266682943,88.44556840260823,80.42666390736898,14.61646704169861,23.33949330035976,7.053417942802098,-25.261601602650146,-1.381985549607545,-3.786405996924136,2.1613941483959787,-8.025303643352133,-2.178632586593421,2.6612251268081706,-0.3381231403891369,0,1,1,2
GSPTSE,2015-07,14468.40039,-0.5833688655384028,106.23084825085056,89.69054517438335,118.30285398421748,24.558055668202016,1.4076191653921155,47.09407084256565,14.61646704169861,-3.069113779510879,-25.261601602650146,-1.381985549607545,-3.786405996924136,2.1613941483959787,2.662412784874532,0.0800252032332923,0,1,0,2
GSPTSE,2015-08,13859.09961,-4.21125185629454,80.77308187177104,72.6687409493231,83.29964871560374,-23.96457036562888,-18.978370788097155,-29.58779445277242,24.558055668202016,-0.5833688655384028,14.61646704169861,-3.069113779510879,-25.261601602650146,-1.381985549607545,2.214586620484105,-0.4282253605463964,0,1,1,2
GSPTSE,2015-09,13307.0,-3.983661460962684,96.26670481363932,79.88457260131835,111.3503412882487,19.18166619724222,9.929760111059792,33.674442815976114,-23.96457036562888,-4.21125185629454,24.558055668202016,-0.5833688655384028,14.61646704169861,-3.069113779510879,2.430175472475669,-0.118903541894402,0,1,0,2
GSPTSE,2015-10,13529.2002,1.6697993537236,86.38631562263735,101.0595084159605,75.2390812904604,-10.263558111944526,26.506915071474868,-32.43030922043458,19.18166619724222,-3.983661460962684,-23.96457036562888,-4.21125185629454,24.558055668202016,-0.5833688655384028,2.271186332584531,-0.3161601787066636,0,0,1,2
GSPTSE,2015-11,13469.79981,-0.4390532265166613,146.2837247212728,206.724671681722,112.25876941680907,69.33668679688365,104.55736914021404,49.20273811350009,-10.263558111944526,1.6697993537236,19.18166619724222,-3.983661460962684,-23.96457036562888,-4.21125185629454,2.3477408199425978,0.879659261617105,1,1,0,2
GSPTSE,2015-12,13010.0,-3.4135608285629004,140.49793341852003,194.36913816390495,108.1629870014806,-3.955184566004821,-5.976806453387384,-3.648518896658426,69.33668679688365,-0.4390532265166613,-10.263558111944526,1.6697993537236,19.18166619724222,-3.983661460962684,2.3897129979588008,0.7641490613996877,0,1,0,2
GSPTSE,2016-01,12822.09961,-1.4442766333589652,115.96384011545489,110.91858869983304,120.46343551143524,-17.462244964117836,-42.93405334426132,11.37214203393464,-3.955184566004821,-3.4135608285629004,69.33668679688365,-0.4390532265166613,-10.263558111944526,1.6697993537236,2.325090620837724,0.2743391319883859,0,1,0,2
GSPTSE,2016-02,12860.40039,0.2987091128985542,101.22297576378132,113.22725730106748,90.85711604151231,-12.711604183681224,2.0814082006417767,-24.57701736981631,-17.462244964117836,-1.4442766333589652,-3.955184566004821,-3.4135608285629004,69.33668679688365,-0.4390532265166613,2.1802347935296265,-0.0199542677458014,0,0,1,2
GSPTSE,2016-03,13494.40039,4.929862063182622,105.2873266896894,122.0475801037204,93.74349009606146,4.015245447232085,7.78992886774601,3.1768277272089085,-12.711604183681224,0.2987091128985542,-17.462244964117836,-1.4442766333589652,-3.955184566004821,-3.4135608285629004,2.8525301385656974,0.0611883045730654,0,0,0,2
GSPTSE,2016-04,13951.5,3.387328053039917,83.62793006896973,90.3290501912435,79.78639167149862,-20.571703453499047,-25.98865941096199,-14.888605502377429,4.015245447232085,4.929862063182622,-12.711604183681224,0.2987091128985542,-17.462244964117836,-1.4442766333589652,3.0971564080364664,-0.3712298573225143,0,0,1,2
GSPTSE,2016-05,14065.79981,0.8192653836505137,84.68827352216167,88.0693675010435,82.82368420016381,1.2679298080407353,-2.5016123665817624,3.806780160168821,-20.571703453499047,3.387328053039917,4.015245447232085,4.929862063182622,-12.711604183681224,0.2987091128985542,3.058898475602277,-0.3500606726477829,0,0,1,2
GSPTSE,2016-06,14064.5,-0.0092409249211389,88.54716021219889,97.87790400187174,80.03160365422566,4.556577350732516,11.137285050573364,-3.3711136770858907,1.2679298080407353,0.8192653836505137,-20.571703453499047,3.387328053039917,4.015245447232085,4.929862063182622,2.366693599736825,-0.273020082889481,0,1,1,2
GSPTSE,2016-07,14582.7002,3.684455188595392,112.01366116923673,143.21993846278036,94.82303280984202,26.501697966147653,46.32509750110867,18.481985216143254,4.556577350732516,-0.0092409249211389,1.2679298080407353,0.8192653836505137,-20.571703453499047,3.387328053039917,2.072015633211434,0.1954759416145478,0,0,0,2
GSPTSE,2016-08,14598.0,0.1049174692626664,98.61115221823415,123.22047128985004,80.60763149876749,-11.96506641342012,-13.964164059550775,-14.9915066939296,26.501697966147653,3.684455188595392,4.556577350732516,-0.0092409249211389,1.2679298080407353,0.8192653836505137,2.1084904182590973,-0.0720979149829873,0,0,1,2
GSPTSE,2016-09,14725.90039,0.8761500890533069,103.71691958109538,119.65013109842936,94.2956667582194,5.177677420867943,-2.897521940994874,16.98106619056434,-11.96506641342012,0.1049174692626664,26.501697966147653,3.684455188595392,4.556577350732516,-0.0092409249211389,1.6375206594911909,0.0298359743481151,0,0,0,2
GSPTSE,2016-10,14787.29981,0.4169484946516144,86.16627822383758,100.4282025367983,80.40413419661984,-16.921676258939698,-16.065112829519823,-14.731888578950723,5.177677420867943,0.8761500890533069,-11.96506641342012,0.1049174692626664,26.501697966147653,3.684455188595392,1.372010663594008,-0.320553106598582,0,0,0,2
GSPTSE,2016-11,15082.90039,1.9990166142441976,83.57939580281575,85.52786210378011,80.94508310953776,-3.0021981619094418,-14.836808841180336,0.6727874360229924,-16.921676258939698,0.4169484946516144,5.177677420867943,0.8761500890533069,-11.96506641342012,0.1049174692626664,1.4274272507798176,-0.3721988177477174,0,0,1,2
GSPTSE,2016-12,15287.59961,1.357160855717865,101.61987716920916,112.50576536117062,94.95736854307113,21.58484300240133,31.54282428415589,17.310854341296356,-3.0021981619094418,1.9990166142441976,-16.921676258939698,0.4169484946516144,5.177677420867943,0.8761500890533069,1.3036249770615944,-0.0120303454318856,0,0,1,2
GSPTSE,2017-01,15386.0,0.6436614806135665,104.88912440884498,102.22949655594364,108.44574915978215,3.217133626516944,-9.133993064477783,14.204669762508138,21.58484300240133,1.357160855717865,-3.0021981619094418,1.9990166142441976,-16.921676258939698,0.4169484946516144,0.6853621001816208,0.0532384109836636,0,0,1,2
GSPTSE,2017-02,15399.2002,0.0857935785779195,113.19088404519218,94.91658476420812,125.99899278368268,7.91479544055298,-7.153426396591556,16.186197946807358,3.217133626516944,0.6436614806135665,21.58484300240133,1.357160855717865,-3.0021981619094418,1.9990166142441976,0.6898271204298949,0.2189785608738084,0,0,0,2
GSPTSE,2017-03,15547.79981,0.964982648904078,98.49747651623142,99.26259293094758,97.23793039014262,-12.981087348955,4.578765847439437,-22.826422464279197,7.91479544055298,0.0857935785779195,3.217133626516944,0.6436614806135665,21.58484300240133,1.357160855717865,0.6902573132908928,-0.0743673890118802,0,0,1,2
GSPTSE,2017-04,15586.09961,0.2463358190099907,115.10228830973308,101.26866887410482,124.87095286051432,16.858108837707487,2.020978783571348,28.417945918327536,-12.981087348955,0.964982648904078,7.91479544055298,0.0857935785779195,3.217133626516944,0.6436614806135665,0.7176635501763446,0.2571387152486297,0,0,0,2
GSPTSE,2017-05,15349.90039,-1.5154479049296787,101.37748035307854,98.86025521063036,100.89005654858003,-11.924009642381684,-2.378241651885993,-19.20454338065464,16.858108837707487,0.2463358190099907,-12.981087348955,0.964982648904078,7.91479544055298,0.0857935785779195,1.0022433259144463,-0.0168696670213093,0,1,1,2
GSPTSE,2017-06,15182.2002,-1.0925164707208943,126.94453862508138,146.7019323984782,113.13888193766276,25.21966237763813,48.393236580177735,12.140765708843391,-11.924009642381684,-1.5154479049296787,16.858108837707487,0.2463358190099907,-12.981087348955,0.964982648904078,0.9828038944556354,0.4935628504053606,0,1,0,2
GSPTSE,2017-07,15143.90039,-0.2522678498205977,101.5980480563256,69.98286450293756,124.43094007430538,-19.96658607237466,-43.81668896391011,9.9807050796775,25.21966237763813,-1.0925164707208943,-11.924009642381684,-1.5154479049296787,16.858108837707487,0.2463358190099907,0.9105847495195962,-0.0124661518873564,0,1,1,2
GSPTSE,2017-08,15211.90039,0.4490256687431859,137.11038946336316,109.75087941077447,156.3583743187689,34.9537634693037,56.82536030826179,25.65875836459781,-19.96658607237466,-0.2522678498205977,25.21966237763813,-1.0925164707208943,-11.924009642381684,-1.5154479049296787,0.9494583004424983,0.6965185749147532,0,0,0,2
GSPTSE,2017-09,15634.90039,2.7807176562770097,118.73107655843098,86.45641419092814,146.35588200887045,-13.40475581527194,-21.22485518558812,-6.397158037411099,34.9537634693037,0.4490256687431859,-19.96658607237466,-0.2522678498205977,25.21966237763813,-1.0925164707208943,1.5156053900935895,0.3295855138316133,0,0,0,2
GSPTSE,2017-10,16025.59961,2.498891647879553,91.91498454924552,71.24007597277242,109.52413552807224,-22.585571348701183,-17.60001078063723,-25.16588057497128,-13.40475581527194,2.7807176562770097,34.9537634693037,0.4490256687431859,-19.96658607237466,-0.2522678498205977,1.8089222652614112,-0.2057832879355632,0,0,1,2
GSPTSE,2017-11,16067.5,0.261459109298201,93.25364055633544,80.09026870727538,105.41860446929932,1.45640671502556,12.423053476087633,-3.748517200321233,-22.585571348701183,2.498891647879553,-13.40475581527194,2.7807176562770097,34.9537634693037,0.4490256687431859,1.5432162893574448,-0.1790577433540232,0,0,0,2
GSPTSE,2017-12,16209.09961,0.8812796639178444,84.61367348701724,64.52695954230524,98.77827345940376,-9.265018521286285,-19.432209950316203,-6.29901244028458,1.45640671502556,0.261459109298201,-22.585571348701183,2.498891647879553,-13.40475581527194,2.7807176562770097,1.247800799152226,-0.3515500220807048,0,0,1,2
GSPTSE,2018-01,15951.7002,-1.5879932642353545,91.99991103141538,75.9898567199707,106.7695834867416,8.729366354164325,17.76450844572981,8.09014953133611,-9.265018521286285,0.8812796639178444,1.45640671502556,0.261459109298201,-22.585571348701183,2.498891647879553,1.6057932600039682,-0.2040877765619447,0,1,0,2
GSPTSE,2018-02,15442.7002,-3.190882436469056,65.82219927651542,53.66386883599417,76.22563787869045,-28.45406203269154,-29.380221055357104,-28.60734734611382,8.729366354164325,-1.5879932642353545,-9.265018521286285,0.8812796639178444,1.45640671502556,0.261459109298201,2.3270217569010647,-0.7267116611468718,0,1,1,2
GSPTSE,2018-03,15367.29981,-0.488259106396427,109.2456529678837,64.72115756619361,142.5100219480453,65.97083380479091,20.60471779251023,86.95812316433921,-28.45406203269154,-3.190882436469056,8.729366354164325,-1.5879932642353545,-9.265018521286285,0.8812796639178444,1.9794416913443604,0.1402141520319168,1,1,1,2
GSPTSE,2018-04,15607.90039,1.5656659463586076,122.0270450592041,94.80569979349772,144.06638272603354,11.699680256456425,46.483319147274415,1.092106194858089,65.97083380479091,-0.488259106396427,-28.45406203269154,-3.190882436469056,8.729366354164325,-1.5879932642353545,1.7405166805438934,0.3953877458017615,0,0,1,2
GSPTSE,2018-05,16061.5,2.906217996436089,122.07622054315382,62.3412499273977,166.9032696139428,0.0402988402496085,-34.24314143222706,15.851641761102208,11.699680256456425,1.5656659463586076,65.97083380479091,-0.488259106396427,-28.45406203269154,-3.190882436469056,2.2187691875289706,0.3963695077941304,0,0,0,2
GSPTSE,2018-06,16277.7002,1.3460772655106812,103.35734113057454,56.24654754002889,136.8462231318156,-15.333763880707776,-9.776355774814691,-18.008662473569824,0.0402988402496085,2.906217996436089,11.699680256456425,1.5656659463586076,65.97083380479091,-0.488259106396427,2.262769051465299,0.0226571846821675,0,0,1,2
GSPTSE,2018-07,16434.0,0.9602081257154448,109.5580127469955,85.10936841657085,127.5609563396823,5.999256123072527,51.3148311120806,-6.785183090650127,-15.333763880707776,1.3460772655106812,0.0402988402496085,2.906217996436089,11.699680256456425,1.5656659463586076,2.1189998592621047,0.1464502464115924,0,0,1,2
GSPTSE,2018-08,16262.90039,-1.0411318607764342,113.0449313502158,67.86267332876882,146.81783097790134,3.182714359079064,-20.264155883976787,15.096213755986486,5.999256123072527,0.9602081257154448,-15.333763880707776,1.3460772655106812,0.0402988402496085,2.906217996436089,1.4395885984265226,0.2160646941031607,0,1,0,2
GSPTSE,2018-09,16073.09961,-1.167078291377277,73.96346220970153,49.602893877029416,88.1794579188029,-34.571624462700555,-26.906955703436157,-39.93954458292232,3.182714359079064,-1.0411318607764342,5.999256123072527,0.9602081257154448,-15.333763880707776,1.3460772655106812,1.587237181407778,-0.5641757412999974,0,1,1,2
GSPTSE,2018-10,15027.29981,-6.506522235134704,92.58265267649004,61.918164991563366,115.57533417978594,25.17349771161239,24.8277270779095,31.06832011397669,-34.571624462700555,-1.167078291377277,3.182714359079064,-1.0411318607764342,5.999256123072527,0.9602081257154448,3.283797118701153,-0.1924536541791385,0,1,0,2
GSPTSE,2018-11,15197.79981,1.1346017059334912,79.83305384318034,48.951593685150144,103.46333103179931,-13.771045076727717,-20.94146573655724,-10.479747459908284,25.17349771161239,-6.506522235134704,-34.571624462700555,-1.167078291377277,3.182714359079064,-1.0411318607764342,2.9720878029599445,-0.446992512714646,0,0,1,2
GSPTSE,2018-12,14322.90039,-5.756750522692933,86.58019570381411,64.75931516770393,99.9929014944261,8.45156427798377,32.292557386848046,-3.3542603961847828,-13.771045076727717,1.1346017059334912,25.17349771161239,-6.506522235134704,-34.571624462700555,-1.167078291377277,3.3045428345748395,-0.3122894675414957,0,1,1,2
GSPTSE,2019-01,15540.59961,8.5017642156485,87.5074286307058,54.891605531015706,113.59607076644896,1.0709526807535674,-15.237513879098808,13.60413496230144,8.45156427798377,-5.756750522692933,-13.771045076727717,1.1346017059334912,25.17349771161239,-6.506522235134704,5.433083076134445,-0.2937777626719332,0,0,1,2
GSPTSE,2019-02,15999.0,2.9496956456238177,98.55523300170898,57.736959321158274,130.96962765284948,12.624990293825844,5.183586383777472,15.294153018831214,1.0709526807535674,8.5017642156485,8.45156427798377,-5.756750522692933,-13.771045076727717,1.1346017059334912,5.638905851401728,-0.0732143119559909,0,0,0,2
GSPTSE,2019-03,16102.09961,0.6444128383023884,79.65598315577353,67.75160512616557,85.8987022830594,-19.17630273940678,17.345294803804002,-34.41326525662569,12.624990293825844,2.9496956456238177,1.0709526807535674,8.5017642156485,8.45156427798377,-5.756750522692933,5.621430122721165,-0.450527633406826,0,0,0,2
GSPTSE,2019-04,16580.69922,2.972280768296653,78.96416734059652,57.763711071014406,93.91384995778402,-0.8685045212788456,-14.741929783880291,9.330929876347316,-19.17630273940678,0.6444128383023884,12.624990293825844,2.9496956456238177,1.0709526807535674,8.5017642156485,4.614572904798572,-0.4643393627180184,0,0,1,2
GSPTSE,2019-05,16037.5,-3.2760935639238875,105.1034455453196,63.40447973435925,133.1031727944651,33.10270858929771,9.765246309071296,41.72901319059692,-0.8685045212788456,2.972280768296653,-19.17630273940678,0.6444128383023884,12.624990293825844,2.9496956456238177,5.060287721416259,0.0575172167838708,0,1,0,2
GSPTSE,2019-06,16382.2002,2.149338737334361,103.3317710240682,51.50454092025757,138.8043354034424,-1.685648374379367,-18.768293445444108,4.283265747376963,33.10270858929771,-3.2760935639238875,-0.8685045212788456,2.972280768296653,-19.17630273940678,0.6444128383023884,3.825940409544181,0.0221466913083878,0,0,0,2
GSPTSE,2019-07,16406.59961,0.1489385412345445,93.06078184804608,47.329337519984094,126.32542345600744,-9.939817225846037,-8.10647629446455,-8.990289756558633,-1.685648374379367,2.149338737334361,33.10270858929771,-3.2760935639238875,-0.8685045212788456,2.972280768296653,2.3714846000914265,-0.1829080633608263,0,0,1,2
GSPTSE,2019-08,16442.09961,0.2163763414959163,106.01592488442698,74.11447860348609,125.86253258489792,13.921162899248628,56.59310374287909,-0.3664273259061712,-9.939817225846037,0.1489385412345445,-1.685648374379367,2.149338737334361,33.10270858929771,-3.2760935639238875,2.1592787105699784,0.0757343742372348,0,0,0,2
GSPTSE,2019-09,16658.59961,1.3167418099591544,92.55197461446126,70.08315865198772,112.63771381378174,-12.699931906120154,-5.439314999523937,-10.507351552135392,13.921162899248628,0.2163763414959163,-9.939817225846037,0.1489385412345445,-1.685648374379367,2.149338737334361,2.187040749972959,-0.1930661251276743,0,0,1,2
GSPTSE,2019-10,16483.19922,-1.052911974033588,95.20806701721683,69.20361838802215,118.00913903021043,2.8698387190764008,-1.2549951812718674,4.768762641355617,-12.699931906120154,1.3167418099591544,13.921162899248628,0.2163763414959163,-9.939817225846037,0.1489385412345445,1.909063161528112,-0.1400386740524366,0,1,0,2
GSPTSE,2019-11,17040.19922,3.379198373845771,73.70891914367675,52.628954823811846,86.17964719136556,-22.58122504435712,-23.95057361202817,-26.97205665630397,2.8698387190764008,-1.052911974033588,-12.699931906120154,1.3167418099591544,13.921162899248628,0.2163763414959163,1.58937504074657,-0.5692575562120714,0,0,0,2
GSPTSE,2019-12,17063.40039,0.1361555091020871,72.31251805828464,60.52569272441249,79.17934866874448,-1.8944804802661477,15.004550113215975,-8.122913879046889,-22.58122504435712,3.379198373845771,2.8698387190764008,-1.052911974033588,-12.699931906120154,1.3167418099591544,1.5156610807648627,-0.597135950111402,0,0,1,2
GSPTSE,2020-01,17318.5,1.4950103975143405,139.8703630508915,84.9525350447624,191.54257983546103,93.42482713456964,40.35780710775339,104.18821894560378,-1.8944804802661477,0.1361555091020871,-22.58122504435712,3.379198373845771,2.8698387190764008,-1.052911974033588,1.5190413693701297,0.7516199577694204,1,0,0,2
GSPTSE,2020-02,16263.09961,-6.094063515893411,75.72699855935984,56.10202249987372,87.16311290346343,-39.28844654475468,-33.960743525413385,-44.52829942694827,93.42482713456964,1.4950103975143405,-1.8944804802661477,0.1361555091020871,-22.58122504435712,3.379198373845771,3.27232601810995,-0.5289676900274246,1,1,1,2
GSPTSE,2020-03,13378.79981,-16.199297081301566,82.76741433912709,64.03543063132993,98.19669649677893,9.297101316181845,14.141037663079016,12.658546976787765,-45.859153499296525,-6.094063515893411,93.42482713456964,1.4950103975143405,-1.8944804802661477,0.1361555091020871,7.75425661964886,-0.3884095893666116,0,1,0,2
GSPTSE,2020-04,14780.7002,10.478521316629209,69.76431941986084,47.72460098266602,82.26346549987792,-15.71040369340041,-25.47157017272198,-16.225831993669605,9.297101316181845,-17.735240324215162,-45.859153499296525,-6.094063515893411,93.42482713456964,1.4950103975143405,9.628650806762677,-0.6480093604222856,0,0,0,2
GSPTSE,2020-05,15192.79981,2.7880926101186976,69.50140085527974,42.10684902437272,85.36720494301089,-0.3768668092335003,-11.771186856719284,3.772925714073616,-15.71040369340041,10.478521316629209,9.297101316181845,-17.735240324215162,-45.859153499296525,-6.094063515893411,9.572956385323764,-0.6532583876419832,0,0,1,2
GSPTSE,2020-06,15515.2002,2.122060410404369,71.60573234558106,51.32019710540772,86.46775321960449,3.027754065969246,21.88087756388999,1.289193288369117,-0.3768668092335003,2.7880926101186976,-15.71040369340041,10.478521316629209,9.297101316181845,-17.735240324215162,9.674163060029157,-0.6112465453460343,0,0,0,2
GSPTSE,2020-07,16169.2002,4.21522114809707,68.53134112204275,36.44394225458945,92.3572107745755,-4.293498750492198,-28.98713506548618,6.811160618471734,3.027754065969246,2.122060410404369,-0.3768668092335003,2.7880926101186976,-15.71040369340041,10.478521316629209,9.88478405730356,-0.6726251065825277,0,0,0,2
GSPTSE,2020-08,16514.40039,2.134924335960653,64.93029563657699,27.294767964270807,89.9976692199707,-5.254596548829982,-25.104787584187527,-2.5547994951514386,-4.293498750492198,4.21522114809707,3.027754065969246,2.122060410404369,-0.3768668092335003,2.7880926101186976,9.552688720057544,-0.7445180358729901,0,0,1,2
GSPTSE,2020-09,16121.40039,-2.379741260469692,83.04108727773031,49.94818175633748,105.76334724426268,27.8926677656324,82.9954437484879,17.517873697104093,-5.254596548829982,2.134924335960653,-4.293498750492198,4.21522114809707,3.027754065969246,2.122060410404369,4.185757972745069,-0.3829458568747211,0,1,0,2
GSPTSE,2020-10,15580.59961,-3.354552128954358,76.71051840628347,43.048690057569935,98.63585779743808,-7.62341761045866,-13.813299015418378,-6.739092164285898,27.8926677656324,-2.379741260469692,-5.254596548829982,2.134924335960653,-4.293498750492198,4.21522114809707,3.0472717327529826,-0.5093322471828304,0,1,0,2
GSPTSE,2020-11,17190.30078,10.331445581637675,70.364892578125,62.07505849202474,79.94887498219808,-8.272171743840929,44.197322633999846,-18.94542535800341,-7.62341761045866,-3.354552128954358,27.8926677656324,-2.379741260469692,-5.254596548829982,2.134924335960653,4.93996088565654,-0.6360192415040153,0,0,0,2
GSPTSE,2020-12,17433.40039,1.4141672860246368,62.28910067773634,29.27726056498866,85.56250313789614,-11.4770187297909,-43.81668896391011,7.021522387836021,-8.272171743840929,10.331445581637675,-7.62341761045866,-3.354552128954358,27.8926677656324,-2.379741260469692,4.95001374982239,-0.797248067522034,0,0,1,2
GSPTSE,2021-01,17337.0,-0.5529637812672239,74.98195703567997,47.25387308674474,95.04665202479208,20.37733121820517,61.40127926877659,11.08446870892834,-11.4770187297909,1.4141672860246368,-8.272171743840929,10.331445581637675,-7.62341761045866,-3.354552128954358,4.917496232008878,-0.5438420418778978,0,1,0,2
GSPTSE,2021-02,18060.30078,4.172006575532117,72.32457787649972,46.01375893184117,91.3971277645656,-3.544024808415902,-2.624365102574921,-3.8397188985410335,20.37733121820517,-0.5529637812672239,-11.4770187297909,1.4141672860246368,-8.272171743840929,10.331445581637675,5.057843814609639,-0.5968951823505692,0,0,1,2
GSPTSE,2021-03,18700.69922,3.54589022520142,77.55295372009277,49.825385385944,99.19816903145085,7.229044395559336,8.283666760954866,8.535324312357284,-3.544024808415902,4.172006575532117,20.37733121820517,-0.5529637812672239,-11.4770187297909,1.4141672860246368,4.689241130571226,-0.4925134808851181,0,0,1,2
GSPTSE,2021-04,19108.30078,2.17960598801612,84.63264045715331,65.75086024602254,105.25555461247762,9.128842161979843,31.96257236491182,6.106348171715048,7.229044395559336,3.54589022520142,-3.544024808415902,4.172006575532117,20.37733121820517,-0.5529637812672239,3.732067705574009,-0.3511713567602164,0,0,1,2
GSPTSE,2021-05,19731.0,3.258789084227498,90.02756192607265,52.68410350430396,115.80485919214064,6.3745163092844725,-19.87313427204783,10.02256329226774,9.128842161979843,2.17960598801612,7.229044395559336,3.54589022520142,-3.544024808415902,4.172006575532117,1.726652263353885,-0.2434646617856457,0,0,0,2
HSI,2000-07,16840.98047,4.241207719768014,51.13137294400123,40.80166629052931,56.5029530679026,-20.264885157915803,-21.61971460324582,-22.58825043151742,-19.521279515661185,9.799739060320768,60.478668524912834,-5.1899213873103145,-2.0144699660817,-10.842128027258736,8.427024454511008,-1.020006078838822,0,0,0,2
HSI,2000-08,17097.50977,1.5232444480116625,47.5130286985828,41.88413973777525,50.82666443240258,-7.076563833678429,2.6530128439808287,-10.046003487071763,-20.264885157915803,4.241207719768014,-19.521279515661185,9.799739060320768,60.478668524912834,-5.1899213873103145,7.2470417127185875,-1.092244368533953,0,0,1,2
HSI,2000-09,15648.98047,-8.472165359084338,52.75809377034505,36.65586573282878,63.30135205586751,11.039214328003254,-12.482705954280584,24.54358900544371,-7.076563833678429,1.5232444480116625,-20.264885157915803,4.241207719768014,-19.521279515661185,9.799739060320768,7.991081805272096,-0.9875294756368682,0,1,1,2
HSI,2000-10,14895.33984,-4.815908815560044,74.84650722626716,74.61284114468482,80.27979493910267,41.86734560970407,103.54952653010729,26.82161175364879,11.039214328003254,-8.472165359084338,-7.076563833678429,1.5232444480116625,-20.264885157915803,4.241207719768014,6.882351447040691,-0.5465462242076752,0,1,0,2
HSI,2000-11,13984.38965,-6.115672416910778,45.440477244059245,47.08891073862711,44.53256746927897,-39.28844654475468,-36.88899924435919,-44.52829942694827,41.86734560970407,-4.815908815560044,11.039214328003254,-8.472165359084338,-7.076563833678429,1.5232444480116625,7.0179481905360825,-1.1336217395703077,0,1,1,2
HSI,2000-12,15095.53027,7.945578232654582,46.01157077666252,44.53382098290228,46.60758584545505,1.2567947504951382,-5.426096538752367,4.659552534462641,-39.28844654475468,-6.115672416910778,41.86734560970407,-4.815908815560044,11.039214328003254,-8.472165359084338,6.487052880624628,-1.1222201654653985,0,0,1,2
HSI,2001-01,16102.34961,6.66965202276395,47.34544200281943,39.250703688590754,53.58126591097924,2.8989908486964038,-11.863157433402929,14.962542983127358,1.2567947504951382,7.945578232654582,-39.28844654475468,-6.115672416910778,41.86734560970407,-4.815908815560044,6.935874246595254,-1.0955901464523845,0,0,1,2
HSI,2001-02,14787.87012,-8.163277545431457,56.3363071169172,45.95857455049242,65.78157465798515,18.989927506775352,17.089810453134604,22.769728448140224,2.8989908486964038,6.66965202276395,1.2567947504951382,7.945578232654582,-39.28844654475468,-6.115672416910778,7.465513026582824,-0.916092377674739,0,1,1,2
HSI,2001-03,12760.63965,-13.708738672638544,61.72149381329936,57.44915543833086,65.804611175291,9.558998400811111,25.00203933699969,0.0350197109534544,18.989927506775352,-8.163277545431457,2.8989908486964038,6.66965202276395,1.2567947504951382,7.945578232654582,8.57488656244991,-0.80858003217909,0,1,0,2
HSI,2001-04,13386.04004,4.90101129060565,49.02697035471599,47.12476806640625,50.69535102844238,-20.567427445911942,-17.97134752138766,-22.96079237760469,9.558998400811111,-13.708738672638544,18.989927506775352,-8.163277545431457,2.8989908486964038,6.66965202276395,9.07353895661309,-1.0620193405876062,0,0,1,2
HSI,2001-05,13174.41016,-1.5809745030465394,59.95146006922568,56.56440058062154,60.64858498111848,22.282612275385794,20.0311490147036,19.63342545373024,-20.567427445911942,4.90101129060565,9.558998400811111,-13.708738672638544,18.989927506775352,-8.163277545431457,8.787735554431492,-0.8439178004239036,0,1,1,2
HSI,2001-06,13042.53027,-1.001030698136396,70.94172350565593,62.602798779805504,78.85646438598633,18.33193624265337,10.675262421595733,30.02193606089316,22.282612275385794,-1.5809745030465394,-20.567427445911942,4.90101129060565,9.558998400811111,-13.708738672638544,7.731892949047697,-0.624503123406393,0,1,0,2
HSI,2001-07,12316.69043,-5.565176579804854,59.984781203731416,53.3461978666244,62.87733785567745,-15.444990282835402,-14.786241340007166,-20.26355943641387,18.33193624265337,-1.001030698136396,22.282612275385794,-1.5809745030465394,-20.567427445911942,4.90101129060565,6.448369983666849,-0.8432525619600832,0,1,1,2
HSI,2001-08,11090.48047,-9.955677354797333,64.13564220551521,73.31873946036062,56.88255968401509,6.919856867837648,37.43948471017813,-9.53408394201134,-15.444990282835402,-5.565176579804854,18.33193624265337,-1.001030698136396,22.282612275385794,-1.5809745030465394,6.705834196254868,-0.7603828626740763,0,1,1,2
HSI,2001-09,9950.700195,-10.277104568040418,472.49111404418943,791.8359584172566,249.4176373163859,93.42482713456964,104.55736914021404,104.18821894560378,6.919856867837648,-9.955677354797333,-15.444990282835402,-5.565176579804854,18.33193624265337,-1.001030698136396,5.854061274554073,7.392213704284887,1,1,1,0
HSI,2001-10,10073.96973,1.238802622773627,504.05423072076616,840.6995652721774,257.8192534908172,6.680150322070344,6.170925472062505,3.368493208751655,636.705984061322,-10.277104568040418,6.919856867837648,-9.955677354797333,-15.444990282835402,-5.565176579804854,4.857324041715861,8.022354291115674,0,0,0,0
HSI,2001-11,11279.25,11.964303073203686,296.1777104695638,494.21396484375,141.4245381673177,-39.28844654475468,-41.21396212644078,-44.52829942694827,6.680150322070344,1.238802622773627,636.705984061322,-10.277104568040418,6.919856867837648,-9.955677354797333,8.373515565614248,3.872211775036317,0,0,0,0
HSI,2001-12,11397.20996,1.0458138617372548,231.22251793646043,376.6929409888483,121.45619632351784,-21.93115492388762,-23.77938144505022,-14.11943224461908,-41.24090377218973,11.964303073203686,6.680150322070344,1.238802622773627,636.705984061322,-10.277104568040418,8.476419488992073,2.5754164186103274,0,0,0,1
HSI,2002-01,10725.29981,-5.895391524400761,169.9862031013735,259.16573752126385,104.05673919185516,-26.483715938044828,-31.199736092496558,-14.325705611030717,-21.93115492388762,1.0458138617372548,-41.24090377218973,11.964303073203686,6.680150322070344,1.238802622773627,8.505803809458655,1.3528664479931174,0,1,0,2
HSI,2002-02,10482.54981,-2.263339993290125,143.41856629507882,209.3824323926653,93.08014828818185,-15.629290096238414,-19.20906119950132,-10.548659307337282,-26.483715938044828,-5.895391524400761,-21.93115492388762,1.0458138617372548,-41.24090377218973,11.964303073203686,7.594055864739746,0.8224579202367436,0,1,1,2
HSI,2002-03,11032.91992,5.250345764872644,150.27259728216356,217.83082137569303,97.68620583318896,4.779040234569632,4.034908223429179,4.948485396420366,-15.629290096238414,-2.263339993290125,-26.483715938044828,-5.895391524400761,-21.93115492388762,1.0458138617372548,6.193266804699816,0.959294949121256,0,0,1,2
HSI,2002-04,11497.58008,4.211579195437487,154.13523864746094,219.28201649983723,99.5971280415853,2.570422974752073,0.6662028426368982,1.956184286304952,4.779040234569632,5.250345764872644,-15.629290096238414,-2.263339993290125,-26.483715938044828,-5.895391524400761,6.249400154492244,1.0364104989443716,0,0,1,2
HSI,2002-05,11301.94043,-1.7015724060084003,159.16512766192037,205.2949966922883,137.87667772846837,3.263295959182844,-6.378553075536553,38.434391070895146,2.570422974752073,4.211579195437487,4.779040234569632,5.250345764872644,-15.629290096238414,-2.263339993290125,4.2214000619790895,1.136829518008396,0,1,0,2
HSI,2002-06,10598.54981,-6.223627034282641,147.7977030436198,185.49468332926432,127.91307754516602,-7.141906512616192,-9.644810483473298,-7.226457982200928,3.263295959182844,-1.7015724060084003,2.570422974752073,4.211579195437487,4.779040234569632,5.250345764872644,4.888809002826154,0.9098850215846186,0,1,0,2
HSI,2002-07,10267.36035,-3.1248563807051544,119.3782693186114,161.98243344214654,92.84361993112871,-19.228603110713397,-12.675430618883077,-27.416631893368603,-7.141906512616192,-6.223627034282641,3.263295959182844,-1.7015724060084003,2.570422974752073,4.211579195437487,4.457522692864049,0.3425063679371067,0,1,1,2
HSI,2002-08,10043.87012,-2.176705817089597,127.00253000567037,157.38569099672378,101.1353489045174,6.386640324555559,-2.837803055393984,8.930854892925822,-19.228603110713397,-3.1248563807051544,-7.141906512616192,-6.223627034282641,3.263295959182844,-1.7015724060084003,4.451356089194217,0.4947206170153542,0,1,1,2
HSI,2002-09,9072.209961,-9.674160929910547,170.25116170247395,185.25534108479815,167.8897672017415,34.05336231874485,17.707867793810127,66.00503090195247,6.386640324555559,-2.176705817089597,-19.228603110713397,-3.1248563807051544,-7.141906512616192,-6.223627034282641,4.674252613269342,1.3581562034407222,0,1,0,2
HSI,2002-10,9441.25,4.067807519738231,168.296264894547,195.84739069784845,161.10799457180886,-1.1482428597716532,5.717540747287764,-4.039419878272565,34.05336231874485,-9.674160929910547,6.386640324555559,-2.176705817089597,-19.228603110713397,-3.1248563807051544,4.629335482353539,1.319127743914262,0,0,0,2
HSI,2002-11,10069.87012,6.658229789487624,156.04842834472657,175.04123814900717,151.88629328409831,-7.277545082473935,-10.623655732508986,-5.723925316195444,-1.1482428597716532,4.067807519738231,34.05336231874485,-9.674160929910547,6.386640324555559,-2.176705817089597,6.15504779893383,1.0746062985197744,0,0,1,2
HSI,2002-12,9321.290039,-7.433860338607823,175.05461046772618,174.67416357224988,183.75799191382623,12.179669045440855,-0.2097074841557078,20.983920234403875,-7.277545082473935,6.658229789487624,-1.1482428597716532,4.067807519738231,34.05336231874485,-9.674160929910547,6.347954814884042,1.4540544651606715,0,1,1,2
HSI,2003-01,9258.950195,-0.6687898749976884,205.2729772752331,176.48827115951045,244.28261073943108,17.26225132075463,1.0385666375383629,32.93713552006381,12.179669045440855,-7.433860338607823,-7.277545082473935,6.658229789487624,-1.1482428597716532,4.067807519738231,6.336008457022026,2.057347846744926,0,1,1,2
HSI,2003-02,9122.660156,-1.4719815543839831,236.19078636169436,210.63462039402552,291.2838772365025,15.061801848864963,19.34765920147381,19.240528973716557,17.26225132075463,-0.6687898749976884,12.179669045440855,-7.433860338607823,-7.277545082473935,6.658229789487624,6.328325753359158,2.6746052158729587,0,1,1,2
HSI,2003-03,8634.450195,-5.351618416684123,349.2410371841923,413.4505669378465,352.7903245495212,47.86395462919402,96.28803952760548,21.115637396943757,15.061801848864963,-1.4719815543839831,17.26225132075463,-0.6687898749976884,12.179669045440855,-7.433860338607823,5.375032887697432,4.931592449567863,1,1,0,0
HSI,2003-04,8717.219727,0.9585964378824086,252.85915400187176,326.76046600341795,210.79934641520185,-27.59752518186688,-20.967464520966683,-40.2479796790425,47.86395462919402,-5.351618416684123,15.061801848864963,-1.4719815543839831,17.26225132075463,-0.6687898749976884,4.957064186945182,3.0073801783052136,0,0,0,2
HSI,2003-05,9487.379883,8.834928797476206,159.68020999047064,183.58484895767705,150.55725589875252,-36.85013674083216,-43.81668896391011,-28.5779304067638,-27.59752518186688,0.9585964378824086,47.86395462919402,-5.351618416684123,15.061801848864963,-1.4719815543839831,5.67626940677367,1.1471128586589634,0,0,0,2
HSI,2003-06,9577.120117,0.9458905947342,145.7216801961263,176.93343124389648,127.7050184249878,-8.741552754206271,-3.623075516059593,-15.17843649404218,-36.85013674083216,8.834928797476206,-27.59752518186688,0.9585964378824086,47.86395462919402,-5.351618416684123,4.676883919564024,0.8684383460614599,0,0,0,2
HSI,2003-07,10134.83008,5.823357712826716,133.95684691398375,166.529414761451,106.6518937387774,-8.073495492440319,-5.880186920754349,-16.485745780285622,-8.741552754206271,0.9458905947342,-36.85013674083216,8.834928797476206,-27.59752518186688,0.9585964378824086,5.075018104133316,0.6335598001833436,0,0,1,2
HSI,2003-08,10908.99023,7.6386100594594275,137.39681588449787,179.2770211004442,108.98332251271894,2.5679680059377485,7.654867674430843,2.186017230647508,-8.073495492440319,5.823357712826716,-8.741552754206271,0.9458905947342,-36.85013674083216,8.834928797476206,5.320720254155485,0.7022369238011168,0,0,0,2
HSI,2003-09,11229.87012,2.941426137843384,118.71830571492514,145.99144999186197,97.7679594039917,-13.59457280674885,-18.56655744515813,-10.290898506437395,2.5679680059377485,7.6386100594594275,-8.073495492440319,5.823357712826716,-8.741552754206271,0.9458905947342,3.4056641835375245,0.3293305508346584,0,0,0,2
HSI,2003-10,12190.09961,8.550673157740851,107.55338336575416,129.5931615521831,91.48407450029929,-9.404549940243411,-11.232362196959455,-6.427345872819624,-13.59457280674885,2.941426137843384,2.5679680059377485,7.6386100594594275,-8.073495492440319,5.823357712826716,3.221525855081972,0.1064289029043117,0,0,1,2
HSI,2003-11,12317.46973,1.0448652929424318,117.27323557535809,152.34808400472005,93.18425509134929,9.037235190035677,17.55873703519013,1.85844432524096,-9.404549940243411,8.550673157740851,-13.59457280674885,2.941426137843384,2.5679680059377485,7.6386100594594275,3.316877940078126,0.300480505540044,0,0,1,2
HSI,2003-12,12575.94043,2.098407429981153,131.9601605323053,166.63024114793348,112.74830061389554,12.52368017722989,9.374687733369155,20.995011982837084,9.037235190035677,1.0448652929424318,-9.404549940243411,8.550673157740851,-13.59457280674885,2.941426137843384,3.0965840707555348,0.5936970343747436,0,0,0,2
HSI,2004-01,13289.37012,5.672972880009097,114.1432640321793,127.11111671693864,107.96992640341482,-13.501723875035932,-23.716658008020264,-4.238089784469723,12.52368017722989,2.098407429981153,9.037235190035677,1.0448652929424318,-9.404549940243411,8.550673157740851,3.086097625311317,0.2379923132239155,0,0,1,2
HSI,2004-02,13907.03027,4.647775962462242,114.83697246683056,130.29377562424233,103.49829351490942,0.6077524070589702,2.503839939028385,-4.141554076639597,-13.501723875035932,5.672972880009097,12.52368017722989,2.098407429981153,9.037235190035677,1.0448652929424318,2.72925524716009,0.2518418276612841,0,0,1,2
HSI,2004-03,12681.66992,-8.811085661065432,137.0413291685043,182.14090384206463,107.18084593742124,19.33554692769983,39.792482771660254,3.558080329103519,0.6077524070589702,4.647775962462242,-13.501723875035932,5.672972880009097,12.52368017722989,2.098407429981153,6.01619248113458,0.6951398234063075,0,1,1,2
HSI,2004-04,11942.95996,-5.825021189322987,148.72968673706055,203.51488087972004,120.71956570943196,8.529074870679644,11.73485833593364,12.631659746290346,19.33554692769983,-8.811085661065432,0.6077524070589702,4.647775962462242,-13.501723875035932,5.672972880009097,5.841517582169344,0.9284915729438924,0,1,0,2
HSI,2004-05,12198.24023,2.1374958205921946,121.83138078258884,160.97313985516948,91.7239502937563,-18.08536449217786,-20.9035038817104,-24.01898585807304,8.529074870679644,-5.825021189322987,19.33554692769983,-8.811085661065432,0.6077524070589702,4.647775962462242,5.9046032047224575,0.391481414137764,0,0,1,2
HSI,2004-06,12285.75,0.7173966764876694,136.9921531677246,177.06919593811034,107.51701380411784,12.444061856436273,9.9992185636826,17.21803679386078,-18.08536449217786,2.1374958205921946,8.529074870679644,-5.825021189322987,19.33554692769983,-8.811085661065432,5.832299687093402,0.6941580510957076,0,0,0,2
HSI,2004-07,12238.03027,-0.3884152778625749,130.39895802159464,159.34060545890563,120.38267381729618,-4.812826861738328,-10.012238653526872,11.96616196634508,12.444061856436273,0.7173966764876694,-18.08536449217786,2.1374958205921946,8.529074870679644,-5.825021189322987,5.078831023249082,0.562528468977937,0,1,1,2
HSI,2004-08,12850.28027,5.002847570175195,139.9520955239573,177.53836158014113,126.08562567926222,7.326084232038577,11.420664600103292,4.737352711255904,-4.812826861738328,-0.3884152778625749,12.444061856436273,0.7173966764876694,-18.08536449217786,2.1374958205921946,5.162722889019488,0.7532517024753868,0,0,1,2
HSI,2004-09,13120.03027,2.099176004975956,152.970458984375,188.2974100748698,129.69852345784506,9.30201395818986,6.060126047672232,2.8654319309747045,7.326084232038577,5.002847570175195,-4.812826861738328,-0.3884152778625749,12.444061856436273,0.7173966764876694,3.6404588111024183,1.0131563017132652,0,0,0,2
HSI,2004-10,13054.66016,-0.4982466400971219,118.0625233804026,147.26095236501385,96.845272556428,-22.82005024743897,-21.793426523253423,-25.33047410681982,9.30201395818986,2.099176004975956,7.326084232038577,5.002847570175195,-4.812826861738328,-0.3884152778625749,2.059422305244441,0.3162382105140346,0,1,1,2
HSI,2004-11,14060.04981,7.70138508147884,124.46195271809896,154.47430343627929,99.13031984965006,5.420373167086323,4.898346068946902,2.3594825363217,-22.82005024743897,-0.4982466400971219,9.30201395818986,2.099176004975956,7.326084232038577,5.002847570175195,3.285334212369009,0.4439993628602703,0,0,0,2
HSI,2004-12,14230.13965,1.20973853079116,107.17075778592016,141.9146915558846,79.30897829609532,-13.892755620942731,-8.130550907824963,-19.995236153396423,5.420373167086323,7.70138508147884,-22.82005024743897,-0.4982466400971219,9.30201395818986,2.099176004975956,3.2395631363180075,0.0987899897423557,0,0,0,2
HSI,2005-01,13721.69043,-3.5730444851958865,99.38704164566532,126.41269216229838,77.36354717131584,-7.26291042543833,-10.923463401589872,-2.4529771616982887,-13.892755620942731,1.20973853079116,5.420373167086323,7.70138508147884,-22.82005024743897,-0.4982466400971219,3.986395166124548,-0.0566077013856682,0,1,1,2
HSI,2005-02,14195.34961,3.45190107892559,109.60796138218473,108.7996129989624,105.78578090667725,10.283956104618763,-13.932999022537196,36.73853484564569,-7.26291042543833,-3.5730444851958865,-13.892755620942731,1.20973853079116,5.420373167086323,7.70138508147884,3.797807001429137,0.1474474439511143,0,0,0,2
HSI,2005-03,13516.87988,-4.779521101206596,90.47840487572456,87.14632021996283,87.85526915519468,-17.45270714392596,-19.901994301400748,-16.94983162935727,10.283956104618763,3.45190107892559,-7.26291042543833,-3.5730444851958865,-13.892755620942731,1.20973853079116,4.615044955570886,-0.2344638256586798,0,1,0,2
HSI,2005-04,13908.96973,2.900742282841096,86.93658548990885,102.42798690795898,72.97031523386637,-3.9145466707558807,17.535641951862413,-16.942585304740586,-17.45270714392596,-4.779521101206596,10.283956104618763,3.45190107892559,-7.26291042543833,-3.5730444851958865,4.66378410913106,-0.3051743378395897,0,0,1,2
HSI,2005-05,13867.07031,-0.3012402846030326,98.79405889203473,105.33132522336898,90.99365062098347,13.63922143399825,2.834516622902017,24.69954436862878,-3.9145466707558807,2.900742282841096,-17.45270714392596,-4.779521101206596,10.283956104618763,3.45190107892559,3.3851462106890144,-0.0684462819726932,0,1,0,2
HSI,2005-06,14201.05957,2.4085062852760686,81.75722109476725,95.1893081665039,69.31578687032064,-17.244799928592734,-9.628680770281385,-23.82349054326638,13.63922143399825,-0.3012402846030326,-3.9145466707558807,2.900742282841096,-17.45270714392596,-4.779521101206596,3.5165358945357186,-0.4085775521928494,0,0,1,2
HSI,2005-07,14880.98047,4.787818096590102,164.77051716466104,237.00151295815743,116.65942007495512,93.42482713456964,104.55736914021404,68.30137165319535,-17.244799928592734,2.4085062852760686,13.63922143399825,-0.3012402846030326,-3.9145466707558807,2.900742282841096,3.465165104731189,1.2487380936685877,1,0,0,2
HSI,2005-08,14903.54981,0.1516656785182979,116.88755367648216,143.2987120843703,94.36514368364888,-29.06039521641346,-39.53679438760814,-19.11056679090457,101.53634744222848,4.787818096590102,-17.244799928592734,2.4085062852760686,13.63922143399825,-0.3012402846030326,3.336005394227759,0.2927805746182023,0,0,0,2
HSI,2005-09,15428.51953,3.522447515475502,103.76748135884604,130.99529851277669,78.09897527694702,-11.224524686306191,-8.585850767695435,-17.237475376748023,-29.06039521641346,0.1516656785182979,101.53634744222848,4.787818096590102,-17.244799928592734,2.4085062852760686,1.9707824051270069,0.0308454129479047,0,0,0,2
HSI,2005-10,14386.37012,-6.754694823269281,87.41865994853359,105.815919445407,73.7711932274603,-15.755245474037638,-19.221589899208325,-5.541406957184714,-11.224524686306191,3.522447515475502,-29.06039521641346,0.1516656785182979,101.53634744222848,4.787818096590102,4.109654972892276,-0.295549981494598,0,1,0,2
HSI,2005-11,14937.13965,3.828412069242648,82.0722770690918,93.67955487569174,70.19666430155436,-6.115837148029257,-11.469318258843575,-4.84542647274867,-15.755245474037638,-6.754694823269281,-11.224524686306191,3.522447515475502,-29.06039521641346,0.1516656785182979,4.264249495158175,-0.4022876297311443,0,0,1,2
HSI,2005-12,14876.42969,-0.4064363152686878,95.3541398817493,131.53387844947076,69.47696587347215,16.183129415888263,40.40830854075885,-1.0252601533749406,-6.115837148029257,3.828412069242648,-15.755245474037638,-6.754694823269281,-11.224524686306191,3.522447515475502,4.275906212893642,-0.1371224081614686,0,1,0,2
HSI,2006-01,15753.13965,5.893282045955739,93.70335646598568,99.09636282151745,89.04377758887506,-1.73121315740542,-24.660958842184765,28.163019886385037,16.183129415888263,-0.4064363152686878,-6.115837148029257,3.828412069242648,-15.755245474037638,-6.754694823269281,4.49734838982875,-0.1700794079723198,0,0,1,2
HSI,2006-02,15918.48047,1.0495737590950682,96.56065307344709,102.5961035319737,90.61754550252644,3.049300169411317,3.5316540494625848,1.76740919608962,-1.73121315740542,5.893282045955739,16.183129415888263,-0.4064363152686878,-6.115837148029257,3.828412069242648,4.476804368532373,-0.1130350235591828,0,0,0,2
HSI,2006-03,15805.04004,-0.7126335344242896,91.851620704897,96.4645538330078,86.54391436423025,-4.876761101613781,-5.976396264459504,-4.495411032935781,3.049300169411317,1.0495737590950682,-1.73121315740542,5.893282045955739,16.183129415888263,-0.4064363152686878,4.367809574043338,-0.2070483128844865,0,1,0,2
HSI,2006-04,16661.30078,5.417643598706134,89.32775522867838,92.8047290802002,86.14640655517579,-2.7477636832640484,-3.793958098995864,-0.4593134155932654,-4.876761101613781,-0.7126335344242896,3.049300169411317,1.0495737590950682,-1.73121315740542,5.893282045955739,2.921061294266882,-0.2574359247468661,0,0,0,2
HSI,2006-05,15857.88965,-4.822019244526254,84.38873118738974,80.68312811082409,83.90371753323463,-5.529103500524313,-13.06140440203304,-2.603345991576267,-2.7477636832640484,5.417643598706134,-4.876761101613781,-0.7126335344242896,3.049300169411317,1.0495737590950682,4.05561361617541,-0.3560408736700071,0,1,1,2
HSI,2006-06,16267.62012,2.5837641643571496,102.32296142578124,114.45484237670898,90.22701250712076,21.25192544792216,41.85721978887212,7.536370449118013,-5.529103500524313,-4.822019244526254,-2.7477636832640484,5.417643598706134,-4.876761101613781,-0.7126335344242896,4.0214922118609975,0.0020063522291096,0,0,1,2
HSI,2006-07,16971.33984,4.325892262106756,137.44066902898973,144.6709271092569,133.83614447809035,34.3204566344385,26.40000554375559,48.33267860611912,21.25192544792216,2.5837641643571496,-5.529103500524313,-4.822019244526254,-2.7477636832640484,5.417643598706134,3.7242796025993674,0.7031124281591824,0,0,1,2
HSI,2006-08,17392.26953,2.480238413515856,147.491208968624,160.77977629630797,141.31128421906502,7.312638981344266,11.134821286439632,5.585292201986869,34.3204566344385,4.325892262106756,21.25192544792216,2.5837641643571496,-5.529103500524313,-4.822019244526254,3.750207299427568,0.9037660328213402,0,0,0,2
HSI,2006-09,17543.05078,0.8669440738594547,113.61922556559244,117.84904912312824,111.18667894999186,-22.965425288660548,-26.70157165417424,-21.317904961059643,7.312638981344266,2.480238413515856,34.3204566344385,4.325892262106756,21.25192544792216,2.5837641643571496,3.612914640435061,0.2275301681119277,0,0,0,2
HSI,2006-10,18324.34961,4.453608667032549,112.73245288479713,100.46679675194524,124.12324234747118,-0.7804776668569935,-14.749590684454382,11.634993975580254,-22.965425288660548,0.8669440738594547,7.312638981344266,2.480238413515856,34.3204566344385,4.325892262106756,3.437499662892387,0.2098262302154349,0,0,0,2
HSI,2006-11,18960.48047,3.4715058026007384,87.80542017618815,84.66829687754313,86.73696505228678,-22.11167420803153,-15.7250956387203,-30.12028737577213,-0.7804776668569935,4.453608667032549,-22.965425288660548,0.8669440738594547,7.312638981344266,2.480238413515856,1.347672088619062,-0.2878285223207669,0,0,1,2
HSI,2006-12,19964.7207,5.296491465967601,91.50775527954102,79.05746866041615,96.69359145625944,4.216522278378543,-6.626834865052256,11.479103975992969,-22.11167420803153,3.4715058026007384,-0.7804776668569935,4.453608667032549,-22.965425288660548,0.8669440738594547,1.599419240566014,-0.2139134004848321,0,0,1,2
HSI,2007-01,20106.41992,0.7097480707556336,97.40868709933372,96.73051378803868,95.33105973274478,6.448559252455,22.35468125539841,-1.4091230897458562,4.216522278378543,5.296491465967601,-22.11167420803153,3.4715058026007384,-0.7804776668569935,4.453608667032549,1.8755133123375087,-0.0961044819970039,0,0,0,2
HSI,2007-02,19651.50977,-2.262511933054268,95.05105536324638,89.62849848611015,97.72646740504672,-2.420350593251641,-7.342063040718328,2.5127253164051178,6.448559252455,0.7097480707556336,4.216522278378543,5.296491465967601,-22.11167420803153,3.4715058026007384,2.832741078510987,-0.1431733269698287,0,1,0,2
HSI,2007-03,19800.92969,0.7603482976565212,86.13590178951141,82.20472852645382,85.6678963938067,-9.379331496809671,-8.282823080882917,-12.339104575693804,-2.420350593251641,-2.262511933054268,6.448559252455,0.7097480707556336,4.216522278378543,5.296491465967601,2.8422587650531264,-0.3211595557128524,0,0,0,2
HSI,2007-04,20318.98047,2.6162952351758806,75.71304588317871,82.1852602005005,68.55693855285645,-12.100478069879417,-0.023682732492769,-19.97359403141277,-9.379331496809671,0.7603482976565212,-2.420350593251641,-2.262511933054268,6.448559252455,0.7097480707556336,2.6249583260267237,-0.5292462476757941,0,0,1,2
HSI,2007-05,20634.4707,1.5526873037050803,91.82276621172504,103.15781870195944,82.37121458976499,21.277337532296347,25.518637344815765,20.15007718913517,-12.100478069879417,2.6162952351758806,-9.379331496809671,0.7603482976565212,-2.420350593251641,-2.262511933054268,2.488875333296383,-0.2076243772651489,0,0,1,2
HSI,2007-06,21772.73047,5.516302242732096,98.5847110748291,110.01365140279134,88.00655695597331,7.364126721593589,6.645965169775048,6.841397682763484,21.277337532296347,1.5526873037050803,-12.100478069879417,2.6162952351758806,-9.379331496809671,0.7603482976565212,2.5575668387645547,-0.0726257981382684,0,0,1,2
HSI,2007-07,23184.93945,6.486136325188263,113.9830302576865,129.01673864549207,104.86104534518334,15.619378517191729,17.2733901660304,19.151400727609147,7.364126721593589,5.516302242732096,21.277337532296347,1.5526873037050803,-12.100478069879417,2.6162952351758806,3.21210099893188,0.2347933324095797,0,0,0,2
HSI,2007-08,23984.14063,3.4470703782666146,83.12109104279548,100.07418700187436,73.35449858634702,-27.075906953096485,-22.433175685168337,-30.045997210043584,15.619378517191729,6.486136325188263,7.364126721593589,5.516302242732096,21.277337532296347,1.5526873037050803,2.2360515227040496,-0.3813486248908387,0,0,1,2
HSI,2007-09,27142.4707,13.16841040387111,92.71907399495444,90.46699282328288,93.58469161987304,11.546988654440726,-9.600072172868655,27.578667189324,-27.075906953096485,3.4470703782666146,15.619378517191729,6.486136325188263,7.364126721593589,5.516302242732096,4.19240339171873,-0.1897300761955621,0,0,1,2
HSI,2007-10,31352.58008,15.37892042657657,100.96206135903635,95.91243030178931,103.749514179845,8.890282235271773,6.019253330486496,10.861629593502276,11.546988654440726,13.16841040387111,-27.075906953096485,3.4470703782666146,15.619378517191729,6.486136325188263,5.531576280570563,-0.0251632829962064,0,0,0,2
HSI,2007-11,28643.60938,-8.640343771031677,89.11012655893961,80.4546085993449,95.28441146214804,-11.738998432242251,-16.116598916121973,-8.159173355764459,8.890282235271773,15.511150132695906,11.546988654440726,13.16841040387111,-27.075906953096485,3.4470703782666146,8.522111535293702,-0.2617807636633019,0,1,1,2
HSI,2007-12,27812.65039,-2.90102751708452,94.64804052537488,85.06247354322865,97.48771335232642,6.2146853340762975,5.727285265696103,2.3123424454939867,-11.738998432242251,-8.640343771031677,8.890282235271773,15.511150132695906,11.546988654440726,13.16841040387111,9.261567444349158,-0.1512193006624815,0,1,0,2
HSI,2008-01,23455.74023,-15.665210251111205,80.78886364352319,81.53163952981272,76.77330804640248,-14.642856634877798,-4.150871549275559,-21.24822153850388,6.2146853340762975,-2.90102751708452,-11.738998432242251,-8.640343771031677,8.890282235271773,15.511150132695906,12.250068877913648,-0.4279102859922885,0,1,1,2
HSI,2008-02,24331.66992,3.7343937194515897,81.6396739565093,88.45064189516265,72.8041961275298,1.0531282092792749,8.48627895287195,-5.169911288013928,-14.642856634877798,-15.665210251111205,6.2146853340762975,-2.90102751708452,-11.738998432242251,-8.640343771031677,12.262947163726748,-0.4109243173567951,0,0,0,2
HSI,2008-03,22849.19922,-6.092761840326666,78.19353657384073,84.13256103761735,72.61432629246866,-4.221155249228914,-4.881910142227531,-0.2607951809928011,1.0531282092792749,3.7343937194515897,-14.642856634877798,-15.665210251111205,6.2146853340762975,-2.90102751708452,10.837115128628753,-0.479724589993553,0,1,0,2
HSI,2008-04,25755.34961,12.718828183073638,71.86557184855143,70.36499150594075,69.58370641072591,-8.092695384500992,-16.364139355654284,-4.173583969554883,-4.221155249228914,-6.092761840326666,1.0531282092792749,3.7343937194515897,-14.642856634877798,-15.665210251111205,9.939896500369008,-0.6060589899293325,0,0,1,2
HSI,2008-05,24533.11914,-4.745540202356436,73.08874597857076,75.19145030360067,71.38500275150422,1.7020307479039154,6.85917626701118,2.588675472596913,-8.092695384500992,12.718828183073638,-4.221155249228914,-6.092761840326666,1.0531282092792749,3.7343937194515897,9.604320406949617,-0.5816389786869506,0,1,1,2
HSI,2008-06,22102.00977,-9.90949970986852,86.7860169728597,80.27725048065186,87.26098276774088,18.740602004999385,6.763801145630577,22.23993752791742,1.7020307479039154,-4.745540202356436,-8.092695384500992,12.718828183073638,-4.221155249228914,-6.092761840326666,10.124764807362606,-0.3081803570063219,0,1,1,2
HSI,2008-07,22731.09961,2.8463015198459063,89.47498493809854,87.2099857945596,84.52966382426601,3.0983884950956497,8.635989987697258,-3.130057508915207,18.740602004999385,-9.90949970986852,1.7020307479039154,-4.745540202356436,-8.092695384500992,12.718828183073638,8.262036277807459,-0.2544965630721747,0,0,0,2
HSI,2008-08,21261.89063,-6.463431181101575,88.47457368912235,105.41860654277188,75.39880838701802,-1.1180904357439236,20.879054826480868,-10.801954040927797,3.0983884950956497,2.8463015198459063,18.740602004999385,-9.90949970986852,1.7020307479039154,-4.745540202356436,8.329234799629358,-0.2744692336408515,0,1,1,2
HSI,2008-09,18016.21094,-15.265244970362268,89.21801058451335,95.21897468566894,82.42706019083658,0.8402831055205118,-9.675362055715087,9.321436179392803,-1.1180904357439236,-6.463431181101575,3.0983884950956497,2.8463015198459063,18.740602004999385,-9.90949970986852,9.931328370018749,-0.2596269173279952,0,1,0,2
HSI,2008-10,13968.66992,-16.199297081301566,64.97080649099043,76.1353960960142,53.63574997071297,-27.17747676132537,-20.041781223387755,-34.929439620272106,0.8402831055205118,-15.265244970362268,-1.1180904357439236,-6.463431181101575,3.0983884950956497,2.8463015198459063,8.781992309419898,-0.7437092585321883,0,1,1,2
HSI,2008-11,13888.24023,-0.5757863165256949,79.13092206319173,96.24985440572102,67.7355552037557,21.79458180831557,26.41932575531689,26.28807323611904,-27.17747676132537,-22.466105850334817,0.8402831055205118,-15.265244970362268,-1.1180904357439236,-6.463431181101575,9.363448229153718,-0.4610101946947942,0,1,1,2
HSI,2008-12,14387.48047,3.594697612744291,94.08670757662864,107.55399310204292,87.6594942154423,18.90005212057766,11.744577450134797,29.414299405612443,21.79458180831557,-0.5757863165256949,-27.17747676132537,-22.466105850334817,0.8402831055205118,-15.265244970362268,10.545378699130437,-0.1624260099794005,0,0,0,2
HSI,2009-01,13278.20996,-7.709970569989588,86.23219754618984,91.03520405677055,87.53845571702526,-8.348161215059768,-15.358601358110413,-0.1380780250905378,18.90005212057766,3.594697612744291,21.79458180831557,-0.5757863165256949,-27.17747676132537,-22.466105850334817,9.528088365591111,-0.3192370629107492,0,1,0,2
HSI,2009-02,12811.57031,-3.5143264898335858,67.12189470018659,63.14009993416922,65.29873490333557,-22.16144710421756,-30.64210643742353,-25.40565815506419,-8.348161215059768,-7.709970569989588,18.90005212057766,3.594697612744291,21.79458180831557,-0.5757863165256949,9.706738268759338,-0.7007639435825536,0,1,1,2
HSI,2009-03,13576.01953,5.966865899360618,72.05849173761183,73.33846209126133,69.22285332218293,7.35467474432232,16.151957579612763,6.0094861327044,-22.16144710421756,-3.5143264898335858,-8.348161215059768,-7.709970569989588,18.90005212057766,3.594697612744291,10.233837629483048,-0.6022074484814606,0,0,1,2
HSI,2009-04,15520.99023,14.326516661986568,85.95789963404337,83.50890401204427,85.18863232930501,19.28906303929281,13.86781455565156,23.06431798298285,7.35467474432232,5.966865899360618,-22.16144710421756,-3.5143264898335858,-8.348161215059768,-7.709970569989588,7.76591022662566,-0.3247132726620728,0,0,1,2
HSI,2009-05,18171.0,15.37892042657657,91.18033575242563,93.24943800895444,89.41171313870338,6.075574369099579,11.664066379682492,4.957329040186531,19.28906303929281,14.326516661986568,7.35467474432232,5.966865899360618,-22.16144710421756,-3.5143264898335858,9.6922015569168,-0.2204501546042201,0,0,0,2
HSI,2009-06,18378.73047,1.1431977876836583,81.25230356852214,73.67756567001342,81.75211544036866,-10.88834791183514,-20.988729537503048,-8.566660261226033,6.075574369099579,17.07371585659454,19.28906303929281,14.326516661986568,7.35467474432232,5.966865899360618,9.812010544535944,-0.4186579580523049,0,0,0,2
HSI,2009-07,20573.33008,11.940974995973177,81.08385159892421,76.3114563111336,80.97563048331968,-0.2073196231979657,3.5748882542032234,-0.9498041156076996,-10.88834791183514,1.1431977876836583,6.075574369099579,17.07371585659454,19.28906303929281,14.326516661986568,8.01784452388978,-0.4220210106957725,0,0,0,2
HSI,2009-08,19724.18945,-4.127385438808839,73.76000755063949,78.4546751206921,65.25164118120748,-9.03243235719934,2.808515147214941,-19.41817458939232,-0.2073196231979657,11.940974995973177,-10.88834791183514,1.1431977876836583,6.075574369099579,17.07371585659454,8.193204969748694,-0.5682376037443344,0,1,1,2
HSI,2009-09,20955.25,6.241374598031957,91.13029925028484,75.68046391805014,96.45980974833172,23.54974230136824,-3.536068689818938,47.82740786619817,-9.03243235719934,-4.127385438808839,-0.2073196231979657,11.940974995973177,-10.88834791183514,1.1431977876836583,8.182212140449435,-0.2214491063600006,0,0,0,2
HSI,2009-10,21752.86914,3.80629741950107,90.38770306494928,89.20428694448164,89.28504986916819,-0.8148729801666255,17.869635473000866,-7.4380821379212865,23.54974230136824,6.241374598031957,-9.03243235719934,-4.127385438808839,-0.2073196231979657,11.940974995973177,7.601899821473351,-0.2362746383504112,0,0,0,2
HSI,2009-11,21821.5,0.3155025645504405,81.02965710957845,82.64781697591145,73.95016460418701,-10.353229076577463,-7.349949417398238,-17.175199305428855,-0.8148729801666255,3.80629741950107,23.54974230136824,6.241374598031957,-9.03243235719934,-4.127385438808839,5.518353732299691,-0.4231029744216385,0,0,1,2
HSI,2009-12,21496.61914,-1.4888108516829757,95.82213678667624,100.3492317199707,92.03632293208952,18.25563652218536,21.41788542245284,24.457225247174776,-10.353229076577463,0.3155025645504405,-0.8148729801666255,3.80629741950107,23.54974230136824,6.241374598031957,5.813197401303516,-0.1277791025770587,0,1,0,2
HSI,2010-01,20121.99023,-6.394628388061951,93.6784295112856,102.653564453125,87.86365244465489,-2.237173316394569,2.296313278794848,-4.53372142052385,18.25563652218536,-1.4888108516829757,-10.353229076577463,0.3155025645504405,-0.8148729801666255,3.80629741950107,4.758841893727619,-0.170577061167458,0,1,0,2
HSI,2010-02,20608.69922,2.418791503408846,81.47286292484829,81.01815795898438,80.05752774647304,-13.029217772023904,-21.07613759872904,-8.88436171384852,-2.237173316394569,-6.394628388061951,18.25563652218536,-1.4888108516829757,-10.353229076577463,0.3155025645504405,4.438497949102575,-0.4142546095601225,0,0,0,2
HSI,2010-03,21239.34961,3.0601173963855866,72.72510971561555,67.32707777330953,73.52030064982753,-10.73701462694614,-16.898779891547267,-8.165661969162553,-13.029217772023904,2.418791503408846,-2.237173316394569,-6.394628388061951,18.25563652218536,-1.4888108516829757,3.8057493401160327,-0.5888987803877629,0,0,1,2
HSI,2010-04,21108.58984,-0.6156486540361605,88.62468554178874,79.6067726135254,92.83870468139648,21.86256698456273,18.238865024799743,26.2762854080008,-10.73701462694614,3.0601173963855866,-13.029217772023904,2.418791503408846,-2.237173316394569,-6.394628388061951,3.3935837544475387,-0.2714723315320161,0,1,0,2
HSI,2010-05,19765.18945,-6.364235603528112,87.13836805282101,83.16650359861312,86.94786573225453,-1.6770919748616664,4.471643389400404,-6.345240349225156,21.86256698456273,-0.6156486540361605,-10.73701462694614,3.0601173963855866,-13.029217772023904,2.418791503408846,4.111626101261594,-0.3011458578922958,0,1,1,2
HSI,2010-06,20128.99023,1.840613675473768,96.34650853474936,69.67944971720378,111.88416697184245,10.567262949366471,-16.216930251753723,28.67960131002669,-1.6770919748616664,-6.364235603528112,21.86256698456273,-0.6156486540361605,-10.73701462694614,3.0601173963855866,4.3420279984691295,-0.1173103036801013,0,0,0,2
HSI,2010-07,21029.81055,4.475238497842904,79.39271330064342,81.76249122619629,76.34224307152533,-17.59668875597209,17.340896861315503,-31.766714506854075,10.567262949366471,1.840613675473768,-1.6770919748616664,-6.364235603528112,21.86256698456273,-0.6156486540361605,3.8897086631903584,-0.4557836739527096,0,0,1,2
HSI,2010-08,20536.49023,-2.345814380149036,81.61330942953786,84.75737048733619,74.11711311340332,2.79697724964445,3.662901186382084,-2.9146772070048788,-17.59668875597209,4.475238497842904,10.567262949366471,1.840613675473768,-1.6770919748616664,-6.364235603528112,3.979067196936731,-0.4114506709063362,0,1,0,2
HSI,2010-09,22358.16992,8.870452884587188,71.82437750498454,70.37432320912679,69.72902139027913,-11.994283766920088,-16.969671422685785,-5.920483865055792,2.79697724964445,-2.345814380149036,-17.59668875597209,4.475238497842904,10.567262949366471,1.840613675473768,5.343434562384258,-0.6068814127621388,0,0,0,2
HSI,2010-10,23096.32031,3.3014794709995687,65.55662228984218,74.25972569373346,63.16021014798072,-8.726501270000398,5.521051297446489,-9.4204839123329,-11.994283766920088,8.870452884587188,2.79697724964445,-2.345814380149036,-17.59668875597209,4.475238497842904,5.349254973181584,-0.7320137623286357,0,0,1,2
HSI,2010-11,23007.99023,-0.3824422194290244,95.60385462443034,80.85895284016927,102.02185897827148,45.83401536726808,8.886683979486731,61.52868829796508,-8.726501270000398,3.3014794709995687,-11.994283766920088,8.870452884587188,2.79697724964445,-2.345814380149036,3.9307922811603104,-0.1321369881186469,1,1,1,2
HSI,2010-12,22999.33984,-0.0375973299428844,97.89414264309792,94.39043466506466,98.9651261606524,2.3956021728043453,16.73467358851721,-2.9961547929352017,45.83401536726808,-0.3824422194290244,-8.726501270000398,3.3014794709995687,-11.994283766920088,8.870452884587188,4.077936279064623,-0.0864126241122966,0,1,0,2
HSI,2011-01,23447.33984,1.947881996251244,78.83949353618007,77.48969244187877,77.08557048920662,-19.46454465246935,-17.9051429132163,-22.108349193561573,2.3956021728043453,-0.0375973299428844,45.83401536726808,-0.3824422194290244,-8.726501270000398,3.3014794709995687,3.9381229839703336,-0.4668284079248787,0,0,1,2
HSI,2011-02,23338.01953,-0.466237580663642,88.93610232216972,84.70568302699498,89.67357962472099,12.806536842294957,9.312194122500305,16.329916293837265,-19.46454465246935,1.947881996251244,2.3956021728043453,-0.0375973299428844,45.83401536726808,-0.3824422194290244,3.5932227096300235,-0.2652550636129752,0,1,1,2
HSI,2011-03,23527.51953,0.8119797815594687,136.0791222356981,156.13775290212322,126.68266185637444,53.00774228080458,84.32972537670638,41.27088757528632,12.806536842294957,-0.466237580663642,-19.46454465246935,1.947881996251244,2.3956021728043453,-0.0375973299428844,1.5003217735462613,0.6759298813874604,1,0,0,2
HSI,2011-04,23720.81055,0.8215529042640002,90.6722047805786,111.14294446309408,73.5580285390218,-33.36802641662523,-28.8173792710048,-41.93520450145128,53.00774228080458,0.8119797815594687,12.806536842294957,-0.466237580663642,-19.46454465246935,1.947881996251244,0.9255193100230455,-0.2305947151705158,0,0,1,2
HSI,2011-05,23684.13086,-0.1546308458670986,104.47366776004914,120.63443325411887,96.0221432101342,15.221272067740331,8.53989323107822,30.539310415579468,-33.36802641662523,0.8215529042640002,53.00774228080458,0.8119797815594687,12.806536842294957,-0.466237580663642,0.8885120086086961,0.0449440432519357,0,1,0,2
HSI,2011-06,22398.09961,-5.4299279868106565,84.53678283691406,97.33198216756185,72.88245728810628,-19.08316741489856,-19.316583547476828,-24.098281030229863,15.221272067740331,-0.1546308458670986,-33.36802641662523,0.8215529042640002,53.00774228080458,0.8119797815594687,2.601445868913409,-0.3530851024048154,0,1,0,2
HSI,2011-07,22440.25,0.1881873495248598,78.2851328695974,99.24549016644876,60.41787485922536,-7.395183206081024,1.9659601667134647,-17.102308144754364,-19.08316741489856,-5.4299279868106565,15.221272067740331,-0.1546308458670986,-33.36802641662523,0.8215529042640002,2.371254229541985,-0.4778959193920065,0,0,1,2
HSI,2011-08,20534.84961,-8.490994485355552,86.39183038280856,111.57653574789724,62.886020106654016,10.35534745366633,12.424791857813933,4.085124233812376,-7.395183206081024,0.1881873495248598,-19.08316741489856,-5.4299279868106565,15.221272067740331,-0.1546308458670986,3.9483824313971705,-0.3160500794966862,0,1,0,2
HSI,2011-09,17592.41016,-14.329004136300572,83.14460322062175,93.88602275848388,70.98976675669353,-3.758720179672215,-15.85504772202676,12.886404062931067,10.35534745366633,-8.490994485355552,-7.395183206081024,0.1881873495248598,-19.08316741489856,-5.4299279868106565,6.042456524847822,-0.3808792169522968,0,1,0,2
HSI,2011-10,19864.86914,12.917269204914897,75.16556069158739,90.5741471321352,63.65037210526005,-9.59658500968753,-3.527549180423029,-10.338665679221236,-3.758720179672215,-14.329004136300572,10.35534745366633,-8.490994485355552,-7.395183206081024,0.1881873495248598,9.325301271224156,-0.5401764939960677,0,0,1,2
HSI,2011-11,17989.34961,-9.441388799402873,83.25008093516031,70.99307772318522,95.16603965759278,10.75561755834511,-21.6188283621196,49.51372083137953,-9.59658500968753,12.917269204914897,-3.758720179672215,-14.329004136300572,10.35534745366633,-8.490994485355552,9.614452345878725,-0.3787734113178923,0,1,1,2
HSI,2011-12,18434.39063,2.4739138971016983,84.81960911904612,77.63644483012538,86.84766141829952,1.885317306908374,9.357767433106437,-8.740910380659695,10.75561755834511,-9.441388799402873,-9.59658500968753,12.917269204914897,-3.758720179672215,-14.329004136300572,9.931636949490642,-0.347438628350302,0,0,0,2
HSI,2012-01,20390.49023,10.611143266198631,77.90155767625377,61.71806113950668,91.26849322165212,-8.156193496580155,-20.503751460347488,5.090329124764548,1.885317306908374,2.4739138971016983,10.75561755834511,-9.441388799402873,-9.59658500968753,12.917269204914897,11.36310095796376,-0.4855537910750859,0,0,1,2
HSI,2012-02,21680.08008,6.324467119003652,91.4857845964103,77.98118065143454,103.34518873280491,17.437683308734808,26.350664962022897,13.232053126837195,-8.156193496580155,10.611143266198631,1.885317306908374,2.4739138971016983,10.75561755834511,-9.441388799402873,11.02569293094646,-0.2143520333138689,0,0,0,2
HSI,2012-03,20555.58008,-5.1867889594990775,88.0797755333685,86.14695296748992,86.66009946023264,-3.722992679209569,10.47146535592387,-16.145008274851524,17.437683308734808,6.324467119003652,-8.156193496580155,10.611143266198631,1.885317306908374,2.4739138971016983,8.82504513861658,-0.2823511657103503,0,1,1,2
HSI,2012-04,21094.21094,2.620363219640165,98.3707051595052,88.1813424428304,104.64068247477212,11.683646516830692,2.361533873529132,20.748398774675515,-3.722992679209569,-5.1867889594990775,17.437683308734808,6.324467119003652,-8.156193496580155,10.611143266198631,7.382323709782683,-0.0768983107183564,0,0,0,2
HSI,2012-05,18629.51953,-11.684207657781196,77.68080416033345,69.08255398658014,79.93533497471964,-21.032583801878506,-21.65853674617435,-23.60969645434864,11.683646516830692,2.620363219640165,-3.722992679209569,-5.1867889594990775,17.437683308734808,6.324467119003652,8.056917461438424,-0.4899610158587595,0,1,0,2
HSI,2012-06,19441.46094,4.358359369883336,77.59097859064738,81.92765919367473,70.51085557937623,-0.115634191299907,18.59384817994694,-11.790129356840753,-21.032583801878506,-11.684207657781196,11.683646516830692,2.620363219640165,-3.722992679209569,-5.1867889594990775,8.168380941348081,-0.4917543348701357,0,0,1,2
HSI,2012-07,19796.81055,1.827792731712252,81.20776933239353,89.00009404459307,77.46019707956621,4.661354718603983,8.632536216126097,9.8557044062058,-0.115634191299907,4.358359369883336,-21.032583801878506,-11.684207657781196,11.683646516830692,2.620363219640165,6.813518775011466,-0.4195470600372483,0,0,0,2
HSI,2012-08,19482.57031,-1.5873276112146173,74.8681123795048,78.25724669425718,70.49690803404778,-7.806712344159738,-12.070602245603512,-8.989505976038025,4.661354718603983,1.827792731712252,-0.115634191299907,4.358359369883336,-21.032583801878506,-11.684207657781196,5.993651432176282,-0.5461148889856426,0,1,0,2
HSI,2012-09,20840.38086,6.969360450879858,68.97198734283447,65.10240313212077,68.31967938741049,-7.87534886252107,-16.80974493458861,-3.0884030340532886,-7.806712344159738,-1.5873276112146173,4.661354718603983,1.827792731712252,-0.115634191299907,4.358359369883336,6.569161922302788,-0.6638278426431106,0,0,1,2
HSI,2012-10,21641.82031,3.8456084626468767,81.94055532640026,86.90206847652313,75.07558896464687,18.8026595770016,33.48519301224788,9.888672836016443,-7.87534886252107,6.969360450879858,-7.806712344159738,-1.5873276112146173,4.661354718603983,1.827792731712252,6.669615102916789,-0.404917383221224,0,0,0,2
HSI,2012-11,22030.39063,1.7954604300103982,79.75129572550456,87.46022033691406,73.34758491516114,-2.6717656381202715,0.6422768412488677,-2.301685638855866,18.8026595770016,3.8456084626468767,-7.87534886252107,6.969360450879858,-7.806712344159738,-1.5873276112146173,2.9010468130351383,-0.4486247694014081,0,0,0,2
HSI,2012-12,22666.58984,2.8878253712562474,74.97084549934634,85.26028196273312,64.21883093926215,-5.994197564654025,-2.515358829084069,-12.44588214657365,-2.6717656381202715,1.7954604300103982,18.8026595770016,3.8456084626468767,-7.87534886252107,6.969360450879858,2.8106863199582324,-0.5440638777028454,0,0,1,2
HSI,2013-01,23729.5293,4.689454688610528,90.2403597062634,109.75873522604664,83.89209476594002,20.367269576878645,28.73372301773727,30.63472744510833,-5.994197564654025,2.8878253712562474,-2.6717656381202715,1.7954604300103982,18.8026595770016,3.8456084626468767,2.890402399627506,-0.2392162689713456,0,0,0,2
HSI,2013-02,23020.26953,-2.9889331601701707,82.87265164511544,87.37166687420437,78.62591293879917,-8.164537558505069,-20.3966165478642,-6.277327848152503,20.367269576878645,4.689454688610528,-5.994197564654025,2.8878253712562474,-2.6717656381202715,1.7954604300103982,3.363003392046075,-0.3863085833591407,0,1,0,2
HSI,2013-03,22299.63086,-3.1304527910103963,74.79130831072408,70.25588681620937,79.46081779849145,-9.751520162523589,-19.589622895300696,1.0618698447955044,-8.164537558505069,-2.9889331601701707,20.367269576878645,4.689454688610528,-5.994197564654025,2.8878253712562474,3.4257012932270188,-0.5476482407603864,0,1,1,2
HSI,2013-04,22737.00977,1.9613728709050091,93.84421526590982,83.1100798924764,99.8020144144694,25.47476088535521,18.296250547507608,25.599027520157392,-9.751520162523589,-3.1304527910103963,-8.164537558505069,-2.9889331601701707,20.367269576878645,4.689454688610528,3.212550641857425,-0.1672672380667305,0,0,0,2
HSI,2013-05,22392.16016,-1.5166884893325183,83.38529759068643,96.31220405332505,76.66901059304514,-11.144978564302331,15.885105847484285,-23.178894691799336,25.47476088535521,1.9613728709050091,-9.751520162523589,-3.1304527910103963,-8.164537558505069,-2.9889331601701707,3.304784515151004,-0.3760738837796071,0,1,0,2
HSI,2013-06,20803.28906,-7.095657983182269,82.57989651362101,85.31224797566732,78.08507897059123,-0.965878998260461,-11.421144584716792,1.8469892419278768,-11.144978564302331,-1.5166884893325183,25.47476088535521,1.9613728709050091,-9.751520162523589,-3.1304527910103963,4.155397146169012,-0.3921532815316291,0,1,0,2
HSI,2013-07,21883.66016,5.1932706260247485,77.08005560598066,75.28471995938209,75.0804361527966,-6.660023976577866,-11.753913716053145,-3.847909046651865,-0.965878998260461,-7.095657983182269,-11.144978564302331,-1.5166884893325183,25.47476088535521,1.9613728709050091,4.304195461806614,-0.5019546364652614,0,0,1,2
HSI,2013-08,21731.36914,-0.695912013285449,88.84743185966245,104.4280973249866,78.84740774093136,15.266434567502763,38.71087968624718,5.017247875956099,-6.660023976577866,5.1932706260247485,-0.965878998260461,-7.095657983182269,-11.144978564302331,-1.5166884893325183,4.2212845362143,-0.2670253215330478,0,1,1,2
HSI,2013-09,22859.85938,5.192909074112784,98.07846705118816,97.374010403951,98.14722569783528,10.38976028717007,-6.754970263494176,24.47742863064981,15.266434567502763,-0.695912013285449,-6.660023976577866,5.1932706260247485,-0.965878998260461,-7.095657983182269,4.677110139419407,-0.0827326868021949,0,0,0,2
HSI,2013-10,23206.36914,1.5158000503850744,73.56673326799947,80.33374651016727,65.35439909658125,-24.99196257869301,-17.499807005065403,-33.411873201809016,10.38976028717007,5.192909074112784,15.266434567502763,-0.695912013285449,-6.660023976577866,5.1932706260247485,4.652865402987217,-0.5720962204687234,0,0,1,2
HSI,2013-11,23881.28906,2.9083391543430315,76.75024941762288,52.19944121042887,91.32140051523844,4.327385501849101,-35.02177667784688,39.73259914804351,-24.99196257869301,1.5158000503850744,10.38976028717007,5.192909074112784,15.266434567502763,-0.695912013285449,4.632809815103084,-0.508539038988046,0,0,0,2
HSI,2013-12,23306.39063,-2.407317413040844,70.2421502144106,68.61865160542149,68.88867827384702,-8.47958052592066,31.45476276039567,-24.564584111528333,4.327385501849101,2.9083391543430315,-24.99196257869301,1.5158000503850744,10.38976028717007,5.192909074112784,3.102555855769363,-0.6384697265398416,0,1,1,2
HSI,2014-01,22035.41992,-5.453314201144499,78.61989428920131,86.78251980197045,68.41249278283888,11.926947066993351,26.4707448654002,-0.6912391164121345,-8.47958052592066,-2.407317413040844,4.327385501849101,2.9083391543430315,-24.99196257869301,1.5158000503850744,3.8354413695412255,-0.4712125883522027,0,1,0,2
HSI,2014-02,22836.96094,3.6375118918087863,70.26414687292916,61.49816117967878,73.86041593551636,-10.628031863710918,-29.135312825656825,7.963345481315476,11.926947066993351,-5.453314201144499,-8.47958052592066,-2.407317413040844,4.327385501849101,2.9083391543430315,4.040757829978087,-0.6380305751262079,0,0,1,2
HSI,2014-03,22151.06055,-3.00346614333703,119.53876396917528,75.00083989481772,150.81426780454575,70.12768145517792,21.956231627297345,104.18821894560378,-10.628031863710918,3.6375118918087863,11.926947066993351,-5.453314201144499,-8.47958052592066,-2.407317413040844,3.666967405243114,0.3457105570013821,1,1,0,2
HSI,2014-04,22133.9707,-0.0771513849705751,92.7823445002238,61.30099623998006,112.3606637954712,-22.3830484610423,-18.26625365002648,-25.49732500038402,70.12768145517792,-3.00346614333703,-10.628031863710918,3.6375118918087863,11.926947066993351,-5.453314201144499,3.550509337435709,-0.1884669147109705,0,1,0,2
HSI,2014-05,23081.65039,4.281562051584342,83.18502376925561,75.96359517497402,92.24833537686256,-10.343908404842097,23.91902225796312,-17.89979494533681,-22.3830484610423,-0.0771513849705751,70.12768145517792,-3.00346614333703,-10.628031863710918,3.6375118918087863,3.8626825736229145,-0.3800722425176376,0,0,1,2
HSI,2014-06,23190.7207,0.4725412098229187,98.1738182067871,105.45366484324136,96.13338797887168,18.01862133153733,38.82131908098889,4.211515130476329,-10.343908404842097,4.281562051584342,-22.3830484610423,-0.0771513849705751,70.12768145517792,-3.00346614333703,3.756290267761506,-0.0808290524507526,0,0,1,2
HSI,2014-07,24756.84961,6.753256745487857,136.12800659671908,115.96761592741936,161.79567853866084,38.660193810520525,9.970209285573103,68.30331473828896,18.01862133153733,0.4725412098229187,-10.343908404842097,4.281562051584342,-22.3830484610423,-0.0771513849705751,3.525963523771803,0.6769058312677037,0,0,0,2
HSI,2014-08,24742.06055,-0.0597372453804867,132.44592408211,107.58255644767516,154.0424594263877,-2.7048677246242936,-7.230518117223495,-4.791981579669047,38.660193810520525,6.753256745487857,18.01862133153733,0.4725412098229187,-10.343908404842097,4.281562051584342,3.5078220912830527,0.6033950414337895,0,1,0,2
HSI,2014-09,22932.98047,-7.311759973847454,130.56609942118328,121.00510635375976,142.43847586313885,-1.419314844118058,12.476511387431977,-7.53297734044166,-2.7048677246242936,-0.0597372453804867,38.660193810520525,6.753256745487857,18.01862133153733,0.4725412098229187,4.793482600680678,0.5658653567986086,0,1,0,2
HSI,2014-10,23998.06055,4.644315994570758,80.79179345407793,74.09397866649013,83.08987451368763,-38.12192153075063,-38.76789096000993,-41.66613058010812,-1.419314844118058,-7.311759973847454,-2.7048677246242936,-0.0597372453804867,38.660193810520525,6.753256745487857,5.026888283423148,-0.4278517939060605,0,0,1,2
HSI,2014-11,23987.44922,-0.0442174482304102,84.14203809102376,77.99142316182454,87.09242757161458,4.1467635433172,5.26013660688609,4.817136963262114,-38.12192153075063,4.644315994570758,-1.419314844118058,-7.311759973847454,-2.7048677246242936,-0.0597372453804867,4.848914415922674,-0.3609659681752187,0,1,1,2
HSI,2014-12,23605.03906,-1.5942093571214675,85.45243663172567,94.30592924548732,80.33614915417087,1.5573648683008257,20.918333609340344,-7.757595701288888,4.1467635433172,-0.0442174482304102,-38.12192153075063,4.644315994570758,-1.419314844118058,-7.311759973847454,4.944388019573715,-0.3348045686568722,0,1,1,2
HSI,2015-01,24507.05078,3.821267644197679,108.33973257003292,146.6483586834323,81.6583960748488,26.783666844919374,55.50279802841731,1.645892832304474,1.5573648683008257,-1.5942093571214675,4.1467635433172,-0.0442174482304102,-38.12192153075063,4.644315994570758,4.292580439955722,0.1221279403002564,0,0,1,2
HSI,2015-02,24823.28906,1.2903971303559691,112.50795323508126,110.6266494478498,116.82035664149691,3.8473610430540095,-24.56332246673284,43.05982269651534,26.783666844919374,3.821267644197679,1.5573648683008257,-1.5942093571214675,4.1467635433172,-0.0442174482304102,4.329756516631589,0.205344215892678,0,0,0,2
HSI,2015-03,24900.89063,0.3126159865940225,103.47884836504537,80.65029876462874,119.2300068024666,-8.025303643352133,-27.09686213298193,2.062697144783177,3.8473610430540095,1.2903971303559691,26.783666844919374,3.821267644197679,1.5573648683008257,-1.5942093571214675,2.393050023164626,0.0250830110293626,0,0,0,2
HSI,2015-04,28133.0,12.979894647246182,99.56071904500324,92.08395849863687,107.84801419576009,-3.786405996924136,14.17683493941706,-9.546248391618018,-8.025303643352133,0.3126159865940225,3.8473610430540095,1.2903971303559691,26.783666844919374,3.821267644197679,5.301654004647392,-0.0531403258581029,0,0,0,2
HSI,2015-05,27424.18945,-2.519498631500372,74.41008684712071,71.70904147240424,75.1276002699329,-25.261601602650146,-22.12645650603112,-30.3393754347992,-3.786405996924136,12.979894647246182,-8.025303643352133,0.3126159865940225,3.8473610430540095,1.2903971303559691,5.651473057894068,-0.5552591214997333,0,1,1,2
HSI,2015-06,26250.0293,-4.281476220621727,85.28621266682943,88.44556840260823,80.42666390736898,14.61646704169861,23.33949330035976,7.053417942802098,-25.261601602650146,-2.519498631500372,-3.786405996924136,12.979894647246182,-8.025303643352133,0.3126159865940225,6.116902371217178,-0.3381231403891369,0,1,1,2
HSI,2015-07,24636.2793,-6.14761218571287,106.23084825085056,89.69054517438335,118.30285398421748,24.558055668202016,1.4076191653921155,47.09407084256565,14.61646704169861,-4.281476220621727,-25.261601602650146,-2.519498631500372,-3.786405996924136,12.979894647246182,6.815678964824465,0.0800252032332923,0,1,0,2
HSI,2015-08,21670.58008,-12.03793472174185,80.77308187177104,72.6687409493231,83.29964871560374,-23.96457036562888,-18.978370788097155,-29.58779445277242,24.558055668202016,-6.14761218571287,14.61646704169861,-4.281476220621727,-25.261601602650146,-2.519498631500372,8.404375817076096,-0.4282253605463964,0,1,1,2
HSI,2015-09,20846.30078,-3.80367898301317,96.26670481363932,79.88457260131835,111.3503412882487,19.18166619724222,9.929760111059792,33.674442815976114,-23.96457036562888,-12.03793472174185,24.558055668202016,-6.14761218571287,14.61646704169861,-4.281476220621727,8.350671777217373,-0.118903541894402,0,1,0,2
HSI,2015-10,22640.03906,8.604587926318885,86.38631562263735,101.0595084159605,75.2390812904604,-10.263558111944526,26.506915071474868,-32.43030922043458,19.18166619724222,-3.80367898301317,-23.96457036562888,-12.03793472174185,24.558055668202016,-6.14761218571287,6.752495829823113,-0.3161601787066636,0,0,1,2
HSI,2015-11,21996.41992,-2.8428358197364334,146.2837247212728,206.724671681722,112.25876941680907,69.33668679688365,104.55736914021404,49.20273811350009,-10.263558111944526,8.604587926318885,19.18166619724222,-3.80367898301317,-23.96457036562888,-12.03793472174185,6.745692416392986,0.879659261617105,1,1,0,2
HSI,2015-12,21914.40039,-0.3728767240228303,140.49793341852003,194.36913816390495,108.1629870014806,-3.955184566004821,-5.976806453387384,-3.648518896658426,69.33668679688365,-2.8428358197364334,-10.263558111944526,8.604587926318885,19.18166619724222,-3.80367898301317,6.833799258442875,0.7641490613996877,0,1,0,2
HSI,2016-01,19683.10938,-10.181848329366938,115.96384011545489,110.91858869983304,120.46343551143524,-17.462244964117836,-42.93405334426132,11.37214203393464,-3.955184566004821,-0.3728767240228303,69.33668679688365,-2.8428358197364334,-10.263558111944526,8.604587926318885,7.407363990748776,0.2743391319883859,0,1,0,2
HSI,2016-02,19111.92969,-2.901877335398928,101.22297576378132,113.22725730106748,90.85711604151231,-12.711604183681224,2.0814082006417767,-24.57701736981631,-17.462244964117836,-10.181848329366938,-3.955184566004821,-0.3728767240228303,69.33668679688365,-2.8428358197364334,6.111997349447724,-0.0199542677458014,0,1,1,2
HSI,2016-03,20776.69922,8.710630255567864,105.2873266896894,122.0475801037204,93.74349009606146,4.015245447232085,7.78992886774601,3.1768277272089085,-12.711604183681224,-2.901877335398928,-17.462244964117836,-10.181848329366938,-3.955184566004821,-0.3728767240228303,7.349200292455623,0.0611883045730654,0,0,0,2
HSI,2016-04,21067.05078,1.3974864675352583,83.62793006896973,90.3290501912435,79.78639167149862,-20.571703453499047,-25.98865941096199,-14.888605502377429,4.015245447232085,8.710630255567864,-12.711604183681224,-2.901877335398928,-17.462244964117836,-10.181848329366938,6.192753576152473,-0.3712298573225143,0,0,1,2
HSI,2016-05,20815.08984,-1.1959953133981127,84.68827352216167,88.0693675010435,82.82368420016381,1.2679298080407353,-2.5016123665817624,3.806780160168821,-20.571703453499047,1.3974864675352583,4.015245447232085,8.710630255567864,-12.711604183681224,-2.901877335398928,6.132639985534327,-0.3500606726477829,0,1,1,2
HSI,2016-06,20794.36914,-0.0995465316713795,88.54716021219889,97.87790400187174,80.03160365422566,4.556577350732516,11.137285050573364,-3.3711136770858907,1.2679298080407353,-1.1959953133981127,-20.571703453499047,1.3974864675352583,4.015245447232085,8.710630255567864,6.137081306439251,-0.273020082889481,0,1,1,2
HSI,2016-07,21891.36914,5.275466606437296,112.01366116923673,143.21993846278036,94.82303280984202,26.501697966147653,46.32509750110867,18.481985216143254,4.556577350732516,-0.0995465316713795,1.2679298080407353,-1.1959953133981127,-20.571703453499047,1.3974864675352583,4.3512011545044285,0.1954759416145478,0,0,0,2
HSI,2016-08,22976.88086,4.958628731980719,98.61115221823415,123.22047128985004,80.60763149876749,-11.96506641342012,-13.964164059550775,-14.9915066939296,26.501697966147653,5.275466606437296,4.556577350732516,-0.0995465316713795,1.2679298080407353,-1.1959953133981127,3.774236380320636,-0.0720979149829873,0,0,1,2
HSI,2016-09,23297.15039,1.393877314990788,103.71691958109538,119.65013109842936,94.2956667582194,5.177677420867943,-2.897521940994874,16.98106619056434,-11.96506641342012,4.958628731980719,26.501697966147653,5.275466606437296,4.556577350732516,-0.0995465316713795,2.639048956168802,0.0298359743481151,0,0,0,2
HSI,2016-10,22934.53906,-1.5564621592331962,86.16627822383758,100.4282025367983,80.40413419661984,-16.921676258939698,-16.065112829519823,-14.731888578950723,5.177677420867943,1.393877314990788,-11.96506641342012,4.958628731980719,26.501697966147653,5.275466606437296,3.0129075188678938,-0.320553106598582,0,1,0,2
HSI,2016-11,22789.76953,-0.631229298401248,83.57939580281575,85.52786210378011,80.94508310953776,-3.0021981619094418,-14.836808841180336,0.6727874360229924,-16.921676258939698,-1.5564621592331962,5.177677420867943,1.393877314990788,-11.96506641342012,4.958628731980719,2.920644489419977,-0.3721988177477174,0,1,1,2
HSI,2016-12,22000.56055,-3.4629967580896537,101.61987716920916,112.50576536117062,94.95736854307113,21.58484300240133,31.54282428415589,17.310854341296356,-3.0021981619094418,-0.631229298401248,-16.921676258939698,-1.5564621592331962,5.177677420867943,1.393877314990788,3.555844691166903,-0.0120303454318856,0,1,1,2
HSI,2017-01,23360.7793,6.182654968761692,104.88912440884498,102.22949655594364,108.44574915978215,3.217133626516944,-9.133993064477783,14.204669762508138,21.58484300240133,-3.4629967580896537,-3.0021981619094418,-0.631229298401248,-16.921676258939698,-1.5564621592331962,3.7860311445656367,0.0532384109836636,0,0,1,2
HSI,2017-02,23740.73047,1.626449037168887,113.19088404519218,94.91658476420812,125.99899278368268,7.91479544055298,-7.153426396591556,16.186197946807358,3.217133626516944,6.182654968761692,21.58484300240133,-3.4629967580896537,-3.0021981619094418,-0.631229298401248,3.332377327928516,0.2189785608738084,0,0,0,2
HSI,2017-03,24111.58984,1.5621228271330612,98.49747651623142,99.26259293094758,97.23793039014262,-12.981087348955,4.578765847439437,-22.826422464279197,7.91479544055298,1.626449037168887,3.217133626516944,6.182654968761692,21.58484300240133,-3.4629967580896537,3.3411701588899594,-0.0743673890118802,0,0,1,2
HSI,2017-04,24615.13086,2.088377511982431,115.10228830973308,101.26866887410482,124.87095286051432,16.858108837707487,2.020978783571348,28.417945918327536,-12.981087348955,1.5621228271330612,7.91479544055298,1.626449037168887,3.217133626516944,6.182654968761692,3.194415065213412,0.2571387152486297,0,0,0,2
HSI,2017-05,25660.65039,4.247466876964623,101.37748035307854,98.86025521063036,100.89005654858003,-11.924009642381684,-2.378241651885993,-19.20454338065464,16.858108837707487,2.088377511982431,-12.981087348955,1.5621228271330612,7.91479544055298,1.626449037168887,3.2471280273695085,-0.0168696670213093,0,0,1,2
HSI,2017-06,25764.58008,0.4050158059925923,126.94453862508138,146.7019323984782,113.13888193766276,25.21966237763813,48.393236580177735,12.140765708843391,-11.924009642381684,4.247466876964623,16.858108837707487,2.088377511982431,-12.981087348955,1.5621228271330612,2.1265258945310768,0.4935628504053606,0,0,0,2
HSI,2017-07,27323.99023,6.052534701353451,101.5980480563256,69.98286450293756,124.43094007430538,-19.96658607237466,-43.81668896391011,9.9807050796775,25.21966237763813,0.4050158059925923,-11.924009642381684,4.247466876964623,16.858108837707487,2.088377511982431,2.083964022038506,-0.0124661518873564,0,0,1,2
HSI,2017-08,27970.30078,2.365359321825533,137.11038946336316,109.75087941077447,156.3583743187689,34.9537634693037,56.82536030826179,25.65875836459781,-19.96658607237466,6.052534701353451,25.21966237763813,0.4050158059925923,-11.924009642381684,4.247466876964623,2.0315859423440865,0.6965185749147532,0,0,0,2
HSI,2017-09,27554.30078,-1.4872918359800311,118.73107655843098,86.45641419092814,146.35588200887045,-13.40475581527194,-21.22485518558812,-6.397158037411099,34.9537634693037,2.365359321825533,-19.96658607237466,6.052534701353451,25.21966237763813,0.4050158059925923,2.677871943664927,0.3295855138316133,0,1,0,2
HSI,2017-10,28245.53906,2.508640250097449,91.91498454924552,71.24007597277242,109.52413552807224,-22.585571348701183,-17.60001078063723,-25.16588057497128,-13.40475581527194,-1.4872918359800311,34.9537634693037,2.365359321825533,-19.96658607237466,6.052534701353451,2.6773982572179262,-0.2057832879355632,0,0,1,2
HSI,2017-11,29177.34961,3.298965362355521,93.25364055633544,80.09026870727538,105.41860446929932,1.45640671502556,12.423053476087633,-3.748517200321233,-22.585571348701183,2.508640250097449,-13.40475581527194,-1.4872918359800311,34.9537634693037,2.365359321825533,2.56865346369184,-0.1790577433540232,0,0,0,2
HSI,2017-12,29919.15039,2.542385754413279,84.61367348701724,64.52695954230524,98.77827345940376,-9.265018521286285,-19.432209950316203,-6.29901244028458,1.45640671502556,3.298965362355521,-22.585571348701183,2.508640250097449,-13.40475581527194,-1.4872918359800311,2.415128229903838,-0.3515500220807048,0,0,1,2
HSI,2018-01,32887.26953,9.920465993553227,91.99991103141538,75.9898567199707,106.7695834867416,8.729366354164325,17.76450844572981,8.09014953133611,-9.265018521286285,2.542385754413279,1.45640671502556,3.298965362355521,-22.585571348701183,2.508640250097449,3.7081472547703,-0.2040877765619447,0,0,0,2
HSI,2018-02,30844.7207,-6.210758324392874,65.82219927651542,53.66386883599417,76.22563787869045,-28.45406203269154,-29.380221055357104,-28.60734734611382,8.729366354164325,9.920465993553227,-9.265018521286285,2.542385754413279,1.45640671502556,3.298965362355521,5.370513498515935,-0.7267116611468718,0,1,1,2
HSI,2018-03,30093.38086,-2.4358782409075297,109.2456529678837,64.72115756619361,142.5100219480453,65.97083380479091,20.60471779251023,86.95812316433921,-28.45406203269154,-6.210758324392874,8.729366354164325,9.920465993553227,-9.265018521286285,2.542385754413279,5.497754448361046,0.1402141520319168,1,1,1,2
HSI,2018-04,30808.44922,2.376164922534385,122.0270450592041,94.80569979349772,144.06638272603354,11.699680256456425,46.483319147274415,1.092106194858089,65.97083380479091,-2.4358782409075297,-28.45406203269154,-6.210758324392874,8.729366354164325,9.920465993553227,5.493659102863722,0.3953877458017615,0,0,1,2
HSI,2018-05,30468.56055,-1.1032319983809935,122.07622054315382,62.3412499273977,166.9032696139428,0.0402988402496085,-34.24314143222706,15.851641761102208,11.699680256456425,2.376164922534385,65.97083380479091,-2.4358782409075297,-28.45406203269154,-6.210758324392874,5.512406040822996,0.3963695077941304,0,1,0,2
HSI,2018-06,28955.10938,-4.967255238449386,103.35734113057454,56.24654754002889,136.8462231318156,-15.333763880707776,-9.776355774814691,-18.008662473569824,0.0402988402496085,-1.1032319983809935,11.699680256456425,2.376164922534385,65.97083380479091,-2.4358782409075297,5.89038382758082,0.0226571846821675,0,1,1,2
HSI,2018-07,28583.00977,-1.2850913637267092,109.5580127469955,85.10936841657085,127.5609563396823,5.999256123072527,51.3148311120806,-6.785183090650127,-15.333763880707776,-4.967255238449386,0.0402988402496085,-1.1032319983809935,11.699680256456425,2.376164922534385,3.0577937327854694,0.1464502464115924,0,1,1,2
HSI,2018-08,27888.55078,-2.429621637427714,113.0449313502158,67.86267332876882,146.81783097790134,3.182714359079064,-20.264155883976787,15.096213755986486,5.999256123072527,-1.2850913637267092,-15.333763880707776,-4.967255238449386,0.0402988402496085,-1.1032319983809935,2.4029651938907866,0.2160646941031607,0,1,0,2
HSI,2018-09,27788.51953,-0.3586821373010807,73.96346220970153,49.602893877029416,88.1794579188029,-34.571624462700555,-26.906955703436157,-39.93954458292232,3.182714359079064,-2.429621637427714,5.999256123072527,-1.2850913637267092,-15.333763880707776,-4.967255238449386,2.415112424052972,-0.5641757412999974,0,1,1,2
HSI,2018-10,24979.68945,-10.107879539849671,92.58265267649004,61.918164991563366,115.57533417978594,25.17349771161239,24.8277270779095,31.06832011397669,-34.571624462700555,-0.3586821373010807,3.182714359079064,-2.429621637427714,5.999256123072527,-1.2850913637267092,3.6711716054554393,-0.1924536541791385,0,1,0,2
HSI,2018-11,26506.75,6.113208705242723,79.83305384318034,48.951593685150144,103.46333103179931,-13.771045076727717,-20.94146573655724,-10.479747459908284,25.17349771161239,-10.107879539849671,-34.571624462700555,-0.3586821373010807,3.182714359079064,-2.429621637427714,5.358682951592786,-0.446992512714646,0,0,1,2
HSI,2018-12,25845.69922,-2.4938960076207106,86.58019570381411,64.75931516770393,99.9929014944261,8.45156427798377,32.292557386848046,-3.3542603961847828,-13.771045076727717,6.113208705242723,25.17349771161239,-10.107879539849671,-34.571624462700555,-0.3586821373010807,5.193279001537054,-0.3122894675414957,0,1,1,2
HSI,2019-01,27942.4707,8.112651401504634,87.5074286307058,54.891605531015706,113.59607076644896,1.0709526807535674,-15.237513879098808,13.60413496230144,8.45156427798377,-2.4938960076207106,-13.771045076727717,6.113208705242723,25.17349771161239,-10.107879539849671,6.593648347283926,-0.2937777626719332,0,0,1,2
HSI,2019-02,28633.17969,2.471896624374015,98.55523300170898,57.736959321158274,130.96962765284948,12.624990293825844,5.183586383777472,15.294153018831214,1.0709526807535674,8.112651401504634,8.45156427798377,-2.4938960076207106,-13.771045076727717,6.113208705242723,6.5648488882638905,-0.0732143119559909,0,0,0,2
HSI,2019-03,29051.35938,1.4604724118224557,79.65598315577353,67.75160512616557,85.8987022830594,-19.17630273940678,17.345294803804002,-34.41326525662569,12.624990293825844,2.471896624374015,1.0709526807535674,8.112651401504634,8.45156427798377,-2.4938960076207106,6.552445894767951,-0.450527633406826,0,0,0,2
HSI,2019-04,29699.10938,2.229671911483555,78.96416734059652,57.763711071014406,93.91384995778402,-0.8685045212788456,-14.741929783880291,9.330929876347316,-19.17630273940678,1.4604724118224557,12.624990293825844,2.471896624374015,1.0709526807535674,8.112651401504634,3.7216861066987343,-0.4643393627180184,0,0,1,2
HSI,2019-05,26901.08984,-9.42122372829215,105.1034455453196,63.40447973435925,133.1031727944651,33.10270858929771,9.765246309071296,41.72901319059692,-0.8685045212788456,2.229671911483555,-19.17630273940678,1.4604724118224557,12.624990293825844,2.471896624374015,5.883550722678012,0.0575172167838708,0,1,0,2
HSI,2019-06,28542.61914,6.102092182002084,103.3317710240682,51.50454092025757,138.8043354034424,-1.685648374379367,-18.768293445444108,4.283265747376963,33.10270858929771,-9.42122372829215,-0.8685045212788456,2.229671911483555,-19.17630273940678,1.4604724118224557,6.08310341247535,0.0221466913083878,0,0,0,2
HSI,2019-07,27777.75,-2.679744056592559,93.06078184804608,47.329337519984094,126.32542345600744,-9.939817225846037,-8.10647629446455,-8.990289756558633,-1.685648374379367,6.102092182002084,33.10270858929771,-9.42122372829215,-0.8685045212788456,2.229671911483555,5.410845886000029,-0.1829080633608263,0,1,1,2
HSI,2019-08,25724.73047,-7.390877698877707,106.01592488442698,74.11447860348609,125.86253258489792,13.921162899248628,56.59310374287909,-0.3664273259061712,-9.939817225846037,-2.679744056592559,-1.685648374379367,6.102092182002084,33.10270858929771,-9.42122372829215,5.987071087171064,0.0757343742372348,0,1,0,2
HSI,2019-09,26092.26953,1.428738234706195,92.55197461446126,70.08315865198772,112.63771381378174,-12.699931906120154,-5.439314999523937,-10.507351552135392,13.921162899248628,-7.390877698877707,-9.939817225846037,-2.679744056592559,-1.685648374379367,6.102092182002084,5.983822246898531,-0.1930661251276743,0,0,1,2
HSI,2019-10,26906.7207,3.1214270918962006,95.20806701721683,69.20361838802215,118.00913903021043,2.8698387190764008,-1.2549951812718674,4.768762641355617,-12.699931906120154,1.428738234706195,13.921162899248628,-7.390877698877707,-9.939817225846037,-2.679744056592559,6.108398060752744,-0.1400386740524366,0,0,0,2
HSI,2019-11,26346.49023,-2.0821209550073605,73.70891914367675,52.628954823811846,86.17964719136556,-22.58122504435712,-23.95057361202817,-26.97205665630397,2.8698387190764008,3.1214270918962006,-12.699931906120154,1.428738234706195,13.921162899248628,-7.390877698877707,4.79137173324518,-0.5692575562120714,0,1,0,2
HSI,2019-12,28189.75,6.996225128693356,72.31251805828464,60.52569272441249,79.17934866874448,-1.8944804802661477,15.004550113215975,-8.122913879046889,-22.58122504435712,-2.0821209550073605,2.8698387190764008,3.1214270918962006,-12.699931906120154,1.428738234706195,5.036105994682004,-0.597135950111402,0,0,1,2
HSI,2020-01,26312.63086,-6.658871185448612,139.8703630508915,84.9525350447624,191.54257983546103,93.42482713456964,40.35780710775339,104.18821894560378,-1.8944804802661477,6.996225128693356,-22.58122504435712,-2.0821209550073605,2.8698387190764008,3.1214270918962006,5.666183821878164,0.7516199577694204,1,1,0,2
HSI,2020-02,26129.92969,-0.694347786703986,75.72699855935984,56.10202249987372,87.16311290346343,-39.28844654475468,-33.960743525413385,-44.52829942694827,93.42482713456964,-6.658871185448612,-1.8944804802661477,6.996225128693356,-22.58122504435712,-2.0821209550073605,4.672192683253076,-0.5289676900274246,1,1,1,2
HSI,2020-03,23603.48047,-9.668794558474769,82.76741433912709,64.03543063132993,98.19669649677893,9.297101316181845,14.141037663079016,12.658546976787765,-45.859153499296525,-0.694347786703986,93.42482713456964,-6.658871185448612,-1.8944804802661477,6.996225128693356,6.1298368019052445,-0.3884095893666116,0,1,0,2
HSI,2020-04,24643.58984,4.4065932196820645,69.76431941986084,47.72460098266602,82.26346549987792,-15.71040369340041,-25.47157017272198,-16.225831993669605,9.297101316181845,-9.668794558474769,-45.859153499296525,-0.694347786703986,93.42482713456964,-6.658871185448612,6.3422974545928925,-0.6480093604222856,0,0,0,2
HSI,2020-05,22961.4707,-6.825787764368984,69.50140085527974,42.10684902437272,85.36720494301089,-0.3768668092335003,-11.771186856719284,3.772925714073616,-15.71040369340041,4.4065932196820645,9.297101316181845,-9.668794558474769,-45.859153499296525,-0.694347786703986,6.744656367273183,-0.6532583876419832,0,1,1,2
HSI,2020-06,24427.18945,6.38338357830015,71.60573234558106,51.32019710540772,86.46775321960449,3.027754065969246,21.88087756388999,1.289193288369117,-0.3768668092335003,-6.825787764368984,-15.71040369340041,4.4065932196820645,9.297101316181845,-9.668794558474769,6.582514778975519,-0.6112465453460343,0,0,0,2
HSI,2020-07,24595.34961,0.6884138690789854,68.53134112204275,36.44394225458945,92.3572107745755,-4.293498750492198,-28.98713506548618,6.811160618471734,3.027754065969246,6.38338357830015,-0.3768668092335003,-6.825787764368984,-15.71040369340041,4.4065932196820645,6.257213526477573,-0.6726251065825277,0,0,0,2
HSI,2020-08,25177.05078,2.3650859988731066,64.93029563657699,27.294767964270807,89.9976692199707,-5.254596548829982,-25.104787584187527,-2.5547994951514386,-4.293498750492198,0.6884138690789854,3.027754065969246,6.38338357830015,-0.3768668092335003,-6.825787764368984,6.40529106962128,-0.7445180358729901,0,0,1,2
HSI,2020-09,23459.05078,-6.823674524121525,83.04108727773031,49.94818175633748,105.76334724426268,27.8926677656324,82.9954437484879,17.517873697104093,-5.254596548829982,2.3650859988731066,-4.293498750492198,0.6884138690789854,3.027754065969246,6.38338357830015,5.645898230885466,-0.3829458568747211,0,1,0,2
HSI,2020-10,24107.41992,2.7638336524373086,76.71051840628347,43.048690057569935,98.63585779743808,-7.62341761045866,-13.813299015418378,-6.739092164285898,27.8926677656324,-6.823674524121525,-5.254596548829982,2.3650859988731066,-4.293498750492198,0.6884138690789854,5.426933019323575,-0.5093322471828304,0,0,0,2
HSI,2020-11,26341.49023,9.26714811213194,70.364892578125,62.07505849202474,79.94887498219808,-8.272171743840929,44.197322633999846,-18.94542535800341,-7.62341761045866,2.7638336524373086,27.8926677656324,-6.823674524121525,-5.254596548829982,2.3650859988731066,5.498261952081355,-0.6360192415040153,0,0,0,2
HSI,2020-12,27231.13086,3.3773359906069444,62.28910067773634,29.27726056498866,85.56250313789614,-11.4770187297909,-43.81668896391011,7.021522387836021,-8.272171743840929,9.26714811213194,-7.62341761045866,2.7638336524373086,27.8926677656324,-6.823674524121525,5.195784688254692,-0.797248067522034,0,0,1,2
HSI,2021-01,28283.71094,3.865355740866949,74.98195703567997,47.25387308674474,95.04665202479208,20.37733121820517,61.40127926877659,11.08446870892834,-11.4770187297909,3.3773359906069444,-8.272171743840929,9.26714811213194,-7.62341761045866,2.7638336524373086,5.20463689412952,-0.5438420418778978,0,0,0,2
HSI,2021-02,28980.21094,2.4625481482169365,72.32457787649972,46.01375893184117,91.3971277645656,-3.544024808415902,-2.624365102574921,-3.8397188985410335,20.37733121820517,3.865355740866949,-11.4770187297909,3.3773359906069444,-8.272171743840929,9.26714811213194,5.204399122136536,-0.5968951823505692,0,0,1,2
HSI,2021-03,28378.34961,-2.0768010669283243,77.55295372009277,49.825385385944,99.19816903145085,7.229044395559336,8.283666760954866,8.535324312357284,-3.544024808415902,2.4625481482169365,20.37733121820517,3.865355740866949,-11.4770187297909,3.3773359906069444,3.628442102847543,-0.4925134808851181,0,1,1,2
HSI,2021-04,28724.88086,1.2211113569405407,84.63264045715331,65.75086024602254,105.25555461247762,9.128842161979843,31.96257236491182,6.106348171715048,7.229044395559336,-2.0768010669283243,-3.544024808415902,2.4625481482169365,20.37733121820517,3.865355740866949,3.7254075505869095,-0.3511713567602164,0,0,1,2
HSI,2021-05,29151.80078,1.4862373914820814,90.02756192607265,52.68410350430396,115.80485919214064,6.3745163092844725,-19.87313427204783,10.02256329226774,9.128842161979843,1.2211113569405407,7.229044395559336,-2.0768010669283243,-3.544024808415902,2.4625481482169365,2.126964185359698,-0.2434646617856457,0,0,0,2
IXIC,2000-07,3766.98999,-5.02053931000459,51.13137294400123,40.80166629052931,56.5029530679026,-20.264885157915803,-21.61971460324582,-22.58825043151742,-19.521279515661185,16.619087527302902,60.478668524912834,-11.908585850076292,-2.0144699660817,-15.5739477271694,14.567629521149865,-1.020006078838822,0,1,0,2
IXIC,2000-08,4206.350098,11.663426480196184,47.5130286985828,41.88413973777525,50.82666443240258,-7.076563833678429,2.6530128439808287,-10.046003487071763,-20.264885157915803,-5.02053931000459,-19.521279515661185,16.619087527302902,60.478668524912834,-11.908585850076292,12.813385728123782,-1.092244368533953,0,0,1,2
IXIC,2000-09,3672.820068,-12.683918779220926,52.75809377034505,36.65586573282878,63.30135205586751,11.039214328003254,-12.482705954280584,24.54358900544371,-7.076563833678429,11.663426480196184,-20.264885157915803,-5.02053931000459,-19.521279515661185,16.619087527302902,13.67517874591577,-0.9875294756368682,0,1,1,2
IXIC,2000-10,3369.629883,-8.254969734063211,74.84650722626716,74.61284114468482,80.27979493910267,41.86734560970407,103.54952653010729,26.82161175364879,11.039214328003254,-12.683918779220926,-7.076563833678429,11.663426480196184,-20.264885157915803,-5.02053931000459,12.59335147087665,-0.5465462242076752,0,1,0,2
IXIC,2000-11,2597.929932,-16.199297081301566,45.440477244059245,47.08891073862711,44.53256746927897,-39.28844654475468,-36.88899924435919,-44.52829942694827,41.86734560970407,-8.254969734063211,11.039214328003254,-12.683918779220926,-7.076563833678429,11.663426480196184,14.96907958495555,-1.1336217395703077,0,1,1,2
IXIC,2000-12,2470.52002,-4.904285925137108,46.01157077666252,44.53382098290228,46.60758584545505,1.2567947504951382,-5.426096538752367,4.659552534462641,-39.28844654475468,-22.901623554957062,41.86734560970407,-8.254969734063211,11.039214328003254,-12.683918779220926,11.343505212454836,-1.1222201654653985,0,1,1,2
IXIC,2001-01,2772.72998,12.232645659758724,47.34544200281943,39.250703688590754,53.58126591097924,2.8989908486964038,-11.863157433402929,14.962542983127358,1.2567947504951382,-4.904285925137108,-39.28844654475468,-22.901623554957062,41.86734560970407,-8.254969734063211,13.858758798221135,-1.0955901464523845,0,0,1,2
IXIC,2001-02,2151.830078,-16.199297081301566,56.3363071169172,45.95857455049242,65.78157465798515,18.989927506775352,17.089810453134604,22.769728448140224,2.8989908486964038,12.232645659758724,1.2567947504951382,-4.904285925137108,-39.28844654475468,-22.901623554957062,13.041059699535746,-0.916092377674739,0,1,1,2
IXIC,2001-03,1840.26001,-14.479306297715944,61.72149381329936,57.44915543833086,65.804611175291,9.558998400811111,25.00203933699969,0.0350197109534544,18.989927506775352,-22.39308935520653,2.8989908486964038,12.232645659758724,1.2567947504951382,-4.904285925137108,13.140204648902555,-0.80858003217909,0,1,0,2
IXIC,2001-04,2116.23999,14.99679276299657,49.02697035471599,47.12476806640625,50.69535102844238,-20.567427445911942,-17.97134752138766,-22.96079237760469,9.558998400811111,-14.479306297715944,18.989927506775352,-22.39308935520653,2.8989908486964038,12.232645659758724,16.73584349226611,-1.0620193405876062,0,0,1,2
IXIC,2001-05,2110.48999,-0.2717083141406839,59.95146006922568,56.56440058062154,60.64858498111848,22.282612275385794,20.0311490147036,19.63342545373024,-20.567427445911942,14.99679276299657,9.558998400811111,-14.479306297715944,18.989927506775352,-22.39308935520653,14.650377470550016,-0.8439178004239036,0,1,1,2
IXIC,2001-06,2160.540039,2.3714895231509603,70.94172350565593,62.602798779805504,78.85646438598633,18.33193624265337,10.675262421595733,30.02193606089316,22.282612275385794,-0.2717083141406839,-20.567427445911942,14.99679276299657,9.558998400811111,-14.479306297715944,14.709566356392129,-0.624503123406393,0,0,0,2
IXIC,2001-07,2027.130005,-6.174846639812726,59.984781203731416,53.3461978666244,62.87733785567745,-15.444990282835402,-14.786241340007166,-20.26355943641387,18.33193624265337,2.3714895231509603,22.282612275385794,-0.2717083141406839,-20.567427445911942,14.99679276299657,13.172634837817824,-0.8432525619600832,0,1,1,2
IXIC,2001-08,1805.430054,-10.936641974277329,64.13564220551521,73.31873946036062,56.88255968401509,6.919856867837648,37.43948471017813,-9.53408394201134,-15.444990282835402,-6.174846639812726,18.33193624265337,2.3714895231509603,22.282612275385794,-0.2717083141406839,10.611098158021568,-0.7603828626740763,0,1,1,2
IXIC,2001-09,1498.800049,-16.199297081301566,472.49111404418943,791.8359584172566,249.4176373163859,93.42482713456964,104.55736914021404,104.18821894560378,6.919856867837648,-10.936641974277329,-15.444990282835402,-6.174846639812726,18.33193624265337,2.3714895231509603,11.212756575175824,7.392213704284887,1,1,1,0
IXIC,2001-10,1690.199951,12.770209216880012,504.05423072076616,840.6995652721774,257.8192534908172,6.680150322070344,6.170925472062505,3.368493208751655,636.705984061322,-16.98376540928015,6.919856867837648,-10.936641974277329,-15.444990282835402,-6.174846639812726,10.52008929797369,8.022354291115674,0,0,0,0
IXIC,2001-11,1930.579956,14.221986271966223,296.1777104695638,494.21396484375,141.4245381673177,-39.28844654475468,-41.21396212644078,-44.52829942694827,6.680150322070344,12.770209216880012,636.705984061322,-16.98376540928015,6.919856867837648,-10.936641974277329,12.754787060649758,3.872211775036317,0,0,0,0
IXIC,2001-12,1950.400024,1.0266380285572696,231.22251793646043,376.6929409888483,121.45619632351784,-21.93115492388762,-23.77938144505022,-14.11943224461908,-41.24090377218973,14.221986271966223,6.680150322070344,12.770209216880012,636.705984061322,-16.98376540928015,12.699846175602808,2.5754164186103274,0,0,0,1
IXIC,2002-01,1934.030029,-0.8393147456195904,169.9862031013735,259.16573752126385,104.05673919185516,-26.483715938044828,-31.199736092496558,-14.325705611030717,-21.93115492388762,1.0266380285572696,-41.24090377218973,14.221986271966223,6.680150322070344,12.770209216880012,12.450449879490998,1.3528664479931174,0,1,0,2
IXIC,2002-02,1731.48999,-10.472435068897267,143.41856629507882,209.3824323926653,93.08014828818185,-15.629290096238414,-19.20906119950132,-10.548659307337282,-26.483715938044828,-0.8393147456195904,-21.93115492388762,1.0266380285572696,-41.24090377218973,14.221986271966223,12.371006400467712,0.8224579202367436,0,1,1,2
IXIC,2002-03,1845.349976,6.575838535456957,150.27259728216356,217.83082137569303,97.68620583318896,4.779040234569632,4.034908223429179,4.948485396420366,-15.629290096238414,-10.472435068897267,-26.483715938044828,-0.8393147456195904,-21.93115492388762,1.0266380285572696,9.270016640445204,0.959294949121256,0,0,1,2
IXIC,2002-04,1688.22998,-8.514373860972157,154.13523864746094,219.28201649983723,99.5971280415853,2.570422974752073,0.6662028426368982,1.956184286304952,4.779040234569632,6.575838535456957,-15.629290096238414,-10.472435068897267,-26.483715938044828,-0.8393147456195904,9.260301069240754,1.0364104989443716,0,1,1,2
IXIC,2002-05,1615.72998,-4.2944386048635375,159.16512766192037,205.2949966922883,137.87667772846837,3.263295959182844,-6.378553075536553,38.434391070895146,2.570422974752073,-8.514373860972157,4.779040234569632,6.575838535456957,-15.629290096238414,-10.472435068897267,6.326677213522582,1.136829518008396,0,1,0,2
IXIC,2002-06,1463.209961,-9.439697281596526,147.7977030436198,185.49468332926432,127.91307754516602,-7.141906512616192,-9.644810483473298,-7.226457982200928,3.263295959182844,-4.2944386048635375,2.570422974752073,-8.514373860972157,4.779040234569632,6.575838535456957,6.516177072689915,0.9098850215846186,0,1,0,2
IXIC,2002-07,1328.26001,-9.222869895429865,119.3782693186114,161.98243344214654,92.84361993112871,-19.228603110713397,-12.675430618883077,-27.416631893368603,-7.141906512616192,-9.439697281596526,3.263295959182844,-4.2944386048635375,2.570422974752073,-8.514373860972157,6.473596187081437,0.3425063679371067,0,1,1,2
IXIC,2002-08,1314.849976,-1.0095940477798493,127.00253000567037,157.38569099672378,101.1353489045174,6.386640324555559,-2.837803055393984,8.930854892925822,-19.228603110713397,-9.222869895429865,-7.141906512616192,-9.439697281596526,3.263295959182844,-4.2944386048635375,6.285235191609013,0.4947206170153542,0,1,1,2
IXIC,2002-09,1172.060059,-10.859787778556418,170.25116170247395,185.25534108479815,167.8897672017415,34.05336231874485,17.707867793810127,66.00503090195247,6.386640324555559,-1.0095940477798493,-19.228603110713397,-9.222869895429865,-7.141906512616192,-9.439697281596526,3.7680228856300753,1.3581562034407222,0,1,0,2
IXIC,2002-10,1329.75,13.454083669956374,168.296264894547,195.84739069784845,161.10799457180886,-1.1482428597716532,5.717540747287764,-4.039419878272565,34.05336231874485,-10.859787778556418,6.386640324555559,-1.0095940477798493,-19.228603110713397,-9.222869895429865,9.126322651213922,1.319127743914262,0,0,0,2
IXIC,2002-11,1478.780029,11.20737198721564,156.04842834472657,175.04123814900717,151.88629328409831,-7.277545082473935,-10.623655732508986,-5.723925316195444,-1.1482428597716532,13.454083669956374,34.05336231874485,-10.859787778556418,6.386640324555559,-1.0095940477798493,10.899516107144736,1.0746062985197744,0,0,1,2
IXIC,2002-12,1335.51001,-9.688392877261398,175.05461046772618,174.67416357224988,183.75799191382623,12.179669045440855,-0.2097074841557078,20.983920234403875,-7.277545082473935,11.20737198721564,-1.1482428597716532,13.454083669956374,34.05336231874485,-10.859787778556418,10.938531575086149,1.4540544651606715,0,1,1,2
IXIC,2003-01,1320.910034,-1.093213520728309,205.2729772752331,176.48827115951045,244.28261073943108,17.26225132075463,1.0385666375383629,32.93713552006381,12.179669045440855,-9.688392877261398,-7.277545082473935,11.20737198721564,-1.1482428597716532,13.454083669956374,10.197629470855064,2.057347846744926,0,1,1,2
IXIC,2003-02,1337.52002,1.257465351345788,236.19078636169436,210.63462039402552,291.2838772365025,15.061801848864963,19.34765920147381,19.240528973716557,17.26225132075463,-1.093213520728309,12.179669045440855,-9.688392877261398,-7.277545082473935,11.20737198721564,10.179826098804412,2.6746052158729587,0,0,1,2
IXIC,2003-03,1341.170044,0.2728949059020547,349.2410371841923,413.4505669378465,352.7903245495212,47.86395462919402,96.28803952760548,21.115637396943757,15.061801848864963,1.257465351345788,17.26225132075463,-1.093213520728309,12.179669045440855,-9.688392877261398,8.52941058284266,4.931592449567863,1,0,0,0
IXIC,2003-04,1464.310059,9.18153634215826,252.85915400187176,326.76046600341795,210.79934641520185,-27.59752518186688,-20.967464520966683,-40.2479796790425,47.86395462919402,0.2728949059020547,15.061801848864963,1.257465351345788,17.26225132075463,-1.093213520728309,7.562366997747373,3.0073801783052136,0,0,0,2
IXIC,2003-05,1595.910034,8.987165948301401,159.68020999047064,183.58484895767705,150.55725589875252,-36.85013674083216,-43.81668896391011,-28.5779304067638,-27.59752518186688,9.18153634215826,47.86395462919402,0.2728949059020547,15.061801848864963,1.257465351345788,7.050276880235264,1.1471128586589634,0,0,0,2
IXIC,2003-06,1622.800049,1.6849330117063357,145.7216801961263,176.93343124389648,127.7050184249878,-8.741552754206271,-3.623075516059593,-15.17843649404218,-36.85013674083216,8.987165948301401,-27.59752518186688,9.18153634215826,47.86395462919402,0.2728949059020547,4.519740285085353,0.8684383460614599,0,0,0,2
IXIC,2003-07,1735.02002,6.91520628614426,133.95684691398375,166.529414761451,106.6518937387774,-8.073495492440319,-5.880186920754349,-16.485745780285622,-8.741552754206271,1.6849330117063357,-36.85013674083216,8.987165948301401,-27.59752518186688,9.18153634215826,4.096593507833318,0.6335598001833436,0,0,1,2
IXIC,2003-08,1810.449951,4.347496289985187,137.39681588449787,179.2770211004442,108.98332251271894,2.5679680059377485,7.654867674430843,2.186017230647508,-8.073495492440319,6.91520628614426,-8.741552754206271,1.6849330117063357,-36.85013674083216,8.987165948301401,3.754731551244648,0.7022369238011168,0,0,0,2
IXIC,2003-09,1786.939941,-1.298572765682604,118.71830571492514,145.99144999186197,97.7679594039917,-13.59457280674885,-18.56655744515813,-10.290898506437395,2.5679680059377485,4.347496289985187,-8.073495492440319,6.91520628614426,-8.741552754206271,1.6849330117063357,4.198396545966808,0.3293305508346584,0,1,0,2
IXIC,2003-10,1932.209961,8.129541271471297,107.55338336575416,129.5931615521831,91.48407450029929,-9.404549940243411,-11.232362196959455,-6.427345872819624,-13.59457280674885,-1.298572765682604,2.5679680059377485,4.347496289985187,-8.073495492440319,6.91520628614426,4.004824536375534,0.1064289029043117,0,0,1,2
IXIC,2003-11,1960.26001,1.451708125212381,117.27323557535809,152.34808400472005,93.18425509134929,9.037235190035677,17.55873703519013,1.85844432524096,-9.404549940243411,8.129541271471297,-13.59457280674885,-1.298572765682604,2.5679680059377485,4.347496289985187,3.586696643623158,0.300480505540044,0,0,1,2
IXIC,2003-12,2003.369995,2.199197289139221,131.9601605323053,166.63024114793348,112.74830061389554,12.52368017722989,9.374687733369155,20.995011982837084,9.037235190035677,1.451708125212381,-9.404549940243411,8.129541271471297,-13.59457280674885,-1.298572765682604,3.539379187956616,0.5936970343747436,0,0,0,2
IXIC,2004-01,2066.149902,3.133715047978458,114.1432640321793,127.11111671693864,107.96992640341482,-13.501723875035932,-23.716658008020264,-4.238089784469723,12.52368017722989,2.199197289139221,9.037235190035677,1.451708125212381,-9.404549940243411,8.129541271471297,3.15156510445426,0.2379923132239155,0,0,1,2
IXIC,2004-02,2029.819946,-1.7583407653449123,114.83697246683056,130.29377562424233,103.49829351490942,0.6077524070589702,2.503839939028385,-4.141554076639597,-13.501723875035932,3.133715047978458,12.52368017722989,2.199197289139221,9.037235190035677,1.451708125212381,3.583272269913698,0.2518418276612841,0,1,1,2
IXIC,2004-03,1994.219971,-1.753848910104272,137.0413291685043,182.14090384206463,107.18084593742124,19.33554692769983,39.792482771660254,3.558080329103519,0.6077524070589702,-1.7583407653449123,-13.501723875035932,3.133715047978458,12.52368017722989,2.199197289139221,3.6702531318830585,0.6951398234063075,0,1,1,2
IXIC,2004-04,1920.150024,-3.714231532986689,148.72968673706055,203.51488087972004,120.71956570943196,8.529074870679644,11.73485833593364,12.631659746290346,19.33554692769983,-1.753848910104272,0.6077524070589702,-1.7583407653449123,-13.501723875035932,3.133715047978458,2.709052528465572,0.9284915729438924,0,1,0,2
IXIC,2004-05,1986.73999,3.4679564183886846,121.83138078258884,160.97313985516948,91.7239502937563,-18.08536449217786,-20.9035038817104,-24.01898585807304,8.529074870679644,-3.714231532986689,19.33554692769983,-1.753848910104272,0.6077524070589702,-1.7583407653449123,3.0408379454495127,0.391481414137764,0,0,1,2
IXIC,2004-06,2047.790039,3.072875630796545,136.9921531677246,177.06919593811034,107.51701380411784,12.444061856436273,9.9992185636826,17.21803679386078,-18.08536449217786,3.4679564183886846,8.529074870679644,-3.714231532986689,19.33554692769983,-1.753848910104272,3.170294426814336,0.6941580510957076,0,0,0,2
IXIC,2004-07,1887.359985,-7.834301903252882,130.39895802159464,159.34060545890563,120.38267381729618,-4.812826861738328,-10.012238653526872,11.96616196634508,12.444061856436273,3.072875630796545,-18.08536449217786,3.4679564183886846,8.529074870679644,-3.714231532986689,4.259360190948651,0.562528468977937,0,1,1,2
IXIC,2004-08,1838.099976,-2.609995411129795,139.9520955239573,177.53836158014113,126.08562567926222,7.326084232038577,11.420664600103292,4.737352711255904,-4.812826861738328,-7.834301903252882,12.444061856436273,3.072875630796545,-18.08536449217786,3.4679564183886846,4.2869920870613605,0.7532517024753868,0,1,1,2
IXIC,2004-09,1896.839966,3.195690700558496,152.970458984375,188.2974100748698,129.69852345784506,9.30201395818986,6.060126047672232,2.8654319309747045,7.326084232038577,-2.609995411129795,-4.812826861738328,-7.834301903252882,12.444061856436273,3.072875630796545,4.699076093573695,1.0131563017132652,0,0,0,2
IXIC,2004-10,1974.98999,4.120011461209372,118.0625233804026,147.26095236501385,96.845272556428,-22.82005024743897,-21.793426523253423,-25.33047410681982,9.30201395818986,3.195690700558496,7.326084232038577,-2.609995411129795,-4.812826861738328,-7.834301903252882,4.793829828172112,0.3162382105140346,0,0,1,2
IXIC,2004-11,2096.810059,6.168136021793202,124.46195271809896,154.47430343627929,99.13031984965006,5.420373167086323,4.898346068946902,2.3594825363217,-22.82005024743897,4.120011461209372,9.30201395818986,3.195690700558496,7.326084232038577,-2.609995411129795,5.227558191591711,0.4439993628602703,0,0,0,2
IXIC,2004-12,2175.439941,3.749976382577058,107.17075778592016,141.9146915558846,79.30897829609532,-13.892755620942731,-8.130550907824963,-19.995236153396423,5.420373167086323,6.168136021793202,-22.82005024743897,4.120011461209372,9.30201395818986,3.195690700558496,5.287732909659438,0.0987899897423557,0,0,0,2
IXIC,2005-01,2062.409912,-5.195731992860386,99.38704164566532,126.41269216229838,77.36354717131584,-7.26291042543833,-10.923463401589872,-2.4529771616982887,-13.892755620942731,3.749976382577058,5.420373167086323,6.168136021793202,-22.82005024743897,4.120011461209372,4.433690578865486,-0.0566077013856682,0,1,1,2
IXIC,2005-02,2051.719971,-0.518322809534677,109.60796138218473,108.7996129989624,105.78578090667725,10.283956104618763,-13.932999022537196,36.73853484564569,-7.26291042543833,-5.195731992860386,-13.892755620942731,3.749976382577058,5.420373167086323,6.168136021793202,4.10954913151031,0.1474474439511143,0,1,0,2
IXIC,2005-03,1999.22998,-2.558340891638178,90.47840487572456,87.14632021996283,87.85526915519468,-17.45270714392596,-19.901994301400748,-16.94983162935727,10.283956104618763,-0.518322809534677,-7.26291042543833,-5.195731992860386,-13.892755620942731,3.749976382577058,4.412516591017935,-0.2344638256586798,0,1,0,2
IXIC,2005-04,1921.650024,-3.880491828158761,86.93658548990885,102.42798690795898,72.97031523386637,-3.9145466707558807,17.535641951862413,-16.942585304740586,-17.45270714392596,-2.558340891638178,10.283956104618763,-0.518322809534677,-7.26291042543833,-5.195731992860386,4.475342876356502,-0.3051743378395897,0,1,1,2
IXIC,2005-05,2068.219971,7.627296602890676,98.79405889203473,105.33132522336898,90.99365062098347,13.63922143399825,2.834516622902017,24.69954436862878,-3.9145466707558807,-3.880491828158761,-17.45270714392596,-2.558340891638178,10.283956104618763,-0.518322809534677,4.9194578517591845,-0.0684462819726932,0,0,0,2
IXIC,2005-06,2056.959961,-0.5444300005746361,81.75722109476725,95.1893081665039,69.31578687032064,-17.244799928592734,-9.628680770281385,-23.82349054326638,13.63922143399825,7.627296602890676,-3.9145466707558807,-3.880491828158761,-17.45270714392596,-2.558340891638178,4.539944637593763,-0.4085775521928494,0,1,1,2
IXIC,2005-07,2184.830078,6.216461157456621,164.77051716466104,237.00151295815743,116.65942007495512,93.42482713456964,104.55736914021404,68.30137165319535,-17.244799928592734,-0.5444300005746361,13.63922143399825,7.627296602890676,-3.9145466707558807,-3.880491828158761,4.738872697112315,1.2487380936685877,1,0,0,2
IXIC,2005-08,2152.090088,-1.4985142473857849,116.88755367648216,143.2987120843703,94.36514368364888,-29.06039521641346,-39.53679438760814,-19.11056679090457,101.53634744222848,6.216461157456621,-17.244799928592734,-0.5444300005746361,13.63922143399825,7.627296602890676,4.820238798551984,0.2927805746182023,0,1,0,2
IXIC,2005-09,2151.689941,-0.0185934130839116,103.76748135884604,130.99529851277669,78.09897527694702,-11.224524686306191,-8.585850767695435,-17.237475376748023,-29.06039521641346,-1.4985142473857849,101.53634744222848,6.216461157456621,-17.244799928592734,-0.5444300005746361,4.561016027831856,0.0308454129479047,0,1,0,2
IXIC,2005-10,2120.300049,-1.4588482941650829,87.41865994853359,105.815919445407,73.7711932274603,-15.755245474037638,-19.221589899208325,-5.541406957184714,-11.224524686306191,-0.0185934130839116,-29.06039521641346,-1.4985142473857849,101.53634744222848,6.216461157456621,4.09215285446811,-0.295549981494598,0,1,0,2
IXIC,2005-11,2232.820068,5.306796981543638,82.0722770690918,93.67955487569174,70.19666430155436,-6.115837148029257,-11.469318258843575,-4.84542647274867,-15.755245474037638,-1.4588482941650829,-11.224524686306191,-0.0185934130839116,-29.06039521641346,-1.4985142473857849,3.487196276743853,-0.4022876297311443,0,0,1,2
IXIC,2005-12,2205.320068,-1.231626336314351,95.3541398817493,131.53387844947076,69.47696587347215,16.183129415888263,40.40830854075885,-1.0252601533749406,-6.115837148029257,5.306796981543638,-15.755245474037638,-1.4588482941650829,-11.224524686306191,-0.0185934130839116,3.5714888711063013,-0.1371224081614686,0,1,0,2
IXIC,2006-01,2305.820068,4.557161631923257,93.70335646598568,99.09636282151745,89.04377758887506,-1.73121315740542,-24.660958842184765,28.163019886385037,16.183129415888263,-1.231626336314351,-6.115837148029257,5.306796981543638,-15.755245474037638,-1.4588482941650829,3.1460583783985063,-0.1700794079723198,0,0,1,2
IXIC,2006-02,2281.389893,-1.0595004935137875,96.56065307344709,102.5961035319737,90.61754550252644,3.049300169411317,3.5316540494625848,1.76740919608962,-1.73121315740542,4.557161631923257,16.183129415888263,-1.231626336314351,-6.115837148029257,5.306796981543638,3.0823870111985103,-0.1130350235591828,0,1,0,2
IXIC,2006-03,2339.790039,2.55984942245906,91.851620704897,96.4645538330078,86.54391436423025,-4.876761101613781,-5.976396264459504,-4.495411032935781,3.049300169411317,-1.0595004935137875,-1.73121315740542,4.557161631923257,16.183129415888263,-1.231626336314351,3.0890483621298053,-0.2070483128844865,0,0,0,2
IXIC,2006-04,2322.570068,-0.7359622322077874,89.32775522867838,92.8047290802002,86.14640655517579,-2.7477636832640484,-3.793958098995864,-0.4593134155932654,-4.876761101613781,2.55984942245906,3.049300169411317,-1.0595004935137875,-1.73121315740542,4.557161631923257,2.9647037839007067,-0.2574359247468661,0,1,0,2
IXIC,2006-05,2178.879883,-6.186688917580585,84.38873118738974,80.68312811082409,83.90371753323463,-5.529103500524313,-13.06140440203304,-2.603345991576267,-2.7477636832640484,-0.7359622322077874,-4.876761101613781,2.55984942245906,3.049300169411317,-1.0595004935137875,3.689011182242592,-0.3560408736700071,0,1,1,2
IXIC,2006-06,2172.090088,-0.3116186005926891,102.32296142578124,114.45484237670898,90.22701250712076,21.25192544792216,41.85721978887212,7.536370449118013,-5.529103500524313,-6.186688917580585,-2.7477636832640484,-0.7359622322077874,-4.876761101613781,2.55984942245906,3.664045991112257,0.0020063522291096,0,1,1,2
IXIC,2006-07,2091.469971,-3.711637811221391,137.44066902898973,144.6709271092569,133.83614447809035,34.3204566344385,26.40000554375559,48.33267860611912,21.25192544792216,-0.3116186005926891,-5.529103500524313,-6.186688917580585,-2.7477636832640484,-0.7359622322077874,3.016479038382338,0.7031124281591824,0,1,1,2
IXIC,2006-08,2183.75,4.412209129442002,147.491208968624,160.77977629630797,141.31128421906502,7.312638981344266,11.134821286439632,5.585292201986869,34.3204566344385,-3.711637811221391,21.25192544792216,-0.3116186005926891,-5.529103500524313,-6.186688917580585,3.9007339661407023,0.9037660328213402,0,0,0,2
IXIC,2006-09,2258.429932,3.4198022667429884,113.61922556559244,117.84904912312824,111.18667894999186,-22.965425288660548,-26.70157165417424,-21.317904961059643,7.312638981344266,4.412209129442002,34.3204566344385,-3.711637811221391,21.25192544792216,-0.3116186005926891,4.055532031389368,0.2275301681119277,0,0,0,2
IXIC,2006-10,2366.709961,4.794482550278212,112.73245288479713,100.46679675194524,124.12324234747118,-0.7804776668569935,-14.749590684454382,11.634993975580254,-22.965425288660548,3.4198022667429884,7.312638981344266,4.412209129442002,34.3204566344385,-3.711637811221391,4.589660041677804,0.2098262302154349,0,0,0,2
IXIC,2006-11,2431.77002,2.748966289579058,87.80542017618815,84.66829687754313,86.73696505228678,-22.11167420803153,-15.7250956387203,-30.12028737577213,-0.7804776668569935,4.794482550278212,-22.965425288660548,3.4198022667429884,7.312638981344266,4.412209129442002,3.2894109396010776,-0.2878285223207669,0,0,1,2
IXIC,2006-12,2415.290039,-0.677694883334401,91.50775527954102,79.05746866041615,96.69359145625944,4.216522278378543,-6.626834865052256,11.479103975992969,-22.11167420803153,2.748966289579058,-0.7804776668569935,4.794482550278212,-22.965425288660548,3.4198022667429884,3.3414430436165574,-0.2139134004848321,0,1,1,2
IXIC,2007-01,2463.929932,2.013832385121672,97.40868709933372,96.73051378803868,95.33105973274478,6.448559252455,22.35468125539841,-1.4091230897458562,4.216522278378543,-0.677694883334401,-22.11167420803153,2.748966289579058,-0.7804776668569935,4.794482550278212,1.9836863127423636,-0.0961044819970039,0,0,0,2
IXIC,2007-02,2416.149902,-1.9391797380056253,95.05105536324638,89.62849848611015,97.72646740504672,-2.420350593251641,-7.342063040718328,2.5127253164051178,6.448559252455,2.013832385121672,4.216522278378543,-0.677694883334401,-22.11167420803153,2.748966289579058,2.554413726996813,-0.1431733269698287,0,1,0,2
IXIC,2007-03,2421.639893,0.227220628796898,86.13590178951141,82.20472852645382,85.6678963938067,-9.379331496809671,-8.282823080882917,-12.339104575693804,-2.420350593251641,-1.9391797380056253,6.448559252455,2.013832385121672,4.216522278378543,-0.677694883334401,2.4620413100924963,-0.3211595557128524,0,0,0,2
IXIC,2007-04,2525.090088,4.271906624062205,75.71304588317871,82.1852602005005,68.55693855285645,-12.100478069879417,-0.023682732492769,-19.97359403141277,-9.379331496809671,0.227220628796898,-2.420350593251641,-1.9391797380056253,6.448559252455,2.013832385121672,2.314017684588336,-0.5292462476757941,0,0,1,2
IXIC,2007-05,2604.52002,3.145627650176741,91.82276621172504,103.15781870195944,82.37121458976499,21.277337532296347,25.518637344815765,20.15007718913517,-12.100478069879417,4.271906624062205,-9.379331496809671,0.227220628796898,-2.420350593251641,-1.9391797380056253,2.3751510185795826,-0.2076243772651489,0,0,1,2
IXIC,2007-06,2603.22998,-0.0495308152785756,98.5847110748291,110.01365140279134,88.00655695597331,7.364126721593589,6.645965169775048,6.841397682763484,21.277337532296347,3.145627650176741,-12.100478069879417,4.271906624062205,-9.379331496809671,0.227220628796898,2.289527437895158,-0.0726257981382684,0,1,1,2
IXIC,2007-07,2546.27002,-2.1880494784406346,113.9830302576865,129.01673864549207,104.86104534518334,15.619378517191729,17.2733901660304,19.151400727609147,7.364126721593589,-0.0495308152785756,21.277337532296347,3.145627650176741,-12.100478069879417,4.271906624062205,2.6359712646093816,0.2347933324095797,0,1,0,2
IXIC,2007-08,2596.360107,1.9671946261221815,83.12109104279548,100.07418700187436,73.35449858634702,-27.075906953096485,-22.433175685168337,-30.045997210043584,15.619378517191729,-2.1880494784406346,7.364126721593589,-0.0495308152785756,21.277337532296347,3.145627650176741,2.357630320800662,-0.3813486248908387,0,0,1,2
IXIC,2007-09,2701.5,4.049511187471033,92.71907399495444,90.46699282328288,93.58469161987304,11.546988654440726,-9.600072172868655,27.578667189324,-27.075906953096485,1.9671946261221815,15.619378517191729,-2.1880494784406346,7.364126721593589,-0.0495308152785756,2.541982315844946,-0.1897300761955621,0,0,1,2
IXIC,2007-10,2859.120117,5.834540699611335,100.96206135903635,95.91243030178931,103.749514179845,8.890282235271773,6.019253330486496,10.861629593502276,11.546988654440726,4.049511187471033,-27.075906953096485,1.9671946261221815,15.619378517191729,-2.1880494784406346,2.8935094443659564,-0.0251632829962064,0,0,0,2
IXIC,2007-11,2660.959961,-6.9308090563164,89.11012655893961,80.4546085993449,95.28441146214804,-11.738998432242251,-16.116598916121973,-8.159173355764459,8.890282235271773,5.834540699611335,11.546988654440726,4.049511187471033,-27.075906953096485,1.9671946261221815,4.602972263667775,-0.2617807636633019,0,1,1,2
IXIC,2007-12,2652.280029,-0.3261955131687921,94.64804052537488,85.06247354322865,97.48771335232642,6.2146853340762975,5.727285265696103,2.3123424454939867,-11.738998432242251,-6.9308090563164,8.890282235271773,5.834540699611335,11.546988654440726,4.049511187471033,4.610322734356543,-0.1512193006624815,0,1,0,2
IXIC,2008-01,2389.860107,-9.894125775962705,80.78886364352319,81.53163952981272,76.77330804640248,-14.642856634877798,-4.150871549275559,-21.24822153850388,6.2146853340762975,-0.3261955131687921,-11.738998432242251,-6.9308090563164,8.890282235271773,5.834540699611335,6.255638126509624,-0.4279102859922885,0,1,1,2
IXIC,2008-02,2271.47998,-4.953433326631107,81.6396739565093,88.45064189516265,72.8041961275298,1.0531282092792749,8.48627895287195,-5.169911288013928,-14.642856634877798,-9.894125775962705,6.2146853340762975,-0.3261955131687921,-11.738998432242251,-6.9308090563164,6.262954557260421,-0.4109243173567951,0,1,0,2
IXIC,2008-03,2279.100098,0.3354693005042319,78.19353657384073,84.13256103761735,72.61432629246866,-4.221155249228914,-4.881910142227531,-0.2607951809928011,1.0531282092792749,-4.953433326631107,-14.642856634877798,-9.894125775962705,6.2146853340762975,-0.3261955131687921,5.699277421792453,-0.479724589993553,0,0,0,2
IXIC,2008-04,2412.800049,5.866348350268913,71.86557184855143,70.36499150594075,69.58370641072591,-8.092695384500992,-16.364139355654284,-4.173583969554883,-4.221155249228914,0.3354693005042319,1.0531282092792749,-4.953433326631107,-14.642856634877798,-9.894125775962705,5.708761191860604,-0.6060589899293325,0,0,1,2
IXIC,2008-05,2522.659912,4.553210409852748,73.08874597857076,75.19145030360067,71.38500275150422,1.7020307479039154,6.85917626701118,2.588675472596913,-8.092695384500992,5.866348350268913,-4.221155249228914,0.3354693005042319,1.0531282092792749,-4.953433326631107,5.908311891416317,-0.5816389786869506,0,0,1,2
IXIC,2008-06,2292.97998,-9.104672845810056,86.7860169728597,80.27725048065186,87.26098276774088,18.740602004999385,6.763801145630577,22.23993752791742,1.7020307479039154,4.553210409852748,-8.092695384500992,5.866348350268913,-4.221155249228914,0.3354693005042319,6.805231861833829,-0.3081803570063219,0,1,1,2
IXIC,2008-07,2325.550049,1.4204253540844205,89.47498493809854,87.2099857945596,84.52966382426601,3.0983884950956497,8.635989987697258,-3.130057508915207,18.740602004999385,-9.104672845810056,1.7020307479039154,4.553210409852748,-8.092695384500992,5.866348350268913,5.729166692590577,-0.2544965630721747,0,0,0,2
IXIC,2008-08,2367.52002,1.804733078870835,88.47457368912235,105.41860654277188,75.39880838701802,-1.1180904357439236,20.879054826480868,-10.801954040927797,3.0983884950956497,1.4204253540844205,18.740602004999385,-9.104672845810056,1.7020307479039154,4.553210409852748,5.281406493251624,-0.2744692336408515,0,0,1,2
IXIC,2008-09,2091.879883,-11.642568369918148,89.21801058451335,95.21897468566894,82.42706019083658,0.8402831055205118,-9.675362055715087,9.321436179392803,-1.1180904357439236,1.804733078870835,3.0983884950956497,1.4204253540844205,18.740602004999385,-9.104672845810056,7.354689147806548,-0.2596269173279952,0,1,0,2
IXIC,2008-10,1720.949951,-16.199297081301566,64.97080649099043,76.1353960960142,53.63574997071297,-27.17747676132537,-20.041781223387755,-34.929439620272106,0.8402831055205118,-11.642568369918148,-1.1180904357439236,1.804733078870835,3.0983884950956497,1.4204253540844205,8.964166736496052,-0.7437092585321883,0,1,1,2
IXIC,2008-11,1535.569946,-10.771957946381905,79.13092206319173,96.24985440572102,67.7355552037557,21.79458180831557,26.41932575531689,26.28807323611904,-27.17747676132537,-17.731894408202976,0.8402831055205118,-11.642568369918148,-1.1180904357439236,1.804733078870835,7.7602814636349535,-0.4610101946947942,0,1,1,2
IXIC,2008-12,1577.030029,2.699980102371713,94.08670757662864,107.55399310204292,87.6594942154423,18.90005212057766,11.744577450134797,29.414299405612443,21.79458180831557,-10.771957946381905,-27.17747676132537,-17.731894408202976,0.8402831055205118,-11.642568369918148,8.756556690057973,-0.1624260099794005,0,0,0,2
IXIC,2009-01,1476.420044,-6.379712697278006,86.23219754618984,91.03520405677055,87.53845571702526,-8.348161215059768,-15.358601358110413,-0.1380780250905378,18.90005212057766,2.699980102371713,21.79458180831557,-10.771957946381905,-27.17747676132537,-17.731894408202976,8.036818821534135,-0.3192370629107492,0,1,0,2
IXIC,2009-02,1377.839966,-6.676966924190575,67.12189470018659,63.14009993416922,65.29873490333557,-22.16144710421756,-30.64210643742353,-25.40565815506419,-8.348161215059768,-6.379712697278006,18.90005212057766,2.699980102371713,21.79458180831557,-10.771957946381905,6.833489256892542,-0.7007639435825536,0,1,1,2
IXIC,2009-03,1528.589966,10.941038416648752,72.05849173761183,73.33846209126133,69.22285332218293,7.35467474432232,16.151957579612763,6.0094861327044,-22.16144710421756,-6.676966924190575,-8.348161215059768,-6.379712697278006,18.90005212057766,2.699980102371713,10.127363470160482,-0.6022074484814606,0,0,1,2
IXIC,2009-04,1717.300049,12.345369732722688,85.95789963404337,83.50890401204427,85.18863232930501,19.28906303929281,13.86781455565156,23.06431798298285,7.35467474432232,10.941038416648752,-22.16144710421756,-6.676966924190575,-8.348161215059768,-6.379712697278006,9.797408699191212,-0.3247132726620728,0,0,1,2
IXIC,2009-05,1774.329956,3.3209052217292534,91.18033575242563,93.24943800895444,89.41171313870338,6.075574369099579,11.664066379682492,4.957329040186531,19.28906303929281,12.345369732722688,7.35467474432232,10.941038416648752,-22.16144710421756,-6.676966924190575,8.144957448170125,-0.2204501546042201,0,0,0,2
IXIC,2009-06,1835.040039,3.4215779762216902,81.25230356852214,73.67756567001342,81.75211544036866,-10.88834791183514,-20.988729537503048,-8.566660261226033,6.075574369099579,3.3209052217292534,19.28906303929281,12.345369732722688,7.35467474432232,10.941038416648752,8.150133443569624,-0.4186579580523049,0,0,0,2
IXIC,2009-07,1978.5,7.817810944233017,81.08385159892421,76.3114563111336,80.97563048331968,-0.2073196231979657,3.5748882542032234,-0.9498041156076996,-10.88834791183514,3.4215779762216902,6.075574369099579,3.3209052217292534,19.28906303929281,12.345369732722688,6.908324508868928,-0.4220210106957725,0,0,0,2
IXIC,2009-08,2009.060059,1.5446074804144505,73.76000755063949,78.4546751206921,65.25164118120748,-9.03243235719934,2.808515147214941,-19.41817458939232,-0.2073196231979657,7.817810944233017,-10.88834791183514,3.4215779762216902,6.075574369099579,3.3209052217292534,4.466352324833408,-0.5682376037443344,0,0,1,2
IXIC,2009-09,2122.419922,5.642432763131255,91.13029925028484,75.68046391805014,96.45980974833172,23.54974230136824,-3.536068689818938,47.82740786619817,-9.03243235719934,1.5446074804144505,-0.2073196231979657,7.817810944233017,-10.88834791183514,3.4215779762216902,3.91831706748587,-0.2214491063600006,0,0,0,2
IXIC,2009-10,2045.109985,-3.642537284853098,90.38770306494928,89.20428694448164,89.28504986916819,-0.8148729801666255,17.869635473000866,-7.4380821379212865,23.54974230136824,5.642432763131255,-9.03243235719934,1.5446074804144505,-0.2073196231979657,7.817810944233017,3.9169911900525514,-0.2362746383504112,0,1,0,2
IXIC,2009-11,2144.600098,4.864780560933979,81.02965710957845,82.64781697591145,73.95016460418701,-10.353229076577463,-7.349949417398238,-17.175199305428855,-0.8148729801666255,-3.642537284853098,23.54974230136824,5.642432763131255,-9.03243235719934,1.5446074804144505,3.990923115357199,-0.4231029744216385,0,0,1,2
IXIC,2009-12,2269.149902,5.807600406068825,95.82213678667624,100.3492317199707,92.03632293208952,18.25563652218536,21.41788542245284,24.457225247174776,-10.353229076577463,4.864780560933979,-0.8148729801666255,-3.642537284853098,23.54974230136824,5.642432763131255,4.125096886954151,-0.1277791025770587,0,0,0,2
IXIC,2010-01,2147.350098,-5.367640273242746,93.6784295112856,102.653564453125,87.86365244465489,-2.237173316394569,2.296313278794848,-4.53372142052385,18.25563652218536,5.807600406068825,-10.353229076577463,4.864780560933979,-0.8148729801666255,-3.642537284853098,4.912133818250982,-0.170577061167458,0,1,0,2
IXIC,2010-02,2238.26001,4.233585947846685,81.47286292484829,81.01815795898438,80.05752774647304,-13.029217772023904,-21.07613759872904,-8.88436171384852,-2.237173316394569,-5.367640273242746,18.25563652218536,5.807600406068825,-10.353229076577463,4.864780560933979,5.040750371523197,-0.4142546095601225,0,0,0,2
IXIC,2010-03,2397.959961,7.135004435878756,72.72510971561555,67.32707777330953,73.52030064982753,-10.73701462694614,-16.898779891547267,-8.165661969162553,-13.029217772023904,4.233585947846685,-2.237173316394569,-5.367640273242746,18.25563652218536,5.807600406068825,5.29160138629554,-0.5888987803877629,0,0,1,2
IXIC,2010-04,2461.189941,2.6368238431150326,88.62468554178874,79.6067726135254,92.83870468139648,21.86256698456273,18.238865024799743,26.2762854080008,-10.73701462694614,7.135004435878756,-13.029217772023904,4.233585947846685,-2.237173316394569,-5.367640273242746,4.468629295433931,-0.2714723315320161,0,0,0,2
IXIC,2010-05,2257.040039,-8.294764195121507,87.13836805282101,83.16650359861312,86.94786573225453,-1.6770919748616664,4.471643389400404,-6.345240349225156,21.86256698456273,2.6368238431150326,-10.73701462694614,7.135004435878756,-13.029217772023904,4.233585947846685,6.337543293583801,-0.3011458578922958,0,1,1,2
IXIC,2010-06,2109.23999,-6.548401731742604,96.34650853474936,69.67944971720378,111.88416697184245,10.567262949366471,-16.216930251753723,28.67960131002669,-1.6770919748616664,-8.294764195121507,21.86256698456273,2.6368238431150326,-10.73701462694614,7.135004435878756,6.478623368118953,-0.1173103036801013,0,1,0,2
IXIC,2010-07,2254.699951,6.896321029832175,79.39271330064342,81.76249122619629,76.34224307152533,-17.59668875597209,17.340896861315503,-31.766714506854075,10.567262949366471,-6.548401731742604,-1.6770919748616664,-8.294764195121507,21.86256698456273,2.6368238431150326,6.766248442224833,-0.4557836739527096,0,0,1,2
IXIC,2010-08,2114.030029,-6.238964166278993,81.61330942953786,84.75737048733619,74.11711311340332,2.79697724964445,3.662901186382084,-2.9146772070048788,-17.59668875597209,6.896321029832175,10.567262949366471,-6.548401731742604,-1.6770919748616664,-8.294764195121507,7.1103096949873335,-0.4114506709063362,0,1,0,2
IXIC,2010-09,2368.620117,12.042879453345744,71.82437750498454,70.37432320912679,69.72902139027913,-11.994283766920088,-16.969671422685785,-5.920483865055792,2.79697724964445,-6.238964166278993,-17.59668875597209,6.896321029832175,10.567262949366471,-6.548401731742604,8.367935541849722,-0.6068814127621388,0,0,0,2
IXIC,2010-10,2507.409912,5.859521077435836,65.55662228984218,74.25972569373346,63.16021014798072,-8.726501270000398,5.521051297446489,-9.4204839123329,-11.994283766920088,12.042879453345744,2.79697724964445,-6.238964166278993,-17.59668875597209,6.896321029832175,8.662925064160461,-0.7320137623286357,0,0,1,2
IXIC,2010-11,2498.22998,-0.3661121365145181,95.60385462443034,80.85895284016927,102.02185897827148,45.83401536726808,8.886683979486731,61.52868829796508,-8.726501270000398,5.859521077435836,-11.994283766920088,12.042879453345744,2.79697724964445,-6.238964166278993,7.566538234523563,-0.1321369881186469,1,1,1,2
IXIC,2010-12,2652.870117,6.189988041052974,97.89414264309792,94.39043466506466,98.9651261606524,2.3956021728043453,16.73467358851721,-2.9961547929352017,45.83401536726808,-0.3661121365145181,-8.726501270000398,5.859521077435836,-11.994283766920088,12.042879453345744,6.406328823414855,-0.0864126241122966,0,0,0,2
IXIC,2011-01,2700.080078,1.7795805643658014,78.83949353618007,77.48969244187877,77.08557048920662,-19.46454465246935,-17.9051429132163,-22.108349193561573,2.3956021728043453,6.189988041052974,45.83401536726808,-0.3661121365145181,-8.726501270000398,5.859521077435836,6.293451259425127,-0.4668284079248787,0,0,1,2
IXIC,2011-02,2782.27002,3.0439816459399083,88.93610232216972,84.70568302699498,89.67357962472099,12.806536842294957,9.312194122500305,16.329916293837265,-19.46454465246935,1.7795805643658014,2.3956021728043453,6.189988041052974,45.83401536726808,-0.3661121365145181,4.345083956848031,-0.2652550636129752,0,0,1,2
IXIC,2011-03,2781.070068,-0.0431285242400658,136.0791222356981,156.13775290212322,126.68266185637444,53.00774228080458,84.32972537670638,41.27088757528632,12.806536842294957,3.0439816459399083,-19.46454465246935,1.7795805643658014,2.3956021728043453,6.189988041052974,2.8299216210455582,0.6759298813874604,1,1,0,2
IXIC,2011-04,2873.540039,3.324978110547905,90.6722047805786,111.14294446309408,73.5580285390218,-33.36802641662523,-28.8173792710048,-41.93520450145128,53.00774228080458,-0.0431285242400658,12.806536842294957,3.0439816459399083,-19.46454465246935,1.7795805643658014,2.4332098752779823,-0.2305947151705158,0,0,1,2
IXIC,2011-05,2835.300049,-1.3307623864989735,104.47366776004914,120.63443325411887,96.0221432101342,15.221272067740331,8.53989323107822,30.539310415579468,-33.36802641662523,3.324978110547905,53.00774228080458,-0.0431285242400658,12.806536842294957,3.0439816459399083,2.6669575870434614,0.0449440432519357,0,1,0,2
IXIC,2011-06,2773.52002,-2.1789591201040515,84.53678283691406,97.33198216756185,72.88245728810628,-19.08316741489856,-19.316583547476828,-24.098281030229863,15.221272067740331,-1.3307623864989735,-33.36802641662523,3.324978110547905,53.00774228080458,-0.0431285242400658,2.301686363831343,-0.3530851024048154,0,1,0,2
IXIC,2011-07,2756.379883,-0.6179921859731152,78.2851328695974,99.24549016644876,60.41787485922536,-7.395183206081024,1.9659601667134647,-17.102308144754364,-19.08316741489856,-2.1789591201040515,15.221272067740331,-1.3307623864989735,-33.36802641662523,3.324978110547905,2.29863362448239,-0.4778959193920065,0,1,1,2
IXIC,2011-08,2579.459961,-6.41856092083517,86.39183038280856,111.57653574789724,62.886020106654016,10.35534745366633,12.424791857813933,4.085124233812376,-7.395183206081024,-0.6179921859731152,-19.08316741489856,-2.1789591201040515,15.221272067740331,-1.3307623864989735,3.1736621650377166,-0.3160500794966862,0,1,0,2
IXIC,2011-09,2415.399902,-6.360248326413154,83.14460322062175,93.88602275848388,70.98976675669353,-3.758720179672215,-15.85504772202676,12.886404062931067,10.35534745366633,-6.41856092083517,-7.395183206081024,-0.6179921859731152,-19.08316741489856,-2.1789591201040515,3.711167154156692,-0.3808792169522968,0,1,0,2
IXIC,2011-10,2684.409912,11.137286615655404,75.16556069158739,90.5741471321352,63.65037210526005,-9.59658500968753,-3.527549180423029,-10.338665679221236,-3.758720179672215,-6.360248326413154,10.35534745366633,-6.41856092083517,-7.395183206081024,-0.6179921859731152,6.434954451820378,-0.5401764939960677,0,0,1,2
IXIC,2011-11,2620.340088,-2.386737722640331,83.25008093516031,70.99307772318522,95.16603965759278,10.75561755834511,-21.6188283621196,49.51372083137953,-9.59658500968753,11.137286615655404,-3.758720179672215,-6.360248326413154,10.35534745366633,-6.41856092083517,6.4614582152696896,-0.3787734113178923,0,1,1,2
IXIC,2011-12,2605.149902,-0.5797028435188256,84.81960911904612,77.63644483012538,86.84766141829952,1.885317306908374,9.357767433106437,-8.740910380659695,10.75561755834511,-2.386737722640331,-9.59658500968753,11.137286615655404,-3.758720179672215,-6.360248326413154,6.442865117848919,-0.347438628350302,0,1,0,2
IXIC,2012-01,2813.840088,8.010678611614107,77.90155767625377,61.71806113950668,91.26849322165212,-8.156193496580155,-20.503751460347488,5.090329124764548,1.885317306908374,-0.5797028435188256,10.75561755834511,-2.386737722640331,-9.59658500968753,11.137286615655404,7.40221095382695,-0.4855537910750859,0,0,1,2
IXIC,2012-02,2966.889893,5.439179207542799,91.4857845964103,77.98118065143454,103.34518873280491,17.437683308734808,26.350664962022897,13.232053126837195,-8.156193496580155,8.010678611614107,1.885317306908374,-0.5797028435188256,10.75561755834511,-2.386737722640331,6.715155138251292,-0.2143520333138689,0,0,0,2
IXIC,2012-03,3091.570068,4.202386320239482,88.0797755333685,86.14695296748992,86.66009946023264,-3.722992679209569,10.47146535592387,-16.145008274851524,17.437683308734808,5.439179207542799,-8.156193496580155,8.010678611614107,1.885317306908374,-0.5797028435188256,5.105854562629877,-0.2823511657103503,0,0,1,2
IXIC,2012-04,3046.360107,-1.4623624891428433,98.3707051595052,88.1813424428304,104.64068247477212,11.683646516830692,2.361533873529132,20.748398774675515,-3.722992679209569,4.202386320239482,17.437683308734808,5.439179207542799,-8.156193496580155,8.010678611614107,4.253082108241771,-0.0768983107183564,0,1,0,2
IXIC,2012-05,2827.340088,-7.189564309771868,77.68080416033345,69.08255398658014,79.93533497471964,-21.032583801878506,-21.65853674617435,-23.60969645434864,11.683646516830692,-1.4623624891428433,-3.722992679209569,4.202386320239482,17.437683308734808,5.439179207542799,5.545489988051759,-0.4899610158587595,0,1,0,2
IXIC,2012-06,2935.050049,3.809586312490332,77.59097859064738,81.92765919367473,70.51085557937623,-0.115634191299907,18.59384817994694,-11.790129356840753,-21.032583801878506,-7.189564309771868,11.683646516830692,-1.4623624891428433,-3.722992679209569,4.202386320239482,5.521015148348123,-0.4917543348701357,0,0,1,2
IXIC,2012-07,2939.52002,0.1522962445401177,81.20776933239353,89.00009404459307,77.46019707956621,4.661354718603983,8.632536216126097,9.8557044062058,-0.115634191299907,3.809586312490332,-21.032583801878506,-7.189564309771868,11.683646516830692,-1.4623624891428433,4.72277337506817,-0.4195470600372483,0,0,0,2
IXIC,2012-08,3066.959961,4.3353996616086965,74.8681123795048,78.25724669425718,70.49690803404778,-7.806712344159738,-12.070602245603512,-8.989505976038025,4.661354718603983,0.1522962445401177,-0.115634191299907,3.809586312490332,-21.032583801878506,-7.189564309771868,4.524438144711046,-0.5461148889856426,0,0,0,2
IXIC,2012-09,3116.22998,1.6064774117212632,68.97198734283447,65.10240313212077,68.31967938741049,-7.87534886252107,-16.80974493458861,-3.0884030340532886,-7.806712344159738,4.3353996616086965,4.661354718603983,0.1522962445401177,-0.115634191299907,3.809586312490332,4.230360741741668,-0.6638278426431106,0,0,1,2
IXIC,2012-10,2977.22998,-4.460518026336424,81.94055532640026,86.90206847652313,75.07558896464687,18.8026595770016,33.48519301224788,9.888672836016443,-7.87534886252107,1.6064774117212632,-7.806712344159738,4.3353996616086965,4.661354718603983,0.1522962445401177,4.625805532319277,-0.404917383221224,0,1,0,2
IXIC,2012-11,3010.23999,1.10874907957228,79.75129572550456,87.46022033691406,73.34758491516114,-2.6717656381202715,0.6422768412488677,-2.301685638855866,18.8026595770016,-4.460518026336424,-7.87534886252107,1.6064774117212632,-7.806712344159738,4.3353996616086965,3.1585877809678853,-0.4486247694014081,0,0,0,2
IXIC,2012-12,3019.51001,0.3079495332862114,74.97084549934634,85.26028196273312,64.21883093926215,-5.994197564654025,-2.515358829084069,-12.44588214657365,-2.6717656381202715,1.10874907957228,18.8026595770016,-4.460518026336424,-7.87534886252107,1.6064774117212632,2.8659817185664083,-0.5440638777028454,0,0,1,2
IXIC,2013-01,3142.129883,4.060919572841559,90.2403597062634,109.75873522604664,83.89209476594002,20.367269576878645,28.73372301773727,30.63472744510833,-5.994197564654025,0.3079495332862114,-2.6717656381202715,1.10874907957228,18.8026595770016,-4.460518026336424,3.194266076046882,-0.2392162689713456,0,0,0,2
IXIC,2013-02,3160.189941,0.574771211645686,82.87265164511544,87.37166687420437,78.62591293879917,-8.164537558505069,-20.3966165478642,-6.277327848152503,20.367269576878645,4.060919572841559,-5.994197564654025,0.3079495332862114,-2.6717656381202715,1.10874907957228,2.789898638814865,-0.3863085833591407,0,0,0,2
IXIC,2013-03,3267.52002,3.396317341799926,74.79130831072408,70.25588681620937,79.46081779849145,-9.751520162523589,-19.589622895300696,1.0618698447955044,-8.164537558505069,0.574771211645686,20.367269576878645,4.060919572841559,-5.994197564654025,0.3079495332862114,3.01429179973378,-0.5476482407603864,0,0,1,2
IXIC,2013-04,3328.790039,1.8751229870046735,93.84421526590982,83.1100798924764,99.8020144144694,25.47476088535521,18.296250547507608,25.599027520157392,-9.751520162523589,3.396317341799926,-8.164537558505069,0.574771211645686,20.367269576878645,4.060919572841559,1.5378637727352784,-0.1672672380667305,0,0,0,2
IXIC,2013-05,3455.909912,3.818801171316544,83.38529759068643,96.31220405332505,76.66901059304514,-11.144978564302331,15.885105847484285,-23.178894691799336,25.47476088535521,1.8751229870046735,-9.751520162523589,3.396317341799926,-8.164537558505069,0.574771211645686,1.656839737578122,-0.3760738837796071,0,0,0,2
IXIC,2013-06,3403.25,-1.5237640257099394,82.57989651362101,85.31224797566732,78.08507897059123,-0.965878998260461,-11.421144584716792,1.8469892419278768,-11.144978564302331,3.818801171316544,25.47476088535521,1.8751229870046735,-9.751520162523589,3.396317341799926,2.1891597283484625,-0.3921532815316291,0,1,0,2
IXIC,2013-07,3626.370117,6.556089532064946,77.08005560598066,75.28471995938209,75.0804361527966,-6.660023976577866,-11.753913716053145,-3.847909046651865,-0.965878998260461,-1.5237640257099394,-11.144978564302331,3.818801171316544,25.47476088535521,1.8751229870046735,2.802387208907606,-0.5019546364652614,0,0,1,2
IXIC,2013-08,3589.870117,-1.0065161255574109,88.84743185966245,104.4280973249866,78.84740774093136,15.266434567502763,38.71087968624718,5.017247875956099,-6.660023976577866,6.556089532064946,-0.965878998260461,-1.5237640257099394,-11.144978564302331,3.818801171316544,3.0750526208945166,-0.2670253215330478,0,1,1,2
IXIC,2013-09,3771.47998,5.058953585534409,98.07846705118816,97.374010403951,98.14722569783528,10.38976028717007,-6.754970263494176,24.47742863064981,15.266434567502763,-1.0065161255574109,-6.660023976577866,6.556089532064946,-0.965878998260461,-1.5237640257099394,3.2743849070568385,-0.0827326868021949,0,0,0,2
IXIC,2013-10,3919.709961,3.930286831325036,73.56673326799947,80.33374651016727,65.35439909658125,-24.99196257869301,-17.499807005065403,-33.411873201809016,10.38976028717007,5.058953585534409,15.266434567502763,-1.0065161255574109,-6.660023976577866,6.556089532064946,3.3078964132823576,-0.5720962204687234,0,0,1,2
IXIC,2013-11,4059.889893,3.5762832810271705,76.75024941762288,52.19944121042887,91.32140051523844,4.327385501849101,-35.02177667784688,39.73259914804351,-24.99196257869301,3.930286831325036,10.38976028717007,5.058953585534409,15.266434567502763,-1.0065161255574109,3.2944950238673187,-0.508539038988046,0,0,0,2
IXIC,2013-12,4176.589844,2.874460984796956,70.2421502144106,68.61865160542149,68.88867827384702,-8.47958052592066,31.45476276039567,-24.564584111528333,4.327385501849101,3.5762832810271705,-24.99196257869301,3.930286831325036,10.38976028717007,5.058953585534409,2.555815090464237,-0.6384697265398416,0,0,1,2
IXIC,2014-01,4103.879883,-1.7408930183665072,78.61989428920131,86.78251980197045,68.41249278283888,11.926947066993351,26.4707448654002,-0.6912391164121345,-8.47958052592066,2.874460984796956,4.327385501849101,3.5762832810271705,-24.99196257869301,3.930286831325036,2.803070872961912,-0.4712125883522027,0,1,0,2
IXIC,2014-02,4308.120117,4.976759550055299,70.26414687292916,61.49816117967878,73.86041593551636,-10.628031863710918,-29.135312825656825,7.963345481315476,11.926947066993351,-1.7408930183665072,-8.47958052592066,2.874460984796956,4.327385501849101,3.5762832810271705,2.5203214757878736,-0.6380305751262079,0,0,1,2
IXIC,2014-03,4198.990234,-2.5331207124279054,119.53876396917528,75.00083989481772,150.81426780454575,70.12768145517792,21.956231627297345,104.18821894560378,-10.628031863710918,4.976759550055299,11.926947066993351,-1.7408930183665072,-8.47958052592066,2.874460984796956,3.1698583200041988,0.3457105570013821,1,1,0,2
IXIC,2014-04,4114.560059,-2.0107256815305896,92.7823445002238,61.30099623998006,112.3606637954712,-22.3830484610423,-18.26625365002648,-25.49732500038402,70.12768145517792,-2.5331207124279054,-10.628031863710918,4.976759550055299,11.926947066993351,-1.7408930183665072,3.3136954055784456,-0.1884669147109705,0,1,0,2
IXIC,2014-05,4242.620117,3.1123633186465938,83.18502376925561,75.96359517497402,92.24833537686256,-10.343908404842097,23.91902225796312,-17.89979494533681,-22.3830484610423,-2.0107256815305896,70.12768145517792,-2.5331207124279054,-10.628031863710918,4.976759550055299,3.242199755109321,-0.3800722425176376,0,0,1,2
IXIC,2014-06,4408.180176,3.902306933788569,98.1738182067871,105.45366484324136,96.13338797887168,18.01862133153733,38.82131908098889,4.211515130476329,-10.343908404842097,3.1123633186465938,-22.3830484610423,-2.0107256815305896,70.12768145517792,-2.5331207124279054,3.398401037599259,-0.0808290524507526,0,0,1,2
IXIC,2014-07,4369.77002,-0.8713381592050373,136.12800659671908,115.96761592741936,161.79567853866084,38.660193810520525,9.970209285573103,68.30331473828896,18.01862133153733,3.902306933788569,-10.343908404842097,3.1123633186465938,-22.3830484610423,-2.0107256815305896,3.277012522193148,0.6769058312677037,0,1,0,2
IXIC,2014-08,4580.27002,4.817187152563229,132.44592408211,107.58255644767516,154.0424594263877,-2.7048677246242936,-7.230518117223495,-4.791981579669047,38.660193810520525,-0.8713381592050373,18.01862133153733,3.902306933788569,-10.343908404842097,3.1123633186465938,3.239653180371129,0.6033950414337895,0,0,0,2
IXIC,2014-09,4493.390137,-1.8968288467848813,130.56609942118328,121.00510635375976,142.43847586313885,-1.419314844118058,12.476511387431977,-7.53297734044166,-2.7048677246242936,4.817187152563229,38.660193810520525,-0.8713381592050373,18.01862133153733,3.902306933788569,3.105787693086,0.5658653567986086,0,1,0,2
IXIC,2014-10,4630.740234,3.0567142583283635,80.79179345407793,74.09397866649013,83.08987451368763,-38.12192153075063,-38.76789096000993,-41.66613058010812,-1.419314844118058,-1.8968288467848813,-2.7048677246242936,4.817187152563229,38.660193810520525,-0.8713381592050373,2.732645383923404,-0.4278517939060605,0,0,1,2
IXIC,2014-11,4791.629883,3.4743829467848157,84.14203809102376,77.99142316182454,87.09242757161458,4.1467635433172,5.26013660688609,4.817136963262114,-38.12192153075063,3.0567142583283635,-1.419314844118058,-1.8968288467848813,-2.7048677246242936,4.817187152563229,2.7653872871939984,-0.3609659681752187,0,0,1,2
IXIC,2014-12,4736.049805,-1.1599409670014382,85.45243663172567,94.30592924548732,80.33614915417087,1.5573648683008257,20.918333609340344,-7.757595701288888,4.1467635433172,3.4743829467848157,-38.12192153075063,3.0567142583283635,-1.419314844118058,-1.8968288467848813,2.8686680170223524,-0.3348045686568722,0,1,1,2
IXIC,2015-01,4635.240234,-2.128558084283061,108.33973257003292,146.6483586834323,81.6583960748488,26.783666844919374,55.50279802841731,1.645892832304474,1.5573648683008257,-1.1599409670014382,4.1467635433172,3.4743829467848157,-38.12192153075063,3.0567142583283635,3.0907595991725296,0.1221279403002564,0,1,1,2
IXIC,2015-02,4963.529785,7.0824711218193,112.50795323508126,110.6266494478498,116.82035664149691,3.8473610430540095,-24.56332246673284,43.05982269651534,26.783666844919374,-2.128558084283061,1.5573648683008257,-1.1599409670014382,4.1467635433172,3.4743829467848157,3.72051642187886,0.205344215892678,0,0,0,2
IXIC,2015-03,4900.879883,-1.2622046147346744,103.47884836504537,80.65029876462874,119.2300068024666,-8.025303643352133,-27.09686213298193,2.062697144783177,3.8473610430540095,7.0824711218193,26.783666844919374,-2.128558084283061,1.5573648683008257,-1.1599409670014382,3.6154215942338497,0.0250830110293626,0,1,0,2
IXIC,2015-04,4941.419922,0.8271991962223835,99.56071904500324,92.08395849863687,107.84801419576009,-3.786405996924136,14.17683493941706,-9.546248391618018,-8.025303643352133,-1.2622046147346744,3.8473610430540095,7.0824711218193,26.783666844919374,-2.128558084283061,3.5384723020114306,-0.0531403258581029,0,0,0,2
IXIC,2015-05,5070.029785,2.6026904215812108,74.41008684712071,71.70904147240424,75.1276002699329,-25.261601602650146,-22.12645650603112,-30.3393754347992,-3.786405996924136,0.8271991962223835,-8.025303643352133,-1.2622046147346744,3.8473610430540095,7.0824711218193,3.43992665647308,-0.5552591214997333,0,0,1,2
IXIC,2015-06,4986.870117,-1.640220502175993,85.28621266682943,88.44556840260823,80.42666390736898,14.61646704169861,23.33949330035976,7.053417942802098,-25.261601602650146,2.6026904215812108,-3.786405996924136,0.8271991962223835,-8.025303643352133,-1.2622046147346744,3.5050338985277385,-0.3381231403891369,0,1,1,2
IXIC,2015-07,5128.279785,2.8356396834547715,106.23084825085056,89.69054517438335,118.30285398421748,24.558055668202016,1.4076191653921155,47.09407084256565,14.61646704169861,-1.640220502175993,-25.261601602650146,2.6026904215812108,-3.786405996924136,0.8271991962223835,3.217420770918568,0.0800252032332923,0,0,0,2
IXIC,2015-08,4776.509766,-6.8594155106145305,80.77308187177104,72.6687409493231,83.29964871560374,-23.96457036562888,-18.978370788097155,-29.58779445277242,24.558055668202016,2.8356396834547715,14.61646704169861,-1.640220502175993,-25.261601602650146,2.6026904215812108,3.5999113268519096,-0.4282253605463964,0,1,1,2
IXIC,2015-09,4620.160156,-3.273302424982427,96.26670481363932,79.88457260131835,111.3503412882487,19.18166619724222,9.929760111059792,33.674442815976114,-23.96457036562888,-6.8594155106145305,24.558055668202016,2.8356396834547715,14.61646704169861,-1.640220502175993,3.7656410431901577,-0.118903541894402,0,1,0,2
IXIC,2015-10,5053.75,9.384736229044275,86.38631562263735,101.0595084159605,75.2390812904604,-10.263558111944526,26.506915071474868,-32.43030922043458,19.18166619724222,-3.273302424982427,-23.96457036562888,-6.8594155106145305,24.558055668202016,2.8356396834547715,5.688479417995965,-0.3161601787066636,0,0,1,2
IXIC,2015-11,5108.669922,1.0867162404155415,146.2837247212728,206.724671681722,112.25876941680907,69.33668679688365,104.55736914021404,49.20273811350009,-10.263558111944526,9.384736229044275,19.18166619724222,-3.273302424982427,-23.96457036562888,-6.8594155106145305,5.609977194756423,0.879659261617105,1,0,0,2
IXIC,2015-12,5007.410156,-1.9821160408883487,140.49793341852003,194.36913816390495,108.1629870014806,-3.955184566004821,-5.976806453387384,-3.648518896658426,69.33668679688365,1.0867162404155415,-10.263558111944526,9.384736229044275,19.18166619724222,-3.273302424982427,5.634767774143448,0.7641490613996877,0,1,0,2
IXIC,2016-01,4613.950195,-7.857554079698192,115.96384011545489,110.91858869983304,120.46343551143524,-17.462244964117836,-42.93405334426132,11.37214203393464,-3.955184566004821,-1.9821160408883487,69.33668679688365,1.0867162404155415,-10.263558111944526,9.384736229044275,6.287219207243493,0.2743391319883859,0,1,0,2
IXIC,2016-02,4557.950195,-1.213710543748081,101.22297576378132,113.22725730106748,90.85711604151231,-12.711604183681224,2.0814082006417767,-24.57701736981631,-17.462244964117836,-7.857554079698192,-3.955184566004821,-1.9821160408883487,69.33668679688365,1.0867162404155415,5.738198926228825,-0.0199542677458014,0,1,1,2
IXIC,2016-03,4869.850098,6.842986203362833,105.2873266896894,122.0475801037204,93.74349009606146,4.015245447232085,7.78992886774601,3.1768277272089085,-12.711604183681224,-1.213710543748081,-17.462244964117836,-7.857554079698192,-3.955184566004821,-1.9821160408883487,6.272005186381653,0.0611883045730654,0,0,0,2
IXIC,2016-04,4775.359863,-1.9403109561587195,83.62793006896973,90.3290501912435,79.78639167149862,-20.571703453499047,-25.98865941096199,-14.888605502377429,4.015245447232085,6.842986203362833,-12.711604183681224,-1.213710543748081,-17.462244964117836,-7.857554079698192,4.788345322589134,-0.3712298573225143,0,1,1,2
IXIC,2016-05,4948.049805,3.6162707514049375,84.68827352216167,88.0693675010435,82.82368420016381,1.2679298080407353,-2.5016123665817624,3.806780160168821,-20.571703453499047,-1.9403109561587195,4.015245447232085,6.842986203362833,-12.711604183681224,-1.213710543748081,5.093940605986671,-0.3500606726477829,0,0,1,2
IXIC,2016-06,4842.669922,-2.1297255919597524,88.54716021219889,97.87790400187174,80.03160365422566,4.556577350732516,11.137285050573364,-3.3711136770858907,1.2679298080407353,3.6162707514049375,-20.571703453499047,-1.9403109561587195,4.015245447232085,6.842986203362833,5.103327696704643,-0.273020082889481,0,1,1,2
IXIC,2016-07,5162.129883,6.596773394542321,112.01366116923673,143.21993846278036,94.82303280984202,26.501697966147653,46.32509750110867,18.481985216143254,4.556577350732516,-2.1297255919597524,1.2679298080407353,3.6162707514049375,-20.571703453499047,-1.9403109561587195,4.244929893835343,0.1954759416145478,0,0,0,2
IXIC,2016-08,5213.220215,0.9897141908081776,98.61115221823415,123.22047128985004,80.60763149876749,-11.96506641342012,-13.964164059550775,-14.9915066939296,26.501697966147653,6.596773394542321,4.556577350732516,-2.1297255919597524,1.2679298080407353,3.6162707514049375,4.0036973690828885,-0.0720979149829873,0,0,1,2
IXIC,2016-09,5312.0,1.8947940222394652,103.71691958109538,119.65013109842936,94.2956667582194,5.177677420867943,-2.897521940994874,16.98106619056434,-11.96506641342012,0.9897141908081776,26.501697966147653,6.596773394542321,4.556577350732516,-2.1297255919597524,3.343126561079526,0.0298359743481151,0,0,0,2
IXIC,2016-10,5189.140137,-2.312873926957826,86.16627822383758,100.4282025367983,80.40413419661984,-16.921676258939698,-16.065112829519823,-14.731888578950723,5.177677420867943,1.8947940222394652,-11.96506641342012,0.9897141908081776,26.501697966147653,6.596773394542321,3.4224268403478177,-0.320553106598582,0,1,0,2
IXIC,2016-11,5323.680176,2.5927231766336822,83.57939580281575,85.52786210378011,80.94508310953776,-3.0021981619094418,-14.836808841180336,0.6727874360229924,-16.921676258939698,-2.312873926957826,5.177677420867943,1.8947940222394652,-11.96506641342012,0.9897141908081776,3.3162670912022727,-0.3721988177477174,0,0,1,2
IXIC,2016-12,5383.120117,1.1165197576662234,101.61987716920916,112.50576536117062,94.95736854307113,21.58484300240133,31.54282428415589,17.310854341296356,-3.0021981619094418,2.5927231766336822,-16.921676258939698,-2.312873926957826,5.177677420867943,1.8947940222394652,2.8873817301135727,-0.0120303454318856,0,0,1,2
IXIC,2017-01,5614.790039,4.303636496395136,104.88912440884498,102.22949655594364,108.44574915978215,3.217133626516944,-9.133993064477783,14.204669762508138,21.58484300240133,1.1165197576662234,-3.0021981619094418,2.5927231766336822,-16.921676258939698,-2.312873926957826,2.1966778860637883,0.0532384109836636,0,0,1,2
IXIC,2017-02,5825.439941,3.751696867324283,113.19088404519218,94.91658476420812,125.99899278368268,7.91479544055298,-7.153426396591556,16.186197946807358,3.217133626516944,4.303636496395136,21.58484300240133,1.1165197576662234,-3.0021981619094418,2.5927231766336822,2.3684515239071877,0.2189785608738084,0,0,0,2
IXIC,2017-03,5911.740234,1.4814382067972254,98.49747651623142,99.26259293094758,97.23793039014262,-12.981087348955,4.578765847439437,-22.826422464279197,7.91479544055298,3.751696867324283,3.217133626516944,4.303636496395136,21.58484300240133,1.1165197576662234,2.374326464382297,-0.0743673890118802,0,0,1,2
IXIC,2017-04,6047.609863,2.298301745712328,115.10228830973308,101.26866887410482,124.87095286051432,16.858108837707487,2.020978783571348,28.417945918327536,-12.981087348955,1.4814382067972254,7.91479544055298,3.751696867324283,3.217133626516944,4.303636496395136,1.2466944380615348,0.2571387152486297,0,0,0,2
IXIC,2017-05,6198.52002,2.495368590544955,101.37748035307854,98.86025521063036,100.89005654858003,-11.924009642381684,-2.378241651885993,-19.20454338065464,16.858108837707487,2.298301745712328,-12.981087348955,1.4814382067972254,7.91479544055298,3.751696867324283,1.247296533610842,-0.0168696670213093,0,0,1,2
IXIC,2017-06,6140.419922,-0.937322099671134,126.94453862508138,146.7019323984782,113.13888193766276,25.21966237763813,48.393236580177735,12.140765708843391,-11.924009642381684,2.495368590544955,16.858108837707487,2.298301745712328,-12.981087348955,1.4814382067972254,1.8591858780448356,0.4935628504053606,0,1,0,2
IXIC,2017-07,6348.120117,3.3825079984489026,101.5980480563256,69.98286450293756,124.43094007430538,-19.96658607237466,-43.81668896391011,9.9807050796775,25.21966237763813,-0.937322099671134,-11.924009642381684,2.495368590544955,16.858108837707487,2.298301745712328,1.683673507781644,-0.0124661518873564,0,0,1,2
IXIC,2017-08,6428.660156,1.268722669319322,137.11038946336316,109.75087941077447,156.3583743187689,34.9537634693037,56.82536030826179,25.65875836459781,-19.96658607237466,3.3825079984489026,25.21966237763813,-0.937322099671134,-11.924009642381684,2.495368590544955,1.4834572879717298,0.6965185749147532,0,0,0,2
IXIC,2017-09,6495.959961,1.0468714065898777,118.73107655843098,86.45641419092814,146.35588200887045,-13.40475581527194,-21.22485518558812,-6.397158037411099,34.9537634693037,1.268722669319322,-19.96658607237466,3.3825079984489026,25.21966237763813,-0.937322099671134,1.5046593340679175,0.3295855138316133,0,0,0,2
IXIC,2017-10,6727.669922,3.566985670957412,91.91498454924552,71.24007597277242,109.52413552807224,-22.585571348701183,-17.60001078063723,-25.16588057497128,-13.40475581527194,1.0468714065898777,34.9537634693037,1.268722669319322,-19.96658607237466,3.3825079984489026,1.7001416859827423,-0.2057832879355632,0,0,1,2
IXIC,2017-11,6873.970215,2.1746056910667777,93.25364055633544,80.09026870727538,105.41860446929932,1.45640671502556,12.423053476087633,-3.748517200321233,-22.585571348701183,3.566985670957412,-13.40475581527194,1.0468714065898777,34.9537634693037,1.268722669319322,1.6789595649939384,-0.1790577433540232,0,0,0,2
IXIC,2017-12,6903.390137,0.4279902455178064,84.61367348701724,64.52695954230524,98.77827345940376,-9.265018521286285,-19.432209950316203,-6.29901244028458,1.45640671502556,2.1746056910667777,-22.585571348701183,3.566985670957412,-13.40475581527194,1.0468714065898777,1.2890909191808024,-0.3515500220807048,0,0,1,2
IXIC,2018-01,7411.47998,7.360004764569195,91.99991103141538,75.9898567199707,106.7695834867416,8.729366354164325,17.76450844572981,8.09014953133611,-9.265018521286285,0.4279902455178064,1.45640671502556,2.1746056910667777,-22.585571348701183,3.566985670957412,2.5560039979768225,-0.2040877765619447,0,0,0,2
IXIC,2018-02,7273.009766,-1.8683206913283732,65.82219927651542,53.66386883599417,76.22563787869045,-28.45406203269154,-29.380221055357104,-28.60734734611382,8.729366354164325,7.360004764569195,-9.265018521286285,0.4279902455178064,1.45640671502556,2.1746056910667777,3.1456503211740987,-0.7267116611468718,0,1,1,2
IXIC,2018-03,7063.450195,-2.881332182168284,109.2456529678837,64.72115756619361,142.5100219480453,65.97083380479091,20.60471779251023,86.95812316433921,-28.45406203269154,-1.8683206913283732,8.729366354164325,7.360004764569195,-9.265018521286285,0.4279902455178064,3.761647718295907,0.1402141520319168,1,1,1,2
IXIC,2018-04,7066.27002,0.0399213546093291,122.0270450592041,94.80569979349772,144.06638272603354,11.699680256456425,46.483319147274415,1.092106194858089,65.97083380479091,-2.881332182168284,-28.45406203269154,-1.8683206913283732,8.729366354164325,7.360004764569195,3.6408041507215754,0.3953877458017615,0,0,1,2
IXIC,2018-05,7442.120117,5.318931995751841,122.07622054315382,62.3412499273977,166.9032696139428,0.0402988402496085,-34.24314143222706,15.851641761102208,11.699680256456425,0.0399213546093291,65.97083380479091,-2.881332182168284,-28.45406203269154,-1.8683206913283732,4.066596261003154,0.3963695077941304,0,0,0,2
IXIC,2018-06,7510.299805,0.9161325929724962,103.35734113057454,56.24654754002889,136.8462231318156,-15.333763880707776,-9.776355774814691,-18.008662473569824,0.0402988402496085,5.318931995751841,11.699680256456425,0.0399213546093291,65.97083380479091,-2.881332182168284,4.048112966887914,0.0226571846821675,0,0,1,2
IXIC,2018-07,7671.790039,2.15025016567898,109.5580127469955,85.10936841657085,127.5609563396823,5.999256123072527,51.3148311120806,-6.785183090650127,-15.333763880707776,0.9161325929724962,0.0402988402496085,5.318931995751841,11.699680256456425,0.0399213546093291,2.9426706007414074,0.1464502464115924,0,0,1,2
IXIC,2018-08,8109.540039,5.705969503527486,113.0449313502158,67.86267332876882,146.81783097790134,3.182714359079064,-20.264155883976787,15.096213755986486,5.999256123072527,2.15025016567898,-15.333763880707776,0.9161325929724962,0.0402988402496085,5.318931995751841,3.2717699719117035,0.2160646941031607,0,0,0,2
IXIC,2018-09,8046.350098,-0.7792049943166957,73.96346220970153,49.602893877029416,88.1794579188029,-34.571624462700555,-26.906955703436157,-39.93954458292232,3.182714359079064,5.705969503527486,5.999256123072527,2.15025016567898,-15.333763880707776,0.9161325929724962,2.7279333193124877,-0.5641757412999974,0,1,1,2
IXIC,2018-10,7305.899902,-9.202311445335276,92.58265267649004,61.918164991563366,115.57533417978594,25.17349771161239,24.8277270779095,31.06832011397669,-34.571624462700555,-0.7792049943166957,3.182714359079064,5.705969503527486,5.999256123072527,2.15025016567898,5.455028225291185,-0.1924536541791385,0,1,0,2
IXIC,2018-11,7330.540039,0.3372635449502281,79.83305384318034,48.951593685150144,103.46333103179931,-13.771045076727717,-20.94146573655724,-10.479747459908284,25.17349771161239,-9.202311445335276,-34.571624462700555,-0.7792049943166957,3.182714359079064,5.705969503527486,4.965837370503891,-0.446992512714646,0,0,1,2
IXIC,2018-12,6635.279785,-9.484434302262468,86.58019570381411,64.75931516770393,99.9929014944261,8.45156427798377,32.292557386848046,-3.3542603961847828,-13.771045076727717,0.3372635449502281,25.17349771161239,-9.202311445335276,-34.571624462700555,-0.7792049943166957,6.186461241812882,-0.3122894675414957,0,1,1,2
IXIC,2019-01,7281.740234,9.742776038795188,87.5074286307058,54.891605531015706,113.59607076644896,1.0709526807535674,-15.237513879098808,13.60413496230144,8.45156427798377,-9.484434302262468,-13.771045076727717,0.3372635449502281,25.17349771161239,-9.202311445335276,7.753460065199044,-0.2937777626719332,0,0,1,2
IXIC,2019-02,7532.529785,3.4440881292223224,98.55523300170898,57.736959321158274,130.96962765284948,12.624990293825844,5.183586383777472,15.294153018831214,1.0709526807535674,9.742776038795188,8.45156427798377,-9.484434302262468,-13.771045076727717,0.3372635449502281,7.4331306315112435,-0.0732143119559909,0,0,0,2
IXIC,2019-03,7729.319824,2.6125358228503925,79.65598315577353,67.75160512616557,85.8987022830594,-19.17630273940678,17.345294803804002,-34.41326525662569,12.624990293825844,3.4440881292223224,1.0709526807535674,9.742776038795188,8.45156427798377,-9.484434302262468,7.579917258099106,-0.450527633406826,0,0,0,2
IXIC,2019-04,8095.390137,4.736125834298255,78.96416734059652,57.763711071014406,93.91384995778402,-0.8685045212788456,-14.741929783880291,9.330929876347316,-19.17630273940678,2.6125358228503925,12.624990293825844,3.4440881292223224,1.0709526807535674,9.742776038795188,6.395187693915722,-0.4643393627180184,0,0,1,2
IXIC,2019-05,7453.149902,-7.933406841810376,105.1034455453196,63.40447973435925,133.1031727944651,33.10270858929771,9.765246309071296,41.72901319059692,-0.8685045212788456,4.736125834298255,-19.17630273940678,2.6125358228503925,12.624990293825844,3.4440881292223224,7.580410338732133,0.0575172167838708,0,1,0,2
IXIC,2019-06,8006.240234,7.420893706318488,103.3317710240682,51.50454092025757,138.8043354034424,-1.685648374379367,-18.768293445444108,4.283265747376963,33.10270858929771,-7.933406841810376,-0.8685045212788456,4.736125834298255,-19.17630273940678,2.6125358228503925,6.119282539388213,0.0221466913083878,0,0,0,2
IXIC,2019-07,8175.419922,2.113097821890819,93.06078184804608,47.329337519984094,126.32542345600744,-9.939817225846037,-8.10647629446455,-8.990289756558633,-1.685648374379367,7.420893706318488,33.10270858929771,-7.933406841810376,-0.8685045212788456,4.736125834298255,5.253430138171004,-0.1829080633608263,0,0,1,2
IXIC,2019-08,7962.879883,-2.599744612849264,106.01592488442698,74.11447860348609,125.86253258489792,13.921162899248628,56.59310374287909,-0.3664273259061712,-9.939817225846037,2.113097821890819,-1.685648374379367,7.420893706318488,33.10270858929771,-7.933406841810376,5.509434295479711,0.0757343742372348,0,1,0,2
IXIC,2019-09,7999.339844,0.4578740548107252,92.55197461446126,70.08315865198772,112.63771381378174,-12.699931906120154,-5.439314999523937,-10.507351552135392,13.921162899248628,-2.599744612849264,-9.939817225846037,2.113097821890819,-1.685648374379367,7.420893706318488,5.457842397102897,-0.1930661251276743,0,0,1,2
IXIC,2019-10,8292.360352,3.6630586237661023,95.20806701721683,69.20361838802215,118.00913903021043,2.8698387190764008,-1.2549951812718674,4.768762641355617,-12.699931906120154,0.4578740548107252,13.921162899248628,-2.599744612849264,-9.939817225846037,2.113097821890819,5.314806956424836,-0.1400386740524366,0,0,0,2
IXIC,2019-11,8665.469727,4.499435132603846,73.70891914367675,52.628954823811846,86.17964719136556,-22.58122504435712,-23.95057361202817,-26.97205665630397,2.8698387190764008,3.6630586237661023,-12.699931906120154,0.4578740548107252,13.921162899248628,-2.599744612849264,3.4595300726910545,-0.5692575562120714,0,0,0,2
IXIC,2019-12,8972.599609,3.544295827876942,72.31251805828464,60.52569272441249,79.17934866874448,-1.8944804802661477,15.004550113215975,-8.122913879046889,-22.58122504435712,4.499435132603846,2.8698387190764008,3.6630586237661023,-12.699931906120154,0.4578740548107252,2.6430703647614955,-0.597135950111402,0,0,1,2
IXIC,2020-01,9150.94043,1.9876159504667257,139.8703630508915,84.9525350447624,191.54257983546103,93.42482713456964,40.35780710775339,104.18821894560378,-1.8944804802661477,3.544295827876942,-22.58122504435712,4.499435132603846,2.8698387190764008,3.6630586237661023,2.64198315840974,0.7516199577694204,1,0,0,2
IXIC,2020-02,8567.370117,-6.377162188564267,75.72699855935984,56.10202249987372,87.16311290346343,-39.28844654475468,-33.960743525413385,-44.52829942694827,93.42482713456964,1.9876159504667257,-1.8944804802661477,3.544295827876942,-22.58122504435712,4.499435132603846,4.0243757993486815,-0.5289676900274246,1,1,1,2
IXIC,2020-03,7700.100098,-10.122943297139695,82.76741433912709,64.03543063132993,98.19669649677893,9.297101316181845,14.141037663079016,12.658546976787765,-45.859153499296525,-6.377162188564267,93.42482713456964,1.9876159504667257,-1.8944804802661477,3.544295827876942,6.196866169544747,-0.3884095893666116,0,1,0,2
IXIC,2020-04,8889.549805,15.37892042657657,69.76431941986084,47.72460098266602,82.26346549987792,-15.71040369340041,-25.47157017272198,-16.225831993669605,9.297101316181845,-10.122943297139695,-45.859153499296525,-6.377162188564267,93.42482713456964,1.9876159504667257,9.000891900093066,-0.6480093604222856,0,0,0,2
IXIC,2020-05,9489.870117,6.753101396229821,69.50140085527974,42.10684902437272,85.36720494301089,-0.3768668092335003,-11.771186856719284,3.772925714073616,-15.71040369340041,15.447197982646289,9.297101316181845,-10.122943297139695,-45.859153499296525,-6.377162188564267,9.19617782565378,-0.6532583876419832,0,0,1,2
IXIC,2020-06,10058.76953,5.994807157380189,71.60573234558106,51.32019710540772,86.46775321960449,3.027754065969246,21.88087756388999,1.289193288369117,-0.3768668092335003,6.753101396229821,-15.71040369340041,15.447197982646289,9.297101316181845,-10.122943297139695,9.338613150932236,-0.6112465453460343,0,0,0,2
IXIC,2020-07,10745.26953,6.824890439655995,68.53134112204275,36.44394225458945,92.3572107745755,-4.293498750492198,-28.98713506548618,6.811160618471734,3.027754065969246,5.994807157380189,-0.3768668092335003,6.753101396229821,-15.71040369340041,15.447197982646289,9.515407801299547,-0.6726251065825277,0,0,0,2
IXIC,2020-08,11775.45996,9.587385659557302,64.93029563657699,27.294767964270807,89.9976692199707,-5.254596548829982,-25.104787584187527,-2.5547994951514386,-4.293498750492198,6.824890439655995,3.027754065969246,5.994807157380189,-0.3768668092335003,6.753101396229821,8.51977697344262,-0.7445180358729901,0,0,1,2
IXIC,2020-09,11167.50977,-5.162857264728027,83.04108727773031,49.94818175633748,105.76334724426268,27.8926677656324,82.9954437484879,17.517873697104093,-5.254596548829982,9.587385659557302,-4.293498750492198,6.824890439655995,3.027754065969246,5.994807157380189,6.7230713465029455,-0.3829458568747211,0,1,0,2
IXIC,2020-10,10911.58984,-2.2916472451852576,76.71051840628347,43.048690057569935,98.63585779743808,-7.62341761045866,-13.813299015418378,-6.739092164285898,27.8926677656324,-5.162857264728027,-5.254596548829982,9.587385659557302,-4.293498750492198,6.824890439655995,5.889366153358066,-0.5093322471828304,0,1,0,2
IXIC,2020-11,12198.74023,11.796176440590989,70.364892578125,62.07505849202474,79.94887498219808,-8.272171743840929,44.197322633999846,-18.94542535800341,-7.62341761045866,-2.2916472451852576,27.8926677656324,-5.162857264728027,-5.254596548829982,9.587385659557302,6.7266932389946605,-0.6360192415040153,0,0,0,2
IXIC,2020-12,12888.28027,5.652551222496194,62.28910067773634,29.27726056498866,85.56250313789614,-11.4770187297909,-43.81668896391011,7.021522387836021,-8.272171743840929,11.796176440590989,-7.62341761045866,-2.2916472451852576,27.8926677656324,-5.162857264728027,6.712492070910116,-0.797248067522034,0,0,1,2
IXIC,2021-01,13070.69043,1.4153180733087911,74.98195703567997,47.25387308674474,95.04665202479208,20.37733121820517,61.40127926877659,11.08446870892834,-11.4770187297909,5.652551222496194,-8.272171743840929,11.796176440590989,-7.62341761045866,-2.2916472451852576,6.685064777999567,-0.5438420418778978,0,0,0,2
IXIC,2021-02,13192.34961,0.9307785281239987,72.32457787649972,46.01375893184117,91.3971277645656,-3.544024808415902,-2.624365102574921,-3.8397188985410335,20.37733121820517,1.4153180733087911,-11.4770187297909,5.652551222496194,-8.272171743840929,11.796176440590989,6.008273431675346,-0.5968951823505692,0,0,1,2
IXIC,2021-03,13246.87012,0.4132736897654254,77.55295372009277,49.825385385944,99.19816903145085,7.229044395559336,8.283666760954866,8.535324312357284,-3.544024808415902,0.9307785281239987,20.37733121820517,1.4153180733087911,-11.4770187297909,5.652551222496194,5.01783145248948,-0.4925134808851181,0,0,1,2
IXIC,2021-04,13962.67969,5.403612804501479,84.63264045715331,65.75086024602254,105.25555461247762,9.128842161979843,31.96257236491182,6.106348171715048,7.229044395559336,0.4132736897654254,-3.544024808415902,0.9307785281239987,20.37733121820517,1.4153180733087911,4.336214778103435,-0.3511713567602164,0,0,1,2
IXIC,2021-05,13748.74023,-1.5322235040113652,90.02756192607265,52.68410350430396,115.80485919214064,6.3745163092844725,-19.87313427204783,10.02256329226774,9.128842161979843,5.403612804501479,7.229044395559336,0.4132736897654254,-3.544024808415902,0.9307785281239987,2.8772112828299665,-0.2434646617856457,0,1,0,2
KS11,2000-07,705.969971,-14.03399869339027,51.13137294400123,40.80166629052931,56.5029530679026,-20.264885157915803,-21.61971460324582,-22.58825043151742,-19.521279515661185,12.206914438112015,60.478668524912834,0.8946897345974758,-2.0144699660817,-15.74441734442722,11.452606319319326,-1.020006078838822,0,1,0,2
KS11,2000-08,688.619995,-2.457608214613416,47.5130286985828,41.88413973777525,50.82666443240258,-7.076563833678429,2.6530128439808287,-10.046003487071763,-20.264885157915803,-14.03399869339027,-19.521279515661185,12.206914438112015,60.478668524912834,0.8946897345974758,10.748134508732557,-1.092244368533953,0,1,1,2
KS11,2000-09,613.219971,-10.949438666822331,52.75809377034505,36.65586573282878,63.30135205586751,11.039214328003254,-12.482705954280584,24.54358900544371,-7.076563833678429,-2.457608214613416,-20.264885157915803,-14.03399869339027,-19.521279515661185,12.206914438112015,10.67463640976624,-0.9875294756368682,0,1,1,2
KS11,2000-10,514.47998,-16.101887686237802,74.84650722626716,74.61284114468482,80.27979493910267,41.86734560970407,103.54952653010729,26.82161175364879,11.039214328003254,-10.949438666822331,-7.076563833678429,-2.457608214613416,-20.264885157915803,-14.03399869339027,10.747254800034623,-0.5465462242076752,0,1,0,2
KS11,2000-11,509.230011,-1.0204418449868524,45.440477244059245,47.08891073862711,44.53256746927897,-39.28844654475468,-36.88899924435919,-44.52829942694827,41.86734560970407,-16.101887686237802,11.039214328003254,-10.949438666822331,-7.076563833678429,-2.457608214613416,10.561381748051843,-1.1336217395703077,0,1,1,2
KS11,2000-12,504.619995,-0.9052914990118288,46.01157077666252,44.53382098290228,46.60758584545505,1.2567947504951382,-5.426096538752367,4.659552534462641,-39.28844654475468,-1.0204418449868524,41.86734560970407,-16.101887686237802,11.039214328003254,-10.949438666822331,6.920234082141028,-1.1222201654653985,0,1,1,2
KS11,2001-01,617.909973,15.37892042657657,47.34544200281943,39.250703688590754,53.58126591097924,2.8989908486964038,-11.863157433402929,14.962542983127358,1.2567947504951382,-0.9052914990118288,-39.28844654475468,-1.0204418449868524,41.86734560970407,-16.101887686237802,13.248672508985312,-1.0955901464523845,0,0,1,2
KS11,2001-02,578.099976,-6.442685624043176,56.3363071169172,45.95857455049242,65.78157465798515,18.989927506775352,17.089810453134604,22.769728448140224,2.8989908486964038,22.45055271739677,1.2567947504951382,-0.9052914990118288,-39.28844654475468,-1.0204418449868524,13.40540217726248,-0.916092377674739,0,1,1,2
KS11,2001-03,523.219971,-9.49316853111234,61.72149381329936,57.44915543833086,65.804611175291,9.558998400811111,25.00203933699969,0.0350197109534544,18.989927506775352,-6.442685624043176,2.8989908486964038,22.45055271739677,1.2567947504951382,-0.9052914990118288,13.2264596534272,-0.80858003217909,0,1,0,2
KS11,2001-04,577.359985,10.34746703122309,49.02697035471599,47.12476806640625,50.69535102844238,-20.567427445911942,-17.97134752138766,-22.96079237760469,9.558998400811111,-9.49316853111234,18.989927506775352,-6.442685624043176,2.8989908486964038,22.45055271739677,11.89456899280159,-1.0620193405876062,0,0,1,2
KS11,2001-05,612.159973,6.027433300560303,59.95146006922568,56.56440058062154,60.64858498111848,22.282612275385794,20.0311490147036,19.63342545373024,-20.567427445911942,10.34746703122309,9.558998400811111,-9.49316853111234,18.989927506775352,-6.442685624043176,11.826442528281262,-0.8439178004239036,0,0,1,2
KS11,2001-06,595.130005,-2.78194732604643,70.94172350565593,62.602798779805504,78.85646438598633,18.33193624265337,10.675262421595733,30.02193606089316,22.282612275385794,6.027433300560303,-20.567427445911942,10.34746703122309,9.558998400811111,-9.49316853111234,11.99507187092776,-0.624503123406393,0,1,0,2
KS11,2001-07,541.549988,-9.003077739291598,59.984781203731416,53.3461978666244,62.87733785567745,-15.444990282835402,-14.786241340007166,-20.26355943641387,18.33193624265337,-2.78194732604643,22.282612275385794,6.027433300560303,-20.567427445911942,10.34746703122309,8.274876512827912,-0.8432525619600832,0,1,1,2
KS11,2001-08,545.109985,0.6573718177240728,64.13564220551521,73.31873946036062,56.88255968401509,6.919856867837648,37.43948471017813,-9.53408394201134,-15.444990282835402,-9.003077739291598,18.33193624265337,-2.78194732604643,22.282612275385794,6.027433300560303,7.996779487237115,-0.7603828626740763,0,0,1,2
KS11,2001-09,479.679993,-12.003080809462707,472.49111404418943,791.8359584172566,249.4176373163859,93.42482713456964,104.55736914021404,104.18821894560378,6.919856867837648,0.6573718177240728,-15.444990282835402,-9.003077739291598,18.33193624265337,-2.78194732604643,8.591785273513747,7.392213704284887,1,1,1,0
KS11,2001-10,537.809998,12.118496882983386,504.05423072076616,840.6995652721774,257.8192534908172,6.680150322070344,6.170925472062505,3.368493208751655,636.705984061322,-12.003080809462707,6.919856867837648,0.6573718177240728,-15.444990282835402,-9.003077739291598,9.0812693710645,8.022354291115674,0,0,0,0
KS11,2001-11,643.890015,15.37892042657657,296.1777104695638,494.21396484375,141.4245381673177,-39.28844654475468,-41.21396212644078,-44.52829942694827,6.680150322070344,12.118496882983386,636.705984061322,-12.003080809462707,6.919856867837648,0.6573718177240728,12.300909384171431,3.872211775036317,0,0,0,0
KS11,2001-12,693.700012,7.735792734726599,231.22251793646043,376.6929409888483,121.45619632351784,-21.93115492388762,-23.77938144505022,-14.11943224461908,-41.24090377218973,19.724441232868276,6.680150322070344,12.118496882983386,636.705984061322,-12.003080809462707,12.326262543727806,2.5754164186103274,0,0,0,1
KS11,2002-01,748.070007,7.837681138745611,169.9862031013735,259.16573752126385,104.05673919185516,-26.483715938044828,-31.199736092496558,-14.325705611030717,-21.93115492388762,7.735792734726599,-41.24090377218973,19.724441232868276,6.680150322070344,12.118496882983386,10.815175458779624,1.3528664479931174,0,0,0,2
KS11,2002-02,819.98999,9.614071186789342,143.41856629507882,209.3824323926653,93.08014828818185,-15.629290096238414,-19.20906119950132,-10.548659307337282,-26.483715938044828,7.837681138745611,-21.93115492388762,7.735792734726599,-41.24090377218973,19.724441232868276,10.543020786986563,0.8224579202367436,0,0,1,2
KS11,2002-03,895.580017,9.218408507645304,150.27259728216356,217.83082137569303,97.68620583318896,4.779040234569632,4.034908223429179,4.948485396420366,-15.629290096238414,9.614071186789342,-26.483715938044828,7.837681138745611,-21.93115492388762,7.735792734726599,4.541073929438609,0.959294949121256,0,0,1,2
KS11,2002-04,842.340027,-5.944749658254156,154.13523864746094,219.28201649983723,99.5971280415853,2.570422974752073,0.6662028426368982,1.956184286304952,4.779040234569632,9.218408507645304,-15.629290096238414,9.614071186789342,-26.483715938044828,7.837681138745611,8.198764775425694,1.0364104989443716,0,1,1,2
KS11,2002-05,796.400024,-5.453854919327005,159.16512766192037,205.2949966922883,137.87667772846837,3.263295959182844,-6.378553075536553,38.434391070895146,2.570422974752073,-5.944749658254156,4.779040234569632,9.218408507645304,-15.629290096238414,9.614071186789342,7.423512903188778,1.136829518008396,0,1,0,2
KS11,2002-06,742.719971,-6.74033794353578,147.7977030436198,185.49468332926432,127.91307754516602,-7.141906512616192,-9.644810483473298,-7.226457982200928,3.263295959182844,-5.453854919327005,2.570422974752073,-5.944749658254156,4.779040234569632,9.218408507645304,8.212491977752311,0.9098850215846186,0,1,0,2
KS11,2002-07,717.98999,-3.329650738582324,119.3782693186114,161.98243344214654,92.84361993112871,-19.228603110713397,-12.675430618883077,-27.416631893368603,-7.141906512616192,-6.74033794353578,3.263295959182844,-5.453854919327005,2.570422974752073,-5.944749658254156,7.718219345911883,0.3425063679371067,0,1,1,2
KS11,2002-08,736.400024,2.564107335256849,127.00253000567037,157.38569099672378,101.1353489045174,6.386640324555559,-2.837803055393984,8.930854892925822,-19.228603110713397,-3.329650738582324,-7.141906512616192,-6.74033794353578,3.263295959182844,-5.453854919327005,6.285226023529115,0.4947206170153542,0,0,1,2
KS11,2002-09,646.419983,-12.218907939633638,170.25116170247395,185.25534108479815,167.8897672017415,34.05336231874485,17.707867793810127,66.00503090195247,6.386640324555559,2.564107335256849,-19.228603110713397,-3.329650738582324,-7.141906512616192,-6.74033794353578,4.817372624338214,1.3581562034407222,0,1,0,2
KS11,2002-10,658.919983,1.9337273488960305,168.296264894547,195.84739069784845,161.10799457180886,-1.1482428597716532,5.717540747287764,-4.039419878272565,34.05336231874485,-12.218907939633638,6.386640324555559,2.564107335256849,-19.228603110713397,-3.329650738582324,5.582554295147342,1.319127743914262,0,0,0,2
KS11,2002-11,724.799988,9.99817985486715,156.04842834472657,175.04123814900717,151.88629328409831,-7.277545082473935,-10.623655732508986,-5.723925316195444,-1.1482428597716532,1.9337273488960305,34.05336231874485,-12.218907939633638,6.386640324555559,2.564107335256849,7.822742323621342,1.0746062985197744,0,0,1,2
KS11,2002-12,627.549988,-13.41749470338015,175.05461046772618,174.67416357224988,183.75799191382623,12.179669045440855,-0.2097074841557078,20.983920234403875,-7.277545082473935,9.99817985486715,-1.1482428597716532,1.9337273488960305,34.05336231874485,-12.218907939633638,9.119188491008028,1.4540544651606715,0,1,1,2
KS11,2003-01,591.859985,-5.687196826143504,205.2729772752331,176.48827115951045,244.28261073943108,17.26225132075463,1.0385666375383629,32.93713552006381,12.179669045440855,-13.41749470338015,-7.277545082473935,9.99817985486715,-1.1482428597716532,1.9337273488960305,9.216919539178669,2.057347846744926,0,1,1,2
KS11,2003-02,575.429993,-2.7759930416650924,236.19078636169436,210.63462039402552,291.2838772365025,15.061801848864963,19.34765920147381,19.240528973716557,17.26225132075463,-5.687196826143504,12.179669045440855,-13.41749470338015,-7.277545082473935,9.99817985486715,8.845146431994799,2.6746052158729587,0,1,1,2
KS11,2003-03,535.700012,-6.904398707628712,349.2410371841923,413.4505669378465,352.7903245495212,47.86395462919402,96.28803952760548,21.115637396943757,15.061801848864963,-2.7759930416650924,17.26225132075463,-5.687196826143504,12.179669045440855,-13.41749470338015,8.05127164245689,4.931592449567863,1,1,0,0
KS11,2003-04,599.349976,11.881643191002931,252.85915400187176,326.76046600341795,210.79934641520185,-27.59752518186688,-20.967464520966683,-40.2479796790425,47.86395462919402,-6.904398707628712,15.061801848864963,-2.7759930416650924,17.26225132075463,-5.687196826143504,10.009397313694098,3.0073801783052136,0,0,0,2
KS11,2003-05,633.419983,5.684492928051776,159.68020999047064,183.58484895767705,150.55725589875252,-36.85013674083216,-43.81668896391011,-28.5779304067638,-27.59752518186688,11.881643191002931,47.86395462919402,-6.904398707628712,15.061801848864963,-2.7759930416650924,9.167984216183276,1.1471128586589634,0,0,0,2
KS11,2003-06,669.929993,5.763949824740533,145.7216801961263,176.93343124389648,127.7050184249878,-8.741552754206271,-3.623075516059593,-15.17843649404218,-36.85013674083216,5.684492928051776,-27.59752518186688,11.881643191002931,47.86395462919402,-6.904398707628712,7.534775310694104,0.8684383460614599,0,0,0,2
KS11,2003-07,713.52002,6.506654046760985,133.95684691398375,166.529414761451,106.6518937387774,-8.073495492440319,-5.880186920754349,-16.485745780285622,-8.741552754206271,5.763949824740533,-36.85013674083216,5.684492928051776,-27.59752518186688,11.881643191002931,6.880557618553486,0.6335598001833436,0,0,1,2
KS11,2003-08,759.469971,6.439896528761713,137.39681588449787,179.2770211004442,108.98332251271894,2.5679680059377485,7.654867674430843,2.186017230647508,-8.073495492440319,6.506654046760985,-8.741552754206271,5.763949824740533,-36.85013674083216,5.684492928051776,6.235406948030345,0.7022369238011168,0,0,0,2
KS11,2003-09,697.52002,-8.156998086235056,118.71830571492514,145.99144999186197,97.7679594039917,-13.59457280674885,-18.56655744515813,-10.290898506437395,2.5679680059377485,6.439896528761713,-8.073495492440319,6.506654046760985,-8.741552754206271,5.763949824740533,6.712224321527332,0.3293305508346584,0,1,0,2
KS11,2003-10,782.359985,12.163086731188022,107.55338336575416,129.5931615521831,91.48407450029929,-9.404549940243411,-11.232362196959455,-6.427345872819624,-13.59457280674885,-8.156998086235056,2.5679680059377485,6.439896528761713,-8.073495492440319,6.506654046760985,6.773267729593772,0.1064289029043117,0,0,1,2
KS11,2003-11,796.179993,1.766451283931647,117.27323557535809,152.34808400472005,93.18425509134929,9.037235190035677,17.55873703519013,1.85844432524096,-9.404549940243411,12.163086731188022,-13.59457280674885,-8.156998086235056,2.5679680059377485,6.439896528761713,6.8516621032975085,0.300480505540044,0,0,1,2
KS11,2003-12,810.710022,1.8249678625119612,131.9601605323053,166.63024114793348,112.74830061389554,12.52368017722989,9.374687733369155,20.995011982837084,9.037235190035677,1.766451283931647,-9.404549940243411,12.163086731188022,-13.59457280674885,-8.156998086235056,6.846808204340281,0.5936970343747436,0,0,0,2
KS11,2004-01,848.5,4.661343387216688,114.1432640321793,127.11111671693864,107.96992640341482,-13.501723875035932,-23.716658008020264,-4.238089784469723,12.52368017722989,1.8249678625119612,9.037235190035677,1.766451283931647,-9.404549940243411,12.163086731188022,6.720932717279332,0.2379923132239155,0,0,1,2
KS11,2004-02,883.419983,4.115495934001179,114.83697246683056,130.29377562424233,103.49829351490942,0.6077524070589702,2.503839939028385,-4.141554076639597,-13.501723875035932,4.661343387216688,12.52368017722989,1.8249678625119612,9.037235190035677,1.766451283931647,6.556020787681318,0.2518418276612841,0,0,1,2
KS11,2004-03,880.5,-0.3305316900444222,137.0413291685043,182.14090384206463,107.18084593742124,19.33554692769983,39.792482771660254,3.558080329103519,0.6077524070589702,4.115495934001179,-13.501723875035932,4.661343387216688,12.52368017722989,1.8249678625119612,4.37156694427142,0.6951398234063075,0,1,1,2
KS11,2004-04,862.840027,-2.0056755252697345,148.72968673706055,203.51488087972004,120.71956570943196,8.529074870679644,11.73485833593364,12.631659746290346,19.33554692769983,-0.3305316900444222,0.6077524070589702,4.115495934001179,-13.501723875035932,4.661343387216688,2.5485131711072886,0.9284915729438924,0,1,0,2
KS11,2004-05,803.840027,-6.837883982403614,121.83138078258884,160.97313985516948,91.7239502937563,-18.08536449217786,-20.9035038817104,-24.01898585807304,8.529074870679644,-2.0056755252697345,19.33554692769983,-0.3305316900444222,0.6077524070589702,4.115495934001179,4.3022052647530975,0.391481414137764,0,1,1,2
KS11,2004-06,785.789978,-2.2454777559863803,136.9921531677246,177.06919593811034,107.51701380411784,12.444061856436273,9.9992185636826,17.21803679386078,-18.08536449217786,-6.837883982403614,8.529074870679644,-2.0056755252697345,19.33554692769983,-0.3305316900444222,4.322782410858931,0.6941580510957076,0,1,0,2
KS11,2004-07,735.340027,-6.420284352366745,130.39895802159464,159.34060545890563,120.38267381729618,-4.812826861738328,-10.012238653526872,11.96616196634508,12.444061856436273,-2.2454777559863803,-18.08536449217786,-6.837883982403614,8.529074870679644,-2.0056755252697345,4.06682120635293,0.562528468977937,0,1,1,2
KS11,2004-08,803.570007,9.278697948534242,139.9520955239573,177.53836158014113,126.08562567926222,7.326084232038577,11.420664600103292,4.737352711255904,-4.812826861738328,-6.420284352366745,12.444061856436273,-2.2454777559863803,-18.08536449217786,-6.837883982403614,5.848581648507561,0.7532517024753868,0,0,1,2
KS11,2004-09,835.090027,3.922498316938783,152.970458984375,188.2974100748698,129.69852345784506,9.30201395818986,6.060126047672232,2.8654319309747045,7.326084232038577,9.278697948534242,-4.812826861738328,-6.420284352366745,12.444061856436273,-2.2454777559863803,6.251856009983925,1.0131563017132652,0,0,0,2
KS11,2004-10,834.840027,-0.0299368920615772,118.0625233804026,147.26095236501385,96.845272556428,-22.82005024743897,-21.793426523253423,-25.33047410681982,9.30201395818986,3.922498316938783,7.326084232038577,9.278697948534242,-4.812826861738328,-6.420284352366745,6.222432522074299,0.3162382105140346,0,1,1,2
KS11,2004-11,878.059998,5.177036270686619,124.46195271809896,154.47430343627929,99.13031984965006,5.420373167086323,4.898346068946902,2.3594825363217,-22.82005024743897,-0.0299368920615772,9.30201395818986,3.922498316938783,7.326084232038577,9.278697948534242,5.637726640022606,0.4439993628602703,0,0,0,2
KS11,2004-12,895.919983,2.034027861499288,107.17075778592016,141.9146915558846,79.30897829609532,-13.892755620942731,-8.130550907824963,-19.995236153396423,5.420373167086323,5.177036270686619,-22.82005024743897,-0.0299368920615772,9.30201395818986,3.922498316938783,5.313198541730624,0.0987899897423557,0,0,0,2
KS11,2005-01,932.700012,4.1052805716914165,99.38704164566532,126.41269216229838,77.36354717131584,-7.26291042543833,-10.923463401589872,-2.4529771616982887,-13.892755620942731,2.034027861499288,5.420373167086323,5.177036270686619,-22.82005024743897,-0.0299368920615772,3.1411134471081934,-0.0566077013856682,0,0,1,2
KS11,2005-02,1011.359985,8.433576925910891,109.60796138218473,108.7996129989624,105.78578090667725,10.283956104618763,-13.932999022537196,36.73853484564569,-7.26291042543833,4.1052805716914165,-13.892755620942731,2.034027861499288,5.420373167086323,5.177036270686619,2.8685621482708257,0.1474474439511143,0,0,0,2
KS11,2005-03,965.679993,-4.516689673064345,90.47840487572456,87.14632021996283,87.85526915519468,-17.45270714392596,-19.901994301400748,-16.94983162935727,10.283956104618763,8.433576925910891,-7.26291042543833,4.1052805716914165,-13.892755620942731,2.034027861499288,4.489889543778674,-0.2344638256586798,0,1,0,2
KS11,2005-04,911.299988,-5.631265573915645,86.93658548990885,102.42798690795898,72.97031523386637,-3.9145466707558807,17.535641951862413,-16.942585304740586,-17.45270714392596,-4.516689673064345,10.283956104618763,8.433576925910891,-7.26291042543833,4.1052805716914165,5.579657099217255,-0.3051743378395897,0,1,1,2
KS11,2005-05,970.210022,6.464395344642537,98.79405889203473,105.33132522336898,90.99365062098347,13.63922143399825,2.834516622902017,24.69954436862878,-3.9145466707558807,-5.631265573915645,-17.45270714392596,-4.516689673064345,10.283956104618763,8.433576925910891,5.766332646207642,-0.0684462819726932,0,0,0,2
KS11,2005-06,1008.159973,3.911519170021527,81.75722109476725,95.1893081665039,69.31578687032064,-17.244799928592734,-9.628680770281385,-23.82349054326638,13.63922143399825,6.464395344642537,-3.9145466707558807,-5.631265573915645,-17.45270714392596,-4.516689673064345,5.831180101955001,-0.4085775521928494,0,0,1,2
KS11,2005-07,1111.290039,10.22953387973875,164.77051716466104,237.00151295815743,116.65942007495512,93.42482713456964,104.55736914021404,68.30137165319535,-17.244799928592734,3.911519170021527,13.63922143399825,6.464395344642537,-3.9145466707558807,-5.631265573915645,6.715502294920229,1.2487380936685877,1,0,0,2
KS11,2005-08,1083.329956,-2.5160023053171554,116.88755367648216,143.2987120843703,94.36514368364888,-29.06039521641346,-39.53679438760814,-19.11056679090457,101.53634744222848,10.22953387973875,-17.244799928592734,3.911519170021527,13.63922143399825,6.464395344642537,6.475530019294047,0.2927805746182023,0,1,0,2
KS11,2005-09,1221.01001,12.708967682234018,103.76748135884604,130.99529851277669,78.09897527694702,-11.224524686306191,-8.585850767695435,-17.237475376748023,-29.06039521641346,-2.5160023053171554,101.53634744222848,10.22953387973875,-17.244799928592734,3.911519170021527,7.151598522941839,0.0308454129479047,0,0,0,2
KS11,2005-10,1158.109985,-5.151474966204406,87.41865994853359,105.815919445407,73.7711932274603,-15.755245474037638,-19.221589899208325,-5.541406957184714,-11.224524686306191,12.708967682234018,-29.06039521641346,-2.5160023053171554,101.53634744222848,10.22953387973875,7.021253391187515,-0.295549981494598,0,1,0,2
KS11,2005-11,1297.439941,12.030805174346204,82.0722770690918,93.67955487569174,70.19666430155436,-6.115837148029257,-11.469318258843575,-4.84542647274867,-15.755245474037638,-5.151474966204406,-11.224524686306191,12.708967682234018,-29.06039521641346,-2.5160023053171554,7.703123843393828,-0.4022876297311443,0,0,1,2
KS11,2005-12,1379.369995,6.314747327483428,95.3541398817493,131.53387844947076,69.47696587347215,16.183129415888263,40.40830854075885,-1.0252601533749406,-6.115837148029257,12.030805174346204,-15.755245474037638,-5.151474966204406,-11.224524686306191,12.708967682234018,7.685047637506642,-0.1371224081614686,0,0,0,2
KS11,2006-01,1399.829956,1.4832830258860286,93.70335646598568,99.09636282151745,89.04377758887506,-1.73121315740542,-24.660958842184765,28.163019886385037,16.183129415888263,6.314747327483428,-6.115837148029257,12.030805174346204,-15.755245474037638,-5.151474966204406,7.458061476234983,-0.1700794079723198,0,0,1,2
KS11,2006-02,1371.589966,-2.017387174703389,96.56065307344709,102.5961035319737,90.61754550252644,3.049300169411317,3.5316540494625848,1.76740919608962,-1.73121315740542,1.4832830258860286,16.183129415888263,6.314747327483428,-6.115837148029257,12.030805174346204,7.371268256530259,-0.1130350235591828,0,1,0,2
KS11,2006-03,1359.599976,-0.8741672290711433,91.851620704897,96.4645538330078,86.54391436423025,-4.876761101613781,-5.976396264459504,-4.495411032935781,3.049300169411317,-2.017387174703389,-1.73121315740542,1.4832830258860286,16.183129415888263,6.314747327483428,6.245594896262417,-0.2070483128844865,0,1,0,2
KS11,2006-04,1419.72998,4.422624673538533,89.32775522867838,92.8047290802002,86.14640655517579,-2.7477636832640484,-3.793958098995864,-0.4593134155932654,-4.876761101613781,-0.8741672290711433,3.049300169411317,-2.017387174703389,-1.73121315740542,1.4832830258860286,5.199406400127103,-0.2574359247468661,0,0,0,2
KS11,2006-05,1317.699951,-7.186579873448896,84.38873118738974,80.68312811082409,83.90371753323463,-5.529103500524313,-13.06140440203304,-2.603345991576267,-2.7477636832640484,4.422624673538533,-4.876761101613781,-0.8741672290711433,3.049300169411317,-2.017387174703389,4.844618769766341,-0.3560408736700071,0,1,1,2
KS11,2006-06,1295.150024,-1.711309694053409,102.32296142578124,114.45484237670898,90.22701250712076,21.25192544792216,41.85721978887212,7.536370449118013,-5.529103500524313,-7.186579873448896,-2.7477636832640484,4.422624673538533,-4.876761101613781,-0.8741672290711433,3.883295890459591,0.0020063522291096,0,1,1,2
KS11,2006-07,1297.819946,0.2061477010789847,137.44066902898973,144.6709271092569,133.83614447809035,34.3204566344385,26.40000554375559,48.33267860611912,21.25192544792216,-1.711309694053409,-5.529103500524313,-7.186579873448896,-2.7477636832640484,4.422624673538533,3.75408488880881,0.7031124281591824,0,0,1,2
KS11,2006-08,1352.73999,4.231715205893427,147.491208968624,160.77977629630797,141.31128421906502,7.312638981344266,11.134821286439632,5.585292201986869,34.3204566344385,0.2061477010789847,21.25192544792216,-1.711309694053409,-5.529103500524313,-7.186579873448896,4.306058659136766,0.9037660328213402,0,0,0,2
KS11,2006-09,1371.410034,1.3801650086503248,113.61922556559244,117.84904912312824,111.18667894999186,-22.965425288660548,-26.70157165417424,-21.317904961059643,7.312638981344266,4.231715205893427,34.3204566344385,0.2061477010789847,21.25192544792216,-1.711309694053409,4.328726925326754,0.2275301681119277,0,0,0,2
KS11,2006-10,1364.550049,-0.500214000913457,112.73245288479713,100.46679675194524,124.12324234747118,-0.7804776668569935,-14.749590684454382,11.634993975580254,-22.965425288660548,1.3801650086503248,7.312638981344266,4.231715205893427,34.3204566344385,0.2061477010789847,3.809050646973978,0.2098262302154349,0,1,0,2
KS11,2006-11,1432.209961,4.958404570765596,87.80542017618815,84.66829687754313,86.73696505228678,-22.11167420803153,-15.7250956387203,-30.12028737577213,-0.7804776668569935,-0.500214000913457,-22.965425288660548,1.3801650086503248,7.312638981344266,4.231715205893427,2.660566090579903,-0.2878285223207669,0,0,1,2
KS11,2006-12,1434.459961,0.1570998709176096,91.50775527954102,79.05746866041615,96.69359145625944,4.216522278378543,-6.626834865052256,11.479103975992969,-22.11167420803153,4.958404570765596,-0.7804776668569935,-0.500214000913457,-22.965425288660548,1.3801650086503248,2.305345132170944,-0.2139134004848321,0,0,1,2
KS11,2007-01,1360.22998,-5.1747684158609975,97.40868709933372,96.73051378803868,95.33105973274478,6.448559252455,22.35468125539841,-1.4091230897458562,4.216522278378543,0.1570998709176096,-22.11167420803153,4.958404570765596,-0.7804776668569935,-0.500214000913457,3.665970706321107,-0.0961044819970039,0,1,0,2
KS11,2007-02,1417.339966,4.19855368869313,95.05105536324638,89.62849848611015,97.72646740504672,-2.420350593251641,-7.342063040718328,2.5127253164051178,6.448559252455,-5.1747684158609975,4.216522278378543,0.1570998709176096,-22.11167420803153,4.958404570765596,3.659858214502024,-0.1431733269698287,0,0,0,2
KS11,2007-03,1452.550049,2.4842369399467046,86.13590178951141,82.20472852645382,85.6678963938067,-9.379331496809671,-8.282823080882917,-12.339104575693804,-2.420350593251641,4.19855368869313,6.448559252455,-5.1747684158609975,4.216522278378543,0.1570998709176096,3.719920027898015,-0.3211595557128524,0,0,0,2
KS11,2007-04,1542.23999,6.174654089320142,75.71304588317871,82.1852602005005,68.55693855285645,-12.100478069879417,-0.023682732492769,-19.97359403141277,-9.379331496809671,2.4842369399467046,-2.420350593251641,4.19855368869313,6.448559252455,-5.1747684158609975,4.147660032586978,-0.5292462476757941,0,0,1,2
KS11,2007-05,1700.910034,10.288284899161514,91.82276621172504,103.15781870195944,82.37121458976499,21.277337532296347,25.518637344815765,20.15007718913517,-12.100478069879417,6.174654089320142,-9.379331496809671,2.4842369399467046,-2.420350593251641,4.19855368869313,5.287839906064461,-0.2076243772651489,0,0,1,2
KS11,2007-06,1743.599976,2.509829511653061,98.5847110748291,110.01365140279134,88.00655695597331,7.364126721593589,6.645965169775048,6.841397682763484,21.277337532296347,10.288284899161514,-12.100478069879417,6.174654089320142,-9.379331496809671,2.4842369399467046,5.117449622042282,-0.0726257981382684,0,0,1,2
KS11,2007-07,1933.27002,10.878071037550876,113.9830302576865,129.01673864549207,104.86104534518334,15.619378517191729,17.2733901660304,19.151400727609147,7.364126721593589,2.509829511653061,21.277337532296347,10.288284899161514,-12.100478069879417,6.174654089320142,3.7404571118238414,0.2347933324095797,0,0,0,2
KS11,2007-08,1873.23999,-3.105103238501572,83.12109104279548,100.07418700187436,73.35449858634702,-27.075906953096485,-22.433175685168337,-30.045997210043584,15.619378517191729,10.878071037550876,7.364126721593589,2.509829511653061,21.277337532296347,10.288284899161514,5.32956614244486,-0.3813486248908387,0,1,1,2
KS11,2007-09,1946.47998,3.909802822434938,92.71907399495444,90.46699282328288,93.58469161987304,11.546988654440726,-9.600072172868655,27.578667189324,-27.075906953096485,-3.105103238501572,15.619378517191729,10.878071037550876,7.364126721593589,2.509829511653061,5.232743908451766,-0.1897300761955621,0,0,1,2
KS11,2007-10,2064.850098,6.081239941650973,100.96206135903635,95.91243030178931,103.749514179845,8.890282235271773,6.019253330486496,10.861629593502276,11.546988654440726,3.909802822434938,-27.075906953096485,-3.105103238501572,15.619378517191729,10.878071037550876,5.229077729032773,-0.0251632829962064,0,0,0,2
KS11,2007-11,1906.0,-7.693057145110005,89.11012655893961,80.4546085993449,95.28441146214804,-11.738998432242251,-16.116598916121973,-8.159173355764459,8.890282235271773,6.081239941650973,11.546988654440726,3.909802822434938,-27.075906953096485,-3.105103238501572,6.623370071490087,-0.2617807636633019,0,1,1,2
KS11,2007-12,1897.130005,-0.4653722455403963,94.64804052537488,85.06247354322865,97.48771335232642,6.2146853340762975,5.727285265696103,2.3123424454939867,-11.738998432242251,-7.693057145110005,8.890282235271773,6.081239941650973,11.546988654440726,3.909802822434938,6.697222821130003,-0.1512193006624815,0,1,0,2
KS11,2008-01,1624.680054,-14.361163983593206,80.78886364352319,81.53163952981272,76.77330804640248,-14.642856634877798,-4.150871549275559,-21.24822153850388,6.2146853340762975,-0.4653722455403963,-11.738998432242251,-7.693057145110005,8.890282235271773,6.081239941650973,7.573866188570938,-0.4279102859922885,0,1,1,2
KS11,2008-02,1711.619995,5.351203813080119,81.6396739565093,88.45064189516265,72.8041961275298,1.0531282092792749,8.48627895287195,-5.169911288013928,-14.642856634877798,-14.361163983593206,6.2146853340762975,-0.4653722455403963,-11.738998432242251,-7.693057145110005,8.221440655687505,-0.4109243173567951,0,0,0,2
KS11,2008-03,1703.98999,-0.4457768092385517,78.19353657384073,84.13256103761735,72.61432629246866,-4.221155249228914,-4.881910142227531,-0.2607951809928011,1.0531282092792749,5.351203813080119,-14.642856634877798,-14.361163983593206,6.2146853340762975,-0.4653722455403963,7.864988793813347,-0.479724589993553,0,1,0,2
KS11,2008-04,1825.469971,7.129148745762293,71.86557184855143,70.36499150594075,69.58370641072591,-8.092695384500992,-16.364139355654284,-4.173583969554883,-4.221155249228914,-0.4457768092385517,1.0531282092792749,5.351203813080119,-14.642856634877798,-14.361163983593206,8.0867668753627,-0.6060589899293325,0,0,1,2
KS11,2008-05,1852.02002,1.4544226649455982,73.08874597857076,75.19145030360067,71.38500275150422,1.7020307479039154,6.85917626701118,2.588675472596913,-8.092695384500992,7.129148745762293,-4.221155249228914,-0.4457768092385517,1.0531282092792749,5.351203813080119,7.588618329181629,-0.5816389786869506,0,0,1,2
KS11,2008-06,1674.920044,-9.56253032297134,86.7860169728597,80.27725048065186,87.26098276774088,18.740602004999385,6.763801145630577,22.23993752791742,1.7020307479039154,1.4544226649455982,-8.092695384500992,7.129148745762293,-4.221155249228914,-0.4457768092385517,8.500730287317104,-0.3081803570063219,0,1,1,2
KS11,2008-07,1594.670044,-4.791273487201753,89.47498493809854,87.2099857945596,84.52966382426601,3.0983884950956497,8.635989987697258,-3.130057508915207,18.740602004999385,-9.56253032297134,1.7020307479039154,1.4544226649455982,-8.092695384500992,7.129148745762293,6.261754483930982,-0.2544965630721747,0,1,0,2
KS11,2008-08,1474.23999,-7.552035886867136,88.47457368912235,105.41860654277188,75.39880838701802,-1.1180904357439236,20.879054826480868,-10.801954040927797,3.0983884950956497,-4.791273487201753,18.740602004999385,-9.56253032297134,1.7020307479039154,1.4544226649455982,6.212522520023449,-0.2744692336408515,0,1,1,2
KS11,2008-09,1448.060059,-1.7758255899706032,89.21801058451335,95.21897468566894,82.42706019083658,0.8402831055205118,-9.675362055715087,9.321436179392803,-1.1180904357439236,-7.552035886867136,3.0983884950956497,-4.791273487201753,18.740602004999385,-9.56253032297134,6.156835621984206,-0.2596269173279952,0,1,0,2
KS11,2008-10,1113.060059,-16.199297081301566,64.97080649099043,76.1353960960142,53.63574997071297,-27.17747676132537,-20.041781223387755,-34.929439620272106,0.8402831055205118,-1.7758255899706032,-1.1180904357439236,-7.552035886867136,3.0983884950956497,-4.791273487201753,8.590162380233899,-0.7437092585321883,0,1,1,2
KS11,2008-11,1076.069946,-3.3232809587321555,79.13092206319173,96.24985440572102,67.7355552037557,21.79458180831557,26.41932575531689,26.28807323611904,-27.17747676132537,-23.134399565674368,0.8402831055205118,-1.7758255899706032,-1.1180904357439236,-7.552035886867136,7.769651174901355,-0.4610101946947942,0,1,1,2
KS11,2008-12,1124.469971,4.497851201951497,94.08670757662864,107.55399310204292,87.6594942154423,18.90005212057766,11.744577450134797,29.414299405612443,21.79458180831557,-3.3232809587321555,-27.17747676132537,-23.134399565674368,0.8402831055205118,-1.7758255899706032,9.302363125111505,-0.1624260099794005,0,0,0,2
KS11,2009-01,1162.109985,3.347356085154196,86.23219754618984,91.03520405677055,87.53845571702526,-8.348161215059768,-15.358601358110413,-0.1380780250905378,18.90005212057766,4.497851201951497,21.79458180831557,-3.3232809587321555,-27.17747676132537,-23.134399565674368,10.077266656822204,-0.3192370629107492,0,0,0,2
KS11,2009-02,1063.030029,-8.525867368741357,67.12189470018659,63.14009993416922,65.29873490333557,-22.16144710421756,-30.64210643742353,-25.40565815506419,-8.348161215059768,3.347356085154196,18.90005212057766,4.497851201951497,21.79458180831557,-3.3232809587321555,10.14086683577149,-0.7007639435825536,0,1,1,2
KS11,2009-03,1206.26001,13.473747410008484,72.05849173761183,73.33846209126133,69.22285332218293,7.35467474432232,16.151957579612763,6.0094861327044,-22.16144710421756,-8.525867368741357,-8.348161215059768,3.347356085154196,18.90005212057766,4.497851201951497,12.655371957498728,-0.6022074484814606,0,0,1,2
KS11,2009-04,1369.359985,13.52112924642177,85.95789963404337,83.50890401204427,85.18863232930501,19.28906303929281,13.86781455565156,23.06431798298285,7.35467474432232,13.473747410008484,-22.16144710421756,-8.525867368741357,-8.348161215059768,3.347356085154196,8.84800189345128,-0.3247132726620728,0,0,1,2
KS11,2009-05,1395.890015,1.937403625825973,91.18033575242563,93.24943800895444,89.41171313870338,6.075574369099579,11.664066379682492,4.957329040186531,19.28906303929281,13.52112924642177,7.35467474432232,13.473747410008484,-22.16144710421756,-8.525867368741357,8.23670488445772,-0.2204501546042201,0,0,0,2
KS11,2009-06,1390.069946,-0.4169432360328073,81.25230356852214,73.67756567001342,81.75211544036866,-10.88834791183514,-20.988729537503048,-8.566660261226033,6.075574369099579,1.937403625825973,19.28906303929281,13.52112924642177,7.35467474432232,13.473747410008484,8.501970134929552,-0.4186579580523049,0,1,0,2
KS11,2009-07,1557.290039,12.029617177263962,81.08385159892421,76.3114563111336,80.97563048331968,-0.2073196231979657,3.5748882542032234,-0.9498041156076996,-10.88834791183514,-0.4169432360328073,6.075574369099579,1.937403625825973,19.28906303929281,13.52112924642177,9.108479161281767,-0.4220210106957725,0,0,0,2
KS11,2009-08,1591.849976,2.2192357322334377,73.76000755063949,78.4546751206921,65.25164118120748,-9.03243235719934,2.808515147214941,-19.41817458939232,-0.2073196231979657,12.029617177263962,-10.88834791183514,-0.4169432360328073,6.075574369099579,1.937403625825973,6.528872583795357,-0.5682376037443344,0,0,1,2
KS11,2009-09,1673.140015,5.106639458843065,91.13029925028484,75.68046391805014,96.45980974833172,23.54974230136824,-3.536068689818938,47.82740786619817,-9.03243235719934,2.2192357322334377,-0.2073196231979657,12.029617177263962,-10.88834791183514,-0.4169432360328073,5.749253262721228,-0.2214491063600006,0,0,0,2
KS11,2009-10,1580.689941,-5.5255431805568245,90.38770306494928,89.20428694448164,89.28504986916819,-0.8148729801666255,17.869635473000866,-7.4380821379212865,23.54974230136824,5.106639458843065,-9.03243235719934,2.2192357322334377,-0.2073196231979657,12.029617177263962,5.846382689739598,-0.2362746383504112,0,1,0,2
KS11,2009-11,1555.599976,-1.5872793486702008,81.02965710957845,82.64781697591145,73.95016460418701,-10.353229076577463,-7.349949417398238,-17.175199305428855,-0.8148729801666255,-5.5255431805568245,23.54974230136824,5.106639458843065,-9.03243235719934,2.2192357322334377,6.093134165280528,-0.4231029744216385,0,1,1,2
KS11,2009-12,1682.77002,8.17498366945204,95.82213678667624,100.3492317199707,92.03632293208952,18.25563652218536,21.41788542245284,24.457225247174776,-10.353229076577463,-1.5872793486702008,-0.8148729801666255,-5.5255431805568245,23.54974230136824,5.106639458843065,6.420526592060398,-0.1277791025770587,0,0,0,2
KS11,2010-01,1602.430054,-4.774268916438151,93.6784295112856,102.653564453125,87.86365244465489,-2.237173316394569,2.296313278794848,-4.53372142052385,18.25563652218536,8.17498366945204,-10.353229076577463,-1.5872793486702008,-0.8148729801666255,-5.5255431805568245,5.504567306571912,-0.170577061167458,0,1,0,2
KS11,2010-02,1594.579956,-0.4898870924446519,81.47286292484829,81.01815795898438,80.05752774647304,-13.029217772023904,-21.07613759872904,-8.88436171384852,-2.237173316394569,-4.774268916438151,18.25563652218536,8.17498366945204,-10.353229076577463,-1.5872793486702008,5.456307245870967,-0.4142546095601225,0,1,0,2
KS11,2010-03,1692.849976,6.162752744397348,72.72510971561555,67.32707777330953,73.52030064982753,-10.73701462694614,-16.898779891547267,-8.165661969162553,-13.029217772023904,-0.4898870924446519,-2.237173316394569,-4.774268916438151,18.25563652218536,8.17498366945204,5.661339659430977,-0.5888987803877629,0,0,1,2
KS11,2010-04,1741.560059,2.877401050924555,88.62468554178874,79.6067726135254,92.83870468139648,21.86256698456273,18.238865024799743,26.2762854080008,-10.73701462694614,6.162752744397348,-13.029217772023904,-0.4898870924446519,-2.237173316394569,-4.774268916438151,4.914088957509223,-0.2714723315320161,0,0,0,2
KS11,2010-05,1641.25,-5.759781781950013,87.13836805282101,83.16650359861312,86.94786573225453,-1.6770919748616664,4.471643389400404,-6.345240349225156,21.86256698456273,2.877401050924555,-10.73701462694614,6.162752744397348,-13.029217772023904,-0.4898870924446519,5.708056467554842,-0.3011458578922958,0,1,1,2
KS11,2010-06,1698.290039,3.475402223914692,96.34650853474936,69.67944971720378,111.88416697184245,10.567262949366471,-16.216930251753723,28.67960131002669,-1.6770919748616664,-5.759781781950013,21.86256698456273,2.877401050924555,-10.73701462694614,6.162752744397348,4.778603921998712,-0.1173103036801013,0,0,0,2
KS11,2010-07,1759.329956,3.5941986114422564,79.39271330064342,81.76249122619629,76.34224307152533,-17.59668875597209,17.340896861315503,-31.766714506854075,10.567262949366471,3.475402223914692,-1.6770919748616664,-5.759781781950013,21.86256698456273,2.877401050924555,4.206356368443784,-0.4557836739527096,0,0,1,2
KS11,2010-08,1742.75,-0.9424017333107936,81.61330942953786,84.75737048733619,74.11711311340332,2.79697724964445,3.662901186382084,-2.9146772070048788,-17.59668875597209,3.5941986114422564,10.567262949366471,3.475402223914692,-1.6770919748616664,-5.759781781950013,4.256018106797628,-0.4114506709063362,0,1,0,2
KS11,2010-09,1872.810059,7.462921187777938,71.82437750498454,70.37432320912679,69.72902139027913,-11.994283766920088,-16.969671422685785,-5.920483865055792,2.79697724964445,-0.9424017333107936,-17.59668875597209,3.5941986114422564,10.567262949366471,3.475402223914692,4.559062181314308,-0.6068814127621388,0,0,0,2
KS11,2010-10,1882.949951,0.5414266092427233,65.55662228984218,74.25972569373346,63.16021014798072,-8.726501270000398,5.521051297446489,-9.4204839123329,-11.994283766920088,7.462921187777938,2.79697724964445,-0.9424017333107936,-17.59668875597209,3.5941986114422564,4.546804409940403,-0.7320137623286357,0,0,1,2
KS11,2010-11,1904.630005,1.1513876929382103,95.60385462443034,80.85895284016927,102.02185897827148,45.83401536726808,8.886683979486731,61.52868829796508,-8.726501270000398,0.5414266092427233,-11.994283766920088,7.462921187777938,2.79697724964445,-0.9424017333107936,2.975594710097868,-0.1321369881186469,1,0,1,2
KS11,2010-12,2051.0,7.684956900592366,97.89414264309792,94.39043466506466,98.9651261606524,2.3956021728043453,16.73467358851721,-2.9961547929352017,45.83401536726808,1.1513876929382103,-8.726501270000398,0.5414266092427233,-11.994283766920088,7.462921187777938,3.656577269763314,-0.0864126241122966,0,0,0,2
KS11,2011-01,2069.72998,0.9132120916625964,78.83949353618007,77.48969244187877,77.08557048920662,-19.46454465246935,-17.9051429132163,-22.108349193561573,2.3956021728043453,7.684956900592366,45.83401536726808,1.1513876929382103,-8.726501270000398,0.5414266092427233,3.768029498739006,-0.4668284079248787,0,0,1,2
KS11,2011-02,1939.300049,-6.301784883069628,88.93610232216972,84.70568302699498,89.67357962472099,12.806536842294957,9.312194122500305,16.329916293837265,-19.46454465246935,0.9132120916625964,2.3956021728043453,7.684956900592366,45.83401536726808,1.1513876929382103,5.197317258539954,-0.2652550636129752,0,1,1,2
KS11,2011-03,2106.699951,8.631975340088282,136.0791222356981,156.13775290212322,126.68266185637444,53.00774228080458,84.32972537670638,41.27088757528632,12.806536842294957,-6.301784883069628,-19.46454465246935,0.9132120916625964,2.3956021728043453,7.684956900592366,5.462340922863443,0.6759298813874604,1,0,0,2
KS11,2011-04,2192.360107,4.066082403397742,90.6722047805786,111.14294446309408,73.5580285390218,-33.36802641662523,-28.8173792710048,-41.93520450145128,53.00774228080458,8.631975340088282,12.806536842294957,-6.301784883069628,-19.46454465246935,0.9132120916625964,5.450261663150782,-0.2305947151705158,0,0,1,2
KS11,2011-05,2142.469971,-2.2756360070914194,104.47366776004914,120.63443325411887,96.0221432101342,15.221272067740331,8.53989323107822,30.539310415579468,-33.36802641662523,4.066082403397742,53.00774228080458,8.631975340088282,12.806536842294957,-6.301784883069628,5.811475168969817,0.0449440432519357,0,1,0,2
KS11,2011-06,2100.689941,-1.9500870754561417,84.53678283691406,97.33198216756185,72.88245728810628,-19.08316741489856,-19.316583547476828,-24.098281030229863,15.221272067740331,-2.2756360070914194,-33.36802641662523,4.066082403397742,53.00774228080458,8.631975340088282,5.272322088933109,-0.3530851024048154,0,1,0,2
KS11,2011-07,2133.209961,1.5480637749195614,78.2851328695974,99.24549016644876,60.41787485922536,-7.395183206081024,1.9659601667134647,-17.102308144754364,-19.08316741489856,-1.9500870754561417,15.221272067740331,-2.2756360070914194,-33.36802641662523,4.066082403397742,5.2882832045876365,-0.4778959193920065,0,0,1,2
KS11,2011-08,1880.109985,-11.864747522618568,86.39183038280856,111.57653574789724,62.886020106654016,10.35534745366633,12.424791857813933,4.085124233812376,-7.395183206081024,1.5480637749195614,-19.08316741489856,-1.9500870754561417,15.221272067740331,-2.2756360070914194,6.966020114663392,-0.3160500794966862,0,1,0,2
KS11,2011-09,1769.650024,-5.875186126411647,83.14460322062175,93.88602275848388,70.98976675669353,-3.758720179672215,-15.85504772202676,12.886404062931067,10.35534745366633,-11.864747522618568,-7.395183206081024,1.5480637749195614,-19.08316741489856,-1.9500870754561417,5.632742658793678,-0.3808792169522968,0,1,0,2
KS11,2011-10,1909.030029,7.876133874479585,75.16556069158739,90.5741471321352,63.65037210526005,-9.59658500968753,-3.527549180423029,-10.338665679221236,-3.758720179672215,-5.875186126411647,10.35534745366633,-11.864747522618568,-7.395183206081024,1.5480637749195614,6.670632527365187,-0.5401764939960677,0,0,1,2
KS11,2011-11,1847.51001,-3.222579952407867,83.25008093516031,70.99307772318522,95.16603965759278,10.75561755834511,-21.6188283621196,49.51372083137953,-9.59658500968753,7.876133874479585,-3.758720179672215,-5.875186126411647,10.35534745366633,-11.864747522618568,6.687077944337714,-0.3787734113178923,0,1,1,2
KS11,2011-12,1825.73999,-1.1783438185539177,84.81960911904612,77.63644483012538,86.84766141829952,1.885317306908374,9.357767433106437,-8.740910380659695,10.75561755834511,-3.222579952407867,-9.59658500968753,7.876133874479585,-3.758720179672215,-5.875186126411647,6.701362674455944,-0.347438628350302,0,1,0,2
KS11,2012-01,1955.790039,7.123141833575097,77.90155767625377,61.71806113950668,91.26849322165212,-8.156193496580155,-20.503751460347488,5.090329124764548,1.885317306908374,-1.1783438185539177,10.75561755834511,-3.222579952407867,-9.59658500968753,7.876133874479585,7.633293273527778,-0.4855537910750859,0,0,1,2
KS11,2012-02,2030.25,3.8071551401331223,91.4857845964103,77.98118065143454,103.34518873280491,17.437683308734808,26.350664962022897,13.232053126837195,-8.156193496580155,7.123141833575097,1.885317306908374,-1.1783438185539177,10.75561755834511,-3.222579952407867,5.682088755402829,-0.2143520333138689,0,0,0,2
KS11,2012-03,2014.040039,-0.79842191848295,88.0797755333685,86.14695296748992,86.66009946023264,-3.722992679209569,10.47146535592387,-16.145008274851524,17.437683308734808,3.8071551401331223,-8.156193496580155,7.123141833575097,1.885317306908374,-1.1783438185539177,4.66517445538206,-0.2823511657103503,0,1,1,2
KS11,2012-04,1981.98999,-1.5913312734295637,98.3707051595052,88.1813424428304,104.64068247477212,11.683646516830692,2.361533873529132,20.748398774675515,-3.722992679209569,-0.79842191848295,17.437683308734808,3.8071551401331223,-8.156193496580155,7.123141833575097,3.932450449512323,-0.0768983107183564,0,1,0,2
KS11,2012-05,1843.469971,-6.988936356838016,77.68080416033345,69.08255398658014,79.93533497471964,-21.032583801878506,-21.65853674617435,-23.60969645434864,11.683646516830692,-1.5913312734295637,-3.722992679209569,-0.79842191848295,17.437683308734808,3.8071551401331223,4.87060360171765,-0.4899610158587595,0,1,0,2
KS11,2012-06,1854.01001,0.5717499696663131,77.59097859064738,81.92765919367473,70.51085557937623,-0.115634191299907,18.59384817994694,-11.790129356840753,-21.032583801878506,-6.988936356838016,11.683646516830692,-1.5913312734295637,-3.722992679209569,-0.79842191848295,4.833716602108722,-0.4917543348701357,0,0,1,2
KS11,2012-07,1881.98999,1.5091601366273188,81.20776933239353,89.00009404459307,77.46019707956621,4.661354718603983,8.632536216126097,9.8557044062058,-0.115634191299907,0.5717499696663131,-21.032583801878506,-6.988936356838016,11.683646516830692,-1.5913312734295637,3.662873019506775,-0.4195470600372483,0,0,0,2
KS11,2012-08,1905.119995,1.2290184922822078,74.8681123795048,78.25724669425718,70.49690803404778,-7.806712344159738,-12.070602245603512,-8.989505976038025,4.661354718603983,1.5091601366273188,-0.115634191299907,0.5717499696663131,-21.032583801878506,-6.988936356838016,3.1620146448137887,-0.5461148889856426,0,0,0,2
KS11,2012-09,1996.209961,4.781324338575321,68.97198734283447,65.10240313212077,68.31967938741049,-7.87534886252107,-16.80974493458861,-3.0884030340532886,-7.806712344159738,1.2290184922822078,4.661354718603983,1.5091601366273188,-0.115634191299907,0.5717499696663131,3.957618525263308,-0.6638278426431106,0,0,1,2
KS11,2012-10,1912.060059,-4.215483523478925,81.94055532640026,86.90206847652313,75.07558896464687,18.8026595770016,33.48519301224788,9.888672836016443,-7.87534886252107,4.781324338575321,-7.806712344159738,1.2290184922822078,4.661354718603983,1.5091601366273188,4.288968234081663,-0.404917383221224,0,1,0,2
KS11,2012-11,1932.900024,1.089922092243234,79.75129572550456,87.46022033691406,73.34758491516114,-2.6717656381202715,0.6422768412488677,-2.301685638855866,18.8026595770016,-4.215483523478925,-7.87534886252107,4.781324338575321,-7.806712344159738,1.2290184922822078,2.892215784229062,-0.4486247694014081,0,0,0,2
KS11,2012-12,1997.050049,3.3188485800339507,74.97084549934634,85.26028196273312,64.21883093926215,-5.994197564654025,-2.515358829084069,-12.44588214657365,-2.6717656381202715,1.089922092243234,18.8026595770016,-4.215483523478925,-7.87534886252107,4.781324338575321,3.0563893308209167,-0.5440638777028454,0,0,1,2
KS11,2013-01,1961.939941,-1.7580985522912096,90.2403597062634,109.75873522604664,83.89209476594002,20.367269576878645,28.73372301773727,30.63472744510833,-5.994197564654025,3.3188485800339507,-2.6717656381202715,1.089922092243234,18.8026595770016,-4.215483523478925,3.290642952181874,-0.2392162689713456,0,1,0,2
KS11,2013-02,2026.48999,3.2901134051585013,82.87265164511544,87.37166687420437,78.62591293879917,-8.164537558505069,-20.3966165478642,-6.277327848152503,20.367269576878645,-1.7580985522912096,-5.994197564654025,3.3188485800339507,-2.6717656381202715,1.089922092243234,3.455250367624557,-0.3863085833591407,0,0,0,2
KS11,2013-03,2004.890015,-1.0658811593735051,74.79130831072408,70.25588681620937,79.46081779849145,-9.751520162523589,-19.589622895300696,1.0618698447955044,-8.164537558505069,3.2901134051585013,20.367269576878645,-1.7580985522912096,-5.994197564654025,3.3188485800339507,2.99841205120802,-0.5476482407603864,0,1,1,2
KS11,2013-04,1963.949951,-2.042010469087996,93.84421526590982,83.1100798924764,99.8020144144694,25.47476088535521,18.296250547507608,25.599027520157392,-9.751520162523589,-1.0658811593735051,-8.164537558505069,3.2901134051585013,20.367269576878645,-1.7580985522912096,2.4530309510014074,-0.1672672380667305,0,1,0,2
KS11,2013-05,2001.050049,1.8890551656425505,83.38529759068643,96.31220405332505,76.66901059304514,-11.144978564302331,15.885105847484285,-23.178894691799336,25.47476088535521,-2.042010469087996,-9.751520162523589,-1.0658811593735051,-8.164537558505069,3.2901134051585013,2.5142135206704976,-0.3760738837796071,0,0,0,2
KS11,2013-06,1863.319946,-6.882891463350893,82.57989651362101,85.31224797566732,78.08507897059123,-0.965878998260461,-11.421144584716792,1.8469892419278768,-11.144978564302331,1.8890551656425505,25.47476088535521,-2.042010469087996,-9.751520162523589,-1.0658811593735051,3.548827096689857,-0.3921532815316291,0,1,0,2
KS11,2013-07,1914.030029,2.721490912436142,77.08005560598066,75.28471995938209,75.0804361527966,-6.660023976577866,-11.753913716053145,-3.847909046651865,-0.965878998260461,-6.882891463350893,-11.144978564302331,1.8890551656425505,25.47476088535521,-2.042010469087996,3.840622083438341,-0.5019546364652614,0,0,1,2
KS11,2013-08,1926.359985,0.6441882213541916,88.84743185966245,104.4280973249866,78.84740774093136,15.266434567502763,38.71087968624718,5.017247875956099,-6.660023976577866,2.721490912436142,-0.965878998260461,-6.882891463350893,-11.144978564302331,1.8890551656425505,3.473665650977936,-0.2670253215330478,0,0,1,2
KS11,2013-09,1996.959961,3.664941991618465,98.07846705118816,97.374010403951,98.14722569783528,10.38976028717007,-6.754970263494176,24.47742863064981,15.266434567502763,0.6441882213541916,-6.660023976577866,2.721490912436142,-0.965878998260461,-6.882891463350893,3.9080894967409834,-0.0827326868021949,0,0,0,2
KS11,2013-10,2030.089966,1.6590219957845154,73.56673326799947,80.33374651016727,65.35439909658125,-24.99196257869301,-17.499807005065403,-33.411873201809016,10.38976028717007,3.664941991618465,15.266434567502763,0.6441882213541916,-6.660023976577866,2.721490912436142,3.812397443546149,-0.5720962204687234,0,0,1,2
KS11,2013-11,2044.869995,0.7280479805100493,76.75024941762288,52.19944121042887,91.32140051523844,4.327385501849101,-35.02177667784688,39.73259914804351,-24.99196257869301,1.6590219957845154,10.38976028717007,3.664941991618465,15.266434567502763,0.6441882213541916,3.764014494991336,-0.508539038988046,0,0,0,2
KS11,2013-12,2011.339966,-1.6397144601850375,70.2421502144106,68.61865160542149,68.88867827384702,-8.47958052592066,31.45476276039567,-24.564584111528333,4.327385501849101,0.7280479805100493,-24.99196257869301,1.6590219957845154,10.38976028717007,3.664941991618465,1.8515691886771888,-0.6384697265398416,0,1,1,2
KS11,2014-01,1941.150024,-3.489710500785625,78.61989428920131,86.78251980197045,68.41249278283888,11.926947066993351,26.4707448654002,-0.6912391164121345,-8.47958052592066,-1.6397144601850375,4.327385501849101,0.7280479805100493,-24.99196257869301,1.6590219957845154,2.5134358249926083,-0.4712125883522027,0,1,0,2
KS11,2014-02,1979.98999,2.000873993240626,70.26414687292916,61.49816117967878,73.86041593551636,-10.628031863710918,-29.135312825656825,7.963345481315476,11.926947066993351,-3.489710500785625,-8.47958052592066,-1.6397144601850375,4.327385501849101,0.7280479805100493,2.6138098593233097,-0.6380305751262079,0,0,1,2
KS11,2014-03,1985.609985,0.2838395662798199,119.53876396917528,75.00083989481772,150.81426780454575,70.12768145517792,21.956231627297345,104.18821894560378,-10.628031863710918,2.000873993240626,11.926947066993351,-3.489710500785625,-8.47958052592066,-1.6397144601850375,2.107050375534406,0.3457105570013821,1,0,0,2
KS11,2014-04,1961.790039,-1.1996286370407283,92.7823445002238,61.30099623998006,112.3606637954712,-22.3830484610423,-18.26625365002648,-25.49732500038402,70.12768145517792,0.2838395662798199,-10.628031863710918,2.000873993240626,11.926947066993351,-3.489710500785625,1.9538168672050615,-0.1884669147109705,0,1,0,2
KS11,2014-05,1994.959961,1.6907987776769495,83.18502376925561,75.96359517497402,92.24833537686256,-10.343908404842097,23.91902225796312,-17.89979494533681,-22.3830484610423,-1.1996286370407283,70.12768145517792,0.2838395662798199,-10.628031863710918,2.000873993240626,2.113079324372671,-0.3800722425176376,0,0,1,2
KS11,2014-06,2002.209961,0.36341581494026,98.1738182067871,105.45366484324136,96.13338797887168,18.01862133153733,38.82131908098889,4.211515130476329,-10.343908404842097,1.6907987776769495,-22.3830484610423,-1.1996286370407283,70.12768145517792,0.2838395662798199,2.0333055255081,-0.0808290524507526,0,0,1,2
KS11,2014-07,2076.120117,3.691428843111222,136.12800659671908,115.96761592741936,161.79567853866084,38.660193810520525,9.970209285573103,68.30331473828896,18.01862133153733,0.36341581494026,-10.343908404842097,1.6907987776769495,-22.3830484610423,-1.1996286370407283,1.6949462518899618,0.6769058312677037,0,0,0,2
KS11,2014-08,2068.540039,-0.3651078729949963,132.44592408211,107.58255644767516,154.0424594263877,-2.7048677246242936,-7.230518117223495,-4.791981579669047,38.660193810520525,3.691428843111222,18.01862133153733,0.36341581494026,-10.343908404842097,1.6907987776769495,1.7290557606441397,0.6033950414337895,0,1,0,2
KS11,2014-09,2020.089966,-2.3422352038891314,130.56609942118328,121.00510635375976,142.43847586313885,-1.419314844118058,12.476511387431977,-7.53297734044166,-2.7048677246242936,-0.3651078729949963,38.660193810520525,3.691428843111222,18.01862133153733,0.36341581494026,2.150002072442656,0.5658653567986086,0,1,0,2
KS11,2014-10,1964.430054,-2.755318472781332,80.79179345407793,74.09397866649013,83.08987451368763,-38.12192153075063,-38.76789096000993,-41.66613058010812,-1.419314844118058,-2.3422352038891314,-2.7048677246242936,-0.3651078729949963,38.660193810520525,3.691428843111222,2.441938631605382,-0.4278517939060605,0,1,1,2
KS11,2014-11,1980.780029,0.832301204448993,84.14203809102376,77.99142316182454,87.09242757161458,4.1467635433172,5.26013660688609,4.817136963262114,-38.12192153075063,-2.755318472781332,-1.419314844118058,-2.3422352038891314,-2.7048677246242936,-0.3651078729949963,2.3497825260185965,-0.3609659681752187,0,0,1,2
KS11,2014-12,1915.589966,-3.2911308699387187,85.45243663172567,94.30592924548732,80.33614915417087,1.5573648683008257,20.918333609340344,-7.757595701288888,4.1467635433172,0.832301204448993,-38.12192153075063,-2.755318472781332,-1.419314844118058,-2.3422352038891314,2.660068647694081,-0.3348045686568722,0,1,1,2
KS11,2015-01,1949.26001,1.7576853396401582,108.33973257003292,146.6483586834323,81.6583960748488,26.783666844919374,55.50279802841731,1.645892832304474,1.5573648683008257,-3.2911308699387187,4.1467635433172,0.832301204448993,-38.12192153075063,-2.755318472781332,2.0732964590260137,0.1221279403002564,0,0,1,2
KS11,2015-02,1985.800049,1.874559515536367,112.50795323508126,110.6266494478498,116.82035664149691,3.8473610430540095,-24.56332246673284,43.05982269651534,26.783666844919374,1.7576853396401582,1.5573648683008257,-3.2911308699387187,4.1467635433172,0.832301204448993,2.393285077924561,0.205344215892678,0,0,0,2
KS11,2015-03,2041.030029,2.7812457768753074,103.47884836504537,80.65029876462874,119.2300068024666,-8.025303643352133,-27.09686213298193,2.062697144783177,3.8473610430540095,1.874559515536367,26.783666844919374,1.7576853396401582,1.5573648683008257,-3.2911308699387187,2.577404497425165,0.0250830110293626,0,0,0,2
KS11,2015-04,2127.169922,4.220412819805697,99.56071904500324,92.08395849863687,107.84801419576009,-3.786405996924136,14.17683493941706,-9.546248391618018,-8.025303643352133,2.7812457768753074,3.8473610430540095,1.874559515536367,26.783666844919374,1.7576853396401582,2.5509320924192607,-0.0531403258581029,0,0,0,2
KS11,2015-05,2114.800049,-0.5815178595779402,74.41008684712071,71.70904147240424,75.1276002699329,-25.261601602650146,-22.12645650603112,-30.3393754347992,-3.786405996924136,4.220412819805697,-8.025303643352133,2.7812457768753074,3.8473610430540095,1.874559515536367,2.672124800932158,-0.5552591214997333,0,1,1,2
KS11,2015-06,2074.199951,-1.9198078806172747,85.28621266682943,88.44556840260823,80.42666390736898,14.61646704169861,23.33949330035976,7.053417942802098,-25.261601602650146,-0.5815178595779402,-3.786405996924136,4.220412819805697,-8.025303643352133,2.7812457768753074,2.242825547602483,-0.3381231403891369,0,1,1,2
KS11,2015-07,2030.160034,-2.123224281186964,106.23084825085056,89.69054517438335,118.30285398421748,24.558055668202016,1.4076191653921155,47.09407084256565,14.61646704169861,-1.9198078806172747,-25.261601602650146,-0.5815178595779402,-3.786405996924136,4.220412819805697,2.629840764261643,0.0800252032332923,0,1,0,2
KS11,2015-08,1941.48999,-4.367638142560337,80.77308187177104,72.6687409493231,83.29964871560374,-23.96457036562888,-18.978370788097155,-29.58779445277242,24.558055668202016,-2.123224281186964,14.61646704169861,-1.9198078806172747,-25.261601602650146,-0.5815178595779402,3.24021647610162,-0.4282253605463964,0,1,1,2
KS11,2015-09,1962.810059,1.0981292259971909,96.26670481363932,79.88457260131835,111.3503412882487,19.18166619724222,9.929760111059792,33.674442815976114,-23.96457036562888,-4.367638142560337,24.558055668202016,-2.123224281186964,14.61646704169861,-1.9198078806172747,2.9791496262661195,-0.118903541894402,0,0,0,2
KS11,2015-10,2029.469971,3.3961468504986936,86.38631562263735,101.0595084159605,75.2390812904604,-10.263558111944526,26.506915071474868,-32.43030922043458,19.18166619724222,1.0981292259971909,-23.96457036562888,-4.367638142560337,24.558055668202016,-2.123224281186964,2.7194117739491763,-0.3161601787066636,0,0,1,2
KS11,2015-11,1991.969971,-1.8477730903070368,146.2837247212728,206.724671681722,112.25876941680907,69.33668679688365,104.55736914021404,49.20273811350009,-10.263558111944526,3.3961468504986936,19.18166619724222,1.0981292259971909,-23.96457036562888,-4.367638142560337,2.7526848372501336,0.879659261617105,1,1,0,2
KS11,2015-12,1961.310059,-1.5391754115956058,140.49793341852003,194.36913816390495,108.1629870014806,-3.955184566004821,-5.976806453387384,-3.648518896658426,69.33668679688365,-1.8477730903070368,-10.263558111944526,3.3961468504986936,19.18166619724222,1.0981292259971909,2.7304565167248414,0.7641490613996877,0,1,0,2
KS11,2016-01,1912.060059,-2.5110767047771487,115.96384011545489,110.91858869983304,120.46343551143524,-17.462244964117836,-42.93405334426132,11.37214203393464,-3.955184566004821,-1.5391754115956058,69.33668679688365,-1.8477730903070368,-10.263558111944526,3.3961468504986936,2.769596055541506,0.2743391319883859,0,1,0,2
KS11,2016-02,1916.660034,0.2405769096189391,101.22297576378132,113.22725730106748,90.85711604151231,-12.711604183681224,2.0814082006417767,-24.57701736981631,-17.462244964117836,-2.5110767047771487,-3.955184566004821,-1.5391754115956058,69.33668679688365,-1.8477730903070368,2.220851913072964,-0.0199542677458014,0,0,1,2
KS11,2016-03,1995.849976,4.131663445537259,105.2873266896894,122.0475801037204,93.74349009606146,4.015245447232085,7.78992886774601,3.1768277272089085,-12.711604183681224,0.2405769096189391,-17.462244964117836,-2.5110767047771487,-3.955184566004821,-1.5391754115956058,2.834364963459932,0.0611883045730654,0,0,0,2
KS11,2016-04,1994.150024,-0.0851743377729641,83.62793006896973,90.3290501912435,79.78639167149862,-20.571703453499047,-25.98865941096199,-14.888605502377429,4.015245447232085,4.131663445537259,-12.711604183681224,0.2405769096189391,-17.462244964117836,-2.5110767047771487,2.39966979885626,-0.3712298573225143,0,1,1,2
KS11,2016-05,1983.400024,-0.5390767931510498,84.68827352216167,88.0693675010435,82.82368420016381,1.2679298080407353,-2.5016123665817624,3.806780160168821,-20.571703453499047,-0.0851743377729641,4.015245447232085,4.131663445537259,-12.711604183681224,0.2405769096189391,2.284106764388844,-0.3500606726477829,0,1,1,2
KS11,2016-06,1970.349976,-0.6579634890636732,88.54716021219889,97.87790400187174,80.03160365422566,4.556577350732516,11.137285050573364,-3.3711136770858907,1.2679298080407353,-0.5390767931510498,-20.571703453499047,-0.0851743377729641,4.015245447232085,4.131663445537259,2.1958568733083244,-0.273020082889481,0,1,1,2
KS11,2016-07,2016.189941,2.326488469477872,112.01366116923673,143.21993846278036,94.82303280984202,26.501697966147653,46.32509750110867,18.481985216143254,4.556577350732516,-0.6579634890636732,1.2679298080407353,-0.5390767931510498,-20.571703453499047,-0.0851743377729641,1.9173978232694369,0.1954759416145478,0,0,0,2
KS11,2016-08,2034.650024,0.9155924560780182,98.61115221823415,123.22047128985004,80.60763149876749,-11.96506641342012,-13.964164059550775,-14.9915066939296,26.501697966147653,2.326488469477872,4.556577350732516,-0.6579634890636732,1.2679298080407353,-0.5390767931510498,1.890387240558535,-0.0720979149829873,0,0,1,2
KS11,2016-09,2043.630005,0.4413526107230003,103.71691958109538,119.65013109842936,94.2956667582194,5.177677420867943,-2.897521940994874,16.98106619056434,-11.96506641342012,0.9155924560780182,26.501697966147653,2.326488469477872,4.556577350732516,-0.6579634890636732,1.114939397478072,0.0298359743481151,0,0,0,2
KS11,2016-10,2008.189941,-1.7341722284998418,86.16627822383758,100.4282025367983,80.40413419661984,-16.921676258939698,-16.065112829519823,-14.731888578950723,5.177677420867943,0.4413526107230003,-11.96506641342012,0.9155924560780182,26.501697966147653,2.326488469477872,1.4200152993991182,-0.320553106598582,0,1,0,2
KS11,2016-11,1983.47998,-1.2304593552388443,83.57939580281575,85.52786210378011,80.94508310953776,-3.0021981619094418,-14.836808841180336,0.6727874360229924,-16.921676258939698,-1.7341722284998418,5.177677420867943,0.4413526107230003,-11.96506641342012,0.9155924560780182,1.509922705354754,-0.3721988177477174,0,1,1,2
KS11,2016-12,2026.459961,2.166897646226817,101.61987716920916,112.50576536117062,94.95736854307113,21.58484300240133,31.54282428415589,17.310854341296356,-3.0021981619094418,-1.2304593552388443,-16.921676258939698,-1.7341722284998418,5.177677420867943,0.4413526107230003,1.6896509813803098,-0.0120303454318856,0,0,1,2
KS11,2017-01,2067.570068,2.028666136572133,104.88912440884498,102.22949655594364,108.44574915978215,3.217133626516944,-9.133993064477783,14.204669762508138,21.58484300240133,2.166897646226817,-3.0021981619094418,-1.2304593552388443,-16.921676258939698,-1.7341722284998418,1.6278348889236471,0.0532384109836636,0,0,1,2
KS11,2017-02,2091.639893,1.1641600627002369,113.19088404519218,94.91658476420812,125.99899278368268,7.91479544055298,-7.153426396591556,16.186197946807358,3.217133626516944,2.028666136572133,21.58484300240133,2.166897646226817,-3.0021981619094418,-1.2304593552388443,1.6456896895849982,0.2189785608738084,0,0,0,2
KS11,2017-03,2160.22998,3.2792493215274554,98.49747651623142,99.26259293094758,97.23793039014262,-12.981087348955,4.578765847439437,-22.826422464279197,7.91479544055298,1.1641600627002369,3.217133626516944,2.028666136572133,21.58484300240133,2.166897646226817,2.0037315826350555,-0.0743673890118802,0,0,1,2
KS11,2017-04,2205.439941,2.0928309216410312,115.10228830973308,101.26866887410482,124.87095286051432,16.858108837707487,2.020978783571348,28.417945918327536,-12.981087348955,3.2792493215274554,7.91479544055298,1.1641600627002369,3.217133626516944,2.028666136572133,1.534126635458656,0.2571387152486297,0,0,0,2
KS11,2017-05,2347.379883,6.435901488917484,101.37748035307854,98.86025521063036,100.89005654858003,-11.924009642381684,-2.378241651885993,-19.20454338065464,16.858108837707487,2.0928309216410312,-12.981087348955,3.2792493215274554,7.91479544055298,1.1641600627002369,1.876100205696652,-0.0168696670213093,0,0,1,2
KS11,2017-06,2391.790039,1.8919032373764244,126.94453862508138,146.7019323984782,113.13888193766276,25.21966237763813,48.393236580177735,12.140765708843391,-11.924009642381684,6.435901488917484,16.858108837707487,2.0928309216410312,-12.981087348955,3.2792493215274554,1.8996675000732397,0.4935628504053606,0,0,0,2
KS11,2017-07,2402.709961,0.4565585532986693,101.5980480563256,69.98286450293756,124.43094007430538,-19.96658607237466,-43.81668896391011,9.9807050796775,25.21966237763813,1.8919032373764244,-11.924009642381684,6.435901488917484,16.858108837707487,2.0928309216410312,2.1249521660967337,-0.0124661518873564,0,0,1,2
KS11,2017-08,2363.189941,-1.6448102618075389,137.11038946336316,109.75087941077447,156.3583743187689,34.9537634693037,56.82536030826179,25.65875836459781,-19.96658607237466,0.4565585532986693,25.21966237763813,1.8919032373764244,-11.924009642381684,6.435901488917484,2.718721338465286,0.6965185749147532,0,1,0,2
KS11,2017-09,2394.469971,1.3236358812006357,118.73107655843098,86.45641419092814,146.35588200887045,-13.40475581527194,-21.22485518558812,-6.397158037411099,34.9537634693037,-1.6448102618075389,-19.96658607237466,0.4565585532986693,25.21966237763813,1.8919032373764244,2.663619084938824,0.3295855138316133,0,0,0,2
KS11,2017-10,2523.429932,5.3857414192646,91.91498454924552,71.24007597277242,109.52413552807224,-22.585571348701183,-17.60001078063723,-25.16588057497128,-13.40475581527194,1.3236358812006357,34.9537634693037,-1.6448102618075389,-19.96658607237466,0.4565585532986693,3.0563611184699946,-0.2057832879355632,0,0,1,2
KS11,2017-11,2476.370117,-1.86491467043437,93.25364055633544,80.09026870727538,105.41860446929932,1.45640671502556,12.423053476087633,-3.748517200321233,-22.585571348701183,5.3857414192646,-13.40475581527194,1.3236358812006357,34.9537634693037,-1.6448102618075389,2.6682957816562998,-0.1790577433540232,0,1,0,2
KS11,2017-12,2467.48999,-0.3585944984168088,84.61367348701724,64.52695954230524,98.77827345940376,-9.265018521286285,-19.432209950316203,-6.29901244028458,1.45640671502556,-1.86491467043437,-22.585571348701183,5.3857414192646,-13.40475581527194,1.3236358812006357,2.6633132305868985,-0.3515500220807048,0,1,1,2
KS11,2018-01,2566.459961,4.01095734536292,91.99991103141538,75.9898567199707,106.7695834867416,8.729366354164325,17.76450844572981,8.09014953133611,-9.265018521286285,-0.3585944984168088,1.45640671502556,-1.86491467043437,-22.585571348701183,5.3857414192646,3.0110755618437497,-0.2040877765619447,0,0,0,2
KS11,2018-02,2427.360107,-5.419911321967441,65.82219927651542,53.66386883599417,76.22563787869045,-28.45406203269154,-29.380221055357104,-28.60734734611382,8.729366354164325,4.01095734536292,-9.265018521286285,-0.3585944984168088,1.45640671502556,-1.86491467043437,3.956009018398282,-0.7267116611468718,0,1,1,2
KS11,2018-03,2445.850098,0.7617325071248571,109.2456529678837,64.72115756619361,142.5100219480453,65.97083380479091,20.60471779251023,86.95812316433921,-28.45406203269154,-5.419911321967441,8.729366354164325,4.01095734536292,-9.265018521286285,-0.3585944984168088,3.9395925715611537,0.1402141520319168,1,0,1,2
KS11,2018-04,2515.379883,2.842765591270524,122.0270450592041,94.80569979349772,144.06638272603354,11.699680256456425,46.483319147274415,1.092106194858089,65.97083380479091,0.7617325071248571,-28.45406203269154,-5.419911321967441,8.729366354164325,4.01095734536292,3.397974001821905,0.3953877458017615,0,0,1,2
KS11,2018-05,2423.01001,-3.672203694729159,122.07622054315382,62.3412499273977,166.9032696139428,0.0402988402496085,-34.24314143222706,15.851641761102208,11.699680256456425,2.842765591270524,65.97083380479091,0.7617325071248571,-28.45406203269154,-5.419911321967441,3.665435324463048,0.3963695077941304,0,1,0,2
KS11,2018-06,2326.129883,-3.998337877275216,103.35734113057454,56.24654754002889,136.8462231318156,-15.333763880707776,-9.776355774814691,-18.008662473569824,0.0402988402496085,-3.672203694729159,11.699680256456425,2.842765591270524,65.97083380479091,0.7617325071248571,3.96486123574155,0.0226571846821675,0,1,1,2
KS11,2018-07,2295.26001,-1.32709154487054,109.5580127469955,85.10936841657085,127.5609563396823,5.999256123072527,51.3148311120806,-6.785183090650127,-15.333763880707776,-3.998337877275216,0.0402988402496085,-3.672203694729159,11.699680256456425,2.842765591270524,3.1554065946807768,0.1464502464115924,0,1,1,2
KS11,2018-08,2322.879883,1.203343973217219,113.0449313502158,67.86267332876882,146.81783097790134,3.182714359079064,-20.264155883976787,15.096213755986486,5.999256123072527,-1.32709154487054,-15.333763880707776,-3.998337877275216,0.0402988402496085,-3.672203694729159,2.7718882455206426,0.2160646941031607,0,0,0,2
KS11,2018-09,2343.070068,0.8691876470996895,73.96346220970153,49.602893877029416,88.1794579188029,-34.571624462700555,-26.906955703436157,-39.93954458292232,3.182714359079064,1.203343973217219,5.999256123072527,-1.32709154487054,-15.333763880707776,-3.998337877275216,2.783530853968187,-0.5641757412999974,0,0,1,2
KS11,2018-10,2029.689941,-13.37476549591602,92.58265267649004,61.918164991563366,115.57533417978594,25.17349771161239,24.8277270779095,31.06832011397669,-34.571624462700555,0.8691876470996895,3.182714359079064,1.203343973217219,5.999256123072527,-1.32709154487054,5.359851994735968,-0.1924536541791385,0,1,0,2
KS11,2018-11,2096.860107,3.309380641996285,79.83305384318034,48.951593685150144,103.46333103179931,-13.771045076727717,-20.94146573655724,-10.479747459908284,25.17349771161239,-13.37476549591602,-34.571624462700555,0.8691876470996895,3.182714359079064,1.203343973217219,6.003748469987174,-0.446992512714646,0,0,1,2
KS11,2018-12,2041.040039,-2.662078782158828,86.58019570381411,64.75931516770393,99.9929014944261,8.45156427798377,32.292557386848046,-3.3542603961847828,-13.771045076727717,3.309380641996285,25.17349771161239,-13.37476549591602,-34.571624462700555,0.8691876470996895,5.949110244359986,-0.3122894675414957,0,1,1,2
KS11,2019-01,2204.850098,8.025813108510004,87.5074286307058,54.891605531015706,113.59607076644896,1.0709526807535674,-15.237513879098808,13.60413496230144,8.45156427798377,-2.662078782158828,-13.771045076727717,3.309380641996285,25.17349771161239,-13.37476549591602,7.244144826159328,-0.2937777626719332,0,0,1,2
KS11,2019-02,2195.439941,-0.4267935043990367,98.55523300170898,57.736959321158274,130.96962765284948,12.624990293825844,5.183586383777472,15.294153018831214,1.0709526807535674,8.025813108510004,8.45156427798377,-2.662078782158828,-13.771045076727717,3.309380641996285,7.200705347424129,-0.0732143119559909,0,1,0,2
KS11,2019-03,2140.669922,-2.4947172535748297,79.65598315577353,67.75160512616557,85.8987022830594,-19.17630273940678,17.345294803804002,-34.41326525662569,12.624990293825844,-0.4267935043990367,1.0709526807535674,8.025813108510004,8.45156427798377,-2.662078782158828,7.184107840773267,-0.450527633406826,0,1,0,2
KS11,2019-04,2203.590088,2.939274539869952,78.96416734059652,57.763711071014406,93.91384995778402,-0.8685045212788456,-14.741929783880291,9.330929876347316,-19.17630273940678,-2.4947172535748297,12.624990293825844,-0.4267935043990367,1.0709526807535674,8.025813108510004,4.120895028468319,-0.4643393627180184,0,0,1,2
KS11,2019-05,2041.73999,-7.344836904167451,105.1034455453196,63.40447973435925,133.1031727944651,33.10270858929771,9.765246309071296,41.72901319059692,-0.8685045212788456,2.939274539869952,-19.17630273940678,-2.4947172535748297,12.624990293825844,-0.4267935043990367,5.288659952466597,0.0575172167838708,0,1,0,2
KS11,2019-06,2130.620117,4.353156005922187,103.3317710240682,51.50454092025757,138.8043354034424,-1.685648374379367,-18.768293445444108,4.283265747376963,33.10270858929771,-7.344836904167451,-0.8685045212788456,2.939274539869952,-19.17630273940678,-2.4947172535748297,5.442458364604274,0.0221466913083878,0,0,0,2
KS11,2019-07,2024.550049,-4.9783660237542,93.06078184804608,47.329337519984094,126.32542345600744,-9.939817225846037,-8.10647629446455,-8.990289756558633,-1.685648374379367,4.353156005922187,33.10270858929771,-7.344836904167451,-0.8685045212788456,2.939274539869952,4.520752705657193,-0.1829080633608263,0,1,1,2
KS11,2019-08,1967.790039,-2.80358640815207,106.01592488442698,74.11447860348609,125.86253258489792,13.921162899248628,56.59310374287909,-0.3664273259061712,-9.939817225846037,-4.9783660237542,-1.685648374379367,4.353156005922187,33.10270858929771,-7.344836904167451,4.530389278002779,0.0757343742372348,0,1,0,2
KS11,2019-09,2063.050049,4.840964132962555,92.55197461446126,70.08315865198772,112.63771381378174,-12.699931906120154,-5.439314999523937,-10.507351552135392,13.921162899248628,-2.80358640815207,-9.939817225846037,-4.9783660237542,-1.685648374379367,4.353156005922187,5.217694663420662,-0.1930661251276743,0,0,1,2
KS11,2019-10,2083.47998,0.9902780114279252,95.20806701721683,69.20361838802215,118.00913903021043,2.8698387190764008,-1.2549951812718674,4.768762641355617,-12.699931906120154,4.840964132962555,13.921162899248628,-2.80358640815207,-9.939817225846037,-4.9783660237542,5.01767277821492,-0.1400386740524366,0,0,0,2
KS11,2019-11,2087.959961,0.2150239523779795,73.70891914367675,52.628954823811846,86.17964719136556,-22.58122504435712,-23.95057361202817,-26.97205665630397,2.8698387190764008,0.9902780114279252,-12.699931906120154,4.840964132962555,13.921162899248628,-2.80358640815207,3.8707661745466697,-0.5692575562120714,0,0,0,2
KS11,2019-12,2197.669922,5.254409234334934,72.31251805828464,60.52569272441249,79.17934866874448,-1.8944804802661477,15.004550113215975,-8.122913879046889,-22.58122504435712,0.2150239523779795,2.8698387190764008,0.9902780114279252,-12.699931906120154,4.840964132962555,4.065742060667353,-0.597135950111402,0,0,1,2
KS11,2020-01,2119.01001,-3.57924141439836,139.8703630508915,84.9525350447624,191.54257983546103,93.42482713456964,40.35780710775339,104.18821894560378,-1.8944804802661477,5.254409234334934,-22.58122504435712,0.2150239523779795,2.8698387190764008,0.9902780114279252,3.707042787527488,0.7516199577694204,1,1,0,2
KS11,2020-02,1987.01001,-6.229324041749096,75.72699855935984,56.10202249987372,87.16311290346343,-39.28844654475468,-33.960743525413385,-44.52829942694827,93.42482713456964,-3.57924141439836,-1.8944804802661477,5.254409234334934,-22.58122504435712,0.2150239523779795,4.545657659459397,-0.5289676900274246,1,1,1,2
KS11,2020-03,1754.640015,-11.694455177908235,82.76741433912709,64.03543063132993,98.19669649677893,9.297101316181845,14.141037663079016,12.658546976787765,-45.859153499296525,-6.229324041749096,93.42482713456964,-3.57924141439836,-1.8944804802661477,5.254409234334934,5.988231316043056,-0.3884095893666116,0,1,0,2
KS11,2020-04,1947.560059,10.994850359661946,69.76431941986084,47.72460098266602,82.26346549987792,-15.71040369340041,-25.47157017272198,-16.225831993669605,9.297101316181845,-11.694455177908235,-45.859153499296525,-6.229324041749096,93.42482713456964,-3.57924141439836,8.157034223146958,-0.6480093604222856,0,0,0,2
KS11,2020-05,2029.599976,4.212446061464448,69.50140085527974,42.10684902437272,85.36720494301089,-0.3768668092335003,-11.771186856719284,3.772925714073616,-15.71040369340041,10.994850359661946,9.297101316181845,-11.694455177908235,-45.859153499296525,-6.229324041749096,8.4194448613626,-0.6532583876419832,0,0,1,2
KS11,2020-06,2108.330078,3.87909454724984,71.60573234558106,51.32019710540772,86.46775321960449,3.027754065969246,21.88087756388999,1.289193288369117,-0.3768668092335003,4.212446061464448,-15.71040369340041,10.994850359661946,9.297101316181845,-11.694455177908235,8.25931219851708,-0.6112465453460343,0,0,0,2
KS11,2020-07,2249.370117,6.689656447618164,68.53134112204275,36.44394225458945,92.3572107745755,-4.293498750492198,-28.98713506548618,6.811160618471734,3.027754065969246,3.87909454724984,-0.3768668092335003,4.212446061464448,-15.71040369340041,10.994850359661946,8.528994330319598,-0.6726251065825277,0,0,0,2
KS11,2020-08,2326.169922,3.414280487660637,64.93029563657699,27.294767964270807,89.9976692199707,-5.254596548829982,-25.104787584187527,-2.5547994951514386,-4.293498750492198,6.689656447618164,3.027754065969246,3.87909454724984,-0.3768668092335003,4.212446061464448,7.691947914059724,-0.7445180358729901,0,0,1,2
KS11,2020-09,2327.889893,0.0739400412555157,83.04108727773031,49.94818175633748,105.76334724426268,27.8926677656324,82.9954437484879,17.517873697104093,-5.254596548829982,3.414280487660637,-4.293498750492198,6.689656447618164,3.027754065969246,3.87909454724984,3.670427662602002,-0.3829458568747211,0,0,0,2
KS11,2020-10,2267.149902,-2.6092295508754915,76.71051840628347,43.048690057569935,98.63585779743808,-7.62341761045866,-13.813299015418378,-6.739092164285898,27.8926677656324,0.0739400412555157,-5.254596548829982,3.414280487660637,-4.293498750492198,6.689656447618164,3.3208690247094355,-0.5093322471828304,0,1,0,2
KS11,2020-11,2591.340088,14.29945967463424,70.364892578125,62.07505849202474,79.94887498219808,-8.272171743840929,44.197322633999846,-18.94542535800341,-7.62341761045866,-2.6092295508754915,27.8926677656324,0.0739400412555157,-5.254596548829982,3.414280487660637,5.869546546839272,-0.6360192415040153,0,0,0,2
KS11,2020-12,2873.469971,10.88741243600133,62.28910067773634,29.27726056498866,85.56250313789614,-11.4770187297909,-43.81668896391011,7.021522387836021,-8.272171743840929,14.29945967463424,-7.62341761045866,-2.6092295508754915,27.8926677656324,0.0739400412555157,6.440682890353099,-0.797248067522034,0,0,1,2
KS11,2021-01,2976.209961,3.5754676762550286,74.98195703567997,47.25387308674474,95.04665202479208,20.37733121820517,61.40127926877659,11.08446870892834,-11.4770187297909,10.88741243600133,-8.272171743840929,14.29945967463424,-7.62341761045866,-2.6092295508754915,6.447175732313154,-0.5438420418778978,0,0,0,2
KS11,2021-02,3012.949951,1.2344555821476977,72.32457787649972,46.01375893184117,91.3971277645656,-3.544024808415902,-2.624365102574921,-3.8397188985410335,20.37733121820517,3.5754676762550286,-11.4770187297909,10.88741243600133,-8.272171743840929,14.29945967463424,6.609729820913701,-0.5968951823505692,0,0,1,2
KS11,2021-03,3061.419922,1.60872141217987,77.55295372009277,49.825385385944,99.19816903145085,7.229044395559336,8.283666760954866,8.535324312357284,-3.544024808415902,1.2344555821476977,20.37733121820517,3.5754676762550286,-11.4770187297909,10.88741243600133,6.427805703349678,-0.4925134808851181,0,0,1,2
KS11,2021-04,3147.860107,2.8235324523376404,84.63264045715331,65.75086024602254,105.25555461247762,9.128842161979843,31.96257236491182,6.106348171715048,7.229044395559336,1.60872141217987,-3.544024808415902,1.2344555821476977,20.37733121820517,3.5754676762550286,5.483038594246244,-0.3511713567602164,0,0,1,2
KS11,2021-05,3203.919922,1.7808864782567158,90.02756192607265,52.68410350430396,115.80485919214064,6.3745163092844725,-19.87313427204783,10.02256329226774,9.128842161979843,2.8235324523376404,7.229044395559336,1.60872141217987,-3.544024808415902,1.2344555821476977,3.648670514504072,-0.2434646617856457,0,0,0,2
N100,2000-07,1078.339966,1.3420207702768527,51.13137294400123,40.80166629052931,56.5029530679026,-20.264885157915803,-21.61971460324582,-22.58825043151742,-19.521279515661185,1.218554958382878,60.478668524912834,0.8286909893731709,-2.0144699660817,2.094555003566412,2.8698886707652664,-1.020006078838822,0,0,0,2
N100,2000-08,1114.880005,3.388545370857554,47.5130286985828,41.88413973777525,50.82666443240258,-7.076563833678429,2.6530128439808287,-10.046003487071763,-20.264885157915803,1.3420207702768527,-19.521279515661185,1.218554958382878,60.478668524912834,0.8286909893731709,0.9195638742754751,-1.092244368533953,0,0,1,2
N100,2000-09,1055.27002,-5.346762407852134,52.75809377034505,36.65586573282878,63.30135205586751,11.039214328003254,-12.482705954280584,24.54358900544371,-7.076563833678429,3.388545370857554,-20.264885157915803,1.3420207702768527,-19.521279515661185,1.218554958382878,3.044938267496309,-0.9875294756368682,0,1,1,2
N100,2000-10,1075.25,1.893352376295132,74.84650722626716,74.61284114468482,80.27979493910267,41.86734560970407,103.54952653010729,26.82161175364879,11.039214328003254,-5.346762407852134,-7.076563833678429,3.388545370857554,-20.264885157915803,1.3420207702768527,3.026072516680935,-0.5465462242076752,0,0,0,2
N100,2000-11,1004.349976,-6.593817623808418,45.440477244059245,47.08891073862711,44.53256746927897,-39.28844654475468,-36.88899924435919,-44.52829942694827,41.86734560970407,1.893352376295132,11.039214328003254,-5.346762407852134,-7.076563833678429,3.388545370857554,4.1861710053585455,-1.1336217395703077,0,1,1,2
N100,2000-12,997.25,-0.7069225040734151,46.01157077666252,44.53382098290228,46.60758584545505,1.2567947504951382,-5.426096538752367,4.659552534462641,-39.28844654475468,-6.593817623808418,41.86734560970407,1.893352376295132,11.039214328003254,-5.346762407852134,4.083792856898457,-1.1222201654653985,0,1,1,2
N100,2001-01,1007.320007,1.0097775883680216,47.34544200281943,39.250703688590754,53.58126591097924,2.8989908486964038,-11.863157433402929,14.962542983127358,1.2567947504951382,-0.7069225040734151,-39.28844654475468,-6.593817623808418,41.86734560970407,1.893352376295132,4.047714310360613,-1.0955901464523845,0,0,1,2
N100,2001-02,922.359985,-8.43426333335996,56.3363071169172,45.95857455049242,65.78157465798515,18.989927506775352,17.089810453134604,22.769728448140224,2.8989908486964038,1.0097775883680216,1.2567947504951382,-0.7069225040734151,-39.28844654475468,-6.593817623808418,4.318104598388257,-0.916092377674739,0,1,1,2
N100,2001-03,881.659973,-4.412595153940901,61.72149381329936,57.44915543833086,65.804611175291,9.558998400811111,25.00203933699969,0.0350197109534544,18.989927506775352,-8.43426333335996,2.8989908486964038,1.0097775883680216,1.2567947504951382,-0.7069225040734151,4.233874074907184,-0.80858003217909,0,1,0,2
N100,2001-04,936.710022,6.2439092944962304,49.02697035471599,47.12476806640625,50.69535102844238,-20.567427445911942,-17.97134752138766,-22.96079237760469,9.558998400811111,-4.412595153940901,18.989927506775352,-8.43426333335996,2.8989908486964038,1.0097775883680216,5.4200219866882176,-1.0620193405876062,0,0,1,2
N100,2001-05,929.130005,-0.8092170278925392,59.95146006922568,56.56440058062154,60.64858498111848,22.282612275385794,20.0311490147036,19.63342545373024,-20.567427445911942,6.2439092944962304,9.558998400811111,-4.412595153940901,18.989927506775352,-8.43426333335996,4.96678371136782,-0.8439178004239036,0,1,1,2
N100,2001-06,896.369995,-3.5258801054433686,70.94172350565593,62.602798779805504,78.85646438598633,18.33193624265337,10.675262421595733,30.02193606089316,22.282612275385794,-0.8092170278925392,-20.567427445911942,6.2439092944962304,9.558998400811111,-4.412595153940901,5.045237174197671,-0.624503123406393,0,1,0,2
N100,2001-07,869.780029,-2.9664051840557204,59.984781203731416,53.3461978666244,62.87733785567745,-15.444990282835402,-14.786241340007166,-20.26355943641387,18.33193624265337,-3.5258801054433686,22.282612275385794,-0.8092170278925392,-20.567427445911942,6.2439092944962304,4.883812534879381,-0.8432525619600832,0,1,1,2
N100,2001-08,812.700012,-6.5625807786856,64.13564220551521,73.31873946036062,56.88255968401509,6.919856867837648,37.43948471017813,-9.53408394201134,-15.444990282835402,-2.9664051840557204,18.33193624265337,-3.5258801054433686,22.282612275385794,-0.8092170278925392,4.456003442322343,-0.7603828626740763,0,1,1,2
N100,2001-09,710.409973,-12.586444873831248,472.49111404418943,791.8359584172566,249.4176373163859,93.42482713456964,104.55736914021404,104.18821894560378,6.919856867837648,-6.5625807786856,-15.444990282835402,-2.9664051840557204,18.33193624265337,-3.5258801054433686,6.233898411640372,7.392213704284887,1,1,1,0
N100,2001-10,743.130005,4.605795701575821,504.05423072076616,840.6995652721774,257.8192534908172,6.680150322070344,6.170925472062505,3.368493208751655,636.705984061322,-12.586444873831248,6.919856867837648,-6.5625807786856,-15.444990282835402,-2.9664051840557204,5.745495328859828,8.022354291115674,0,0,0,0
N100,2001-11,773.130005,4.036978697960114,296.1777104695638,494.21396484375,141.4245381673177,-39.28844654475468,-41.21396212644078,-44.52829942694827,6.680150322070344,4.605795701575821,636.705984061322,-12.586444873831248,6.919856867837648,-6.5625807786856,6.51259745765831,3.872211775036317,0,0,0,0
N100,2001-12,800.469971,3.536270203353453,231.22251793646043,376.6929409888483,121.45619632351784,-21.93115492388762,-23.77938144505022,-14.11943224461908,-41.24090377218973,4.036978697960114,6.680150322070344,4.605795701575821,636.705984061322,-12.586444873831248,6.983496023160626,2.5754164186103274,0,0,0,1
N100,2002-01,779.710022,-2.593470055355773,169.9862031013735,259.16573752126385,104.05673919185516,-26.483715938044828,-31.199736092496558,-14.325705611030717,-21.93115492388762,3.536270203353453,-41.24090377218973,4.036978697960114,6.680150322070344,4.605795701575821,6.971149687066782,1.3528664479931174,0,1,0,2
N100,2002-02,774.530029,-0.6643486493495332,143.41856629507882,209.3824323926653,93.08014828818185,-15.629290096238414,-19.20906119950132,-10.548659307337282,-26.483715938044828,-2.593470055355773,-21.93115492388762,3.536270203353453,-41.24090377218973,4.036978697960114,6.532424158481579,0.8224579202367436,0,1,1,2
N100,2002-03,819.840027,5.849998877190066,150.27259728216356,217.83082137569303,97.68620583318896,4.779040234569632,4.034908223429179,4.948485396420366,-15.629290096238414,-0.6643486493495332,-26.483715938044828,-2.593470055355773,-21.93115492388762,3.536270203353453,3.3178560556028898,0.959294949121256,0,0,1,2
N100,2002-04,783.919983,-4.381347923623635,154.13523864746094,219.28201649983723,99.5971280415853,2.570422974752073,0.6662028426368982,1.956184286304952,4.779040234569632,5.849998877190066,-15.629290096238414,-0.6643486493495332,-26.483715938044828,-2.593470055355773,4.094206004762359,1.0364104989443716,0,1,1,2
N100,2002-05,753.390015,-3.8945260564942186,159.16512766192037,205.2949966922883,137.87667772846837,3.263295959182844,-6.378553075536553,38.434391070895146,2.570422974752073,-4.381347923623635,4.779040234569632,5.849998877190066,-15.629290096238414,-0.6643486493495332,4.183063741964436,1.136829518008396,0,1,0,2
N100,2002-06,687.390015,-8.760402804117328,147.7977030436198,185.49468332926432,127.91307754516602,-7.141906512616192,-9.644810483473298,-7.226457982200928,3.263295959182844,-3.8945260564942186,2.570422974752073,-4.381347923623635,4.779040234569632,5.849998877190066,4.852342634653666,0.9098850215846186,0,1,0,2
N100,2002-07,598.929993,-12.868971045498824,119.3782693186114,161.98243344214654,92.84361993112871,-19.228603110713397,-12.675430618883077,-27.416631893368603,-7.141906512616192,-8.760402804117328,3.263295959182844,-3.8945260564942186,2.570422974752073,-4.381347923623635,6.473629238954845,0.3425063679371067,0,1,1,2
N100,2002-08,596.609985,-0.3873587943691303,127.00253000567037,157.38569099672378,101.1353489045174,6.386640324555559,-2.837803055393984,8.930854892925822,-19.228603110713397,-12.868971045498824,-7.141906512616192,-8.760402804117328,3.263295959182844,-3.8945260564942186,6.504116194328304,0.4947206170153542,0,1,1,2
N100,2002-09,493.690002,-16.199297081301566,170.25116170247395,185.25534108479815,167.8897672017415,34.05336231874485,17.707867793810127,66.00503090195247,6.386640324555559,-0.3873587943691303,-19.228603110713397,-12.868971045498824,-7.141906512616192,-8.760402804117328,6.2885526585565055,1.3581562034407222,0,1,0,2
N100,2002-10,556.109985,12.64355825459882,168.296264894547,195.84739069784845,161.10799457180886,-1.1482428597716532,5.717540747287764,-4.039419878272565,34.05336231874485,-17.25079793962886,6.386640324555559,-0.3873587943691303,-19.228603110713397,-12.868971045498824,10.58198712316523,1.319127743914262,0,0,0,2
N100,2002-11,589.640015,6.029388233336586,156.04842834472657,175.04123814900717,151.88629328409831,-7.277545082473935,-10.623655732508986,-5.723925316195444,-1.1482428597716532,12.64355825459882,34.05336231874485,-17.25079793962886,6.386640324555559,-0.3873587943691303,11.53792663271716,1.0746062985197744,0,0,1,2
N100,2002-12,540.27002,-8.372904440686558,175.05461046772618,174.67416357224988,183.75799191382623,12.179669045440855,-0.2097074841557078,20.983920234403875,-7.277545082473935,6.029388233336586,-1.1482428597716532,12.64355825459882,34.05336231874485,-17.25079793962886,11.5031710680684,1.4540544651606715,0,1,1,2
N100,2003-01,513.75,-4.908660302861156,205.2729772752331,176.48827115951045,244.28261073943108,17.26225132075463,1.0385666375383629,32.93713552006381,12.179669045440855,-8.372904440686558,-7.277545082473935,6.029388233336586,-1.1482428597716532,12.64355825459882,10.612788411433378,2.057347846744926,0,1,1,2
N100,2003-02,479.670013,-6.633574111922147,236.19078636169436,210.63462039402552,291.2838772365025,15.061801848864963,19.34765920147381,19.240528973716557,17.26225132075463,-4.908660302861156,12.179669045440855,-8.372904440686558,-7.277545082473935,6.029388233336586,10.72389340848692,2.6746052158729587,0,1,1,2
N100,2003-03,460.049988,-4.090317190622461,349.2410371841923,413.4505669378465,352.7903245495212,47.86395462919402,96.28803952760548,21.115637396943757,15.061801848864963,-6.633574111922147,17.26225132075463,-4.908660302861156,12.179669045440855,-8.372904440686558,8.323572386915506,4.931592449567863,1,1,0,0
N100,2003-04,510.420013,10.948815631748252,252.85915400187176,326.76046600341795,210.79934641520185,-27.59752518186688,-20.967464520966683,-40.2479796790425,47.86395462919402,-4.090317190622461,15.061801848864963,-6.633574111922147,17.26225132075463,-4.908660302861156,7.783767497774916,3.0073801783052136,0,0,0,2
N100,2003-05,518.289978,1.5418605853136924,159.68020999047064,183.58484895767705,150.55725589875252,-36.85013674083216,-43.81668896391011,-28.5779304067638,-27.59752518186688,10.948815631748252,47.86395462919402,-4.090317190622461,15.061801848864963,-6.633574111922147,7.142702761243866,1.1471128586589634,0,0,0,2
N100,2003-06,530.210022,2.2998793158219177,145.7216801961263,176.93343124389648,127.7050184249878,-8.741552754206271,-3.623075516059593,-15.17843649404218,-36.85013674083216,1.5418605853136924,-27.59752518186688,10.948815631748252,47.86395462919402,-4.090317190622461,6.515445177310568,0.8684383460614599,0,0,0,2
N100,2003-07,554.619995,4.603830932490372,133.95684691398375,166.529414761451,106.6518937387774,-8.073495492440319,-5.880186920754349,-16.485745780285622,-8.741552754206271,2.2998793158219177,-36.85013674083216,1.5418605853136924,-27.59752518186688,10.948815631748252,6.276050048903099,0.6335598001833436,0,0,1,2
N100,2003-08,573.159973,3.3428253880388947,137.39681588449787,179.2770211004442,108.98332251271894,2.5679680059377485,7.654867674430843,2.186017230647508,-8.073495492440319,4.603830932490372,-8.741552754206271,2.2998793158219177,-36.85013674083216,1.5418605853136924,4.872220536719238,0.7022369238011168,0,0,0,2
N100,2003-09,545.52002,-4.822380190879095,118.71830571492514,145.99144999186197,97.7679594039917,-13.59457280674885,-18.56655744515813,-10.290898506437395,2.5679680059377485,3.3428253880388947,-8.073495492440319,4.603830932490372,-8.741552754206271,2.2998793158219177,5.092705278906386,0.3293305508346584,0,1,0,2
N100,2003-10,582.01001,6.689028571307043,107.55338336575416,129.5931615521831,91.48407450029929,-9.404549940243411,-11.232362196959455,-6.427345872819624,-13.59457280674885,-4.822380190879095,2.5679680059377485,3.3428253880388947,-8.073495492440319,4.603830932490372,3.9232197622373848,0.1064289029043117,0,0,1,2
N100,2003-11,589.349976,1.2611408521994385,117.27323557535809,152.34808400472005,93.18425509134929,9.037235190035677,17.55873703519013,1.85844432524096,-9.404549940243411,6.689028571307043,-13.59457280674885,-4.822380190879095,2.5679680059377485,3.3428253880388947,3.935378548397936,0.300480505540044,0,0,1,2
N100,2003-12,608.969971,3.3290906590280445,131.9601605323053,166.63024114793348,112.74830061389554,12.52368017722989,9.374687733369155,20.995011982837084,9.037235190035677,1.2611408521994385,-9.404549940243411,6.689028571307043,-13.59457280674885,-4.822380190879095,3.9614275135489385,0.5936970343747436,0,0,0,2
N100,2004-01,623.73999,2.4254100700147774,114.1432640321793,127.11111671693864,107.96992640341482,-13.501723875035932,-23.716658008020264,-4.238089784469723,12.52368017722989,3.3290906590280445,9.037235190035677,1.2611408521994385,-9.404549940243411,6.689028571307043,3.816279938071202,0.2379923132239155,0,0,1,2
N100,2004-02,640.159973,2.6325044510934648,114.83697246683056,130.29377562424233,103.49829351490942,0.6077524070589702,2.503839939028385,-4.141554076639597,-13.501723875035932,2.4254100700147774,12.52368017722989,3.3290906590280445,9.037235190035677,1.2611408521994385,3.7785196421256417,0.2518418276612841,0,0,1,2
N100,2004-03,620.51001,-3.0695394633803663,137.0413291685043,182.14090384206463,107.18084593742124,19.33554692769983,39.792482771660254,3.558080329103519,0.6077524070589702,2.6325044510934648,-13.501723875035932,2.4254100700147774,12.52368017722989,3.3290906590280445,3.1721548911434767,0.6951398234063075,0,1,1,2
N100,2004-04,627.22998,1.0829752770628032,148.72968673706055,203.51488087972004,120.71956570943196,8.529074870679644,11.73485833593364,12.631659746290346,19.33554692769983,-3.0695394633803663,0.6077524070589702,2.6325044510934648,-13.501723875035932,2.4254100700147774,2.293365058684573,0.9284915729438924,0,0,0,2
N100,2004-05,623.950012,-0.5229290857557412,121.83138078258884,160.97313985516948,91.7239502937563,-18.08536449217786,-20.9035038817104,-24.01898585807304,8.529074870679644,1.0829752770628032,19.33554692769983,-3.0695394633803663,0.6077524070589702,2.6325044510934648,2.4085836806688548,0.391481414137764,0,1,1,2
N100,2004-06,636.890015,2.073884566252704,136.9921531677246,177.06919593811034,107.51701380411784,12.444061856436273,9.9992185636826,17.21803679386078,-18.08536449217786,-0.5229290857557412,8.529074870679644,1.0829752770628032,19.33554692769983,-3.0695394633803663,2.2100272324988084,0.6941580510957076,0,0,0,2
N100,2004-07,620.76001,-2.532620173045108,130.39895802159464,159.34060545890563,120.38267381729618,-4.812826861738328,-10.012238653526872,11.96616196634508,12.444061856436273,2.073884566252704,-18.08536449217786,-0.5229290857557412,8.529074870679644,1.0829752770628032,2.387250278802964,0.562528468977937,0,1,1,2
N100,2004-08,614.909973,-0.9423991406920628,139.9520955239573,177.53836158014113,126.08562567926222,7.326084232038577,11.420664600103292,4.737352711255904,-4.812826861738328,-2.532620173045108,12.444061856436273,2.073884566252704,-18.08536449217786,-0.5229290857557412,1.9961365595027047,0.7532517024753868,0,1,1,2
N100,2004-09,623.530029,1.4018403308609262,152.970458984375,188.2974100748698,129.69852345784506,9.30201395818986,6.060126047672232,2.8654319309747045,7.326084232038577,-0.9423991406920628,-4.812826861738328,-2.532620173045108,12.444061856436273,2.073884566252704,1.7298738552845565,1.0131563017132652,0,0,0,2
N100,2004-10,635.409973,1.905272151696158,118.0625233804026,147.26095236501385,96.845272556428,-22.82005024743897,-21.793426523253423,-25.33047410681982,9.30201395818986,1.4018403308609262,7.326084232038577,-0.9423991406920628,-4.812826861738328,-2.532620173045108,1.8521958569055543,0.3162382105140346,0,0,1,2
N100,2004-11,644.22998,1.3880812978678048,124.46195271809896,154.47430343627929,99.13031984965006,5.420373167086323,4.898346068946902,2.3594825363217,-22.82005024743897,1.905272151696158,9.30201395818986,1.4018403308609262,7.326084232038577,-0.9423991406920628,1.861010232719406,0.4439993628602703,0,0,0,2
N100,2004-12,657.929993,2.126571787298692,107.17075778592016,141.9146915558846,79.30897829609532,-13.892755620942731,-8.130550907824963,-19.995236153396423,5.420373167086323,1.3880812978678048,-22.82005024743897,1.905272151696158,9.30201395818986,1.4018403308609262,1.869748193802898,0.0987899897423557,0,0,0,2
N100,2005-01,675.590027,2.684181324440704,99.38704164566532,126.41269216229838,77.36354717131584,-7.26291042543833,-10.923463401589872,-2.4529771616982887,-13.892755620942731,2.126571787298692,5.420373167086323,1.3880812978678048,-22.82005024743897,1.905272151696158,1.258161307796295,-0.0566077013856682,0,0,1,2
N100,2005-02,696.599976,3.109866658822069,109.60796138218473,108.7996129989624,105.78578090667725,10.283956104618763,-13.932999022537196,36.73853484564569,-7.26291042543833,2.684181324440704,-13.892755620942731,2.126571787298692,5.420373167086323,1.3880812978678048,0.6919446462259001,0.1474474439511143,0,0,0,2
N100,2005-03,697.75,0.1650910191820065,90.47840487572456,87.14632021996283,87.85526915519468,-17.45270714392596,-19.901994301400748,-16.94983162935727,10.283956104618763,3.109866658822069,-7.26291042543833,2.684181324440704,-13.892755620942731,2.126571787298692,1.0394207165933649,-0.2344638256586798,0,0,0,2
N100,2005-04,669.179993,-4.094590756001438,86.93658548990885,102.42798690795898,72.97031523386637,-3.9145466707558807,17.535641951862413,-16.942585304740586,-17.45270714392596,0.1650910191820065,10.283956104618763,3.109866658822069,-7.26291042543833,2.684181324440704,2.6568956051591317,-0.3051743378395897,0,1,1,2
N100,2005-05,700.130005,4.625065352185453,98.79405889203473,105.33132522336898,90.99365062098347,13.63922143399825,2.834516622902017,24.69954436862878,-3.9145466707558807,-4.094590756001438,-17.45270714392596,0.1650910191820065,10.283956104618763,3.109866658822069,3.0727660882757077,-0.0684462819726932,0,0,0,2
N100,2005-06,724.719971,3.512199994913812,81.75722109476725,95.1893081665039,69.31578687032064,-17.244799928592734,-9.628680770281385,-23.82349054326638,13.63922143399825,4.625065352185453,-3.9145466707558807,-4.094590756001438,-17.45270714392596,0.1650910191820065,3.185061830215333,-0.4085775521928494,0,0,1,2
N100,2005-07,754.809998,4.1519522303877565,164.77051716466104,237.00151295815743,116.65942007495512,93.42482713456964,104.55736914021404,68.30137165319535,-17.244799928592734,3.512199994913812,13.63922143399825,4.625065352185453,-3.9145466707558807,-4.094590756001438,3.331800014424402,1.2487380936685877,1,0,0,2
N100,2005-08,748.700012,-0.8094733795510622,116.88755367648216,143.2987120843703,94.36514368364888,-29.06039521641346,-39.53679438760814,-19.11056679090457,101.53634744222848,4.1519522303877565,-17.244799928592734,3.512199994913812,13.63922143399825,4.625065352185453,3.4325684084038204,0.2927805746182023,0,1,0,2
N100,2005-09,779.309998,4.088417992438864,103.76748135884604,130.99529851277669,78.09897527694702,-11.224524686306191,-8.585850767695435,-17.237475376748023,-29.06039521641346,-0.8094733795510622,101.53634744222848,4.1519522303877565,-17.244799928592734,3.512199994913812,3.554183291708564,0.0308454129479047,0,0,0,2
N100,2005-10,754.700012,-3.1579199629362287,87.41865994853359,105.815919445407,73.7711932274603,-15.755245474037638,-19.221589899208325,-5.541406957184714,-11.224524686306191,4.088417992438864,-29.06039521641346,-0.8094733795510622,101.53634744222848,4.1519522303877565,3.244667449045438,-0.295549981494598,0,1,0,2
N100,2005-11,783.679993,3.8399338199559994,82.0722770690918,93.67955487569174,70.19666430155436,-6.115837148029257,-11.469318258843575,-4.84542647274867,-15.755245474037638,-3.1579199629362287,-11.224524686306191,4.088417992438864,-29.06039521641346,-0.8094733795510622,3.134911442091138,-0.4022876297311443,0,0,1,2
N100,2005-12,810.349976,3.4031726263554107,95.3541398817493,131.53387844947076,69.47696587347215,16.183129415888263,40.40830854075885,-1.0252601533749406,-6.115837148029257,3.8399338199559994,-15.755245474037638,-3.1579199629362287,-11.224524686306191,4.088417992438864,3.1242563206046023,-0.1371224081614686,0,0,0,2
N100,2006-01,847.099976,4.535077569990564,93.70335646598568,99.09636282151745,89.04377758887506,-1.73121315740542,-24.660958842184765,28.163019886385037,16.183129415888263,3.4031726263554107,-6.115837148029257,3.8399338199559994,-15.755245474037638,-3.1579199629362287,3.1823872719648256,-0.1700794079723198,0,0,1,2
N100,2006-02,863.5,1.936019887220497,96.56065307344709,102.5961035319737,90.61754550252644,3.049300169411317,3.5316540494625848,1.76740919608962,-1.73121315740542,4.535077569990564,16.183129415888263,3.4031726263554107,-6.115837148029257,3.8399338199559994,2.8839156815452305,-0.1130350235591828,0,0,0,2
N100,2006-03,896.609985,3.834393167342221,91.851620704897,96.4645538330078,86.54391436423025,-4.876761101613781,-5.976396264459504,-4.495411032935781,3.049300169411317,1.936019887220497,-1.73121315740542,4.535077569990564,16.183129415888263,3.4031726263554107,2.85662535471224,-0.2070483128844865,0,0,0,2
N100,2006-04,894.150024,-0.274362436416542,89.32775522867838,92.8047290802002,86.14640655517579,-2.7477636832640484,-3.793958098995864,-0.4593134155932654,-4.876761101613781,3.834393167342221,3.049300169411317,1.936019887220497,-1.73121315740542,4.535077569990564,1.7712383187990717,-0.2574359247468661,0,1,0,2
N100,2006-05,842.609985,-5.764137741610121,84.38873118738974,80.68312811082409,83.90371753323463,-5.529103500524313,-13.06140440203304,-2.603345991576267,-2.7477636832640484,-0.274362436416542,-4.876761101613781,3.834393167342221,3.049300169411317,1.936019887220497,3.849534556612024,-0.3560408736700071,0,1,1,2
N100,2006-06,847.340027,0.561356034725824,102.32296142578124,114.45484237670898,90.22701250712076,21.25192544792216,41.85721978887212,7.536370449118013,-5.529103500524313,-5.764137741610121,-2.7477636832640484,-0.274362436416542,-4.876761101613781,3.834393167342221,3.7080416256912665,0.0020063522291096,0,0,1,2
N100,2006-07,860.659973,1.571971767598335,137.44066902898973,144.6709271092569,133.83614447809035,34.3204566344385,26.40000554375559,48.33267860611912,21.25192544792216,0.561356034725824,-5.529103500524313,-5.764137741610121,-2.7477636832640484,-0.274362436416542,3.285046868881732,0.7031124281591824,0,0,1,2
N100,2006-08,887.179993,3.081358588985972,147.491208968624,160.77977629630797,141.31128421906502,7.312638981344266,11.134821286439632,5.585292201986869,34.3204566344385,1.571971767598335,21.25192544792216,0.561356034725824,-5.529103500524313,-5.764137741610121,3.4285133270206325,0.9037660328213402,0,0,0,2
N100,2006-09,907.080017,2.2430650101461502,113.61922556559244,117.84904912312824,111.18667894999186,-22.965425288660548,-26.70157165417424,-21.317904961059643,7.312638981344266,3.081358588985972,34.3204566344385,1.571971767598335,21.25192544792216,0.561356034725824,3.1710305435639907,0.2275301681119277,0,0,0,2
N100,2006-10,924.099976,1.876345932114165,112.73245288479713,100.46679675194524,124.12324234747118,-0.7804776668569935,-14.749590684454382,11.634993975580254,-22.965425288660548,2.2430650101461502,7.312638981344266,3.081358588985972,34.3204566344385,1.571971767598335,3.222861563146013,0.2098262302154349,0,0,0,2
N100,2006-11,921.72998,-0.2564653242670411,87.80542017618815,84.66829687754313,86.73696505228678,-22.11167420803153,-15.7250956387203,-30.12028737577213,-0.7804776668569935,1.876345932114165,-22.965425288660548,2.2430650101461502,7.312638981344266,3.081358588985972,1.197069360254474,-0.2878285223207669,0,1,1,2
N100,2006-12,962.840027,4.460096545845249,91.50775527954102,79.05746866041615,96.69359145625944,4.216522278378543,-6.626834865052256,11.479103975992969,-22.11167420803153,-0.2564653242670411,-0.7804776668569935,1.876345932114165,-22.965425288660548,2.2430650101461502,1.5755470405393852,-0.2139134004848321,0,0,1,2
N100,2007-01,974.309998,1.191264454983032,97.40868709933372,96.73051378803868,95.33105973274478,6.448559252455,22.35468125539841,-1.4091230897458562,4.216522278378543,4.460096545845249,-22.11167420803153,-0.2564653242670411,-0.7804776668569935,1.876345932114165,1.6113556471872048,-0.0961044819970039,0,0,0,2
N100,2007-02,960.25,-1.44307233107136,95.05105536324638,89.62849848611015,97.72646740504672,-2.420350593251641,-7.342063040718328,2.5127253164051178,6.448559252455,1.191264454983032,4.216522278378543,4.460096545845249,-22.11167420803153,-0.2564653242670411,2.0569078065857185,-0.1431733269698287,0,1,0,2
N100,2007-03,992.320007,3.339756001041394,86.13590178951141,82.20472852645382,85.6678963938067,-9.379331496809671,-8.282823080882917,-12.339104575693804,-2.420350593251641,-1.44307233107136,6.448559252455,1.191264454983032,4.216522278378543,4.460096545845249,2.1966325576301773,-0.3211595557128524,0,0,0,2
N100,2007-04,1037.790039,4.582194421078523,75.71304588317871,82.1852602005005,68.55693855285645,-12.100478069879417,-0.023682732492769,-19.97359403141277,-9.379331496809671,3.339756001041394,-2.420350593251641,-1.44307233107136,6.448559252455,1.191264454983032,2.534266351177298,-0.5292462476757941,0,0,1,2
N100,2007-05,1066.599976,2.776085327217137,91.82276621172504,103.15781870195944,82.37121458976499,21.277337532296347,25.518637344815765,20.15007718913517,-12.100478069879417,4.582194421078523,-9.379331496809671,3.339756001041394,-2.420350593251641,-1.44307233107136,2.289893925105261,-0.2076243772651489,0,0,1,2
N100,2007-06,1066.219971,-0.0356276962826362,98.5847110748291,110.01365140279134,88.00655695597331,7.364126721593589,6.645965169775048,6.841397682763484,21.277337532296347,2.776085327217137,-12.100478069879417,4.582194421078523,-9.379331496809671,3.339756001041394,2.249290155408594,-0.0726257981382684,0,1,1,2
N100,2007-07,1019.929993,-4.341503560150439,113.9830302576865,129.01673864549207,104.86104534518334,15.619378517191729,17.2733901660304,19.151400727609147,7.364126721593589,-0.0356276962826362,21.277337532296347,2.776085327217137,-12.100478069879417,4.582194421078523,3.3711708574753647,0.2347933324095797,0,1,0,2
N100,2007-08,1003.859985,-1.5755991205564923,83.12109104279548,100.07418700187436,73.35449858634702,-27.075906953096485,-22.433175685168337,-30.045997210043584,15.619378517191729,-4.341503560150439,7.364126721593589,-0.0356276962826362,21.277337532296347,2.776085327217137,3.389294130281812,-0.3813486248908387,0,1,1,2
N100,2007-09,1015.070007,1.11669178645466,92.71907399495444,90.46699282328288,93.58469161987304,11.546988654440726,-9.600072172868655,27.578667189324,-27.075906953096485,-1.5755991205564923,15.619378517191729,-4.341503560150439,7.364126721593589,-0.0356276962826362,3.1692998494013875,-0.1897300761955621,0,0,1,2
N100,2007-10,1044.670044,2.916058675350053,100.96206135903635,95.91243030178931,103.749514179845,8.890282235271773,6.019253330486496,10.861629593502276,11.546988654440726,1.11669178645466,-27.075906953096485,-1.5755991205564923,15.619378517191729,-4.341503560150439,2.7809110315205943,-0.0251632829962064,0,0,0,2
N100,2007-11,1000.570007,-4.221432140539094,89.11012655893961,80.4546085993449,95.28441146214804,-11.738998432242251,-16.116598916121973,-8.159173355764459,8.890282235271773,2.916058675350053,11.546988654440726,1.11669178645466,-27.075906953096485,-1.5755991205564923,2.9194919468657825,-0.2617807636633019,0,1,1,2
N100,2007-12,995.22998,-0.5336984881258888,94.64804052537488,85.06247354322865,97.48771335232642,6.2146853340762975,5.727285265696103,2.3123424454939867,-11.738998432242251,-4.221432140539094,8.890282235271773,2.916058675350053,11.546988654440726,1.11669178645466,2.892741461257757,-0.1512193006624815,0,1,0,2
N100,2008-01,864.469971,-13.138672631224392,80.78886364352319,81.53163952981272,76.77330804640248,-14.642856634877798,-4.150871549275559,-21.24822153850388,6.2146853340762975,-0.5336984881258888,-11.738998432242251,-4.221432140539094,8.890282235271773,2.916058675350053,5.713981381845636,-0.4279102859922885,0,1,1,2
N100,2008-02,852.950012,-1.3326037209452135,81.6396739565093,88.45064189516265,72.8041961275298,1.0531282092792749,8.48627895287195,-5.169911288013928,-14.642856634877798,-13.138672631224392,6.2146853340762975,-0.5336984881258888,-11.738998432242251,-4.221432140539094,5.723316176051716,-0.4109243173567951,0,1,0,2
N100,2008-03,833.820007,-2.2428049394294325,78.19353657384073,84.13256103761735,72.61432629246866,-4.221155249228914,-4.881910142227531,-0.2607951809928011,1.0531282092792749,-1.3326037209452135,-14.642856634877798,-13.138672631224392,6.2146853340762975,-0.5336984881258888,5.452880539442791,-0.479724589993553,0,1,0,2
N100,2008-04,889.369995,6.66210783306378,71.86557184855143,70.36499150594075,69.58370641072591,-8.092695384500992,-16.364139355654284,-4.173583969554883,-4.221155249228914,-2.2428049394294325,1.0531282092792749,-1.3326037209452135,-14.642856634877798,-13.138672631224392,6.40902500304794,-0.6060589899293325,0,0,1,2
N100,2008-05,891.919983,0.2867184652434851,73.08874597857076,75.19145030360067,71.38500275150422,1.7020307479039154,6.85917626701118,2.588675472596913,-8.092695384500992,6.66210783306378,-4.221155249228914,-2.2428049394294325,1.0531282092792749,-1.3326037209452135,6.426560101885501,-0.5816389786869506,0,0,1,2
N100,2008-06,782.97998,-12.214100488429136,86.7860169728597,80.27725048065186,87.26098276774088,18.740602004999385,6.763801145630577,22.23993752791742,1.7020307479039154,0.2867184652434851,-8.092695384500992,6.66210783306378,-4.221155249228914,-2.2428049394294325,7.649385852703578,-0.3081803570063219,0,1,1,2
N100,2008-07,759.280029,-3.026891057929726,89.47498493809854,87.2099857945596,84.52966382426601,3.0983884950956497,8.635989987697258,-3.130057508915207,18.740602004999385,-12.214100488429136,1.7020307479039154,0.2867184652434851,-8.092695384500992,6.66210783306378,6.101557124818455,-0.2544965630721747,0,1,0,2
N100,2008-08,782.809998,3.0989843142575246,88.47457368912235,105.41860654277188,75.39880838701802,-1.1180904357439236,20.879054826480868,-10.801954040927797,3.0983884950956497,-3.026891057929726,18.740602004999385,-12.214100488429136,1.7020307479039154,0.2867184652434851,6.45337800846835,-0.2744692336408515,0,0,1,2
N100,2008-09,690.880005,-11.743589534481137,89.21801058451335,95.21897468566894,82.42706019083658,0.8402831055205118,-9.675362055715087,9.321436179392803,-1.1180904357439236,3.0989843142575246,3.0983884950956497,-3.026891057929726,18.740602004999385,-12.214100488429136,7.778415971060567,-0.2596269173279952,0,1,0,2
N100,2008-10,589.090027,-14.733380219912428,64.97080649099043,76.1353960960142,53.63574997071297,-27.17747676132537,-20.041781223387755,-34.929439620272106,0.8402831055205118,-11.743589534481137,-1.1180904357439236,3.0989843142575246,3.0983884950956497,-3.026891057929726,7.458189397504179,-0.7437092585321883,0,1,1,2
N100,2008-11,551.700012,-6.34707995149949,79.13092206319173,96.24985440572102,67.7355552037557,21.79458180831557,26.41932575531689,26.28807323611904,-27.17747676132537,-14.733380219912428,0.8402831055205118,-11.743589534481137,-1.1180904357439236,3.0989843142575246,6.726496705950535,-0.4610101946947942,0,1,1,2
N100,2008-12,544.919983,-1.228933995382986,94.08670757662864,107.55399310204292,87.6594942154423,18.90005212057766,11.744577450134797,29.414299405612443,21.79458180831557,-6.34707995149949,-27.17747676132537,-14.733380219912428,0.8402831055205118,-11.743589534481137,6.6797561515264405,-0.1624260099794005,0,1,0,2
N100,2009-01,518.789978,-4.795200362472296,86.23219754618984,91.03520405677055,87.53845571702526,-8.348161215059768,-15.358601358110413,-0.1380780250905378,18.90005212057766,-1.228933995382986,21.79458180831557,-6.34707995149949,-27.17747676132537,-14.733380219912428,6.57840193931707,-0.3192370629107492,0,1,0,2
N100,2009-02,469.649994,-9.472038027689123,67.12189470018659,63.14009993416922,65.29873490333557,-22.16144710421756,-30.64210643742353,-25.40565815506419,-8.348161215059768,-4.795200362472296,18.90005212057766,-1.228933995382986,21.79458180831557,-6.34707995149949,4.906177689835944,-0.7007639435825536,0,1,1,2
N100,2009-03,478.459991,1.875864391046922,72.05849173761183,73.33846209126133,69.22285332218293,7.35467474432232,16.151957579612763,6.0094861327044,-22.16144710421756,-9.472038027689123,-8.348161215059768,-4.795200362472296,18.90005212057766,-1.228933995382986,5.906097893263386,-0.6022074484814606,0,0,1,2
N100,2009-04,537.400024,12.318696256465046,85.95789963404337,83.50890401204427,85.18863232930501,19.28906303929281,13.86781455565156,23.06431798298285,7.35467474432232,1.875864391046922,-22.16144710421756,-9.472038027689123,-8.348161215059768,-4.795200362472296,7.746326667124699,-0.3247132726620728,0,0,1,2
N100,2009-05,561.080017,4.406399691563823,91.18033575242563,93.24943800895444,89.41171313870338,6.075574369099579,11.664066379682492,4.957329040186531,19.28906303929281,12.318696256465046,7.35467474432232,1.875864391046922,-22.16144710421756,-9.472038027689123,7.580271954940801,-0.2204501546042201,0,0,0,2
N100,2009-06,542.299988,-3.3471213429438595,81.25230356852214,73.67756567001342,81.75211544036866,-10.88834791183514,-20.988729537503048,-8.566660261226033,6.075574369099579,4.406399691563823,19.28906303929281,12.318696256465046,7.35467474432232,1.875864391046922,7.725800217286765,-0.4186579580523049,0,1,0,2
N100,2009-07,589.25,8.65757201528834,81.08385159892421,76.3114563111336,80.97563048331968,-0.2073196231979657,3.5748882542032234,-0.9498041156076996,-10.88834791183514,-3.3471213429438595,6.075574369099579,4.406399691563823,19.28906303929281,12.318696256465046,7.947484295081766,-0.4220210106957725,0,0,0,2
N100,2009-08,629.669983,6.859564361476456,73.76000755063949,78.4546751206921,65.25164118120748,-9.03243235719934,2.808515147214941,-19.41817458939232,-0.2073196231979657,8.65757201528834,-10.88834791183514,-3.3471213429438595,6.075574369099579,4.406399691563823,5.478815195424774,-0.5682376037443344,0,0,1,2
N100,2009-09,659.659973,4.762810807197093,91.13029925028484,75.68046391805014,96.45980974833172,23.54974230136824,-3.536068689818938,47.82740786619817,-9.03243235719934,6.859564361476456,-0.2073196231979657,8.65757201528834,-10.88834791183514,-3.3471213429438595,5.258366989981061,-0.2214491063600006,0,0,0,2
N100,2009-10,632.159973,-4.168814408267874,90.38770306494928,89.20428694448164,89.28504986916819,-0.8148729801666255,17.869635473000866,-7.4380821379212865,23.54974230136824,4.762810807197093,-9.03243235719934,6.859564361476456,-0.2073196231979657,8.65757201528834,5.358226695740928,-0.2362746383504112,0,1,0,2
N100,2009-11,640.5,1.319290584062327,81.02965710957845,82.64781697591145,73.95016460418701,-10.353229076577463,-7.349949417398238,-17.175199305428855,-0.8148729801666255,-4.168814408267874,23.54974230136824,4.762810807197093,-9.03243235719934,6.859564361476456,5.328371979601347,-0.4231029744216385,0,0,1,2
N100,2009-12,683.76001,6.754099921935985,95.82213678667624,100.3492317199707,92.03632293208952,18.25563652218536,21.41788542245284,24.457225247174776,-10.353229076577463,1.319290584062327,-0.8148729801666255,-4.168814408267874,23.54974230136824,4.762810807197093,4.731745748138109,-0.1277791025770587,0,0,0,2
N100,2010-01,658.880005,-3.6387043167382616,93.6784295112856,102.653564453125,87.86365244465489,-2.237173316394569,2.296313278794848,-4.53372142052385,18.25563652218536,6.754099921935985,-10.353229076577463,1.319290584062327,-0.8148729801666255,-4.168814408267874,4.983181650999185,-0.170577061167458,0,1,0,2
N100,2010-02,651.969971,-1.048754545222541,81.47286292484829,81.01815795898438,80.05752774647304,-13.029217772023904,-21.07613759872904,-8.88436171384852,-2.237173316394569,-3.6387043167382616,18.25563652218536,6.754099921935985,-10.353229076577463,1.319290584062327,4.452456799401182,-0.4142546095601225,0,1,0,2
N100,2010-03,698.51001,7.138371561594514,72.72510971561555,67.32707777330953,73.52030064982753,-10.73701462694614,-16.898779891547267,-8.165661969162553,-13.029217772023904,-1.048754545222541,-2.237173316394569,-3.6387043167382616,18.25563652218536,6.754099921935985,4.965919272021893,-0.5888987803877629,0,0,1,2
N100,2010-04,681.299988,-2.463818950855124,88.62468554178874,79.6067726135254,92.83870468139648,21.86256698456273,18.238865024799743,26.2762854080008,-10.73701462694614,7.138371561594514,-13.029217772023904,-1.048754545222541,-2.237173316394569,-3.6387043167382616,4.645355384435564,-0.2714723315320161,0,1,0,2
N100,2010-05,635.559998,-6.713634346930308,87.13836805282101,83.16650359861312,86.94786573225453,-1.6770919748616664,4.471643389400404,-6.345240349225156,21.86256698456273,-2.463818950855124,-10.73701462694614,7.138371561594514,-13.029217772023904,-1.048754545222541,5.693108691891845,-0.3011458578922958,0,1,1,2
N100,2010-06,625.0,-1.6615265330150564,96.34650853474936,69.67944971720378,111.88416697184245,10.567262949366471,-16.216930251753723,28.67960131002669,-1.6770919748616664,-6.713634346930308,21.86256698456273,-2.463818950855124,-10.73701462694614,7.138371561594514,4.636243143741512,-0.1173103036801013,0,1,0,2
N100,2010-07,656.75,5.079999999999996,79.39271330064342,81.76249122619629,76.34224307152533,-17.59668875597209,17.340896861315503,-31.766714506854075,10.567262949366471,-1.6615265330150564,-1.6770919748616664,-6.713634346930308,21.86256698456273,-2.463818950855124,5.133193448063576,-0.4557836739527096,0,0,1,2
N100,2010-08,633.530029,-3.5355875142748405,81.61330942953786,84.75737048733619,74.11711311340332,2.79697724964445,3.662901186382084,-2.9146772070048788,-17.59668875597209,5.079999999999996,10.567262949366471,-1.6615265330150564,-1.6770919748616664,-6.713634346930308,5.336519926565422,-0.4114506709063362,0,1,0,2
N100,2010-09,671.849976,6.048639408693268,71.82437750498454,70.37432320912679,69.72902139027913,-11.994283766920088,-16.969671422685785,-5.920483865055792,2.79697724964445,-3.5355875142748405,-17.59668875597209,5.079999999999996,10.567262949366471,-1.6615265330150564,5.040650158982486,-0.6068814127621388,0,0,0,2
N100,2010-10,692.849976,3.125697812036532,65.55662228984218,74.25972569373346,63.16021014798072,-8.726501270000398,5.521051297446489,-9.4204839123329,-11.994283766920088,6.048639408693268,2.79697724964445,-3.5355875142748405,-17.59668875597209,5.079999999999996,5.129930988084904,-0.7320137623286357,0,0,1,2
N100,2010-11,657.98999,-5.031390229852583,95.60385462443034,80.85895284016927,102.02185897827148,45.83401536726808,8.886683979486731,61.52868829796508,-8.726501270000398,3.125697812036532,-11.994283766920088,6.048639408693268,2.79697724964445,-3.5355875142748405,4.691207538143822,-0.1321369881186469,1,1,1,2
N100,2010-12,697.469971,6.000088390402403,97.89414264309792,94.39043466506466,98.9651261606524,2.3956021728043453,16.73467358851721,-2.9961547929352017,45.83401536726808,-5.031390229852583,-8.726501270000398,3.125697812036532,-11.994283766920088,6.048639408693268,4.964124897234198,-0.0864126241122966,0,0,0,2
N100,2011-01,716.51001,2.729872222699603,78.83949353618007,77.48969244187877,77.08557048920662,-19.46454465246935,-17.9051429132163,-22.108349193561573,2.3956021728043453,6.000088390402403,45.83401536726808,-5.031390229852583,-8.726501270000398,3.125697812036532,4.75591486172805,-0.4668284079248787,0,0,1,2
N100,2011-02,732.809998,2.274914205315848,88.93610232216972,84.70568302699498,89.67357962472099,12.806536842294957,9.312194122500305,16.329916293837265,-19.46454465246935,2.729872222699603,2.3956021728043453,6.000088390402403,45.83401536726808,-5.031390229852583,4.051090221468471,-0.2652550636129752,0,0,1,2
N100,2011-03,713.159973,-2.681462460068662,136.0791222356981,156.13775290212322,126.68266185637444,53.00774228080458,84.32972537670638,41.27088757528632,12.806536842294957,2.274914205315848,-19.46454465246935,2.729872222699603,2.3956021728043453,6.000088390402403,4.099733931104651,0.6759298813874604,1,1,0,2
N100,2011-04,727.909973,2.06825965539712,90.6722047805786,111.14294446309408,73.5580285390218,-33.36802641662523,-28.8173792710048,-41.93520450145128,53.00774228080458,-2.681462460068662,12.806536842294957,2.274914205315848,-19.46454465246935,2.729872222699603,4.015533691170404,-0.2305947151705158,0,0,1,2
N100,2011-05,714.070007,-1.90132935573889,104.47366776004914,120.63443325411887,96.0221432101342,15.221272067740331,8.53989323107822,30.539310415579468,-33.36802641662523,2.06825965539712,53.00774228080458,-2.681462460068662,12.806536842294957,2.274914205315848,3.215499034072997,0.0449440432519357,0,1,0,2
N100,2011-06,704.539978,-1.3346070982645286,84.53678283691406,97.33198216756185,72.88245728810628,-19.08316741489856,-19.316583547476828,-24.098281030229863,15.221272067740331,-1.90132935573889,-33.36802641662523,2.06825965539712,53.00774228080458,-2.681462460068662,2.419463519726948,-0.3530851024048154,0,1,0,2
N100,2011-07,668.429993,-5.12532803354987,78.2851328695974,99.24549016644876,60.41787485922536,-7.395183206081024,1.9659601667134647,-17.102308144754364,-19.08316741489856,-1.3346070982645286,15.221272067740331,-1.90132935573889,-33.36802641662523,2.06825965539712,2.8575416655447627,-0.4778959193920065,0,1,1,2
N100,2011-08,600.440002,-10.171594888322122,86.39183038280856,111.57653574789724,62.886020106654016,10.35534745366633,12.424791857813933,4.085124233812376,-7.395183206081024,-5.12532803354987,-19.08316741489856,-1.3346070982645286,15.221272067740331,-1.90132935573889,4.135195655331715,-0.3160500794966862,0,1,0,2
N100,2011-09,559.280029,-6.8549685002499245,83.14460322062175,93.88602275848388,70.98976675669353,-3.758720179672215,-15.85504772202676,12.886404062931067,10.35534745366633,-10.171594888322122,-7.395183206081024,-5.12532803354987,-19.08316741489856,-1.3346070982645286,4.376325862122125,-0.3808792169522968,0,1,0,2
N100,2011-10,601.809998,7.604414031383189,75.16556069158739,90.5741471321352,63.65037210526005,-9.59658500968753,-3.527549180423029,-10.338665679221236,-3.758720179672215,-6.8549685002499245,10.35534745366633,-10.171594888322122,-7.395183206081024,-5.12532803354987,6.1194111484780525,-0.5401764939960677,0,0,1,2
N100,2011-11,587.169983,-2.432663971793958,83.25008093516031,70.99307772318522,95.16603965759278,10.75561755834511,-21.6188283621196,49.51372083137953,-9.59658500968753,7.604414031383189,-3.758720179672215,-6.8549685002499245,10.35534745366633,-10.171594888322122,6.104786059583733,-0.3787734113178923,0,1,1,2
N100,2011-12,592.849976,0.9673507100924184,84.81960911904612,77.63644483012538,86.84766141829952,1.885317306908374,9.357767433106437,-8.740910380659695,10.75561755834511,-2.432663971793958,-9.59658500968753,7.604414031383189,-3.758720179672215,-6.8549685002499245,6.3034394829053495,-0.347438628350302,0,0,0,2
N100,2012-01,613.75,3.5253478697956586,77.90155767625377,61.71806113950668,91.26849322165212,-8.156193496580155,-20.503751460347488,5.090329124764548,1.885317306908374,0.9673507100924184,10.75561755834511,-2.432663971793958,-9.59658500968753,7.604414031383189,6.6110103898698815,-0.4855537910750859,0,0,1,2
N100,2012-02,640.72998,4.395923421588588,91.4857845964103,77.98118065143454,103.34518873280491,17.437683308734808,26.350664962022897,13.232053126837195,-8.156193496580155,3.5253478697956586,1.885317306908374,0.9673507100924184,10.75561755834511,-2.432663971793958,5.1917352439289735,-0.2143520333138689,0,0,0,2
N100,2012-03,642.309998,0.2465965460208385,88.0797755333685,86.14695296748992,86.66009946023264,-3.722992679209569,10.47146535592387,-16.145008274851524,17.437683308734808,4.395923421588588,-8.156193496580155,3.5253478697956586,1.885317306908374,0.9673507100924184,3.532106242948276,-0.2823511657103503,0,0,1,2
N100,2012-04,612.580017,-4.628603181107572,98.3707051595052,88.1813424428304,104.64068247477212,11.683646516830692,2.361533873529132,20.748398774675515,-3.722992679209569,0.2465965460208385,17.437683308734808,4.395923421588588,-8.156193496580155,3.5253478697956586,3.445975621726566,-0.0768983107183564,0,1,0,2
N100,2012-05,576.809998,-5.83924026369278,77.68080416033345,69.08255398658014,79.93533497471964,-21.032583801878506,-21.65853674617435,-23.60969645434864,11.683646516830692,-4.628603181107572,-3.722992679209569,0.2465965460208385,17.437683308734808,4.395923421588588,4.194603922426401,-0.4899610158587595,0,1,0,2
N100,2012-06,611.809998,6.067855987475457,77.59097859064738,81.92765919367473,70.51085557937623,-0.115634191299907,18.59384817994694,-11.790129356840753,-21.032583801878506,-5.83924026369278,11.683646516830692,-4.628603181107572,-3.722992679209569,0.2465965460208385,4.935310465985293,-0.4917543348701357,0,0,1,2
N100,2012-07,632.169983,3.327828094760888,81.20776933239353,89.00009404459307,77.46019707956621,4.661354718603983,8.632536216126097,9.8557044062058,-0.115634191299907,6.067855987475457,-21.032583801878506,-5.83924026369278,11.683646516830692,-4.628603181107572,4.91272600134825,-0.4195470600372483,0,0,0,2
N100,2012-08,650.609985,2.9169372946959538,74.8681123795048,78.25724669425718,70.49690803404778,-7.806712344159738,-12.070602245603512,-8.989505976038025,4.661354718603983,3.327828094760888,-0.115634191299907,6.067855987475457,-21.032583801878506,-5.83924026369278,4.717083185218694,-0.5461148889856426,0,0,0,2
N100,2012-09,642.380005,-1.2649636786622789,68.97198734283447,65.10240313212077,68.31967938741049,-7.87534886252107,-16.80974493458861,-3.0884030340532886,-7.806712344159738,2.9169372946959538,4.661354718603983,3.327828094760888,-0.115634191299907,6.067855987475457,4.763751376938427,-0.6638278426431106,0,1,1,2
N100,2012-10,651.859985,1.475758885116618,81.94055532640026,86.90206847652313,75.07558896464687,18.8026595770016,33.48519301224788,9.888672836016443,-7.87534886252107,-1.2649636786622789,-7.806712344159738,2.9169372946959538,4.661354718603983,3.327828094760888,4.16725796420661,-0.404917383221224,0,0,0,2
N100,2012-11,670.289978,2.827293195485825,79.75129572550456,87.46022033691406,73.34758491516114,-2.6717656381202715,0.6422768412488677,-2.301685638855866,18.8026595770016,1.475758885116618,-7.87534886252107,-1.2649636786622789,-7.806712344159738,2.9169372946959538,2.4041370614113315,-0.4486247694014081,0,0,0,2
N100,2012-12,677.960022,1.1442874355492627,74.97084549934634,85.26028196273312,64.21883093926215,-5.994197564654025,-2.515358829084069,-12.44588214657365,-2.6717656381202715,2.827293195485825,18.8026595770016,1.475758885116618,-7.87534886252107,-1.2649636786622789,1.705465445291679,-0.5440638777028454,0,0,1,2
N100,2013-01,698.73999,3.0650727661933,90.2403597062634,109.75873522604664,83.89209476594002,20.367269576878645,28.73372301773727,30.63472744510833,-5.994197564654025,1.1442874355492627,-2.6717656381202715,2.827293195485825,18.8026595770016,1.475758885116618,1.659219620089731,-0.2392162689713456,0,0,0,2
N100,2013-02,703.590027,0.6941118397989499,82.87265164511544,87.37166687420437,78.62591293879917,-8.164537558505069,-20.3966165478642,-6.277327848152503,20.367269576878645,3.0650727661933,-5.994197564654025,1.1442874355492627,-2.6717656381202715,2.827293195485825,1.577722612229131,-0.3863085833591407,0,0,0,2
N100,2013-03,713.080017,1.348795411507453,74.79130831072408,70.25588681620937,79.46081779849145,-9.751520162523589,-19.589622895300696,1.0618698447955044,-8.164537558505069,0.6941118397989499,20.367269576878645,3.0650727661933,-5.994197564654025,1.1442874355492627,0.9599403935796542,-0.5476482407603864,0,0,1,2
N100,2013-04,726.809998,1.9254474494690528,93.84421526590982,83.1100798924764,99.8020144144694,25.47476088535521,18.296250547507608,25.599027520157392,-9.751520162523589,1.348795411507453,-8.164537558505069,0.6941118397989499,20.367269576878645,3.0650727661933,0.9508949391516408,-0.1672672380667305,0,0,0,2
N100,2013-05,740.840027,1.9303571825658892,83.38529759068643,96.31220405332505,76.66901059304514,-11.144978564302331,15.885105847484285,-23.178894691799336,25.47476088535521,1.9254474494690528,-9.751520162523589,1.348795411507453,-8.164537558505069,0.6941118397989499,0.825818175170607,-0.3760738837796071,0,0,0,2
N100,2013-06,703.840027,-4.994330577659245,82.57989651362101,85.31224797566732,78.08507897059123,-0.965878998260461,-11.421144584716792,1.8469892419278768,-11.144978564302331,1.9303571825658892,25.47476088535521,1.9254474494690528,-9.751520162523589,1.348795411507453,2.879117286626261,-0.3921532815316291,0,1,0,2
N100,2013-07,751.710022,6.801260679083265,77.08005560598066,75.28471995938209,75.0804361527966,-6.660023976577866,-11.753913716053145,-3.847909046651865,-0.965878998260461,-4.994330577659245,-11.144978564302331,1.9303571825658892,25.47476088535521,1.9254474494690528,3.7693235127476137,-0.5019546364652614,0,0,1,2
N100,2013-08,741.409973,-1.3702157345987789,88.84743185966245,104.4280973249866,78.84740774093136,15.266434567502763,38.71087968624718,5.017247875956099,-6.660023976577866,6.801260679083265,-0.965878998260461,-4.994330577659245,-11.144978564302331,1.9303571825658892,3.9249657404554728,-0.2670253215330478,0,1,1,2
N100,2013-09,776.130005,4.682973424205605,98.07846705118816,97.374010403951,98.14722569783528,10.38976028717007,-6.754970263494176,24.47742863064981,15.266434567502763,-1.3702157345987789,-6.660023976577866,6.801260679083265,-0.965878998260461,-4.994330577659245,4.2193664300495,-0.0827326868021949,0,0,0,2
N100,2013-10,803.47998,3.523890949171582,73.56673326799947,80.33374651016727,65.35439909658125,-24.99196257869301,-17.499807005065403,-33.411873201809016,10.38976028717007,4.682973424205605,15.266434567502763,-1.3702157345987789,-6.660023976577866,6.801260679083265,4.301572164974415,-0.5720962204687234,0,0,1,2
N100,2013-11,804.640015,0.1443763415237775,76.75024941762288,52.19944121042887,91.32140051523844,4.327385501849101,-35.02177667784688,39.73259914804351,-24.99196257869301,3.523890949171582,10.38976028717007,4.682973424205605,15.266434567502763,-1.3702157345987789,4.349149545789006,-0.508539038988046,0,0,0,2
N100,2013-12,809.950012,0.6599220646514858,70.2421502144106,68.61865160542149,68.88867827384702,-8.47958052592066,31.45476276039567,-24.564584111528333,4.327385501849101,0.1443763415237775,-24.99196257869301,3.523890949171582,10.38976028717007,4.682973424205605,3.104066145118568,-0.6384697265398416,0,0,1,2
N100,2014-01,786.580017,-2.885362633959687,78.61989428920131,86.78251980197045,68.41249278283888,11.926947066993351,26.4707448654002,-0.6912391164121345,-8.47958052592066,0.6599220646514858,4.327385501849101,0.1443763415237775,-24.99196257869301,3.523890949171582,2.871861208809368,-0.4712125883522027,0,1,0,2
N100,2014-02,829.01001,5.3942373417808165,70.26414687292916,61.49816117967878,73.86041593551636,-10.628031863710918,-29.135312825656825,7.963345481315476,11.926947066993351,-2.885362633959687,-8.47958052592066,0.6599220646514858,4.327385501849101,0.1443763415237775,3.165721379086919,-0.6380305751262079,0,0,1,2
N100,2014-03,831.469971,0.2967347764594619,119.53876396917528,75.00083989481772,150.81426780454575,70.12768145517792,21.956231627297345,104.18821894560378,-10.628031863710918,5.3942373417808165,11.926947066993351,-2.885362633959687,-8.47958052592066,0.6599220646514858,2.8949427279362494,0.3457105570013821,1,0,0,2
N100,2014-04,841.51001,1.207504702536033,92.7823445002238,61.30099623998006,112.3606637954712,-22.3830484610423,-18.26625365002648,-25.49732500038402,70.12768145517792,0.2967347764594619,-10.628031863710918,5.3942373417808165,11.926947066993351,-2.885362633959687,2.666745737436308,-0.1884669147109705,0,0,0,2
N100,2014-05,852.190002,1.269146162622614,83.18502376925561,75.96359517497402,92.24833537686256,-10.343908404842097,23.91902225796312,-17.89979494533681,-22.3830484610423,1.207504702536033,70.12768145517792,0.2967347764594619,-10.628031863710918,5.3942373417808165,2.6506806787281185,-0.3800722425176376,0,0,1,2
N100,2014-06,840.880005,-1.3271684687049534,98.1738182067871,105.45366484324136,96.13338797887168,18.01862133153733,38.82131908098889,4.211515130476329,-10.343908404842097,1.269146162622614,-22.3830484610423,1.207504702536033,70.12768145517792,0.2967347764594619,2.819014579317982,-0.0808290524507526,0,1,1,2
N100,2014-07,814.840027,-3.096753144938913,136.12800659671908,115.96761592741936,161.79567853866084,38.660193810520525,9.970209285573103,68.30331473828896,18.01862133153733,-1.3271684687049534,-10.343908404842097,1.269146162622614,-22.3830484610423,1.207504702536033,2.8729782622381843,0.6769058312677037,0,1,0,2
N100,2014-08,836.929993,2.710957398758218,132.44592408211,107.58255644767516,154.0424594263877,-2.7048677246242936,-7.230518117223495,-4.791981579669047,38.660193810520525,-3.096753144938913,18.01862133153733,-1.3271684687049534,-10.343908404842097,1.269146162622614,2.0818252433296998,0.6033950414337895,0,0,0,2
N100,2014-09,844.219971,0.8710379674492064,130.56609942118328,121.00510635375976,142.43847586313885,-1.419314844118058,12.476511387431977,-7.53297734044166,-2.7048677246242936,2.710957398758218,38.660193810520525,-3.096753144938913,18.01862133153733,-1.3271684687049534,2.101554924482463,0.5658653567986086,0,0,0,2
N100,2014-10,819.47998,-2.930514776936022,80.79179345407793,74.09397866649013,83.08987451368763,-38.12192153075063,-38.76789096000993,-41.66613058010812,-1.419314844118058,0.8710379674492064,-2.7048677246242936,2.710957398758218,38.660193810520525,-3.096753144938913,2.392216043313403,-0.4278517939060605,0,1,1,2
N100,2014-11,850.539978,3.790208273300344,84.14203809102376,77.99142316182454,87.09242757161458,4.1467635433172,5.26013660688609,4.817136963262114,-38.12192153075063,-2.930514776936022,-1.419314844118058,0.8710379674492064,-2.7048677246242936,2.710957398758218,2.9124833508175216,-0.3609659681752187,0,0,1,2
N100,2014-12,839.52002,-1.295642566492028,85.45243663172567,94.30592924548732,80.33614915417087,1.5573648683008257,20.918333609340344,-7.757595701288888,4.1467635433172,3.790208273300344,-38.12192153075063,-2.930514776936022,-1.419314844118058,0.8710379674492064,2.909630818613427,-0.3348045686568722,0,1,1,2
N100,2015-01,906.280029,7.9521640234380575,108.33973257003292,146.6483586834323,81.6583960748488,26.783666844919374,55.50279802841731,1.645892832304474,1.5573648683008257,-1.295642566492028,4.1467635433172,3.790208273300344,-38.12192153075063,-2.930514776936022,3.884554449899804,0.1221279403002564,0,0,1,2
N100,2015-02,973.01001,7.363064269840591,112.50795323508126,110.6266494478498,116.82035664149691,3.8473610430540095,-24.56332246673284,43.05982269651534,26.783666844919374,7.9521640234380575,1.5573648683008257,-1.295642566492028,4.1467635433172,3.790208273300344,4.50549010083755,0.205344215892678,0,0,0,2
N100,2015-03,984.5,1.1808706880620967,103.47884836504537,80.65029876462874,119.2300068024666,-8.025303643352133,-27.09686213298193,2.062697144783177,3.8473610430540095,7.363064269840591,26.783666844919374,7.9521640234380575,1.5573648683008257,-1.295642566492028,4.483085985283465,0.0250830110293626,0,0,0,2
N100,2015-04,983.710022,-0.0802415439309367,99.56071904500324,92.08395849863687,107.84801419576009,-3.786405996924136,14.17683493941706,-9.546248391618018,-8.025303643352133,1.1808706880620967,3.8473610430540095,7.363064269840591,26.783666844919374,7.9521640234380575,3.8806238386192415,-0.0531403258581029,0,1,0,2
N100,2015-05,983.52002,-0.0193148382908292,74.41008684712071,71.70904147240424,75.1276002699329,-25.261601602650146,-22.12645650603112,-30.3393754347992,-3.786405996924136,-0.0802415439309367,-8.025303643352133,1.1808706880620967,3.8473610430540095,7.363064269840591,4.062644167089906,-0.5552591214997333,0,1,1,2
N100,2015-06,940.559998,-4.367986530665647,85.28621266682943,88.44556840260823,80.42666390736898,14.61646704169861,23.33949330035976,7.053417942802098,-25.261601602650146,-0.0193148382908292,-3.786405996924136,-0.0802415439309367,-8.025303643352133,1.1808706880620967,4.771118141438752,-0.3381231403891369,0,1,1,2
N100,2015-07,987.830017,5.025731383485876,106.23084825085056,89.69054517438335,118.30285398421748,24.558055668202016,1.4076191653921155,47.09407084256565,14.61646704169861,-4.367986530665647,-25.261601602650146,-0.0193148382908292,-3.786405996924136,-0.0802415439309367,4.150786830915269,0.0800252032332923,0,0,0,2
N100,2015-08,900.52002,-8.83856488438739,80.77308187177104,72.6687409493231,83.29964871560374,-23.96457036562888,-18.978370788097155,-29.58779445277242,24.558055668202016,5.025731383485876,14.61646704169861,-4.367986530665647,-25.261601602650146,-0.0193148382908292,4.805377860520323,-0.4282253605463964,0,1,1,2
N100,2015-09,858.549988,-4.660643968803724,96.26670481363932,79.88457260131835,111.3503412882487,19.18166619724222,9.929760111059792,33.674442815976114,-23.96457036562888,-8.83856488438739,24.558055668202016,5.025731383485876,14.61646704169861,-4.367986530665647,4.822328428641256,-0.118903541894402,0,1,0,2
N100,2015-10,941.710022,9.686102750257096,86.38631562263735,101.0595084159605,75.2390812904604,-10.263558111944526,26.506915071474868,-32.43030922043458,19.18166619724222,-4.660643968803724,-23.96457036562888,-8.83856488438739,24.558055668202016,5.025731383485876,6.874886353450589,-0.3161601787066636,0,0,1,2
N100,2015-11,961.869995,2.140783524548717,146.2837247212728,206.724671681722,112.25876941680907,69.33668679688365,104.55736914021404,49.20273811350009,-10.263558111944526,9.686102750257096,19.18166619724222,-4.660643968803724,-23.96457036562888,-8.83856488438739,6.962917390737198,0.879659261617105,1,0,0,2
N100,2015-12,914.109985,-4.965329020373488,140.49793341852003,194.36913816390495,108.1629870014806,-3.955184566004821,-5.976806453387384,-3.648518896658426,69.33668679688365,2.140783524548717,-10.263558111944526,9.686102750257096,19.18166619724222,-4.660643968803724,7.038817975054814,0.7641490613996877,0,1,0,2
N100,2016-01,874.299988,-4.355055480550307,115.96384011545489,110.91858869983304,120.46343551143524,-17.462244964117836,-42.93405334426132,11.37214203393464,-3.955184566004821,-4.965329020373488,69.33668679688365,2.140783524548717,-10.263558111944526,9.686102750257096,6.659225746350832,0.2743391319883859,0,1,0,2
N100,2016-02,849.950012,-2.785082504198777,101.22297576378132,113.22725730106748,90.85711604151231,-12.711604183681224,2.0814082006417767,-24.57701736981631,-17.462244964117836,-4.355055480550307,-3.955184566004821,-4.965329020373488,69.33668679688365,2.140783524548717,5.786827071222347,-0.0199542677458014,0,1,1,2
N100,2016-03,864.409973,1.7012719331545911,105.2873266896894,122.0475801037204,93.74349009606146,4.015245447232085,7.78992886774601,3.1768277272089085,-12.711604183681224,-2.785082504198777,-17.462244964117836,-4.355055480550307,-3.955184566004821,-4.965329020373488,5.519750178091644,0.0611883045730654,0,0,0,2
N100,2016-04,869.890015,0.6339633011152035,83.62793006896973,90.3290501912435,79.78639167149862,-20.571703453499047,-25.98865941096199,-14.888605502377429,4.015245447232085,1.7012719331545911,-12.711604183681224,-2.785082504198777,-17.462244964117836,-4.355055480550307,3.148188730278722,-0.3712298573225143,0,0,1,2
N100,2016-05,884.169983,1.6415831603723063,84.68827352216167,88.0693675010435,82.82368420016381,1.2679298080407353,-2.5016123665817624,3.806780160168821,-20.571703453499047,0.6339633011152035,4.015245447232085,1.7012719331545911,-12.711604183681224,-2.785082504198777,3.044872015890633,-0.3500606726477829,0,0,1,2
N100,2016-06,846.469971,-4.263887343481554,88.54716021219889,97.87790400187174,80.03160365422566,4.556577350732516,11.137285050573364,-3.3711136770858907,1.2679298080407353,1.6415831603723063,-20.571703453499047,0.6339633011152035,4.015245447232085,1.7012719331545911,2.887942469284845,-0.273020082889481,0,1,1,2
N100,2016-07,876.01001,3.4897917246966337,112.01366116923673,143.21993846278036,94.82303280984202,26.501697966147653,46.32509750110867,18.481985216143254,4.556577350732516,-4.263887343481554,1.2679298080407353,1.6415831603723063,-20.571703453499047,0.6339633011152035,2.9691085018534062,0.1954759416145478,0,0,0,2
N100,2016-08,875.950012,-0.0068490084947692,98.61115221823415,123.22047128985004,80.60763149876749,-11.96506641342012,-13.964164059550775,-14.9915066939296,26.501697966147653,3.4897917246966337,4.556577350732516,-4.263887343481554,1.2679298080407353,1.6415831603723063,2.6324206050406693,-0.0720979149829873,0,1,1,2
N100,2016-09,881.47998,0.6313109109244319,103.71691958109538,119.65013109842936,94.2956667582194,5.177677420867943,-2.897521940994874,16.98106619056434,-11.96506641342012,-0.0068490084947692,26.501697966147653,3.4897917246966337,4.556577350732516,-4.263887343481554,2.572991870997368,0.0298359743481151,0,0,0,2
N100,2016-10,881.789978,0.0351679002397853,86.16627822383758,100.4282025367983,80.40413419661984,-16.921676258939698,-16.065112829519823,-14.731888578950723,5.177677420867943,0.6313109109244319,-11.96506641342012,-0.0068490084947692,26.501697966147653,3.4897917246966337,2.571588332448904,-0.320553106598582,0,0,0,2
N100,2016-11,884.619995,0.3209400277398133,83.57939580281575,85.52786210378011,80.94508310953776,-3.0021981619094418,-14.836808841180336,0.6727874360229924,-16.921676258939698,0.0351679002397853,5.177677420867943,0.6313109109244319,-11.96506641342012,-0.0068490084947692,2.4841544215595133,-0.3721988177477174,0,0,1,2
N100,2016-12,933.890015,5.569625407347933,101.61987716920916,112.50576536117062,94.95736854307113,21.58484300240133,31.54282428415589,17.310854341296356,-3.0021981619094418,0.3209400277398133,-16.921676258939698,0.0351679002397853,5.177677420867943,0.6313109109244319,2.3195684979472246,-0.0120303454318856,0,0,1,2
N100,2017-01,916.700012,-1.840688167117832,104.88912440884498,102.22949655594364,108.44574915978215,3.217133626516944,-9.133993064477783,14.204669762508138,21.58484300240133,5.569625407347933,-3.0021981619094418,0.3209400277398133,-16.921676258939698,0.0351679002397853,2.49860455547194,0.0532384109836636,0,1,1,2
N100,2017-02,942.97998,2.8668013151504024,113.19088404519218,94.91658476420812,125.99899278368268,7.91479544055298,-7.153426396591556,16.186197946807358,3.217133626516944,-1.840688167117832,21.58484300240133,5.569625407347933,-3.0021981619094418,0.3209400277398133,2.590218393304885,0.2189785608738084,0,0,0,2
N100,2017-03,986.27002,4.590769784953452,98.49747651623142,99.26259293094758,97.23793039014262,-12.981087348955,4.578765847439437,-22.826422464279197,7.91479544055298,2.8668013151504024,3.217133626516944,-1.840688167117832,21.58484300240133,5.569625407347933,2.884492491540119,-0.0743673890118802,0,0,1,2
N100,2017-04,1010.929993,2.500326736079828,115.10228830973308,101.26866887410482,124.87095286051432,16.858108837707487,2.020978783571348,28.417945918327536,-12.981087348955,4.590769784953452,7.91479544055298,2.8668013151504024,3.217133626516944,-1.840688167117832,2.733285672331752,0.2571387152486297,0,0,0,2
N100,2017-05,1019.98999,0.8962041944283294,101.37748035307854,98.86025521063036,100.89005654858003,-11.924009642381684,-2.378241651885993,-19.20454338065464,16.858108837707487,2.500326736079828,-12.981087348955,4.590769784953452,7.91479544055298,2.8668013151504024,2.657563562934259,-0.0168696670213093,0,0,1,2
N100,2017-06,986.219971,-3.310818667936144,126.94453862508138,146.7019323984782,113.13888193766276,25.21966237763813,48.393236580177735,12.140765708843391,-11.924009642381684,0.8962041944283294,16.858108837707487,2.500326736079828,-12.981087348955,4.590769784953452,3.0092608371728624,0.4935628504053606,0,1,0,2
N100,2017-07,995.780029,0.969363659337219,101.5980480563256,69.98286450293756,124.43094007430538,-19.96658607237466,-43.81668896391011,9.9807050796775,25.21966237763813,-3.310818667936144,-11.924009642381684,0.8962041944283294,16.858108837707487,2.500326736079828,2.6896911475740053,-0.0124661518873564,0,0,1,2
N100,2017-08,991.619995,-0.4177663619321259,137.11038946336316,109.75087941077447,156.3583743187689,34.9537634693037,56.82536030826179,25.65875836459781,-19.96658607237466,0.969363659337219,25.21966237763813,-3.310818667936144,-11.924009642381684,0.8962041944283294,2.6702145574236877,0.6965185749147532,0,1,0,2
N100,2017-09,1036.540039,4.529965533823255,118.73107655843098,86.45641419092814,146.35588200887045,-13.40475581527194,-21.22485518558812,-6.397158037411099,34.9537634693037,-0.4177663619321259,-19.96658607237466,0.969363659337219,25.21966237763813,-3.310818667936144,2.653337384862767,0.3295855138316133,0,0,0,2
N100,2017-10,1068.22998,3.057280935387019,91.91498454924552,71.24007597277242,109.52413552807224,-22.585571348701183,-17.60001078063723,-25.16588057497128,-13.40475581527194,4.529965533823255,34.9537634693037,-0.4177663619321259,-19.96658607237466,0.969363659337219,2.730762450407105,-0.2057832879355632,0,0,1,2
N100,2017-11,1039.349976,-2.7035380527328123,93.25364055633544,80.09026870727538,105.41860446929932,1.45640671502556,12.423053476087633,-3.748517200321233,-22.585571348701183,3.057280935387019,-13.40475581527194,4.529965533823255,34.9537634693037,-0.4177663619321259,3.1144870036388514,-0.1790577433540232,0,1,0,2
N100,2017-12,1032.73999,-0.6359730747711012,84.61367348701724,64.52695954230524,98.77827345940376,-9.265018521286285,-19.432209950316203,-6.29901244028458,1.45640671502556,-2.7035380527328123,-22.585571348701183,3.057280935387019,-13.40475581527194,4.529965533823255,2.6403180319921624,-0.3515500220807048,0,1,1,2
N100,2018-01,1063.0,2.9300705204608146,91.99991103141538,75.9898567199707,106.7695834867416,8.729366354164325,17.76450844572981,8.09014953133611,-9.265018521286285,-0.6359730747711012,1.45640671502556,-2.7035380527328123,-22.585571348701183,3.057280935387019,2.782970374395977,-0.2040877765619447,0,0,0,2
N100,2018-02,1028.339966,-3.260586453433678,65.82219927651542,53.66386883599417,76.22563787869045,-28.45406203269154,-29.380221055357104,-28.60734734611382,8.729366354164325,2.9300705204608146,-9.265018521286285,-0.6359730747711012,1.45640671502556,-2.7035380527328123,3.293643479059168,-0.7267116611468718,0,1,1,2
N100,2018-03,1011.719971,-1.6161965448690974,109.2456529678837,64.72115756619361,142.5100219480453,65.97083380479091,20.60471779251023,86.95812316433921,-28.45406203269154,-3.260586453433678,8.729366354164325,2.9300705204608146,-9.265018521286285,-0.6359730747711012,2.759034038021192,0.1402141520319168,1,1,1,2
N100,2018-04,1063.550049,5.122966777928717,122.0270450592041,94.80569979349772,144.06638272603354,11.699680256456425,46.483319147274415,1.092106194858089,65.97083380479091,-1.6161965448690974,-28.45406203269154,-3.260586453433678,8.729366354164325,2.9300705204608146,3.340142355560779,0.3953877458017615,0,0,1,2
N100,2018-05,1049.060059,-1.3624173130003858,122.07622054315382,62.3412499273977,166.9032696139428,0.0402988402496085,-34.24314143222706,15.851641761102208,11.699680256456425,5.122966777928717,65.97083380479091,-1.6161965448690974,-28.45406203269154,-3.260586453433678,3.1655341605655862,0.3963695077941304,0,1,0,2
N100,2018-06,1044.810059,-0.4051245649416168,103.35734113057454,56.24654754002889,136.8462231318156,-15.333763880707776,-9.776355774814691,-18.008662473569824,0.0402988402496085,-1.3624173130003858,11.699680256456425,5.122966777928717,65.97083380479091,-1.6161965448690974,3.1547798302817256,0.0226571846821675,0,1,1,2
N100,2018-07,1078.160034,3.1919653445832807,109.5580127469955,85.10936841657085,127.5609563396823,5.999256123072527,51.3148311120806,-6.785183090650127,-15.333763880707776,-0.4051245649416168,0.0402988402496085,-1.3624173130003858,11.699680256456425,5.122966777928717,3.20100292866928,0.1464502464115924,0,0,1,2
N100,2018-08,1058.72998,-1.8021493458548976,113.0449313502158,67.86267332876882,146.81783097790134,3.182714359079064,-20.264155883976787,15.096213755986486,5.999256123072527,3.1919653445832807,-15.333763880707776,-0.4051245649416168,0.0402988402496085,-1.3624173130003858,2.9217033385231765,0.2160646941031607,0,1,0,2
N100,2018-09,1060.910034,0.2059121816877063,73.96346220970153,49.602893877029416,88.1794579188029,-34.571624462700555,-26.906955703436157,-39.93954458292232,3.182714359079064,-1.8021493458548976,5.999256123072527,3.1919653445832807,-15.333763880707776,-0.4051245649416168,2.7443843573280158,-0.5641757412999974,0,0,1,2
N100,2018-10,985.640015,-7.094854095799796,92.58265267649004,61.918164991563366,115.57533417978594,25.17349771161239,24.8277270779095,31.06832011397669,-34.571624462700555,0.2059121816877063,3.182714359079064,-1.8021493458548976,5.999256123072527,3.1919653445832807,3.3774340221879533,-0.1924536541791385,0,1,0,2
N100,2018-11,973.200012,-1.2621243872693144,79.83305384318034,48.951593685150144,103.46333103179931,-13.771045076727717,-20.94146573655724,-10.479747459908284,25.17349771161239,-7.094854095799796,-34.571624462700555,0.2059121816877063,3.182714359079064,-1.8021493458548976,3.376783536186008,-0.446992512714646,0,1,1,2
N100,2018-12,916.630005,-5.812783220557549,86.58019570381411,64.75931516770393,99.9929014944261,8.45156427798377,32.292557386848046,-3.3542603961847828,-13.771045076727717,-1.2621243872693144,25.17349771161239,-7.094854095799796,-34.571624462700555,0.2059121816877063,3.816964580851442,-0.3122894675414957,0,1,1,2
N100,2019-01,973.099976,6.160606863398499,87.5074286307058,54.891605531015706,113.59607076644896,1.0709526807535674,-15.237513879098808,13.60413496230144,8.45156427798377,-5.812783220557549,-13.771045076727717,-1.2621243872693144,25.17349771161239,-7.094854095799796,4.724072843126455,-0.2937777626719332,0,0,1,2
N100,2019-02,1019.340027,4.751829425592336,98.55523300170898,57.736959321158274,130.96962765284948,12.624990293825844,5.183586383777472,15.294153018831214,1.0709526807535674,6.160606863398499,8.45156427798377,-5.812783220557549,-13.771045076727717,-1.2621243872693144,5.380369266775275,-0.0732143119559909,0,0,0,2
N100,2019-03,1042.47998,2.270091665889229,79.65598315577353,67.75160512616557,85.8987022830594,-19.17630273940678,17.345294803804002,-34.41326525662569,12.624990293825844,4.751829425592336,1.0709526807535674,6.160606863398499,8.45156427798377,-5.812783220557549,5.49985816095645,-0.450527633406826,0,0,0,2
N100,2019-04,1086.579956,4.230294763070641,78.96416734059652,57.763711071014406,93.91384995778402,-0.8685045212788456,-14.741929783880291,9.330929876347316,-19.17630273940678,2.270091665889229,12.624990293825844,4.751829425592336,1.0709526807535674,6.160606863398499,4.497799351610259,-0.4643393627180184,0,0,1,2
N100,2019-05,1022.090027,-5.935129637160364,105.1034455453196,63.40447973435925,133.1031727944651,33.10270858929771,9.765246309071296,41.72901319059692,-0.8685045212788456,4.230294763070641,-19.17630273940678,2.270091665889229,12.624990293825844,4.751829425592336,5.426736558822101,0.0575172167838708,0,1,0,2
N100,2019-06,1071.439941,4.828333385156891,103.3317710240682,51.50454092025757,138.8043354034424,-1.685648374379367,-18.768293445444108,4.283265747376963,33.10270858929771,-5.935129637160364,-0.8685045212788456,4.230294763070641,-19.17630273940678,2.270091665889229,4.422800477963529,0.0221466913083878,0,0,0,2
N100,2019-07,1081.089966,0.9006594425622572,93.06078184804608,47.329337519984094,126.32542345600744,-9.939817225846037,-8.10647629446455,-8.990289756558633,-1.685648374379367,4.828333385156891,33.10270858929771,-5.935129637160364,-0.8685045212788456,4.230294763070641,4.114422688990146,-0.1829080633608263,0,0,1,2
N100,2019-08,1064.089966,-1.5724870764363352,106.01592488442698,74.11447860348609,125.86253258489792,13.921162899248628,56.59310374287909,-0.3664273259061712,-9.939817225846037,0.9006594425622572,-1.685648374379367,4.828333385156891,33.10270858929771,-5.935129637160364,4.028779959912168,0.0757343742372348,0,1,0,2
N100,2019-09,1099.170044,3.2967210593920715,92.55197461446126,70.08315865198772,112.63771381378174,-12.699931906120154,-5.439314999523937,-10.507351552135392,13.921162899248628,-1.5724870764363352,-9.939817225846037,0.9006594425622572,-1.685648374379367,4.828333385156891,4.125018755713931,-0.1930661251276743,0,0,1,2
N100,2019-10,1097.890015,-0.1164541380096029,95.20806701721683,69.20361838802215,118.00913903021043,2.8698387190764008,-1.2549951812718674,4.768762641355617,-12.699931906120154,3.2967210593920715,13.921162899248628,-1.5724870764363352,-9.939817225846037,0.9006594425622572,3.804654191075929,-0.1400386740524366,0,1,0,2
N100,2019-11,1129.969971,2.9219644556107927,73.70891914367675,52.628954823811846,86.17964719136556,-22.58122504435712,-23.95057361202817,-26.97205665630397,2.8698387190764008,-0.1164541380096029,-12.699931906120154,3.2967210593920715,13.921162899248628,-1.5724870764363352,2.3864715653154827,-0.5692575562120714,0,0,0,2
N100,2019-12,1144.390015,1.2761440011753944,72.31251805828464,60.52569272441249,79.17934866874448,-1.8944804802661477,15.004550113215975,-8.122913879046889,-22.58122504435712,2.9219644556107927,2.8698387190764008,-0.1164541380096029,-12.699931906120154,3.2967210593920715,1.8349908463299327,-0.597135950111402,0,0,1,2
N100,2020-01,1120.22998,-2.111171426115588,139.8703630508915,84.9525350447624,191.54257983546103,93.42482713456964,40.35780710775339,104.18821894560378,-1.8944804802661477,1.2761440011753944,-22.58122504435712,2.9219644556107927,2.8698387190764008,-0.1164541380096029,2.2672871909898333,0.7516199577694204,1,1,0,2
N100,2020-02,1021.97998,-8.770520496157419,75.72699855935984,56.10202249987372,87.16311290346343,-39.28844654475468,-33.960743525413385,-44.52829942694827,93.42482713456964,-2.111171426115588,-1.8944804802661477,1.2761440011753944,-22.58122504435712,2.9219644556107927,4.480667090152675,-0.5289676900274246,1,1,1,2
N100,2020-03,858.109985,-16.034560187764136,82.76741433912709,64.03543063132993,98.19669649677893,9.297101316181845,14.141037663079016,12.658546976787765,-45.859153499296525,-8.770520496157419,93.42482713456964,-2.111171426115588,-1.8944804802661477,1.2761440011753944,7.235510121920498,-0.3884095893666116,0,1,0,2
N100,2020-04,899.869995,4.866510206147989,69.76431941986084,47.72460098266602,82.26346549987792,-15.71040369340041,-25.47157017272198,-16.225831993669605,9.297101316181845,-16.034560187764136,-45.859153499296525,-8.770520496157419,93.42482713456964,-2.111171426115588,7.990269919122536,-0.6480093604222856,0,0,0,2
N100,2020-05,930.25,3.376043780635229,69.50140085527974,42.10684902437272,85.36720494301089,-0.3768668092335003,-11.771186856719284,3.772925714073616,-15.71040369340041,4.866510206147989,9.297101316181845,-16.034560187764136,-45.859153499296525,-8.770520496157419,8.059150287479827,-0.6532583876419832,0,0,1,2
N100,2020-06,976.539978,4.976079333512495,71.60573234558106,51.32019710540772,86.46775321960449,3.027754065969246,21.88087756388999,1.289193288369117,-0.3768668092335003,3.376043780635229,-15.71040369340041,4.866510206147989,9.297101316181845,-16.034560187764136,8.568049489697572,-0.6112465453460343,0,0,0,2
N100,2020-07,954.26001,-2.2815213408498125,68.53134112204275,36.44394225458945,92.3572107745755,-4.293498750492198,-28.98713506548618,6.811160618471734,3.027754065969246,4.976079333512495,-0.3768668092335003,3.376043780635229,-15.71040369340041,4.866510206147989,8.56764871534737,-0.6726251065825277,0,1,0,2
N100,2020-08,979.969971,2.6942301606037056,64.93029563657699,27.294767964270807,89.9976692199707,-5.254596548829982,-25.104787584187527,-2.5547994951514386,-4.293498750492198,-2.2815213408498125,3.027754065969246,4.976079333512495,-0.3768668092335003,3.376043780635229,8.104945635433538,-0.7445180358729901,0,0,1,2
N100,2020-09,958.97998,-2.141901448121009,83.04108727773031,49.94818175633748,105.76334724426268,27.8926677656324,82.9954437484879,17.517873697104093,-5.254596548829982,2.6942301606037056,-4.293498750492198,-2.2815213408498125,3.027754065969246,4.976079333512495,3.3133882485159325,-0.3829458568747211,0,1,0,2
N100,2020-10,930.909973,-2.9270691344359334,76.71051840628347,43.048690057569935,98.63585779743808,-7.62341761045866,-13.813299015418378,-6.739092164285898,27.8926677656324,-2.141901448121009,-5.254596548829982,2.6942301606037056,-4.293498750492198,-2.2815213408498125,3.4497003716962413,-0.5093322471828304,0,1,0,2
N100,2020-11,1088.72998,15.37892042657657,70.364892578125,62.07505849202474,79.94887498219808,-8.272171743840929,44.197322633999846,-18.94542535800341,-7.62341761045866,-2.9270691344359334,27.8926677656324,-2.141901448121009,-5.254596548829982,2.6942301606037056,7.590373026274656,-0.6360192415040153,0,0,0,2
N100,2020-12,1103.540039,1.360305977796239,62.28910067773634,29.27726056498866,85.56250313789614,-11.4770187297909,-43.81668896391011,7.021522387836021,-8.272171743840929,16.95330500020329,-7.62341761045866,-2.9270691344359334,27.8926677656324,-2.141901448121009,7.533889781121904,-0.797248067522034,0,0,1,2
N100,2021-01,1085.380005,-1.6456162312385336,74.98195703567997,47.25387308674474,95.04665202479208,20.37733121820517,61.40127926877659,11.08446870892834,-11.4770187297909,1.360305977796239,-8.272171743840929,16.95330500020329,-7.62341761045866,-2.9270691344359334,7.461070531600586,-0.5438420418778978,0,1,0,2
N100,2021-02,1123.079956,3.47343334374397,72.32457787649972,46.01375893184117,91.3971277645656,-3.544024808415902,-2.624365102574921,-3.8397188985410335,20.37733121820517,-1.6456162312385336,-11.4770187297909,1.360305977796239,-8.272171743840929,16.95330500020329,7.474357333356608,-0.5968951823505692,0,0,1,2
N100,2021-03,1195.050049,6.408278646191046,77.55295372009277,49.825385385944,99.19816903145085,7.229044395559336,8.283666760954866,8.535324312357284,-3.544024808415902,3.47343334374397,20.37733121820517,-1.6456162312385336,-11.4770187297909,1.360305977796239,7.220342223664171,-0.4925134808851181,0,0,1,2
N100,2021-04,1228.380005,2.7890008479469097,84.63264045715331,65.75086024602254,105.25555461247762,9.128842161979843,31.96257236491182,6.106348171715048,7.229044395559336,6.408278646191046,-3.544024808415902,3.47343334374397,20.37733121820517,-1.6456162312385336,6.4718216174115,-0.3511713567602164,0,0,1,2
N100,2021-05,1248.930054,1.6729390674182998,90.02756192607265,52.68410350430396,115.80485919214064,6.3745163092844725,-19.87313427204783,10.02256329226774,9.128842161979843,2.7890008479469097,7.229044395559336,6.408278646191046,-3.544024808415902,3.47343334374397,2.658082594182778,-0.2434646617856457,0,0,0,2
N225,2000-07,15727.49023,-9.669494226815424,51.13137294400123,40.80166629052931,56.5029530679026,-20.264885157915803,-21.61971460324582,-22.58825043151742,-19.521279515661185,6.604034096488487,60.478668524912834,-9.13139248582574,-2.0144699660817,-11.622087148019167,7.727545218725971,-1.020006078838822,0,1,0,2
N225,2000-08,16861.25977,7.208839575925152,47.5130286985828,41.88413973777525,50.82666443240258,-7.076563833678429,2.6530128439808287,-10.046003487071763,-20.264885157915803,-9.669494226815424,-19.521279515661185,6.604034096488487,60.478668524912834,-9.13139248582574,8.660463809655802,-1.092244368533953,0,0,1,2
N225,2000-09,15747.25977,-6.606861024595911,52.75809377034505,36.65586573282878,63.30135205586751,11.039214328003254,-12.482705954280584,24.54358900544371,-7.076563833678429,7.208839575925152,-20.264885157915803,-9.669494226815424,-19.521279515661185,6.604034096488487,8.501149600608803,-0.9875294756368682,0,1,1,2
N225,2000-10,14539.59961,-7.669017833189661,74.84650722626716,74.61284114468482,80.27979493910267,41.86734560970407,103.54952653010729,26.82161175364879,11.039214328003254,-6.606861024595911,-7.076563833678429,7.208839575925152,-20.264885157915803,-9.669494226815424,7.9129885672355424,-0.5465462242076752,0,1,0,2
N225,2000-11,14648.50977,0.7490588662778297,45.440477244059245,47.08891073862711,44.53256746927897,-39.28844654475468,-36.88899924435919,-44.52829942694827,41.86734560970407,-7.669017833189661,11.039214328003254,-6.606861024595911,-7.076563833678429,7.208839575925152,7.448898753653581,-1.1336217395703077,0,0,1,2
N225,2000-12,13785.69043,-5.890150967896036,46.01157077666252,44.53382098290228,46.60758584545505,1.2567947504951382,-5.426096538752367,4.659552534462641,-39.28844654475468,0.7490588662778297,41.86734560970407,-7.669017833189661,11.039214328003254,-6.606861024595911,6.378309352438219,-1.1222201654653985,0,1,1,2
N225,2001-01,13843.54981,0.4197060734374869,47.34544200281943,39.250703688590754,53.58126591097924,2.8989908486964038,-11.863157433402929,14.962542983127358,1.2567947504951382,-5.890150967896036,-39.28844654475468,0.7490588662778297,41.86734560970407,-7.669017833189661,5.774110737968754,-1.0955901464523845,0,0,1,2
N225,2001-02,12883.54004,-6.934708099988418,56.3363071169172,45.95857455049242,65.78157465798515,18.989927506775352,17.089810453134604,22.769728448140224,2.8989908486964038,0.4197060734374869,1.2567947504951382,-5.890150967896036,-39.28844654475468,0.7490588662778297,3.844681361654639,-0.916092377674739,0,1,1,2
N225,2001-03,12999.7002,0.9016167888589166,61.72149381329936,57.44915543833086,65.804611175291,9.558998400811111,25.00203933699969,0.0350197109534544,18.989927506775352,-6.934708099988418,2.8989908486964038,0.4197060734374869,1.2567947504951382,-5.890150967896036,4.1611820963381785,-0.80858003217909,0,0,0,2
N225,2001-04,13934.32031,7.189551263651439,49.02697035471599,47.12476806640625,50.69535102844238,-20.567427445911942,-17.97134752138766,-22.96079237760469,9.558998400811111,0.9016167888589166,18.989927506775352,-6.934708099988418,2.8989908486964038,0.4197060734374869,5.17505055271322,-1.0620193405876062,0,0,1,2
N225,2001-05,13262.13965,-4.823921404459231,59.95146006922568,56.56440058062154,60.64858498111848,22.282612275385794,20.0311490147036,19.63342545373024,-20.567427445911942,7.189551263651439,9.558998400811111,0.9016167888589166,18.989927506775352,-6.934708099988418,5.381748735033486,-0.8439178004239036,0,1,1,2
N225,2001-06,12969.04981,-2.2099740142609514,70.94172350565593,62.602798779805504,78.85646438598633,18.33193624265337,10.675262421595733,30.02193606089316,22.282612275385794,-4.823921404459231,-20.567427445911942,7.189551263651439,9.558998400811111,0.9016167888589166,4.9791289264841785,-0.624503123406393,0,1,0,2
N225,2001-07,11860.76953,-8.54557809736719,59.984781203731416,53.3461978666244,62.87733785567745,-15.444990282835402,-14.786241340007166,-20.26355943641387,18.33193624265337,-2.2099740142609514,22.282612275385794,-4.823921404459231,-20.567427445911942,7.189551263651439,5.781060303113626,-0.8432525619600832,0,1,1,2
N225,2001-08,10713.50977,-9.672726184402968,64.13564220551521,73.31873946036062,56.88255968401509,6.919856867837648,37.43948471017813,-9.53408394201134,-15.444990282835402,-8.54557809736719,18.33193624265337,-2.2099740142609514,22.282612275385794,-4.823921404459231,6.295423714406222,-0.7603828626740763,0,1,1,2
N225,2001-09,9774.679688,-8.763048731508283,472.49111404418943,791.8359584172566,249.4176373163859,93.42482713456964,104.55736914021404,104.18821894560378,6.919856867837648,-9.672726184402968,-15.444990282835402,-8.54557809736719,18.33193624265337,-2.2099740142609514,6.37631668074228,7.392213704284887,1,1,1,0
N225,2001-10,10366.33984,6.052987626043227,504.05423072076616,840.6995652721774,257.8192534908172,6.680150322070344,6.170925472062505,3.368493208751655,636.705984061322,-8.763048731508283,6.919856867837648,-9.672726184402968,-15.444990282835402,-8.54557809736719,5.964188971271591,8.022354291115674,0,0,0,0
N225,2001-11,10697.44043,3.1939970627086867,296.1777104695638,494.21396484375,141.4245381673177,-39.28844654475468,-41.21396212644078,-44.52829942694827,6.680150322070344,6.052987626043227,636.705984061322,-8.763048731508283,6.919856867837648,-9.672726184402968,6.764727483364968,3.872211775036317,0,0,0,0
N225,2001-12,10542.62012,-1.4472649884155642,231.22251793646043,376.6929409888483,121.45619632351784,-21.93115492388762,-23.77938144505022,-14.11943224461908,-41.24090377218973,3.1939970627086867,6.680150322070344,6.052987626043227,636.705984061322,-8.763048731508283,6.796939059405809,2.5754164186103274,0,1,0,1
N225,2002-01,9997.799805,-5.167788545908447,169.9862031013735,259.16573752126385,104.05673919185516,-26.483715938044828,-31.199736092496558,-14.325705611030717,-21.93115492388762,-1.4472649884155642,-41.24090377218973,3.1939970627086867,6.680150322070344,6.052987626043227,6.393225051712184,1.3528664479931174,0,1,0,2
N225,2002-02,10587.83008,5.90160121734904,143.41856629507882,209.3824323926653,93.08014828818185,-15.629290096238414,-19.20906119950132,-10.548659307337282,-26.483715938044828,-5.167788545908447,-21.93115492388762,-1.4472649884155642,-41.24090377218973,3.1939970627086867,6.119673703922143,0.8224579202367436,0,0,1,2
N225,2002-03,11024.94043,4.128422412309818,150.27259728216356,217.83082137569303,97.68620583318896,4.779040234569632,4.034908223429179,4.948485396420366,-15.629290096238414,5.90160121734904,-26.483715938044828,-5.167788545908447,-21.93115492388762,-1.4472649884155642,4.489828717376829,0.959294949121256,0,0,1,2
N225,2002-04,11492.54004,4.241289220281064,154.13523864746094,219.28201649983723,99.5971280415853,2.570422974752073,0.6662028426368982,1.956184286304952,4.779040234569632,4.128422412309818,-15.629290096238414,5.90160121734904,-26.483715938044828,-5.167788545908447,4.224741187791167,1.0364104989443716,0,0,1,2
N225,2002-05,11763.7002,2.3594449882812896,159.16512766192037,205.2949966922883,137.87667772846837,3.263295959182844,-6.378553075536553,38.434391070895146,2.570422974752073,4.241289220281064,4.779040234569632,4.128422412309818,-15.629290096238414,5.90160121734904,4.183535404350592,1.136829518008396,0,0,0,2
N225,2002-06,10621.83984,-9.706642812947576,147.7977030436198,185.49468332926432,127.91307754516602,-7.141906512616192,-9.644810483473298,-7.226457982200928,3.263295959182844,2.3594449882812896,2.570422974752073,4.241289220281064,4.779040234569632,4.128422412309818,6.258420292942279,0.9098850215846186,0,1,0,2
N225,2002-07,9877.94043,-7.00348923732218,119.3782693186114,161.98243344214654,92.84361993112871,-19.228603110713397,-12.675430618883077,-27.416631893368603,-7.141906512616192,-9.706642812947576,3.263295959182844,2.3594449882812896,2.570422974752073,4.241289220281064,6.613546848659255,0.3425063679371067,0,1,1,2
N225,2002-08,9619.299805,-2.618365911728826,127.00253000567037,157.38569099672378,101.1353489045174,6.386640324555559,-2.837803055393984,8.930854892925822,-19.228603110713397,-7.00348923732218,-7.141906512616192,-9.706642812947576,3.263295959182844,2.3594449882812896,5.973244079675027,0.4947206170153542,0,1,1,2
N225,2002-09,9383.290039,-2.453502549918718,170.25116170247395,185.25534108479815,167.8897672017415,34.05336231874485,17.707867793810127,66.00503090195247,6.386640324555559,-2.618365911728826,-19.228603110713397,-7.00348923732218,-7.141906512616192,-9.706642812947576,5.315768959354115,1.3581562034407222,0,1,0,2
N225,2002-10,8640.480469,-7.916301925152503,168.296264894547,195.84739069784845,161.10799457180886,-1.1482428597716532,5.717540747287764,-4.039419878272565,34.05336231874485,-2.453502549918718,6.386640324555559,-2.618365911728826,-19.228603110713397,-7.00348923732218,4.467868695346766,1.319127743914262,0,1,0,2
N225,2002-11,9215.55957,6.655637994475505,156.04842834472657,175.04123814900717,151.88629328409831,-7.277545082473935,-10.623655732508986,-5.723925316195444,-1.1482428597716532,-7.916301925152503,34.05336231874485,-2.453502549918718,6.386640324555559,-2.618365911728826,5.909561408208591,1.0746062985197744,0,0,1,2
N225,2002-12,8578.950195,-6.90798393916735,175.05461046772618,174.67416357224988,183.75799191382623,12.179669045440855,-0.2097074841557078,20.983920234403875,-7.277545082473935,6.655637994475505,-1.1482428597716532,-7.916301925152503,34.05336231874485,-2.453502549918718,5.44622214230304,1.4540544651606715,0,1,1,2
N225,2003-01,8339.94043,-2.786002477777516,205.2729772752331,176.48827115951045,244.28261073943108,17.26225132075463,1.0385666375383629,32.93713552006381,12.179669045440855,-6.90798393916735,-7.277545082473935,6.655637994475505,-1.1482428597716532,-7.916301925152503,5.1481006687872615,2.057347846744926,0,1,1,2
N225,2003-02,8363.040039,0.2769757073672441,236.19078636169436,210.63462039402552,291.2838772365025,15.061801848864963,19.34765920147381,19.240528973716557,17.26225132075463,-2.786002477777516,12.179669045440855,-6.90798393916735,-7.277545082473935,6.655637994475505,5.287831813361002,2.6746052158729587,0,0,1,2
N225,2003-03,7972.709961,-4.6673228416908685,349.2410371841923,413.4505669378465,352.7903245495212,47.86395462919402,96.28803952760548,21.115637396943757,15.061801848864963,0.2769757073672441,17.26225132075463,-2.786002477777516,12.179669045440855,-6.90798393916735,5.386338248282304,4.931592449567863,1,1,0,0
N225,2003-04,7831.419922,-1.772170813828,252.85915400187176,326.76046600341795,210.79934641520185,-27.59752518186688,-20.967464520966683,-40.2479796790425,47.86395462919402,-4.6673228416908685,15.061801848864963,0.2769757073672441,17.26225132075463,-2.786002477777516,4.704709402422991,3.0073801783052136,0,1,0,2
N225,2003-05,8424.509766,7.573209582771745,159.68020999047064,183.58484895767705,150.55725589875252,-36.85013674083216,-43.81668896391011,-28.5779304067638,-27.59752518186688,-1.772170813828,47.86395462919402,-4.6673228416908685,15.061801848864963,0.2769757073672441,5.027947241777815,1.1471128586589634,0,0,0,2
N225,2003-06,9083.110352,7.817672532804343,145.7216801961263,176.93343124389648,127.7050184249878,-8.741552754206271,-3.623075516059593,-15.17843649404218,-36.85013674083216,7.573209582771745,-27.59752518186688,-1.772170813828,47.86395462919402,-4.6673228416908685,5.372433100721709,0.8684383460614599,0,0,0,2
N225,2003-07,9563.209961,5.285630036348588,133.95684691398375,166.529414761451,106.6518937387774,-8.073495492440319,-5.880186920754349,-16.485745780285622,-8.741552754206271,7.817672532804343,-36.85013674083216,7.573209582771745,-27.59752518186688,-1.772170813828,5.221096849943789,0.6335598001833436,0,0,1,2
N225,2003-08,10343.54981,8.159810902221398,137.39681588449787,179.2770211004442,108.98332251271894,2.5679680059377485,7.654867674430843,2.186017230647508,-8.073495492440319,5.285630036348588,-8.741552754206271,7.817672532804343,-36.85013674083216,7.573209582771745,5.555383037007056,0.7022369238011168,0,0,0,2
N225,2003-09,10219.04981,-1.203648672718094,118.71830571492514,145.99144999186197,97.7679594039917,-13.59457280674885,-18.56655744515813,-10.290898506437395,2.5679680059377485,8.159810902221398,-8.073495492440319,5.285630036348588,-8.741552754206271,7.817672532804343,4.6069149065650326,0.3293305508346584,0,1,0,2
N225,2003-10,10559.58984,3.3324040525446907,107.55338336575416,129.5931615521831,91.48407450029929,-9.404549940243411,-11.232362196959455,-6.427345872819624,-13.59457280674885,-1.203648672718094,2.5679680059377485,8.159810902221398,-8.073495492440319,5.285630036348588,3.6259503365504058,0.1064289029043117,0,0,1,2
N225,2003-11,10100.57031,-4.346944691556331,117.27323557535809,152.34808400472005,93.18425509134929,9.037235190035677,17.55873703519013,1.85844432524096,-9.404549940243411,3.3324040525446907,-13.59457280674885,-1.203648672718094,2.5679680059377485,8.159810902221398,5.03258373028722,0.300480505540044,0,1,1,2
N225,2003-12,10676.63965,5.70333478526126,131.9601605323053,166.63024114793348,112.74830061389554,12.52368017722989,9.374687733369155,20.995011982837084,9.037235190035677,-4.346944691556331,-9.404549940243411,3.3324040525446907,-13.59457280674885,-1.203648672718094,4.705824380896411,0.5936970343747436,0,0,0,2
N225,2004-01,10783.61035,1.0019135562002512,114.1432640321793,127.11111671693864,107.96992640341482,-13.501723875035932,-23.716658008020264,-4.238089784469723,12.52368017722989,5.70333478526126,9.037235190035677,-4.346944691556331,-9.404549940243411,3.3324040525446907,4.580540745569794,0.2379923132239155,0,0,1,2
N225,2004-02,11041.91992,2.395390426917632,114.83697246683056,130.29377562424233,103.49829351490942,0.6077524070589702,2.503839939028385,-4.141554076639597,-13.501723875035932,1.0019135562002512,12.52368017722989,5.70333478526126,9.037235190035677,-4.346944691556331,3.5447054519442784,0.2518418276612841,0,0,1,2
N225,2004-03,11715.38965,6.099208605743978,137.0413291685043,182.14090384206463,107.18084593742124,19.33554692769983,39.792482771660254,3.558080329103519,0.6077524070589702,2.395390426917632,-13.501723875035932,1.0019135562002512,12.52368017722989,5.70333478526126,3.8192614404694862,0.6951398234063075,0,0,1,2
N225,2004-04,11761.79004,0.3960635658413647,148.72968673706055,203.51488087972004,120.71956570943196,8.529074870679644,11.73485833593364,12.631659746290346,19.33554692769983,6.099208605743978,0.6077524070589702,2.395390426917632,-13.501723875035932,1.0019135562002512,3.858316219560501,0.9284915729438924,0,0,0,2
N225,2004-05,11236.37012,-4.467176494505765,121.83138078258884,160.97313985516948,91.7239502937563,-18.08536449217786,-20.9035038817104,-24.01898585807304,8.529074870679644,0.3960635658413647,19.33554692769983,6.099208605743978,0.6077524070589702,2.395390426917632,3.897208654467476,0.391481414137764,0,1,1,2
N225,2004-06,11858.87012,5.540045346957645,136.9921531677246,177.06919593811034,107.51701380411784,12.444061856436273,9.9992185636826,17.21803679386078,-18.08536449217786,-4.467176494505765,8.529074870679644,0.3960635658413647,19.33554692769983,6.099208605743978,3.865398874147135,0.6941580510957076,0,0,0,2
N225,2004-07,11325.78027,-4.495283653549286,130.39895802159464,159.34060545890563,120.38267381729618,-4.812826861738328,-10.012238653526872,11.96616196634508,12.444061856436273,5.540045346957645,-18.08536449217786,-4.467176494505765,8.529074870679644,0.3960635658413647,4.668336498973582,0.562528468977937,0,1,1,2
N225,2004-08,11081.79004,-2.154290690649252,139.9520955239573,177.53836158014113,126.08562567926222,7.326084232038577,11.420664600103292,4.737352711255904,-4.812826861738328,-4.495283653549286,12.444061856436273,5.540045346957645,-18.08536449217786,-4.467176494505765,4.747902616779627,0.7532517024753868,0,1,1,2
N225,2004-09,10823.57031,-2.330126532518217,152.970458984375,188.2974100748698,129.69852345784506,9.30201395818986,6.060126047672232,2.8654319309747045,7.326084232038577,-2.154290690649252,-4.812826861738328,-4.495283653549286,12.444061856436273,5.540045346957645,3.786310270386062,1.0131563017132652,0,1,0,2
N225,2004-10,10771.41992,-0.4818224348006161,118.0625233804026,147.26095236501385,96.845272556428,-22.82005024743897,-21.793426523253423,-25.33047410681982,9.30201395818986,-2.330126532518217,7.326084232038577,-2.154290690649252,-4.812826861738328,-4.495283653549286,3.726384316261187,0.3162382105140346,0,1,1,2
N225,2004-11,10899.25,1.1867523590148863,124.46195271809896,154.47430343627929,99.13031984965006,5.420373167086323,4.898346068946902,2.3594825363217,-22.82005024743897,-0.4818224348006161,9.30201395818986,-2.330126532518217,7.326084232038577,-2.154290690649252,3.5032617831656685,0.4439993628602703,0,0,0,2
N225,2004-12,11488.75977,5.408718673303214,107.17075778592016,141.9146915558846,79.30897829609532,-13.892755620942731,-8.130550907824963,-19.995236153396423,5.420373167086323,1.1867523590148863,-22.82005024743897,-0.4818224348006161,9.30201395818986,-2.330126532518217,3.4584320799833708,0.0987899897423557,0,0,0,2
N225,2005-01,11387.58984,-0.8805992293805298,99.38704164566532,126.41269216229838,77.36354717131584,-7.26291042543833,-10.923463401589872,-2.4529771616982887,-13.892755620942731,5.408718673303214,5.420373167086323,1.1867523590148863,-22.82005024743897,-0.4818224348006161,2.88607956921885,-0.0566077013856682,0,1,1,2
N225,2005-02,11740.59961,3.099951569734438,109.60796138218473,108.7996129989624,105.78578090667725,10.283956104618763,-13.932999022537196,36.73853484564569,-7.26291042543833,-0.8805992293805298,-13.892755620942731,5.408718673303214,5.420373167086323,1.1867523590148863,2.8531970108821034,0.1474474439511143,0,0,0,2
N225,2005-03,11668.9502,-0.610270449381245,90.47840487572456,87.14632021996283,87.85526915519468,-17.45270714392596,-19.901994301400748,-16.94983162935727,10.283956104618763,3.099951569734438,-7.26291042543833,-0.8805992293805298,-13.892755620942731,5.408718673303214,2.518422605513497,-0.2344638256586798,0,1,0,2
N225,2005-04,11008.90039,-5.656462652484362,86.93658548990885,102.42798690795898,72.97031523386637,-3.9145466707558807,17.535641951862413,-16.942585304740586,-17.45270714392596,-0.610270449381245,10.283956104618763,3.099951569734438,-7.26291042543833,-0.8805992293805298,3.803515374186351,-0.3051743378395897,0,1,1,2
N225,2005-05,11276.58984,2.431573004722232,98.79405889203473,105.33132522336898,90.99365062098347,13.63922143399825,2.834516622902017,24.69954436862878,-3.9145466707558807,-5.656462652484362,-17.45270714392596,-0.610270449381245,10.283956104618763,3.099951569734438,3.886444234137104,-0.0684462819726932,0,0,0,2
N225,2005-06,11584.00977,2.7261781652244688,81.75722109476725,95.1893081665039,69.31578687032064,-17.244799928592734,-9.628680770281385,-23.82349054326638,13.63922143399825,2.431573004722232,-3.9145466707558807,-5.656462652484362,-17.45270714392596,-0.610270449381245,3.343419270437845,-0.4085775521928494,0,0,1,2
N225,2005-07,11899.59961,2.7243575088939043,164.77051716466104,237.00151295815743,116.65942007495512,93.42482713456964,104.55736914021404,68.30137165319535,-17.244799928592734,2.7261781652244688,13.63922143399825,2.431573004722232,-3.9145466707558807,-5.656462652484362,3.436239213066,1.2487380936685877,1,0,0,2
N225,2005-08,12413.59961,4.319473065026935,116.88755367648216,143.2987120843703,94.36514368364888,-29.06039521641346,-39.53679438760814,-19.11056679090457,101.53634744222848,2.7243575088939043,-17.244799928592734,2.7261781652244688,13.63922143399825,2.431573004722232,3.6310373473162416,0.2927805746182023,0,0,0,2
N225,2005-09,13574.29981,9.350230686230422,103.76748135884604,130.99529851277669,78.09897527694702,-11.224524686306191,-8.585850767695435,-17.237475376748023,-29.06039521641346,4.319473065026935,101.53634744222848,2.7243575088939043,-17.244799928592734,2.7261781652244688,4.831906295880108,0.0308454129479047,0,0,0,2
N225,2005-10,13606.5,0.2372143716486752,87.41865994853359,105.815919445407,73.7711932274603,-15.755245474037638,-19.221589899208325,-5.541406957184714,-11.224524686306191,9.350230686230422,-29.06039521641346,4.319473065026935,101.53634744222848,2.7243575088939043,3.0913007761858635,-0.295549981494598,0,0,0,2
N225,2005-11,14872.15039,9.301807150994025,82.0722770690918,93.67955487569174,70.19666430155436,-6.115837148029257,-11.469318258843575,-4.84542647274867,-15.755245474037638,0.2372143716486752,-11.224524686306191,9.350230686230422,-29.06039521641346,4.319473065026935,3.758364358458684,-0.4022876297311443,0,0,1,2
N225,2005-12,16111.42969,8.332885746188312,95.3541398817493,131.53387844947076,69.47696587347215,16.183129415888263,40.40830854075885,-1.0252601533749406,-6.115837148029257,9.301807150994025,-15.755245474037638,0.2372143716486752,-11.224524686306191,9.350230686230422,3.842678506841626,-0.1371224081614686,0,0,0,2
N225,2006-01,16649.82031,3.3416688050605714,93.70335646598568,99.09636282151745,89.04377758887506,-1.73121315740542,-24.660958842184765,28.163019886385037,16.183129415888263,8.332885746188312,-6.115837148029257,9.301807150994025,-15.755245474037638,0.2372143716486752,3.753960088921778,-0.1700794079723198,0,0,1,2
N225,2006-02,16205.42969,-2.6690415375419607,96.56065307344709,102.5961035319737,90.61754550252644,3.049300169411317,3.5316540494625848,1.76740919608962,-1.73121315740542,3.3416688050605714,16.183129415888263,8.332885746188312,-6.115837148029257,9.301807150994025,5.139025154090015,-0.1130350235591828,0,1,0,2
N225,2006-03,17059.66016,5.271260844919934,91.851620704897,96.4645538330078,86.54391436423025,-4.876761101613781,-5.976396264459504,-4.495411032935781,3.049300169411317,-2.6690415375419607,-1.73121315740542,3.3416688050605714,16.183129415888263,8.332885746188312,4.6381370731082106,-0.2070483128844865,0,0,0,2
N225,2006-04,16906.23047,-0.8993713154951899,89.32775522867838,92.8047290802002,86.14640655517579,-2.7477636832640484,-3.793958098995864,-0.4593134155932654,-4.876761101613781,5.271260844919934,3.049300169411317,-2.6690415375419607,-1.73121315740542,3.3416688050605714,4.839871248944241,-0.2574359247468661,0,1,0,2
N225,2006-05,15467.33008,-8.511065743208214,84.38873118738974,80.68312811082409,83.90371753323463,-5.529103500524313,-13.06140440203304,-2.603345991576267,-2.7477636832640484,-0.8993713154951899,-4.876761101613781,5.271260844919934,3.049300169411317,-2.6690415375419607,6.079703042518116,-0.3560408736700071,0,1,1,2
N225,2006-06,15505.17969,0.2447068097999771,102.32296142578124,114.45484237670898,90.22701250712076,21.25192544792216,41.85721978887212,7.536370449118013,-5.529103500524313,-8.511065743208214,-2.7477636832640484,-0.8993713154951899,-4.876761101613781,5.271260844919934,4.850848788396092,0.0020063522291096,0,0,1,2
N225,2006-07,15456.80957,-0.3119610411944973,137.44066902898973,144.6709271092569,133.83614447809035,34.3204566344385,26.40000554375559,48.33267860611912,21.25192544792216,0.2447068097999771,-5.529103500524313,-8.511065743208214,-2.7477636832640484,-0.8993713154951899,4.481865632876179,0.7031124281591824,0,1,1,2
N225,2006-08,16140.75977,4.424911861031622,147.491208968624,160.77977629630797,141.31128421906502,7.312638981344266,11.134821286439632,5.585292201986869,34.3204566344385,-0.3119610411944973,21.25192544792216,0.2447068097999771,-5.529103500524313,-8.511065743208214,4.914517069809387,0.9037660328213402,0,0,0,2
N225,2006-09,16127.58008,-0.0816547063942851,113.61922556559244,117.84904912312824,111.18667894999186,-22.965425288660548,-26.70157165417424,-21.317904961059643,7.312638981344266,4.424911861031622,34.3204566344385,-0.3119610411944973,21.25192544792216,0.2447068097999771,4.209443829836541,0.2275301681119277,0,1,0,2
N225,2006-10,16399.39063,1.68537715299939,112.73245288479713,100.46679675194524,124.12324234747118,-0.7804776668569935,-14.749590684454382,11.634993975580254,-22.965425288660548,-0.0816547063942851,7.312638981344266,4.424911861031622,34.3204566344385,-0.3119610411944973,4.334488827592858,0.2098262302154349,0,0,0,2
N225,2006-11,16274.33008,-0.7625926647007453,87.80542017618815,84.66829687754313,86.73696505228678,-22.11167420803153,-15.7250956387203,-30.12028737577213,-0.7804776668569935,1.68537715299939,-22.965425288660548,-0.0816547063942851,7.312638981344266,4.424911861031622,1.9319002154011229,-0.2878285223207669,0,1,1,2
N225,2006-12,17225.83008,5.846630831024657,91.50775527954102,79.05746866041615,96.69359145625944,4.216522278378543,-6.626834865052256,11.479103975992969,-22.11167420803153,-0.7625926647007453,-0.7804776668569935,1.68537715299939,-22.965425288660548,-0.0816547063942851,2.7512326950761383,-0.2139134004848321,0,0,1,2
N225,2007-01,17383.41992,0.9148461308867262,97.40868709933372,96.73051378803868,95.33105973274478,6.448559252455,22.35468125539841,-1.4091230897458562,4.216522278378543,5.846630831024657,-22.11167420803153,-0.7625926647007453,-0.7804776668569935,1.68537715299939,2.6045495224668227,-0.0961044819970039,0,0,0,2
N225,2007-02,17604.11914,1.269596092228542,95.05105536324638,89.62849848611015,97.72646740504672,-2.420350593251641,-7.342063040718328,2.5127253164051178,6.448559252455,0.9148461308867262,4.216522278378543,5.846630831024657,-22.11167420803153,-0.7625926647007453,2.321262175574055,-0.1431733269698287,0,0,0,2
N225,2007-03,17287.65039,-1.797697161006606,86.13590178951141,82.20472852645382,85.6678963938067,-9.379331496809671,-8.282823080882917,-12.339104575693804,-2.420350593251641,1.269596092228542,6.448559252455,0.9148461308867262,4.216522278378543,5.846630831024657,2.636306633286733,-0.3211595557128524,0,1,0,2
N225,2007-04,17400.41016,0.652256191305356,75.71304588317871,82.1852602005005,68.55693855285645,-12.100478069879417,-0.023682732492769,-19.97359403141277,-9.379331496809671,-1.797697161006606,-2.420350593251641,1.269596092228542,6.448559252455,0.9148461308867262,2.6314257957611997,-0.5292462476757941,0,0,1,2
N225,2007-05,17875.75,2.731773766417933,91.82276621172504,103.15781870195944,82.37121458976499,21.277337532296347,25.518637344815765,20.15007718913517,-12.100478069879417,0.652256191305356,-9.379331496809671,-1.797697161006606,-2.420350593251641,1.269596092228542,2.543065145484221,-0.2076243772651489,0,0,1,2
N225,2007-06,18138.35938,1.4690817448218985,98.5847110748291,110.01365140279134,88.00655695597331,7.364126721593589,6.645965169775048,6.841397682763484,21.277337532296347,2.731773766417933,-12.100478069879417,0.652256191305356,-9.379331496809671,-1.797697161006606,1.4933682399572228,-0.0726257981382684,0,0,1,2
N225,2007-07,17248.89063,-4.903799353434135,113.9830302576865,129.01673864549207,104.86104534518334,15.619378517191729,17.2733901660304,19.151400727609147,7.364126721593589,1.4690817448218985,21.277337532296347,2.731773766417933,-12.100478069879417,0.652256191305356,2.788592186442941,0.2347933324095797,0,1,0,2
N225,2007-08,16569.08984,-3.9411276039843512,83.12109104279548,100.07418700187436,73.35449858634702,-27.075906953096485,-22.433175685168337,-30.045997210043584,15.619378517191729,-4.903799353434135,7.364126721593589,1.4690817448218985,21.277337532296347,2.731773766417933,3.0747770063210416,-0.3813486248908387,0,1,1,2
N225,2007-09,16785.68945,1.307251104868179,92.71907399495444,90.46699282328288,93.58469161987304,11.546988654440726,-9.600072172868655,27.578667189324,-27.075906953096485,-3.9411276039843512,15.619378517191729,-4.903799353434135,7.364126721593589,1.4690817448218985,3.166503438111085,-0.1897300761955621,0,0,1,2
N225,2007-10,16737.63086,-0.2863069172294286,100.96206135903635,95.91243030178931,103.749514179845,8.890282235271773,6.019253330486496,10.861629593502276,11.546988654440726,1.307251104868179,-27.075906953096485,-3.9411276039843512,15.619378517191729,-4.903799353434135,3.1242137961495797,-0.0251632829962064,0,1,0,2
N225,2007-11,15680.66992,-6.3148778273390604,89.11012655893961,80.4546085993449,95.28441146214804,-11.738998432242251,-16.116598916121973,-8.159173355764459,8.890282235271773,-0.2863069172294286,11.546988654440726,1.307251104868179,-27.075906953096485,-3.9411276039843512,3.3660841476260503,-0.2617807636633019,0,1,1,2
N225,2007-12,15564.69043,-0.7396335143313837,94.64804052537488,85.06247354322865,97.48771335232642,6.2146853340762975,5.727285265696103,2.3123424454939867,-11.738998432242251,-6.3148778273390604,8.890282235271773,-0.2863069172294286,11.546988654440726,1.307251104868179,2.996678846011327,-0.1512193006624815,0,1,0,2
N225,2008-01,13592.46973,-12.671120629541488,80.78886364352319,81.53163952981272,76.77330804640248,-14.642856634877798,-4.150871549275559,-21.24822153850388,6.2146853340762975,-0.7396335143313837,-11.738998432242251,-6.3148778273390604,8.890282235271773,-0.2863069172294286,5.154284480245467,-0.4279102859922885,0,1,1,2
N225,2008-02,13603.01953,0.0776150339824921,81.6396739565093,88.45064189516265,72.8041961275298,1.0531282092792749,8.48627895287195,-5.169911288013928,-14.642856634877798,-12.671120629541488,6.2146853340762975,-0.7396335143313837,-11.738998432242251,-6.3148778273390604,5.384254186246683,-0.4109243173567951,0,0,0,2
N225,2008-03,12525.54004,-7.920884680226581,78.19353657384073,84.13256103761735,72.61432629246866,-4.221155249228914,-4.881910142227531,-0.2607951809928011,1.0531282092792749,0.0776150339824921,-14.642856634877798,-12.671120629541488,6.2146853340762975,-0.7396335143313837,5.186360454656661,-0.479724589993553,0,1,0,2
N225,2008-04,13849.99023,10.573996696113696,71.86557184855143,70.36499150594075,69.58370641072591,-8.092695384500992,-16.364139355654284,-4.173583969554883,-4.221155249228914,-7.920884680226581,1.0531282092792749,0.0776150339824921,-14.642856634877798,-12.671120629541488,8.09197235756022,-0.6060589899293325,0,0,1,2
N225,2008-05,14338.54004,3.5274379395717537,73.08874597857076,75.19145030360067,71.38500275150422,1.7020307479039154,6.85917626701118,2.588675472596913,-8.092695384500992,10.573996696113696,-4.221155249228914,-7.920884680226581,1.0531282092792749,0.0776150339824921,8.241073108519313,-0.5816389786869506,0,0,1,2
N225,2008-06,13481.37988,-5.978015597186282,86.7860169728597,80.27725048065186,87.26098276774088,18.740602004999385,6.763801145630577,22.23993752791742,1.7020307479039154,3.5274379395717537,-8.092695384500992,10.573996696113696,-4.221155249228914,-7.920884680226581,8.4581708410186,-0.3081803570063219,0,1,1,2
N225,2008-07,13376.80957,-0.7756647385564253,89.47498493809854,87.2099857945596,84.52966382426601,3.0983884950956497,8.635989987697258,-3.130057508915207,18.740602004999385,-5.978015597186282,1.7020307479039154,3.5274379395717537,-8.092695384500992,10.573996696113696,6.682754917671916,-0.2544965630721747,0,1,0,2
N225,2008-08,13072.87012,-2.272137077301606,88.47457368912235,105.41860654277188,75.39880838701802,-1.1180904357439236,20.879054826480868,-10.801954040927797,3.0983884950956497,-0.7756647385564253,18.740602004999385,-5.978015597186282,1.7020307479039154,3.5274379395717537,6.740093679048687,-0.2744692336408515,0,1,1,2
N225,2008-09,11259.86035,-13.868490647866992,89.21801058451335,95.21897468566894,82.42706019083658,0.8402831055205118,-9.675362055715087,9.321436179392803,-1.1180904357439236,-2.272137077301606,3.0983884950956497,-0.7756647385564253,18.740602004999385,-5.978015597186282,8.309060356620497,-0.2596269173279952,0,1,0,2
N225,2008-10,8576.980469,-16.199297081301566,64.97080649099043,76.1353960960142,53.63574997071297,-27.17747676132537,-20.041781223387755,-34.929439620272106,0.8402831055205118,-13.868490647866992,-1.1180904357439236,-2.272137077301606,3.0983884950956497,-0.7756647385564253,10.030462569612148,-0.7437092585321883,0,1,1,2
N225,2008-11,8512.269531,-0.7544722555202998,79.13092206319173,96.24985440572102,67.7355552037557,21.79458180831557,26.41932575531689,26.28807323611904,-27.17747676132537,-23.82693743621785,0.8402831055205118,-13.868490647866992,-1.1180904357439236,-2.272137077301606,9.235484242497693,-0.4610101946947942,0,1,1,2
N225,2008-12,8747.169922,2.759550671469446,94.08670757662864,107.55399310204292,87.6594942154423,18.90005212057766,11.744577450134797,29.414299405612443,21.79458180831557,-0.7544722555202998,-27.17747676132537,-23.82693743621785,0.8402831055205118,-13.868490647866992,10.236202368887133,-0.1624260099794005,0,0,0,2
N225,2009-01,7994.049805,-8.60987180671805,86.23219754618984,91.03520405677055,87.53845571702526,-8.348161215059768,-15.358601358110413,-0.1380780250905378,18.90005212057766,2.759550671469446,21.79458180831557,-0.7544722555202998,-27.17747676132537,-23.82693743621785,9.859385355824696,-0.3192370629107492,0,1,0,2
N225,2009-02,7568.419922,-5.324333640425694,67.12189470018659,63.14009993416922,65.29873490333557,-22.16144710421756,-30.64210643742353,-25.40565815506419,-8.348161215059768,-8.60987180671805,18.90005212057766,2.759550671469446,21.79458180831557,-0.7544722555202998,9.594665235535397,-0.7007639435825536,0,1,1,2
N225,2009-03,8109.529785,7.149575057629831,72.05849173761183,73.33846209126133,69.22285332218293,7.35467474432232,16.151957579612763,6.0094861327044,-22.16144710421756,-5.324333640425694,-8.348161215059768,-8.60987180671805,18.90005212057766,2.759550671469446,10.891405797577889,-0.6022074484814606,0,0,1,2
N225,2009-04,8828.259766,8.862782430732508,85.95789963404337,83.50890401204427,85.18863232930501,19.28906303929281,13.86781455565156,23.06431798298285,7.35467474432232,7.149575057629831,-22.16144710421756,-5.324333640425694,-8.348161215059768,-8.60987180671805,6.892739807849575,-0.3247132726620728,0,0,1,2
N225,2009-05,9522.5,7.863840127062271,91.18033575242563,93.24943800895444,89.41171313870338,6.075574369099579,11.664066379682492,4.957329040186531,19.28906303929281,8.862782430732508,7.35467474432232,7.149575057629831,-22.16144710421756,-5.324333640425694,7.412296003208958,-0.2204501546042201,0,0,0,2
N225,2009-06,9958.44043,4.578003990548707,81.25230356852214,73.67756567001342,81.75211544036866,-10.88834791183514,-20.988729537503048,-8.566660261226033,6.075574369099579,7.863840127062271,19.28906303929281,8.862782430732508,7.35467474432232,7.149575057629831,7.480688174688312,-0.4186579580523049,0,0,0,2
N225,2009-07,10356.83008,4.000522499485393,81.08385159892421,76.3114563111336,80.97563048331968,-0.2073196231979657,3.5748882542032234,-0.9498041156076996,-10.88834791183514,4.578003990548707,6.075574369099579,7.863840127062271,19.28906303929281,8.862782430732508,5.179571395136668,-0.4220210106957725,0,0,0,2
N225,2009-08,10492.53027,1.3102482994487683,73.76000755063949,78.4546751206921,65.25164118120748,-9.03243235719934,2.808515147214941,-19.41817458939232,-0.2073196231979657,4.000522499485393,-10.88834791183514,4.578003990548707,6.075574369099579,7.863840127062271,2.8345067281061387,-0.5682376037443344,0,0,1,2
N225,2009-09,10133.23047,-3.4243389416497627,91.13029925028484,75.68046391805014,96.45980974833172,23.54974230136824,-3.536068689818938,47.82740786619817,-9.03243235719934,1.3102482994487683,-0.2073196231979657,4.000522499485393,-10.88834791183514,4.578003990548707,4.497921984564974,-0.2214491063600006,0,1,0,2
N225,2009-10,10034.74023,-0.971953024177108,90.38770306494928,89.20428694448164,89.28504986916819,-0.8148729801666255,17.869635473000866,-7.4380821379212865,23.54974230136824,-3.4243389416497627,-9.03243235719934,1.3102482994487683,-0.2073196231979657,4.000522499485393,4.085533723544514,-0.2362746383504112,0,1,0,2
N225,2009-11,9345.549805,-6.868044505423121,81.02965710957845,82.64781697591145,73.95016460418701,-10.353229076577463,-7.349949417398238,-17.175199305428855,-0.8148729801666255,-0.971953024177108,23.54974230136824,-3.4243389416497627,-9.03243235719934,1.3102482994487683,4.43180583854554,-0.4231029744216385,0,1,1,2
N225,2009-12,10546.44043,12.849865979607822,95.82213678667624,100.3492317199707,92.03632293208952,18.25563652218536,21.41788542245284,24.457225247174776,-10.353229076577463,-6.868044505423121,-0.8148729801666255,-0.971953024177108,23.54974230136824,-3.4243389416497627,6.852070034345816,-0.1277791025770587,0,0,0,2
N225,2010-01,10198.04004,-3.3034879617672157,93.6784295112856,102.653564453125,87.86365244465489,-2.237173316394569,2.296313278794848,-4.53372142052385,18.25563652218536,12.849865979607822,-10.353229076577463,-6.868044505423121,-0.8148729801666255,-0.971953024177108,6.89292332201179,-0.170577061167458,0,1,0,2
N225,2010-02,10126.03027,-0.70611381910205,81.47286292484829,81.01815795898438,80.05752774647304,-13.029217772023904,-21.07613759872904,-8.88436171384852,-2.237173316394569,-3.3034879617672157,18.25563652218536,12.849865979607822,-10.353229076577463,-6.868044505423121,6.86137239818492,-0.4142546095601225,0,1,0,2
N225,2010-03,11089.94043,9.519131725842666,72.72510971561555,67.32707777330953,73.52030064982753,-10.73701462694614,-16.898779891547267,-8.165661969162553,-13.029217772023904,-0.70611381910205,-2.237173316394569,-3.3034879617672157,18.25563652218536,12.849865979607822,7.704755996887287,-0.5888987803877629,0,0,1,2
N225,2010-04,11057.40039,-0.2934194300266424,88.62468554178874,79.6067726135254,92.83870468139648,21.86256698456273,18.238865024799743,26.2762854080008,-10.73701462694614,9.519131725842666,-13.029217772023904,-0.70611381910205,-2.237173316394569,-3.3034879617672157,7.6616152008796305,-0.2714723315320161,0,1,0,2
N225,2010-05,9768.700195,-11.654639875078276,87.13836805282101,83.16650359861312,86.94786573225453,-1.6770919748616664,4.471643389400404,-6.345240349225156,21.86256698456273,-0.2934194300266424,-10.73701462694614,9.519131725842666,-13.029217772023904,-0.70611381910205,8.901802139475695,-0.3011458578922958,0,1,1,2
N225,2010-06,9382.639648,-3.952015511721818,96.34650853474936,69.67944971720378,111.88416697184245,10.567262949366471,-16.216930251753723,28.67960131002669,-1.6770919748616664,-11.654639875078276,21.86256698456273,-0.2934194300266424,-10.73701462694614,9.519131725842666,6.863916471644805,-0.1173103036801013,0,1,0,2
N225,2010-07,9537.299805,1.6483650955620766,79.39271330064342,81.76249122619629,76.34224307152533,-17.59668875597209,17.340896861315503,-31.766714506854075,10.567262949366471,-3.952015511721818,-1.6770919748616664,-11.654639875078276,21.86256698456273,-0.2934194300266424,6.934476626779394,-0.4557836739527096,0,0,1,2
N225,2010-08,8824.05957,-7.478429425339861,81.61330942953786,84.75737048733619,74.11711311340332,2.79697724964445,3.662901186382084,-2.9146772070048788,-17.59668875597209,1.6483650955620766,10.567262949366471,-3.952015511721818,-1.6770919748616664,-11.654639875078276,7.428883964431298,-0.4114506709063362,0,1,0,2
N225,2010-09,9369.349609,6.179582477592005,71.82437750498454,70.37432320912679,69.72902139027913,-11.994283766920088,-16.969671422685785,-5.920483865055792,2.79697724964445,-7.478429425339861,-17.59668875597209,1.6483650955620766,10.567262949366471,-3.952015511721818,6.45078450764911,-0.6068814127621388,0,0,0,2
N225,2010-10,9202.450195,-1.7813340409421952,65.55662228984218,74.25972569373346,63.16021014798072,-8.726501270000398,5.521051297446489,-9.4204839123329,-11.994283766920088,6.179582477592005,2.79697724964445,-7.478429425339861,-17.59668875597209,1.6483650955620766,6.372888586567378,-0.7320137623286357,0,1,1,2
N225,2010-11,9937.040039,7.982546261419898,95.60385462443034,80.85895284016927,102.02185897827148,45.83401536726808,8.886683979486731,61.52868829796508,-8.726501270000398,-1.7813340409421952,-11.994283766920088,6.179582477592005,2.79697724964445,-7.478429425339861,5.970231536389141,-0.1321369881186469,1,0,1,2
N225,2010-12,10228.91992,2.937291988906732,97.89414264309792,94.39043466506466,98.9651261606524,2.3956021728043453,16.73467358851721,-2.9961547929352017,45.83401536726808,7.982546261419898,-8.726501270000398,-1.7813340409421952,-11.994283766920088,6.179582477592005,5.609801643365401,-0.0864126241122966,0,0,0,2
N225,2011-01,10237.91992,0.0879858291040314,78.83949353618007,77.48969244187877,77.08557048920662,-19.46454465246935,-17.9051429132163,-22.108349193561573,2.3956021728043453,2.937291988906732,45.83401536726808,7.982546261419898,-8.726501270000398,-1.7813340409421952,5.642148177543796,-0.4668284079248787,0,0,1,2
N225,2011-02,10624.08984,3.771956833200152,88.93610232216972,84.70568302699498,89.67357962472099,12.806536842294957,9.312194122500305,16.329916293837265,-19.46454465246935,0.0879858291040314,2.3956021728043453,2.937291988906732,45.83401536726808,7.982546261419898,3.6508917041527407,-0.2652550636129752,0,0,1,2
N225,2011-03,9755.099609,-8.179432253370322,136.0791222356981,156.13775290212322,126.68266185637444,53.00774228080458,84.32972537670638,41.27088757528632,12.806536842294957,3.771956833200152,-19.46454465246935,0.0879858291040314,2.3956021728043453,2.937291988906732,5.527927427268796,0.6759298813874604,1,1,0,2
N225,2011-04,9849.740234,0.9701656445689766,90.6722047805786,111.14294446309408,73.5580285390218,-33.36802641662523,-28.8173792710048,-41.93520450145128,53.00774228080458,-8.179432253370322,12.806536842294957,3.771956833200152,-19.46454465246935,0.0879858291040314,5.382868153616285,-0.2305947151705158,0,0,1,2
N225,2011-05,9693.730469,-1.583897253061306,104.47366776004914,120.63443325411887,96.0221432101342,15.221272067740331,8.53989323107822,30.539310415579468,-33.36802641662523,0.9701656445689766,53.00774228080458,-8.179432253370322,12.806536842294957,3.771956833200152,4.302375910828512,0.0449440432519357,0,1,0,2
N225,2011-06,9816.089844,1.2622527043773202,84.53678283691406,97.33198216756185,72.88245728810628,-19.08316741489856,-19.316583547476828,-24.098281030229863,15.221272067740331,-1.583897253061306,-33.36802641662523,0.9701656445689766,53.00774228080458,-8.179432253370322,4.097212320726201,-0.3530851024048154,0,0,0,2
N225,2011-07,9833.030273,0.1725781779631452,78.2851328695974,99.24549016644876,60.41787485922536,-7.395183206081024,1.9659601667134647,-17.102308144754364,-19.08316741489856,1.2622527043773202,15.221272067740331,-1.583897253061306,-33.36802641662523,0.9701656445689766,4.100246456784999,-0.4778959193920065,0,0,1,2
N225,2011-08,8955.200195,-8.927360677515539,86.39183038280856,111.57653574789724,62.886020106654016,10.35534745366633,12.424791857813933,4.085124233812376,-7.395183206081024,0.1725781779631452,-19.08316741489856,1.2622527043773202,15.221272067740331,-1.583897253061306,4.636160653144364,-0.3160500794966862,0,1,0,2
N225,2011-09,8700.290039,-2.846504270695427,83.14460322062175,93.88602275848388,70.98976675669353,-3.758720179672215,-15.85504772202676,12.886404062931067,10.35534745366633,-8.927360677515539,-7.395183206081024,0.1725781779631452,-19.08316741489856,1.2622527043773202,3.817840390761828,-0.3808792169522968,0,1,0,2
N225,2011-10,8988.389648,3.31137936446444,75.16556069158739,90.5741471321352,63.65037210526005,-9.59658500968753,-3.527549180423029,-10.338665679221236,-3.758720179672215,-2.846504270695427,10.35534745366633,-8.927360677515539,-7.395183206081024,0.1725781779631452,4.255292695917938,-0.5401764939960677,0,0,1,2
N225,2011-11,8434.610352,-6.16105128601342,83.25008093516031,70.99307772318522,95.16603965759278,10.75561755834511,-21.6188283621196,49.51372083137953,-9.59658500968753,3.31137936446444,-3.758720179672215,-2.846504270695427,10.35534745366633,-8.927360677515539,4.676684273869211,-0.3787734113178923,0,1,1,2
N225,2011-12,8455.349609,0.2458828106396637,84.81960911904612,77.63644483012538,86.84766141829952,1.885317306908374,9.357767433106437,-8.740910380659695,10.75561755834511,-6.16105128601342,-9.59658500968753,3.31137936446444,-3.758720179672215,-2.846504270695427,4.542767576261528,-0.347438628350302,0,0,0,2
N225,2012-01,8802.509766,4.10580488156842,77.90155767625377,61.71806113950668,91.26849322165212,-8.156193496580155,-20.503751460347488,5.090329124764548,1.885317306908374,0.2458828106396637,10.75561755834511,-6.16105128601342,-9.59658500968753,3.31137936446444,5.216456382798136,-0.4855537910750859,0,0,1,2
N225,2012-02,9723.240234,10.459863067194265,91.4857845964103,77.98118065143454,103.34518873280491,17.437683308734808,26.350664962022897,13.232053126837195,-8.156193496580155,4.10580488156842,1.885317306908374,0.2458828106396637,10.75561755834511,-6.16105128601342,5.822454087822043,-0.2143520333138689,0,0,0,2
N225,2012-03,10083.55957,3.705753713047666,88.0797755333685,86.14695296748992,86.66009946023264,-3.722992679209569,10.47146535592387,-16.145008274851524,17.437683308734808,10.459863067194265,-8.156193496580155,4.10580488156842,1.885317306908374,0.2458828106396637,5.441888875520705,-0.2823511657103503,0,0,1,2
N225,2012-04,9520.889648,-5.580072375176137,98.3707051595052,88.1813424428304,104.64068247477212,11.683646516830692,2.361533873529132,20.748398774675515,-3.722992679209569,3.705753713047666,17.437683308734808,10.459863067194265,-8.156193496580155,4.10580488156842,6.3482663404257,-0.0768983107183564,0,1,0,2
N225,2012-05,8542.730469,-10.273821199109022,77.68080416033345,69.08255398658014,79.93533497471964,-21.032583801878506,-21.65853674617435,-23.60969645434864,11.683646516830692,-5.580072375176137,-3.722992679209569,3.705753713047666,17.437683308734808,10.459863067194265,7.423823204472958,-0.4899610158587595,0,1,0,2
N225,2012-06,9006.780273,5.432101664496525,77.59097859064738,81.92765919367473,70.51085557937623,-0.115634191299907,18.59384817994694,-11.790129356840753,-21.032583801878506,-10.273821199109022,11.683646516830692,-5.580072375176137,-3.722992679209569,3.705753713047666,7.693190106251806,-0.4917543348701357,0,0,1,2
N225,2012-07,8695.05957,-3.4609560081582003,81.20776933239353,89.00009404459307,77.46019707956621,4.661354718603983,8.632536216126097,9.8557044062058,-0.115634191299907,5.432101664496525,-21.032583801878506,-10.273821199109022,11.683646516830692,-5.580072375176137,7.762764519095544,-0.4195470600372483,0,1,0,2
N225,2012-08,8839.910156,1.665895268846329,74.8681123795048,78.25724669425718,70.49690803404778,-7.806712344159738,-12.070602245603512,-8.989505976038025,4.661354718603983,-3.4609560081582003,-0.115634191299907,5.432101664496525,-21.032583801878506,-10.273821199109022,6.043330839406629,-0.5461148889856426,0,0,0,2
N225,2012-09,8870.160156,0.3421980480137421,68.97198734283447,65.10240313212077,68.31967938741049,-7.87534886252107,-16.80974493458861,-3.0884030340532886,-7.806712344159738,1.665895268846329,4.661354718603983,-3.4609560081582003,-0.115634191299907,5.432101664496525,5.613655213773087,-0.6638278426431106,0,0,1,2
N225,2012-10,8928.290039,0.6553419777959535,81.94055532640026,86.90206847652313,75.07558896464687,18.8026595770016,33.48519301224788,9.888672836016443,-7.87534886252107,0.3421980480137421,-7.806712344159738,1.665895268846329,4.661354718603983,-3.4609560081582003,5.3862594610940455,-0.404917383221224,0,0,0,2
N225,2012-11,9446.009766,5.798643690320637,79.75129572550456,87.46022033691406,73.34758491516114,-2.6717656381202715,0.6422768412488677,-2.301685638855866,18.8026595770016,0.6553419777959535,-7.87534886252107,0.3421980480137421,-7.806712344159738,1.665895268846329,3.472462062777014,-0.4486247694014081,0,0,0,2
N225,2012-12,10395.17969,10.048369073430852,74.97084549934634,85.26028196273312,64.21883093926215,-5.994197564654025,-2.515358829084069,-12.44588214657365,-2.6717656381202715,5.798643690320637,18.8026595770016,0.6553419777959535,-7.87534886252107,0.3421980480137421,4.735950112431249,-0.5440638777028454,0,0,1,2
N225,2013-01,11138.66016,7.152165639957286,90.2403597062634,109.75873522604664,83.89209476594002,20.367269576878645,28.73372301773727,30.63472744510833,-5.994197564654025,10.048369073430852,-2.6717656381202715,5.798643690320637,18.8026595770016,0.6553419777959535,3.982652860711559,-0.2392162689713456,0,0,0,2
N225,2013-02,11559.36035,3.776937117722445,82.87265164511544,87.37166687420437,78.62591293879917,-8.164537558505069,-20.3966165478642,-6.277327848152503,20.367269576878645,7.152165639957286,-5.994197564654025,10.048369073430852,-2.6717656381202715,5.798643690320637,3.794644451107039,-0.3863085833591407,0,0,0,2
N225,2013-03,12397.91016,7.254292492058156,74.79130831072408,70.25588681620937,79.46081779849145,-9.751520162523589,-19.589622895300696,1.0618698447955044,-8.164537558505069,3.776937117722445,20.367269576878645,7.152165639957286,-5.994197564654025,10.048369073430852,3.2419153065534188,-0.5476482407603864,0,0,1,2
N225,2013-04,13860.86035,11.799974117573386,93.84421526590982,83.1100798924764,99.8020144144694,25.47476088535521,18.296250547507608,25.599027520157392,-9.751520162523589,7.254292492058156,-8.164537558505069,3.776937117722445,20.367269576878645,7.152165639957286,2.89158127576081,-0.1672672380667305,0,0,0,2
N225,2013-05,13774.54004,-0.6227630018651786,83.38529759068643,96.31220405332505,76.66901059304514,-11.144978564302331,15.885105847484285,-23.178894691799336,25.47476088535521,11.799974117573386,-9.751520162523589,7.254292492058156,-8.164537558505069,3.776937117722445,4.467569212380587,-0.3760738837796071,0,1,0,2
N225,2013-06,13677.32031,-0.7057929318705636,82.57989651362101,85.31224797566732,78.08507897059123,-0.965878998260461,-11.421144584716792,1.8469892419278768,-11.144978564302331,-0.6227630018651786,25.47476088535521,11.799974117573386,-9.751520162523589,7.254292492058156,4.9258325455774274,-0.3921532815316291,0,1,0,2
N225,2013-07,13668.32031,-0.0658023632993387,77.08005560598066,75.28471995938209,75.0804361527966,-6.660023976577866,-11.753913716053145,-3.847909046651865,-0.965878998260461,-0.7057929318705636,-11.144978564302331,-0.6227630018651786,25.47476088535521,11.799974117573386,5.107445279783593,-0.5019546364652614,0,1,1,2
N225,2013-08,13388.86035,-2.044581584728744,88.84743185966245,104.4280973249866,78.84740774093136,15.266434567502763,38.71087968624718,5.017247875956099,-6.660023976577866,-0.0658023632993387,-0.965878998260461,-0.7057929318705636,-11.144978564302331,-0.6227630018651786,5.590975439513008,-0.2670253215330478,0,1,1,2
N225,2013-09,14455.79981,7.96885942573895,98.07846705118816,97.374010403951,98.14722569783528,10.38976028717007,-6.754970263494176,24.47742863064981,15.266434567502763,-2.044581584728744,-6.660023976577866,-0.0658023632993387,-0.965878998260461,-0.7057929318705636,5.71609120145008,-0.0827326868021949,0,0,0,2
N225,2013-10,14327.94043,-0.8844849934318444,73.56673326799947,80.33374651016727,65.35439909658125,-24.99196257869301,-17.499807005065403,-33.411873201809016,10.38976028717007,7.96885942573895,15.266434567502763,-2.044581584728744,-6.660023976577866,-0.0658023632993387,3.6644451139895855,-0.5720962204687234,0,1,1,2
N225,2013-11,15661.87012,9.309989084034733,76.75024941762288,52.19944121042887,91.32140051523844,4.327385501849101,-35.02177667784688,39.73259914804351,-24.99196257869301,-0.8844849934318444,10.38976028717007,7.96885942573895,15.266434567502763,-2.044581584728744,4.998316911593331,-0.508539038988046,0,0,0,2
N225,2013-12,16291.30957,4.018929062604171,70.2421502144106,68.61865160542149,68.88867827384702,-8.47958052592066,31.45476276039567,-24.564584111528333,4.327385501849101,9.309989084034733,-24.99196257869301,-0.8844849934318444,10.38976028717007,7.96885942573895,4.805509786794554,-0.6384697265398416,0,0,1,2
N225,2014-01,14914.53027,-8.451004470109025,78.61989428920131,86.78251980197045,68.41249278283888,11.926947066993351,26.4707448654002,-0.6912391164121345,-8.47958052592066,4.018929062604171,4.327385501849101,9.309989084034733,-24.99196257869301,-0.8844849934318444,6.727838113885371,-0.4712125883522027,0,1,0,2
N225,2014-02,14841.07031,-0.4925395481462979,70.26414687292916,61.49816117967878,73.86041593551636,-10.628031863710918,-29.135312825656825,7.963345481315476,11.926947066993351,-8.451004470109025,-8.47958052592066,4.018929062604171,4.327385501849101,9.309989084034733,6.585574207694649,-0.6380305751262079,0,1,1,2
N225,2014-03,14827.83008,-0.0892134443368108,119.53876396917528,75.00083989481772,150.81426780454575,70.12768145517792,21.956231627297345,104.18821894560378,-10.628031863710918,-0.4925395481462979,11.926947066993351,-8.451004470109025,-8.47958052592066,4.018929062604171,5.8879556761462775,0.3457105570013821,1,1,0,2
N225,2014-04,14304.11035,-3.5320052035557103,92.7823445002238,61.30099623998006,112.3606637954712,-22.3830484610423,-18.26625365002648,-25.49732500038402,70.12768145517792,-0.0892134443368108,-10.628031863710918,-0.4925395481462979,11.926947066993351,-8.451004470109025,6.113517103036228,-0.1884669147109705,0,1,0,2
N225,2014-05,14632.37988,2.294931470519579,83.18502376925561,75.96359517497402,92.24833537686256,-10.343908404842097,23.91902225796312,-17.89979494533681,-22.3830484610423,-3.5320052035557103,70.12768145517792,-0.0892134443368108,-10.628031863710918,-0.4925395481462979,4.450871747768167,-0.3800722425176376,0,0,1,2
N225,2014-06,15162.09961,3.620188474767772,98.1738182067871,105.45366484324136,96.13338797887168,18.01862133153733,38.82131908098889,4.211515130476329,-10.343908404842097,2.294931470519579,-22.3830484610423,-3.5320052035557103,70.12768145517792,-0.0892134443368108,4.362291642816345,-0.0808290524507526,0,0,1,2
N225,2014-07,15620.76953,3.025108209271288,136.12800659671908,115.96761592741936,161.79567853866084,38.660193810520525,9.970209285573103,68.30331473828896,18.01862133153733,3.620188474767772,-10.343908404842097,2.294931470519579,-22.3830484610423,-3.5320052035557103,2.6969205037606945,0.6769058312677037,0,0,0,2
N225,2014-08,15424.58984,-1.2558900483310542,132.44592408211,107.58255644767516,154.0424594263877,-2.7048677246242936,-7.230518117223495,-4.791981579669047,38.660193810520525,3.025108209271288,18.01862133153733,3.620188474767772,-10.343908404842097,2.294931470519579,2.7868456857050847,0.6033950414337895,0,1,0,2
N225,2014-09,16173.51953,4.855426936914897,130.56609942118328,121.00510635375976,142.43847586313885,-1.419314844118058,12.476511387431977,-7.53297734044166,-2.7048677246242936,-1.2558900483310542,38.660193810520525,3.025108209271288,18.01862133153733,3.620188474767772,3.21334581025982,0.5658653567986086,0,0,0,2
N225,2014-10,16413.75977,1.4853924623789094,80.79179345407793,74.09397866649013,83.08987451368763,-38.12192153075063,-38.76789096000993,-41.66613058010812,-1.419314844118058,4.855426936914897,-2.7048677246242936,-1.2558900483310542,38.660193810520525,3.025108209271288,2.102303603340109,-0.4278517939060605,0,0,1,2
N225,2014-11,17459.84961,6.373249363086053,84.14203809102376,77.99142316182454,87.09242757161458,4.1467635433172,5.26013660688609,4.817136963262114,-38.12192153075063,1.4853924623789094,-1.419314844118058,4.855426936914897,-2.7048677246242936,-1.2558900483310542,2.668765112195703,-0.3609659681752187,0,0,1,2
N225,2014-12,17450.76953,-0.0520054880358111,85.45243663172567,94.30592924548732,80.33614915417087,1.5573648683008257,20.918333609340344,-7.757595701288888,4.1467635433172,6.373249363086053,-38.12192153075063,1.4853924623789094,-1.419314844118058,4.855426936914897,2.9127581099629425,-0.3348045686568722,0,1,1,2
N225,2015-01,17674.39063,1.2814397646795372,108.33973257003292,146.6483586834323,81.6583960748488,26.783666844919374,55.50279802841731,1.645892832304474,1.5573648683008257,-0.0520054880358111,4.1467635433172,6.373249363086053,-38.12192153075063,1.4853924623789094,2.925497130595335,0.1221279403002564,0,0,1,2
N225,2015-02,18797.93945,6.35693101686301,112.50795323508126,110.6266494478498,116.82035664149691,3.8473610430540095,-24.56332246673284,43.05982269651534,26.783666844919374,1.2814397646795372,1.5573648683008257,-0.0520054880358111,4.1467635433172,6.373249363086053,2.820305995311996,0.205344215892678,0,0,0,2
N225,2015-03,19206.99023,2.17604052342022,103.47884836504537,80.65029876462874,119.2300068024666,-8.025303643352133,-27.09686213298193,2.062697144783177,3.8473610430540095,6.35693101686301,26.783666844919374,1.2814397646795372,1.5573648683008257,-0.0520054880358111,2.7519082456653434,0.0250830110293626,0,0,0,2
N225,2015-04,19520.00977,1.6297167658839484,99.56071904500324,92.08395849863687,107.84801419576009,-3.786405996924136,14.17683493941706,-9.546248391618018,-8.025303643352133,2.17604052342022,3.8473610430540095,6.35693101686301,26.783666844919374,1.2814397646795372,2.73727580655462,-0.0531403258581029,0,0,0,2
N225,2015-05,20563.15039,5.343955419546886,74.41008684712071,71.70904147240424,75.1276002699329,-25.261601602650146,-22.12645650603112,-30.3393754347992,-3.786405996924136,1.6297167658839484,-8.025303643352133,2.17604052342022,3.8473610430540095,6.35693101686301,2.5028637677781704,-0.5552591214997333,0,0,1,2
N225,2015-06,20235.73047,-1.5922653571566858,85.28621266682943,88.44556840260823,80.42666390736898,14.61646704169861,23.33949330035976,7.053417942802098,-25.261601602650146,5.343955419546886,-3.786405996924136,1.6297167658839484,-8.025303643352133,2.17604052342022,2.9000508946406867,-0.3381231403891369,0,1,1,2
N225,2015-07,20585.24023,1.7271912200953476,106.23084825085056,89.69054517438335,118.30285398421748,24.558055668202016,1.4076191653921155,47.09407084256565,14.61646704169861,-1.5922653571566858,-25.261601602650146,5.343955419546886,-3.786405996924136,1.6297167658839484,2.867110363697036,0.0800252032332923,0,0,0,2
N225,2015-08,18890.48047,-8.232887938466394,80.77308187177104,72.6687409493231,83.29964871560374,-23.96457036562888,-18.978370788097155,-29.58779445277242,24.558055668202016,1.7271912200953476,14.61646704169861,-1.5922653571566858,-25.261601602650146,5.343955419546886,4.670408283564658,-0.4282253605463964,0,1,1,2
N225,2015-09,17388.15039,-7.952842080358158,96.26670481363932,79.88457260131835,111.3503412882487,19.18166619724222,9.929760111059792,33.674442815976114,-23.96457036562888,-8.232887938466394,24.558055668202016,1.7271912200953476,14.61646704169861,-1.5922653571566858,5.550280862006328,-0.118903541894402,0,1,0,2
N225,2015-10,19083.09961,9.747725790172446,86.38631562263735,101.0595084159605,75.2390812904604,-10.263558111944526,26.506915071474868,-32.43030922043458,19.18166619724222,-7.952842080358158,-23.96457036562888,-8.232887938466394,24.558055668202016,1.7271912200953476,7.210677327080409,-0.3161601787066636,0,0,1,2
N225,2015-11,19747.4707,3.4814631982104998,146.2837247212728,206.724671681722,112.25876941680907,69.33668679688365,104.55736914021404,49.20273811350009,-10.263558111944526,9.747725790172446,19.18166619724222,-7.952842080358158,-23.96457036562888,-8.232887938466394,6.962161515355371,0.879659261617105,1,0,0,2
N225,2015-12,19033.71094,-3.614436354120032,140.49793341852003,194.36913816390495,108.1629870014806,-3.955184566004821,-5.976806453387384,-3.648518896658426,69.33668679688365,3.4814631982104998,-10.263558111944526,9.747725790172446,19.18166619724222,-7.952842080358158,7.0753635568913085,0.7641490613996877,0,1,0,2
N225,2016-01,17518.30078,-7.96171679173352,115.96384011545489,110.91858869983304,120.46343551143524,-17.462244964117836,-42.93405334426132,11.37214203393464,-3.955184566004821,-3.614436354120032,69.33668679688365,3.4814631982104998,-10.263558111944526,9.747725790172446,7.475561554864185,0.2743391319883859,0,1,0,2
N225,2016-02,16026.75977,-8.514187698517183,101.22297576378132,113.22725730106748,90.85711604151231,-12.711604183681224,2.0814082006417767,-24.57701736981631,-17.462244964117836,-7.96171679173352,-3.955184566004821,-3.614436354120032,69.33668679688365,3.4814631982104998,7.520042310700889,-0.0199542677458014,0,1,1,2
N225,2016-03,16758.66992,4.566800529262571,105.2873266896894,122.0475801037204,93.74349009606146,4.015245447232085,7.78992886774601,3.1768277272089085,-12.711604183681224,-8.514187698517183,-17.462244964117836,-7.96171679173352,-3.955184566004821,-3.614436354120032,7.430498589128772,0.0611883045730654,0,0,0,2
N225,2016-04,16666.05078,-0.5526640266926286,83.62793006896973,90.3290501912435,79.78639167149862,-20.571703453499047,-25.98865941096199,-14.888605502377429,4.015245447232085,4.566800529262571,-12.711604183681224,-8.514187698517183,-17.462244964117836,-7.96171679173352,5.581903793222591,-0.3712298573225143,0,1,1,2
N225,2016-05,17234.98047,3.413704287297259,84.68827352216167,88.0693675010435,82.82368420016381,1.2679298080407353,-2.5016123665817624,3.806780160168821,-20.571703453499047,-0.5526640266926286,4.015245447232085,4.566800529262571,-12.711604183681224,-8.514187698517183,5.568407436335911,-0.3500606726477829,0,0,1,2
N225,2016-06,15575.91992,-9.6261237596865,88.54716021219889,97.87790400187174,80.03160365422566,4.556577350732516,11.137285050573364,-3.3711136770858907,1.2679298080407353,3.413704287297259,-20.571703453499047,-0.5526640266926286,4.015245447232085,4.566800529262571,6.375518599875091,-0.273020082889481,0,1,1,2
N225,2016-07,16569.26953,6.377469935014934,112.01366116923673,143.21993846278036,94.82303280984202,26.501697966147653,46.32509750110867,18.481985216143254,4.556577350732516,-9.6261237596865,1.2679298080407353,3.413704287297259,-20.571703453499047,-0.5526640266926286,6.8630636974508255,0.1954759416145478,0,0,0,2
N225,2016-08,16887.40039,1.9200053413579663,98.61115221823415,123.22047128985004,80.60763149876749,-11.96506641342012,-13.964164059550775,-14.9915066939296,26.501697966147653,6.377469935014934,4.556577350732516,-9.6261237596865,1.2679298080407353,3.413704287297259,5.72075622651169,-0.0720979149829873,0,0,1,2
N225,2016-09,16449.83984,-2.591047407504488,103.71691958109538,119.65013109842936,94.2956667582194,5.177677420867943,-2.897521940994874,16.98106619056434,-11.96506641342012,1.9200053413579663,26.501697966147653,6.377469935014934,4.556577350732516,-9.6261237596865,5.576851282182104,0.0298359743481151,0,1,0,2
N225,2016-10,17425.01953,5.928201730139171,86.16627822383758,100.4282025367983,80.40413419661984,-16.921676258939698,-16.065112829519823,-14.731888578950723,5.177677420867943,-2.591047407504488,-11.96506641342012,1.9200053413579663,26.501697966147653,6.377469935014934,6.093130900597314,-0.320553106598582,0,0,0,2
N225,2016-11,18308.48047,5.070071448005997,83.57939580281575,85.52786210378011,80.94508310953776,-3.0021981619094418,-14.836808841180336,0.6727874360229924,-16.921676258939698,5.928201730139171,5.177677420867943,-2.591047407504488,-11.96506641342012,1.9200053413579663,6.264702484448346,-0.3721988177477174,0,0,1,2
N225,2016-12,19114.36914,4.401723405284885,101.61987716920916,112.50576536117062,94.95736854307113,21.58484300240133,31.54282428415589,17.310854341296356,-3.0021981619094418,5.070071448005997,-16.921676258939698,5.928201730139171,5.177677420867943,-2.591047407504488,3.377856724861044,-0.0120303454318856,0,0,1,2
N225,2017-01,19041.33984,-0.3820649243776119,104.88912440884498,102.22949655594364,108.44574915978215,3.217133626516944,-9.133993064477783,14.204669762508138,21.58484300240133,4.401723405284885,-3.0021981619094418,5.070071448005997,-16.921676258939698,5.928201730139171,3.360498468911725,0.0532384109836636,0,1,1,2
N225,2017-02,19118.99023,0.4077989818598748,113.19088404519218,94.91658476420812,125.99899278368268,7.91479544055298,-7.153426396591556,16.186197946807358,3.217133626516944,-0.3820649243776119,21.58484300240133,4.401723405284885,-3.0021981619094418,5.070071448005997,3.4581879796044954,0.2189785608738084,0,0,0,2
N225,2017-03,18909.25977,-1.0969745654815344,98.49747651623142,99.26259293094758,97.23793039014262,-12.981087348955,4.578765847439437,-22.826422464279197,7.91479544055298,0.4077989818598748,3.217133626516944,-0.3820649243776119,21.58484300240133,4.401723405284885,3.082892177146984,-0.0743673890118802,0,1,1,2
N225,2017-04,19196.74023,1.5203157791300326,115.10228830973308,101.26866887410482,124.87095286051432,16.858108837707487,2.020978783571348,28.417945918327536,-12.981087348955,-1.0969745654815344,7.91479544055298,0.4077989818598748,3.217133626516944,-0.3820649243776119,2.549660224495641,0.2571387152486297,0,0,0,2
N225,2017-05,19650.57031,2.364099709443224,101.37748035307854,98.86025521063036,100.89005654858003,-11.924009642381684,-2.378241651885993,-19.20454338065464,16.858108837707487,1.5203157791300326,-12.981087348955,-1.0969745654815344,7.91479544055298,0.4077989818598748,2.005758217469987,-0.0168696670213093,0,0,1,2
N225,2017-06,20033.42969,1.9483372439585975,126.94453862508138,146.7019323984782,113.13888193766276,25.21966237763813,48.393236580177735,12.140765708843391,-11.924009642381684,2.364099709443224,16.858108837707487,1.5203157791300326,-12.981087348955,-1.0969745654815344,1.3735578538929183,0.4935628504053606,0,0,0,2
N225,2017-07,19925.17969,-0.5403468186679694,101.5980480563256,69.98286450293756,124.43094007430538,-19.96658607237466,-43.81668896391011,9.9807050796775,25.21966237763813,1.9483372439585975,-11.924009642381684,2.364099709443224,16.858108837707487,1.5203157791300326,1.4018810101534822,-0.0124661518873564,0,1,1,2
N225,2017-08,19646.24023,-1.3999344765758592,137.11038946336316,109.75087941077447,156.3583743187689,34.9537634693037,56.82536030826179,25.65875836459781,-19.96658607237466,-0.5403468186679694,25.21966237763813,1.9483372439585975,-11.924009642381684,2.364099709443224,1.6642729832817806,0.6965185749147532,0,1,0,2
N225,2017-09,20356.2793,3.614121896543665,118.73107655843098,86.45641419092814,146.35588200887045,-13.40475581527194,-21.22485518558812,-6.397158037411099,34.9537634693037,-1.3999344765758592,-19.96658607237466,-0.5403468186679694,25.21966237763813,1.9483372439585975,1.877153336675692,0.3295855138316133,0,0,0,2
N225,2017-10,22011.60938,8.131790960443364,91.91498454924552,71.24007597277242,109.52413552807224,-22.585571348701183,-17.60001078063723,-25.16588057497128,-13.40475581527194,3.614121896543665,34.9537634693037,-1.3999344765758592,-19.96658607237466,-0.5403468186679694,3.394251067611419,-0.2057832879355632,0,0,1,2
N225,2017-11,22724.96094,3.2407969253177797,93.25364055633544,80.09026870727538,105.41860446929932,1.45640671502556,12.423053476087633,-3.748517200321233,-22.585571348701183,8.131790960443364,-13.40475581527194,3.614121896543665,34.9537634693037,-1.3999344765758592,3.413638587682092,-0.1790577433540232,0,0,0,2
N225,2017-12,22764.93945,0.1759233386827485,84.61367348701724,64.52695954230524,98.77827345940376,-9.265018521286285,-19.432209950316203,-6.29901244028458,1.45640671502556,3.2407969253177797,-22.585571348701183,8.131790960443364,-13.40475581527194,3.614121896543665,3.5449957676192825,-0.3515500220807048,0,0,1,2
N225,2018-01,23098.28906,1.464311428247611,91.99991103141538,75.9898567199707,106.7695834867416,8.729366354164325,17.76450844572981,8.09014953133611,-9.265018521286285,0.1759233386827485,1.45640671502556,3.2407969253177797,-22.585571348701183,8.131790960443364,3.322107772036457,-0.2040877765619447,0,0,0,2
N225,2018-02,22068.24023,-4.459416138244487,65.82219927651542,53.66386883599417,76.22563787869045,-28.45406203269154,-29.380221055357104,-28.60734734611382,8.729366354164325,1.464311428247611,-9.265018521286285,0.1759233386827485,1.45640671502556,3.2407969253177797,4.173186408981876,-0.7267116611468718,0,1,1,2
N225,2018-03,21454.30078,-2.782004562218765,109.2456529678837,64.72115756619361,142.5100219480453,65.97083380479091,20.60471779251023,86.95812316433921,-28.45406203269154,-4.459416138244487,8.729366354164325,1.464311428247611,-9.265018521286285,0.1759233386827485,4.491734056642975,0.1402141520319168,1,1,1,2
N225,2018-04,22467.86914,4.724313182673656,122.0270450592041,94.80569979349772,144.06638272603354,11.699680256456425,46.483319147274415,1.092106194858089,65.97083380479091,-2.782004562218765,-28.45406203269154,-4.459416138244487,8.729366354164325,1.464311428247611,3.512595683164609,0.3953877458017615,0,0,1,2
N225,2018-05,22201.82031,-1.1841302276696442,122.07622054315382,62.3412499273977,166.9032696139428,0.0402988402496085,-34.24314143222706,15.851641761102208,11.699680256456425,4.724313182673656,65.97083380479091,-2.782004562218765,-28.45406203269154,-4.459416138244487,3.250059770405639,0.3963695077941304,0,1,0,2
N225,2018-06,22304.50977,0.46252720977904,103.35734113057454,56.24654754002889,136.8462231318156,-15.333763880707776,-9.776355774814691,-18.008662473569824,0.0402988402496085,-1.1841302276696442,11.699680256456425,4.724313182673656,65.97083380479091,-2.782004562218765,3.261307461808726,0.0226571846821675,0,0,1,2
N225,2018-07,22553.7207,1.117311846661595,109.5580127469955,85.10936841657085,127.5609563396823,5.999256123072527,51.3148311120806,-6.785183090650127,-15.333763880707776,0.46252720977904,0.0402988402496085,-1.1841302276696442,11.699680256456425,4.724313182673656,3.2267476785504865,0.1464502464115924,0,0,1,2
N225,2018-08,22865.15039,1.380835092100785,113.0449313502158,67.86267332876882,146.81783097790134,3.182714359079064,-20.264155883976787,15.096213755986486,5.999256123072527,1.117311846661595,-15.333763880707776,0.46252720977904,0.0402988402496085,-1.1841302276696442,2.5504860004178047,0.2160646941031607,0,0,0,2
N225,2018-09,24120.03906,5.488215247203554,73.96346220970153,49.602893877029416,88.1794579188029,-34.571624462700555,-26.906955703436157,-39.93954458292232,3.182714359079064,1.380835092100785,5.999256123072527,1.117311846661595,-15.333763880707776,0.46252720977904,2.5789346433171687,-0.5641757412999974,0,0,1,2
N225,2018-10,21920.46094,-9.119297504155854,92.58265267649004,61.918164991563366,115.57533417978594,25.17349771161239,24.8277270779095,31.06832011397669,-34.571624462700555,5.488215247203554,3.182714359079064,1.380835092100785,5.999256123072527,1.117311846661595,4.847268549587007,-0.1924536541791385,0,1,0,2
N225,2018-11,22351.06055,1.964372971803008,79.83305384318034,48.951593685150144,103.46333103179931,-13.771045076727717,-20.94146573655724,-10.479747459908284,25.17349771161239,-9.119297504155854,-34.571624462700555,5.488215247203554,3.182714359079064,1.380835092100785,4.903688814842605,-0.446992512714646,0,0,1,2
N225,2018-12,20014.76953,-10.452707668048433,86.58019570381411,64.75931516770393,99.9929014944261,8.45156427798377,32.292557386848046,-3.3542603961847828,-13.771045076727717,1.964372971803008,25.17349771161239,-9.119297504155854,-34.571624462700555,5.488215247203554,6.544110393335242,-0.3122894675414957,0,1,1,2
N225,2019-01,20773.49023,3.790804080270616,87.5074286307058,54.891605531015706,113.59607076644896,1.0709526807535674,-15.237513879098808,13.60413496230144,8.45156427798377,-10.452707668048433,-13.771045076727717,1.964372971803008,25.17349771161239,-9.119297504155854,6.850278594523278,-0.2937777626719332,0,0,1,2
N225,2019-02,21385.16016,2.944473572941808,98.55523300170898,57.736959321158274,130.96962765284948,12.624990293825844,5.183586383777472,15.294153018831214,1.0709526807535674,3.790804080270616,8.45156427798377,-10.452707668048433,-13.771045076727717,1.964372971803008,6.9944060486188215,-0.0732143119559909,0,0,0,2
N225,2019-03,21205.81055,-0.8386638615663355,79.65598315577353,67.75160512616557,85.8987022830594,-19.17630273940678,17.345294803804002,-34.41326525662569,12.624990293825844,2.944473572941808,1.0709526807535674,3.790804080270616,8.45156427798377,-10.452707668048433,6.279568949799206,-0.450527633406826,0,1,0,2
N225,2019-04,22258.73047,4.9652425099119935,78.96416734059652,57.763711071014406,93.91384995778402,-0.8685045212788456,-14.741929783880291,9.330929876347316,-19.17630273940678,-0.8386638615663355,12.624990293825844,2.944473572941808,1.0709526807535674,3.790804080270616,5.667028058560588,-0.4643393627180184,0,0,1,2
N225,2019-05,20601.18945,-7.44670062038807,105.1034455453196,63.40447973435925,133.1031727944651,33.10270858929771,9.765246309071296,41.72901319059692,-0.8685045212788456,4.9652425099119935,-19.17630273940678,-0.8386638615663355,12.624990293825844,2.944473572941808,6.400859866930085,0.0575172167838708,0,1,0,2
N225,2019-06,21275.91992,3.275201519978244,103.3317710240682,51.50454092025757,138.8043354034424,-1.685648374379367,-18.768293445444108,4.283265747376963,33.10270858929771,-7.44670062038807,-0.8685045212788456,4.9652425099119935,-19.17630273940678,-0.8386638615663355,4.628547482699377,0.0221466913083878,0,0,0,2
N225,2019-07,21521.5293,1.1544007541084866,93.06078184804608,47.329337519984094,126.32542345600744,-9.939817225846037,-8.10647629446455,-8.990289756558633,-1.685648374379367,3.275201519978244,33.10270858929771,-7.44670062038807,-0.8685045212788456,4.9652425099119935,4.44523926841238,-0.1829080633608263,0,0,1,2
N225,2019-08,20704.36914,-3.79694281298123,106.01592488442698,74.11447860348609,125.86253258489792,13.921162899248628,56.59310374287909,-0.3664273259061712,-9.939817225846037,1.1544007541084866,-1.685648374379367,3.275201519978244,33.10270858929771,-7.44670062038807,4.606147169799902,0.0757343742372348,0,1,0,2
N225,2019-09,21755.83984,5.078496682946998,92.55197461446126,70.08315865198772,112.63771381378174,-12.699931906120154,-5.439314999523937,-10.507351552135392,13.921162899248628,-3.79694281298123,-9.939817225846037,1.1544007541084866,-1.685648374379367,3.275201519978244,5.111476912371841,-0.1930661251276743,0,0,1,2
N225,2019-10,22927.03906,5.383378571516451,95.20806701721683,69.20361838802215,118.00913903021043,2.8698387190764008,-1.2549951812718674,4.768762641355617,-12.699931906120154,5.078496682946998,13.921162899248628,-3.79694281298123,-9.939817225846037,1.1544007541084866,5.186209060401076,-0.1400386740524366,0,0,0,2
N225,2019-11,23293.91016,1.6001678151282397,73.70891914367675,52.628954823811846,86.17964719136556,-22.58122504435712,-23.95057361202817,-26.97205665630397,2.8698387190764008,5.383378571516451,-12.699931906120154,5.078496682946998,13.921162899248628,-3.79694281298123,3.3748939500867587,-0.5692575562120714,0,0,0,2
N225,2019-12,23656.61914,1.557097874545943,72.31251805828464,60.52569272441249,79.17934866874448,-1.8944804802661477,15.004550113215975,-8.122913879046889,-22.58122504435712,1.6001678151282397,2.8698387190764008,5.383378571516451,-12.699931906120154,5.078496682946998,3.329427764904672,-0.597135950111402,0,0,1,2
N225,2020-01,23205.17969,-1.9083007902709004,139.8703630508915,84.9525350447624,191.54257983546103,93.42482713456964,40.35780710775339,104.18821894560378,-1.8944804802661477,1.557097874545943,-22.58122504435712,1.6001678151282397,2.8698387190764008,5.383378571516451,3.670887513249083,0.7516199577694204,1,1,0,2
N225,2020-02,21142.96094,-8.886889813176879,75.72699855935984,56.10202249987372,87.16311290346343,-39.28844654475468,-33.960743525413385,-44.52829942694827,93.42482713456964,-1.9083007902709004,-1.8944804802661477,1.557097874545943,-22.58122504435712,1.6001678151282397,5.311238852980273,-0.5289676900274246,1,1,1,2
N225,2020-03,18917.00977,-10.528095739839172,82.76741433912709,64.03543063132993,98.19669649677893,9.297101316181845,14.141037663079016,12.658546976787765,-45.859153499296525,-8.886889813176879,93.42482713456964,-1.9083007902709004,-1.8944804802661477,1.557097874545943,6.327597041586996,-0.3884095893666116,0,1,0,2
N225,2020-04,20193.68945,6.748845063370723,69.76431941986084,47.72460098266602,82.26346549987792,-15.71040369340041,-25.47157017272198,-16.225831993669605,9.297101316181845,-10.528095739839172,-45.859153499296525,-8.886889813176879,93.42482713456964,-1.9083007902709004,6.667321898214458,-0.6480093604222856,0,0,0,2
N225,2020-05,21877.89063,8.34023512231441,69.50140085527974,42.10684902437272,85.36720494301089,-0.3768668092335003,-11.771186856719284,3.772925714073616,-15.71040369340041,6.748845063370723,9.297101316181845,-10.528095739839172,-45.859153499296525,-8.886889813176879,7.840208127664252,-0.6532583876419832,0,0,1,2
N225,2020-06,22288.14063,1.8751807792541264,71.60573234558106,51.32019710540772,86.46775321960449,3.027754065969246,21.88087756388999,1.289193288369117,-0.3768668092335003,8.34023512231441,-15.71040369340041,6.748845063370723,9.297101316181845,-10.528095739839172,7.860217637315437,-0.6112465453460343,0,0,0,2
N225,2020-07,21710.0,-2.593938362098358,68.53134112204275,36.44394225458945,92.3572107745755,-4.293498750492198,-28.98713506548618,6.811160618471734,3.027754065969246,1.8751807792541264,-0.3768668092335003,8.34023512231441,-15.71040369340041,6.748845063370723,7.885777372519997,-0.6726251065825277,0,1,0,2
N225,2020-08,23139.75977,6.5857198065407685,64.93029563657699,27.294767964270807,89.9976692199707,-5.254596548829982,-25.104787584187527,-2.5547994951514386,-4.293498750492198,-2.593938362098358,3.027754065969246,1.8751807792541264,-0.3768668092335003,8.34023512231441,7.231045255283631,-0.7445180358729901,0,0,1,2
N225,2020-09,23185.11914,0.1960235129960352,83.04108727773031,49.94818175633748,105.76334724426268,27.8926677656324,82.9954437484879,17.517873697104093,-5.254596548829982,6.5857198065407685,-4.293498750492198,-2.593938362098358,3.027754065969246,1.8751807792541264,4.340347126438825,-0.3829458568747211,0,0,0,2
N225,2020-10,22977.13086,-0.8970766065254598,76.71051840628347,43.048690057569935,98.63585779743808,-7.62341761045866,-13.813299015418378,-6.739092164285898,27.8926677656324,0.1960235129960352,-5.254596548829982,6.5857198065407685,-4.293498750492198,-2.593938362098358,4.327044318573194,-0.5093322471828304,0,1,0,2
N225,2020-11,26433.61914,15.043167491452405,70.364892578125,62.07505849202474,79.94887498219808,-8.272171743840929,44.197322633999846,-18.94542535800341,-7.62341761045866,-0.8970766065254598,27.8926677656324,0.1960235129960352,-5.254596548829982,6.5857198065407685,6.522097639051587,-0.6360192415040153,0,0,0,2
N225,2020-12,27444.16992,3.8229754868140953,62.28910067773634,29.27726056498866,85.56250313789614,-11.4770187297909,-43.81668896391011,7.021522387836021,-8.272171743840929,15.043167491452405,-7.62341761045866,-0.8970766065254598,27.8926677656324,0.1960235129960352,6.481269399605105,-0.797248067522034,0,0,1,2
N225,2021-01,27663.39063,0.7987879051872593,74.98195703567997,47.25387308674474,95.04665202479208,20.37733121820517,61.40127926877659,11.08446870892834,-11.4770187297909,3.8229754868140953,-8.272171743840929,15.043167491452405,-7.62341761045866,-0.8970766065254598,5.949251706477865,-0.5438420418778978,0,0,0,2
N225,2021-02,28966.00977,4.708819527666108,72.32457787649972,46.01375893184117,91.3971277645656,-3.544024808415902,-2.624365102574921,-3.8397188985410335,20.37733121820517,0.7987879051872593,-11.4770187297909,3.8229754868140953,-8.272171743840929,15.043167491452405,5.850928333478752,-0.5968951823505692,0,0,1,2
N225,2021-03,29178.80078,0.7346231382562962,77.55295372009277,49.825385385944,99.19816903145085,7.229044395559336,8.283666760954866,8.535324312357284,-3.544024808415902,4.708819527666108,20.37733121820517,0.7987879051872593,-11.4770187297909,3.8229754868140953,5.785666326264649,-0.4925134808851181,0,0,1,2
N225,2021-04,28812.63086,-1.2549176464133005,84.63264045715331,65.75086024602254,105.25555461247762,9.128842161979843,31.96257236491182,6.106348171715048,7.229044395559336,0.7346231382562962,-3.544024808415902,4.708819527666108,20.37733121820517,0.7987879051872593,5.848184953397376,-0.3511713567602164,0,1,1,2
N225,2021-05,28860.08008,0.1646820112698233,90.02756192607265,52.68410350430396,115.80485919214064,6.3745163092844725,-19.87313427204783,10.02256329226774,9.128842161979843,-1.2549176464133005,7.229044395559336,0.7346231382562962,-3.544024808415902,4.708819527666108,2.286603549902415,-0.2434646617856457,0,0,0,2
NYA,2000-07,6773.850098,-0.3577407490403694,51.13137294400123,40.80166629052931,56.5029530679026,-20.264885157915803,-21.61971460324582,-22.58825043151742,-19.521279515661185,-0.1040384702986618,60.478668524912834,-0.0869149069512853,-2.0144699660817,-0.5466794247146578,4.61718759782161,-1.020006078838822,0,1,0,2
NYA,2000-08,7132.299805,5.291668723313392,47.5130286985828,41.88413973777525,50.82666443240258,-7.076563833678429,2.6530128439808287,-10.046003487071763,-20.264885157915803,-0.3577407490403694,-19.521279515661185,-0.1040384702986618,60.478668524912834,-0.0869149069512853,4.109661752309096,-1.092244368533953,0,0,1,2
NYA,2000-09,7010.810059,-1.7033740773884865,52.75809377034505,36.65586573282878,63.30135205586751,11.039214328003254,-12.482705954280584,24.54358900544371,-7.076563833678429,5.291668723313392,-20.264885157915803,-0.3577407490403694,-19.521279515661185,-0.1040384702986618,2.462221770482053,-0.9875294756368682,0,1,1,2
NYA,2000-10,7042.319824,0.4494454240640877,74.84650722626716,74.61284114468482,80.27979493910267,41.86734560970407,103.54952653010729,26.82161175364879,11.039214328003254,-1.7033740773884865,-7.076563833678429,5.291668723313392,-20.264885157915803,-0.3577407490403694,2.4175480152016604,-0.5465462242076752,0,0,0,2
NYA,2000-11,6659.120117,-5.441384608720378,45.440477244059245,47.08891073862711,44.53256746927897,-39.28844654475468,-36.88899924435919,-44.52829942694827,41.86734560970407,0.4494454240640877,11.039214328003254,-1.7033740773884865,-7.076563833678429,5.291668723313392,3.471966117000776,-1.1336217395703077,0,1,1,2
NYA,2000-12,6945.569824,4.3016149576387,46.01157077666252,44.53382098290228,46.60758584545505,1.2567947504951382,-5.426096538752367,4.659552534462641,-39.28844654475468,-5.441384608720378,41.86734560970407,0.4494454240640877,11.039214328003254,-1.7033740773884865,3.9565216372988448,-1.1222201654653985,0,0,1,2
NYA,2001-01,7017.149902,1.030586111922149,47.34544200281943,39.250703688590754,53.58126591097924,2.8989908486964038,-11.863157433402929,14.962542983127358,1.2567947504951382,4.3016149576387,-39.28844654475468,-5.441384608720378,41.86734560970407,0.4494454240640877,3.9422746821919294,-1.0955901464523845,0,0,1,2
NYA,2001-02,6629.089844,-5.530166284311477,56.3363071169172,45.95857455049242,65.78157465798515,18.989927506775352,17.089810453134604,22.769728448140224,2.8989908486964038,1.030586111922149,1.2567947504951382,4.3016149576387,-39.28844654475468,-5.441384608720378,3.871468480571982,-0.916092377674739,0,1,1,2
NYA,2001-03,6298.350098,-4.989218034197462,61.72149381329936,57.44915543833086,65.804611175291,9.558998400811111,25.00203933699969,0.0350197109534544,18.989927506775352,-5.530166284311477,2.8989908486964038,1.030586111922149,1.2567947504951382,4.3016149576387,4.1852745055080325,-0.80858003217909,0,1,0,2
NYA,2001-04,6712.52002,6.575847889616626,49.02697035471599,47.12476806640625,50.69535102844238,-20.567427445911942,-17.97134752138766,-22.96079237760469,9.558998400811111,-4.989218034197462,18.989927506775352,-5.530166284311477,2.8989908486964038,1.030586111922149,5.388024748277446,-1.0620193405876062,0,0,1,2
NYA,2001-05,6784.850098,1.0775398476949416,59.95146006922568,56.56440058062154,60.64858498111848,22.282612275385794,20.0311490147036,19.63342545373024,-20.567427445911942,6.575847889616626,9.558998400811111,-4.989218034197462,18.989927506775352,-5.530166284311477,4.866830759274586,-0.8439178004239036,0,0,1,2
NYA,2001-06,6574.319824,-3.102946578909072,70.94172350565593,62.602798779805504,78.85646438598633,18.33193624265337,10.675262421595733,30.02193606089316,22.282612275385794,1.0775398476949416,-20.567427445911942,6.575847889616626,9.558998400811111,-4.989218034197462,4.615273053649896,-0.624503123406393,0,1,0,2
NYA,2001-07,6523.359863,-0.7751366280351557,59.984781203731416,53.3461978666244,62.87733785567745,-15.444990282835402,-14.786241340007166,-20.26355943641387,18.33193624265337,-3.102946578909072,22.282612275385794,1.0775398476949416,-20.567427445911942,6.575847889616626,4.528279633912295,-0.8432525619600832,0,1,1,2
NYA,2001-08,6215.660156,-4.716889968699245,64.13564220551521,73.31873946036062,56.88255968401509,6.919856867837648,37.43948471017813,-9.53408394201134,-15.444990282835402,-0.7751366280351557,18.33193624265337,-3.102946578909072,22.282612275385794,1.0775398476949416,4.379747126316315,-0.7603828626740763,0,1,1,2
NYA,2001-09,5750.419922,-7.484968970687722,472.49111404418943,791.8359584172566,249.4176373163859,93.42482713456964,104.55736914021404,104.18821894560378,6.919856867837648,-4.716889968699245,-15.444990282835402,-0.7751366280351557,18.33193624265337,-3.102946578909072,4.920799192313716,7.392213704284887,1,1,1,0
NYA,2001-10,5776.850098,0.4596216686521215,504.05423072076616,840.6995652721774,257.8192534908172,6.680150322070344,6.170925472062505,3.368493208751655,636.705984061322,-7.484968970687722,6.919856867837648,-4.716889968699245,-15.444990282835402,-0.7751366280351557,3.305344919742875,8.022354291115674,0,0,0,0
NYA,2001-11,6125.040039,6.027332111673567,296.1777104695638,494.21396484375,141.4245381673177,-39.28844654475468,-41.21396212644078,-44.52829942694827,6.680150322070344,0.4596216686521215,636.705984061322,-7.484968970687722,6.919856867837648,-4.716889968699245,4.684129358382662,3.872211775036317,0,0,0,0
NYA,2001-12,6236.390137,1.8179488997786208,231.22251793646043,376.6929409888483,121.45619632351784,-21.93115492388762,-23.77938144505022,-14.11943224461908,-41.24090377218973,6.027332111673567,6.680150322070344,0.4596216686521215,636.705984061322,-7.484968970687722,4.797530523120964,2.5754164186103274,0,0,0,1
NYA,2002-01,6116.899902,-1.916016034517698,169.9862031013735,259.16573752126385,104.05673919185516,-26.483715938044828,-31.199736092496558,-14.325705611030717,-21.93115492388762,1.8179488997786208,-41.24090377218973,6.027332111673567,6.680150322070344,0.4596216686521215,4.819918611283796,1.3528664479931174,0,1,0,2
NYA,2002-02,6117.959961,0.0173300040377188,143.41856629507882,209.3824323926653,93.08014828818185,-15.629290096238414,-19.20906119950132,-10.548659307337282,-26.483715938044828,-1.916016034517698,-21.93115492388762,1.8179488997786208,-41.24090377218973,6.027332111673567,4.457513877389633,0.8224579202367436,0,0,1,2
NYA,2002-03,6348.790039,3.77299098835997,150.27259728216356,217.83082137569303,97.68620583318896,4.779040234569632,4.034908223429179,4.948485396420366,-15.629290096238414,0.0173300040377188,-26.483715938044828,-1.916016034517698,-21.93115492388762,1.8179488997786208,2.845432248845868,0.959294949121256,0,0,1,2
NYA,2002-04,6071.220215,-4.372011395792197,154.13523864746094,219.28201649983723,99.5971280415853,2.570422974752073,0.6662028426368982,1.956184286304952,4.779040234569632,3.77299098835997,-15.629290096238414,0.0173300040377188,-26.483715938044828,-1.916016034517698,3.791805393215928,1.0364104989443716,0,1,1,2
NYA,2002-05,6035.27002,-0.5921411796458886,159.16512766192037,205.2949966922883,137.87667772846837,3.263295959182844,-6.378553075536553,38.434391070895146,2.570422974752073,-4.372011395792197,4.779040234569632,3.77299098835997,-15.629290096238414,0.0173300040377188,2.84279125992542,1.136829518008396,0,1,0,2
NYA,2002-06,5636.540039,-6.606663491089327,147.7977030436198,185.49468332926432,127.91307754516602,-7.141906512616192,-9.644810483473298,-7.226457982200928,3.263295959182844,-0.5921411796458886,2.570422974752073,-4.372011395792197,4.779040234569632,3.77299098835997,3.615234657147144,0.9098850215846186,0,1,0,2
NYA,2002-07,5195.609863,-7.822709906239355,119.3782693186114,161.98243344214654,92.84361993112871,-19.228603110713397,-12.675430618883077,-27.416631893368603,-7.141906512616192,-6.606663491089327,3.263295959182844,-0.5921411796458886,2.570422974752073,-4.372011395792197,4.426443296838225,0.3425063679371067,0,1,1,2
NYA,2002-08,5239.810059,0.8507219973302504,127.00253000567037,157.38569099672378,101.1353489045174,6.386640324555559,-2.837803055393984,8.930854892925822,-19.228603110713397,-7.822709906239355,-7.141906512616192,-6.606663491089327,3.263295959182844,-0.5921411796458886,4.536721295223864,0.4947206170153542,0,0,1,2
NYA,2002-09,4709.959961,-10.112009634584362,170.25116170247395,185.25534108479815,167.8897672017415,34.05336231874485,17.707867793810127,66.00503090195247,6.386640324555559,0.8507219973302504,-19.228603110713397,-7.822709906239355,-7.141906512616192,-6.606663491089327,4.252873158522351,1.3581562034407222,0,1,0,2
NYA,2002-10,5000.319824,6.164805336017176,168.296264894547,195.84739069784845,161.10799457180886,-1.1482428597716532,5.717540747287764,-4.039419878272565,34.05336231874485,-10.112009634584362,6.386640324555559,0.8507219973302504,-19.228603110713397,-7.822709906239355,6.188124331698705,1.319127743914262,0,0,0,2
NYA,2002-11,5236.850098,4.730302907120598,156.04842834472657,175.04123814900717,151.88629328409831,-7.277545082473935,-10.623655732508986,-5.723925316195444,-1.1482428597716532,6.164805336017176,34.05336231874485,-10.112009634584362,6.386640324555559,0.8507219973302504,6.9413565640441375,1.0746062985197744,0,0,1,2
NYA,2002-12,5000.0,-4.522758787585978,175.05461046772618,174.67416357224988,183.75799191382623,12.179669045440855,-0.2097074841557078,20.983920234403875,-7.277545082473935,4.730302907120598,-1.1482428597716532,6.164805336017176,34.05336231874485,-10.112009634584362,6.721368318906184,1.4540544651606715,0,1,1,2
NYA,2003-01,4868.680176,-2.626396480000004,205.2729772752331,176.48827115951045,244.28261073943108,17.26225132075463,1.0385666375383629,32.93713552006381,12.179669045440855,-4.522758787585978,-7.277545082473935,4.730302907120598,-1.1482428597716532,6.164805336017176,6.0932838979734845,2.057347846744926,0,1,1,2
NYA,2003-02,4716.069824,-3.1345322856138225,236.19078636169436,210.63462039402552,291.2838772365025,15.061801848864963,19.34765920147381,19.240528973716557,17.26225132075463,-2.626396480000004,12.179669045440855,-4.522758787585978,-7.277545082473935,4.730302907120598,6.078953787101333,2.6746052158729587,0,1,1,2
NYA,2003-03,4730.209961,0.299828830524107,349.2410371841923,413.4505669378465,352.7903245495212,47.86395462919402,96.28803952760548,21.115637396943757,15.061801848864963,-3.1345322856138225,17.26225132075463,-2.626396480000004,12.179669045440855,-4.522758787585978,4.416122506770402,4.931592449567863,1,0,0,0
NYA,2003-04,5131.560059,8.484826282746072,252.85915400187176,326.76046600341795,210.79934641520185,-27.59752518186688,-20.967464520966683,-40.2479796790425,47.86395462919402,0.299828830524107,15.061801848864963,-3.1345322856138225,17.26225132075463,-2.626396480000004,5.096986429923995,3.0073801783052136,0,0,0,2
NYA,2003-05,5435.370117,5.920422922209823,159.68020999047064,183.58484895767705,150.55725589875252,-36.85013674083216,-43.81668896391011,-28.5779304067638,-27.59752518186688,8.484826282746072,47.86395462919402,0.299828830524107,15.061801848864963,-3.1345322856138225,5.311385214638792,1.1471128586589634,0,0,0,2
NYA,2003-06,5505.169922,1.2841775904402386,145.7216801961263,176.93343124389648,127.7050184249878,-8.741552754206271,-3.623075516059593,-15.17843649404218,-36.85013674083216,5.920422922209823,-27.59752518186688,8.484826282746072,47.86395462919402,0.299828830524107,4.649075178938479,0.8684383460614599,0,0,0,2
NYA,2003-07,5558.990234,0.9776321669004328,133.95684691398375,166.529414761451,106.6518937387774,-8.073495492440319,-5.880186920754349,-16.485745780285622,-8.741552754206271,1.2841775904402386,-36.85013674083216,5.920422922209823,-27.59752518186688,8.484826282746072,4.187475170743414,0.6335598001833436,0,0,1,2
NYA,2003-08,5660.160156,1.819933436493959,137.39681588449787,179.2770211004442,108.98332251271894,2.5679680059377485,7.654867674430843,2.186017230647508,-8.073495492440319,0.9776321669004328,-8.741552754206271,1.2841775904402386,-36.85013674083216,5.920422922209823,3.293220543913339,0.7022369238011168,0,0,0,2
NYA,2003-09,5644.029785,-0.2849808230762085,118.71830571492514,145.99144999186197,97.7679594039917,-13.59457280674885,-18.56655744515813,-10.290898506437395,2.5679680059377485,1.819933436493959,-8.073495492440319,0.9776321669004328,-8.741552754206271,1.2841775904402386,3.4006782337097667,0.3293305508346584,0,1,0,2
NYA,2003-10,5959.009766,5.580763975362335,107.55338336575416,129.5931615521831,91.48407450029929,-9.404549940243411,-11.232362196959455,-6.427345872819624,-13.59457280674885,-0.2849808230762085,2.5679680059377485,1.819933436493959,-8.073495492440319,0.9776321669004328,2.5764332196842994,0.1064289029043117,0,0,1,2
NYA,2003-11,6073.02002,1.913241603504368,117.27323557535809,152.34808400472005,93.18425509134929,9.037235190035677,17.55873703519013,1.85844432524096,-9.404549940243411,5.580763975362335,-13.59457280674885,-0.2849808230762085,2.5679680059377485,1.819933436493959,1.9777139169778253,0.300480505540044,0,0,1,2
NYA,2003-12,6464.0,6.437982728731395,131.9601605323053,166.63024114793348,112.74830061389554,12.52368017722989,9.374687733369155,20.995011982837084,9.037235190035677,1.913241603504368,-9.404549940243411,5.580763975362335,-13.59457280674885,-0.2849808230762085,2.665764956884632,0.5936970343747436,0,0,0,2
NYA,2004-01,6551.629883,1.355660318688123,114.1432640321793,127.11111671693864,107.96992640341482,-13.501723875035932,-23.716658008020264,-4.238089784469723,12.52368017722989,6.437982728731395,9.037235190035677,1.913241603504368,-9.404549940243411,5.580763975362335,2.6198311472930045,0.2379923132239155,0,0,1,2
NYA,2004-02,6692.370117,2.1481713178760358,114.83697246683056,130.29377562424233,103.49829351490942,0.6077524070589702,2.503839939028385,-4.141554076639597,-13.501723875035932,1.355660318688123,12.52368017722989,6.437982728731395,9.037235190035677,1.913241603504368,2.5985186864094367,0.2518418276612841,0,0,1,2
NYA,2004-03,6599.060059,-1.3942752174296746,137.0413291685043,182.14090384206463,107.18084593742124,19.33554692769983,39.792482771660254,3.558080329103519,0.6077524070589702,2.1481713178760358,-13.501723875035932,1.355660318688123,12.52368017722989,6.437982728731395,2.890016390499592,0.6951398234063075,0,1,1,2
NYA,2004-04,6439.419922,-2.419134476314977,148.72968673706055,203.51488087972004,120.71956570943196,8.529074870679644,11.73485833593364,12.631659746290346,19.33554692769983,-1.3942752174296746,0.6077524070589702,2.1481713178760358,-13.501723875035932,1.355660318688123,3.1170105064634326,0.9284915729438924,0,1,0,2
NYA,2004-05,6484.720215,0.7034840645387064,121.83138078258884,160.97313985516948,91.7239502937563,-18.08536449217786,-20.9035038817104,-24.01898585807304,8.529074870679644,-2.419134476314977,19.33554692769983,-1.3942752174296746,0.6077524070589702,2.1481713178760358,3.1116575668871653,0.391481414137764,0,0,1,2
NYA,2004-06,6602.990234,1.8238260877689871,136.9921531677246,177.06919593811034,107.51701380411784,12.444061856436273,9.9992185636826,17.21803679386078,-18.08536449217786,0.7034840645387064,8.529074870679644,-2.419134476314977,19.33554692769983,-1.3942752174296746,1.8574271844088828,0.6941580510957076,0,0,0,2
NYA,2004-07,6403.149902,-3.026512608953824,130.39895802159464,159.34060545890563,120.38267381729618,-4.812826861738328,-10.012238653526872,11.96616196634508,12.444061856436273,1.8238260877689871,-18.08536449217786,0.7034840645387064,8.529074870679644,-2.419134476314977,2.2186060633100158,0.562528468977937,0,1,1,2
NYA,2004-08,6454.220215,0.7975810933935623,139.9520955239573,177.53836158014113,126.08562567926222,7.326084232038577,11.420664600103292,4.737352711255904,-4.812826861738328,-3.026512608953824,12.444061856436273,1.8238260877689871,-18.08536449217786,0.7034840645387064,1.9674409796149133,0.7532517024753868,0,0,1,2
NYA,2004-09,6570.25,1.7977351428192678,152.970458984375,188.2974100748698,129.69852345784506,9.30201395818986,6.060126047672232,2.8654319309747045,7.326084232038577,0.7975810933935623,-4.812826861738328,-3.026512608953824,12.444061856436273,1.8238260877689871,2.1299680027323022,1.0131563017132652,0,0,0,2
NYA,2004-10,6692.709961,1.863855424070615,118.0625233804026,147.26095236501385,96.845272556428,-22.82005024743897,-21.793426523253423,-25.33047410681982,9.30201395818986,1.7977351428192678,7.326084232038577,0.7975810933935623,-4.812826861738328,-3.026512608953824,1.8819880412365808,0.3162382105140346,0,0,1,2
NYA,2004-11,7005.720215,4.67688359160916,124.46195271809896,154.47430343627929,99.13031984965006,5.420373167086323,4.898346068946902,2.3594825363217,-22.82005024743897,1.863855424070615,9.30201395818986,1.7977351428192678,7.326084232038577,0.7975810933935623,2.49846278138864,0.4439993628602703,0,0,0,2
NYA,2004-12,7250.060059,3.48771912810395,107.17075778592016,141.9146915558846,79.30897829609532,-13.892755620942731,-8.130550907824963,-19.995236153396423,5.420373167086323,4.67688359160916,-22.82005024743897,1.863855424070615,9.30201395818986,1.7977351428192678,2.652844088418277,0.0987899897423557,0,0,0,2
NYA,2005-01,7089.830078,-2.2100503953908057,99.38704164566532,126.41269216229838,77.36354717131584,-7.26291042543833,-10.923463401589872,-2.4529771616982887,-13.892755620942731,3.48771912810395,5.420373167086323,4.67688359160916,-22.82005024743897,1.863855424070615,2.374422765404275,-0.0566077013856682,0,1,1,2
NYA,2005-02,7321.22998,3.263828603143004,109.60796138218473,108.7996129989624,105.78578090667725,10.283956104618763,-13.932999022537196,36.73853484564569,-7.26291042543833,-2.2100503953908057,-13.892755620942731,3.48771912810395,5.420373167086323,4.67688359160916,2.392955877147108,0.1474474439511143,0,0,0,2
NYA,2005-03,7167.529785,-2.0993766815121995,90.47840487572456,87.14632021996283,87.85526915519468,-17.45270714392596,-19.901994301400748,-16.94983162935727,10.283956104618763,3.263828603143004,-7.26291042543833,-2.2100503953908057,-13.892755620942731,3.48771912810395,2.966716577779486,-0.2344638256586798,0,1,0,2
NYA,2005-04,7008.319824,-2.2212668210070063,86.93658548990885,102.42798690795898,72.97031523386637,-3.9145466707558807,17.535641951862413,-16.942585304740586,-17.45270714392596,-2.0993766815121995,10.283956104618763,3.263828603143004,-7.26291042543833,-2.2100503953908057,3.314144278912152,-0.3051743378395897,0,1,1,2
NYA,2005-05,7134.330078,1.7980094682391368,98.79405889203473,105.33132522336898,90.99365062098347,13.63922143399825,2.834516622902017,24.69954436862878,-3.9145466707558807,-2.2212668210070063,-17.45270714392596,-2.0993766815121995,10.283956104618763,3.263828603143004,2.8141083810397154,-0.0684462819726932,0,0,0,2
NYA,2005-06,7217.779785,1.1696922638515517,81.75722109476725,95.1893081665039,69.31578687032064,-17.244799928592734,-9.628680770281385,-23.82349054326638,13.63922143399825,1.7980094682391368,-3.9145466707558807,-2.2212668210070063,-17.45270714392596,-2.0993766815121995,2.4275259096028097,-0.4085775521928494,0,0,1,2
NYA,2005-07,7476.660156,3.58670365003384,164.77051716466104,237.00151295815743,116.65942007495512,93.42482713456964,104.55736914021404,68.30137165319535,-17.244799928592734,1.1696922638515517,13.63922143399825,1.7980094682391368,-3.9145466707558807,-2.2212668210070063,2.546456236373801,1.2487380936685877,1,0,0,2
NYA,2005-08,7496.089844,0.2598712204995523,116.88755367648216,143.2987120843703,94.36514368364888,-29.06039521641346,-39.53679438760814,-19.11056679090457,101.53634744222848,3.58670365003384,-17.244799928592734,1.1696922638515517,13.63922143399825,1.7980094682391368,2.273237129399205,0.2927805746182023,0,0,0,2
NYA,2005-09,7632.97998,1.8261538862100133,103.76748135884604,130.99529851277669,78.09897527694702,-11.224524686306191,-8.585850767695435,-17.237475376748023,-29.06039521641346,0.2598712204995523,101.53634744222848,3.58670365003384,-17.244799928592734,1.1696922638515517,1.945982944678756,0.0308454129479047,0,0,0,2
NYA,2005-10,7433.120117,-2.618372686993476,87.41865994853359,105.815919445407,73.7711932274603,-15.755245474037638,-19.221589899208325,-5.541406957184714,-11.224524686306191,1.8261538862100133,-29.06039521641346,0.2598712204995523,101.53634744222848,3.58670365003384,2.08228293052266,-0.295549981494598,0,1,0,2
NYA,2005-11,7645.279785,2.854247807926269,82.0722770690918,93.67955487569174,70.19666430155436,-6.115837148029257,-11.469318258843575,-4.84542647274867,-15.755245474037638,-2.618372686993476,-11.224524686306191,1.8261538862100133,-29.06039521641346,0.2598712204995523,2.203961017433308,-0.4022876297311443,0,0,1,2
NYA,2005-12,7753.950195,1.4214052730053384,95.3541398817493,131.53387844947076,69.47696587347215,16.183129415888263,40.40830854075885,-1.0252601533749406,-6.115837148029257,2.854247807926269,-15.755245474037638,-2.618372686993476,-11.224524686306191,1.8261538862100133,2.206126657418235,-0.1371224081614686,0,0,0,2
NYA,2006-01,8106.549805,4.547354588727792,93.70335646598568,99.09636282151745,89.04377758887506,-1.73121315740542,-24.660958842184765,28.163019886385037,16.183129415888263,1.4214052730053384,-6.115837148029257,2.854247807926269,-15.755245474037638,-2.618372686993476,2.4350754840004307,-0.1700794079723198,0,0,1,2
NYA,2006-02,8060.609863,-0.5667015327737168,96.56065307344709,102.5961035319737,90.61754550252644,3.049300169411317,3.5316540494625848,1.76740919608962,-1.73121315740542,4.547354588727792,16.183129415888263,1.4214052730053384,-6.115837148029257,2.854247807926269,2.532666110353705,-0.1130350235591828,0,1,0,2
NYA,2006-03,8233.200195,2.1411572440967364,91.851620704897,96.4645538330078,86.54391436423025,-4.876761101613781,-5.976396264459504,-4.495411032935781,3.049300169411317,-0.5667015327737168,-1.73121315740542,4.547354588727792,16.183129415888263,1.4214052730053384,2.5503501360836,-0.2070483128844865,0,0,0,2
NYA,2006-04,8471.429688,2.8935224136135584,89.32775522867838,92.8047290802002,86.14640655517579,-2.7477636832640484,-3.793958098995864,-0.4593134155932654,-4.876761101613781,2.1411572440967364,3.049300169411317,-0.5667015327737168,-1.73121315740542,4.547354588727792,1.7135937063410138,-0.2574359247468661,0,0,0,2
NYA,2006-05,8189.109863,-3.332611322973189,84.38873118738974,80.68312811082409,83.90371753323463,-5.529103500524313,-13.06140440203304,-2.603345991576267,-2.7477636832640484,2.8935224136135584,-4.876761101613781,2.1411572440967364,3.049300169411317,-0.5667015327737168,2.7810741062666025,-0.3560408736700071,0,1,1,2
NYA,2006-06,8169.069824,-0.244715718011601,102.32296142578124,114.45484237670898,90.22701250712076,21.25192544792216,41.85721978887212,7.536370449118013,-5.529103500524313,-3.332611322973189,-2.7477636832640484,2.8935224136135584,-4.876761101613781,2.1411572440967364,2.835282834152725,0.0020063522291096,0,1,1,2
NYA,2006-07,8242.120117,0.894230243759031,137.44066902898973,144.6709271092569,133.83614447809035,34.3204566344385,26.40000554375559,48.33267860611912,21.25192544792216,-0.244715718011601,-5.529103500524313,-3.332611322973189,-2.7477636832640484,2.8935224136135584,2.223197777007222,0.7031124281591824,0,0,1,2
NYA,2006-08,8388.55957,1.7767206849844008,147.491208968624,160.77977629630797,141.31128421906502,7.312638981344266,11.134821286439632,5.585292201986869,34.3204566344385,0.894230243759031,21.25192544792216,-0.244715718011601,-5.529103500524313,-3.332611322973189,2.246735976569826,0.9037660328213402,0,0,0,2
NYA,2006-09,8469.650391,0.9666834970094796,113.61922556559244,117.84904912312824,111.18667894999186,-22.965425288660548,-26.70157165417424,-21.317904961059643,7.312638981344266,1.7767206849844008,34.3204566344385,0.894230243759031,21.25192544792216,-0.244715718011601,2.1436105987700147,0.2275301681119277,0,0,0,2
NYA,2006-10,8774.980469,3.604990334954672,112.73245288479713,100.46679675194524,124.12324234747118,-0.7804776668569935,-14.749590684454382,11.634993975580254,-22.965425288660548,0.9666834970094796,7.312638981344266,1.7767206849844008,34.3204566344385,0.894230243759031,2.3157690962944475,0.2098262302154349,0,0,0,2
NYA,2006-11,8969.0,2.211053707588606,87.80542017618815,84.66829687754313,86.73696505228678,-22.11167420803153,-15.7250956387203,-30.12028737577213,-0.7804776668569935,3.604990334954672,-22.965425288660548,0.9666834970094796,7.312638981344266,1.7767206849844008,1.319188756592997,-0.2878285223207669,0,0,1,2
NYA,2006-12,9139.019531,1.895635310513999,91.50775527954102,79.05746866041615,96.69359145625944,4.216522278378543,-6.626834865052256,11.479103975992969,-22.11167420803153,2.211053707588606,-0.7804776668569935,3.604990334954672,-22.965425288660548,0.9666834970094796,0.990069452763004,-0.2139134004848321,0,0,1,2
NYA,2007-01,9254.730469,1.2661198239866112,97.40868709933372,96.73051378803868,95.33105973274478,6.448559252455,22.35468125539841,-1.4091230897458562,4.216522278378543,1.895635310513999,-22.11167420803153,2.211053707588606,-0.7804776668569935,3.604990334954672,0.9246244423879508,-0.0961044819970039,0,0,0,2
NYA,2007-02,9124.540039,-1.4067446959810548,95.05105536324638,89.62849848611015,97.72646740504672,-2.420350593251641,-7.342063040718328,2.5127253164051178,6.448559252455,1.2661198239866112,4.216522278378543,1.895635310513999,-22.11167420803153,2.211053707588606,1.6640784703938811,-0.1431733269698287,0,1,0,2
NYA,2007-03,9261.820313,1.50451719662843,86.13590178951141,82.20472852645382,85.6678963938067,-9.379331496809671,-8.282823080882917,-12.339104575693804,-2.420350593251641,-1.4067446959810548,6.448559252455,1.2661198239866112,4.216522278378543,1.895635310513999,1.6490022563510016,-0.3211595557128524,0,0,0,2
NYA,2007-04,9627.730469,3.950736935442412,75.71304588317871,82.1852602005005,68.55693855285645,-12.100478069879417,-0.023682732492769,-19.97359403141277,-9.379331496809671,1.50451719662843,-2.420350593251641,-1.4067446959810548,6.448559252455,1.2661198239866112,1.74026069435393,-0.5292462476757941,0,0,1,2
NYA,2007-05,9978.639648,3.64477568342696,91.82276621172504,103.15781870195944,82.37121458976499,21.277337532296347,25.518637344815765,20.15007718913517,-12.100478069879417,3.950736935442412,-9.379331496809671,1.50451719662843,-2.420350593251641,-1.4067446959810548,1.933548942745473,-0.2076243772651489,0,0,1,2
NYA,2007-06,9873.019531,-1.0584620822655877,98.5847110748291,110.01365140279134,88.00655695597331,7.364126721593589,6.645965169775048,6.841397682763484,21.277337532296347,3.64477568342696,-12.100478069879417,3.950736935442412,-9.379331496809671,1.50451719662843,2.256300798019598,-0.0726257981382684,0,1,1,2
NYA,2007-07,9554.5,-3.2261612569476794,113.9830302576865,129.01673864549207,104.86104534518334,15.619378517191729,17.2733901660304,19.151400727609147,7.364126721593589,-1.0584620822655877,21.277337532296347,3.64477568342696,-12.100478069879417,3.950736935442412,2.923257680403769,0.2347933324095797,0,1,0,2
NYA,2007-08,9596.980469,0.4446121618085774,83.12109104279548,100.07418700187436,73.35449858634702,-27.075906953096485,-22.433175685168337,-30.045997210043584,15.619378517191729,-3.2261612569476794,7.364126721593589,-1.0584620822655877,21.277337532296347,3.64477568342696,2.766626941777942,-0.3813486248908387,0,0,1,2
NYA,2007-09,10039.28027,4.6087392011342265,92.71907399495444,90.46699282328288,93.58469161987304,11.546988654440726,-9.600072172868655,27.578667189324,-27.075906953096485,0.4446121618085774,15.619378517191729,-3.2261612569476794,7.364126721593589,-1.0584620822655877,3.1685719379012296,-0.1897300761955621,0,0,1,2
NYA,2007-10,10311.61035,2.7126454554097457,100.96206135903635,95.91243030178931,103.749514179845,8.890282235271773,6.019253330486496,10.861629593502276,11.546988654440726,4.6087392011342265,-27.075906953096485,0.4446121618085774,15.619378517191729,-3.2261612569476794,3.0048555240473265,-0.0251632829962064,0,0,0,2
NYA,2007-11,9856.849609,-4.410181587204754,89.11012655893961,80.4546085993449,95.28441146214804,-11.738998432242251,-16.116598916121973,-8.159173355764459,8.890282235271773,2.7126454554097457,11.546988654440726,4.6087392011342265,-27.075906953096485,0.4446121618085774,3.4534325440793143,-0.2617807636633019,0,1,1,2
NYA,2007-12,9740.320313,-1.182216434484307,94.64804052537488,85.06247354322865,97.48771335232642,6.2146853340762975,5.727285265696103,2.3123424454939867,-11.738998432242251,-4.410181587204754,8.890282235271773,2.7126454554097457,11.546988654440726,4.6087392011342265,3.4602719024869373,-0.1512193006624815,0,1,0,2
NYA,2008-01,9126.160156,-6.305338400219817,80.78886364352319,81.53163952981272,76.77330804640248,-14.642856634877798,-4.150871549275559,-21.24822153850388,6.2146853340762975,-1.182216434484307,-11.738998432242251,-4.410181587204754,8.890282235271773,2.7126454554097457,4.160673503445322,-0.4279102859922885,0,1,1,2
NYA,2008-02,8962.459961,-1.793746682084851,81.6396739565093,88.45064189516265,72.8041961275298,1.0531282092792749,8.48627895287195,-5.169911288013928,-14.642856634877798,-6.305338400219817,6.2146853340762975,-1.182216434484307,-11.738998432242251,-4.410181587204754,4.139034996630361,-0.4109243173567951,0,1,0,2
NYA,2008-03,8797.290039,-1.8429083389910228,78.19353657384073,84.13256103761735,72.61432629246866,-4.221155249228914,-4.881910142227531,-0.2607951809928011,1.0531282092792749,-1.793746682084851,-14.642856634877798,-6.305338400219817,6.2146853340762975,-1.182216434484307,3.071722154814466,-0.479724589993553,0,1,0,2
NYA,2008-04,9299.599609,5.7098216356761045,71.86557184855143,70.36499150594075,69.58370641072591,-8.092695384500992,-16.364139355654284,-4.173583969554883,-4.221155249228914,-1.8429083389910228,1.0531282092792749,-1.793746682084851,-14.642856634877798,-6.305338400219817,4.092273266492332,-0.6060589899293325,0,0,1,2
NYA,2008-05,9401.080078,1.0912348194194177,73.08874597857076,75.19145030360067,71.38500275150422,1.7020307479039154,6.85917626701118,2.588675472596913,-8.092695384500992,5.7098216356761045,-4.221155249228914,-1.8429083389910228,1.0531282092792749,-1.793746682084851,3.960976655642,-0.5816389786869506,0,0,1,2
NYA,2008-06,8660.480469,-7.877814068759181,86.7860169728597,80.27725048065186,87.26098276774088,18.740602004999385,6.763801145630577,22.23993752791742,1.7020307479039154,1.0912348194194177,-8.092695384500992,5.7098216356761045,-4.221155249228914,-1.8429083389910228,4.939402041325482,-0.3081803570063219,0,1,1,2
NYA,2008-07,8438.639648,-2.561530180618432,89.47498493809854,87.2099857945596,84.52966382426601,3.0983884950956497,8.635989987697258,-3.130057508915207,18.740602004999385,-7.877814068759181,1.7020307479039154,1.0912348194194177,-8.092695384500992,5.7098216356761045,4.476768642405645,-0.2544965630721747,0,1,0,2
NYA,2008-08,8382.080078,-0.6702451148438926,88.47457368912235,105.41860654277188,75.39880838701802,-1.1180904357439236,20.879054826480868,-10.801954040927797,3.0983884950956497,-2.561530180618432,18.740602004999385,-7.877814068759181,1.7020307479039154,1.0912348194194177,4.471086728426613,-0.2744692336408515,0,1,1,2
NYA,2008-09,7532.799805,-10.13209448128588,89.21801058451335,95.21897468566894,82.42706019083658,0.8402831055205118,-9.675362055715087,9.321436179392803,-1.1180904357439236,-0.6702451148438926,3.0983884950956497,-2.561530180618432,18.740602004999385,-7.877814068759181,5.844100074959893,-0.2596269173279952,0,1,0,2
NYA,2008-10,6061.089844,-16.199297081301566,64.97080649099043,76.1353960960142,53.63574997071297,-27.17747676132537,-20.041781223387755,-34.929439620272106,0.8402831055205118,-10.13209448128588,-1.1180904357439236,-0.6702451148438926,3.0983884950956497,-2.561530180618432,7.643412012440203,-0.7437092585321883,0,1,1,2
NYA,2008-11,5599.299805,-7.618927468252856,79.13092206319173,96.24985440572102,67.7355552037557,21.79458180831557,26.41932575531689,26.28807323611904,-27.17747676132537,-19.53735661504149,0.8402831055205118,-10.13209448128588,-1.1180904357439236,-0.6702451148438926,6.649698255661704,-0.4610101946947942,0,1,1,2
NYA,2008-12,5757.049805,2.8173165483858176,94.08670757662864,107.55399310204292,87.6594942154423,18.90005212057766,11.744577450134797,29.414299405612443,21.79458180831557,-7.618927468252856,-27.17747676132537,-19.53735661504149,0.8402831055205118,-10.13209448128588,8.005576958636995,-0.1624260099794005,0,0,0,2
NYA,2009-01,5195.790039,-9.749086511507077,86.23219754618984,91.03520405677055,87.53845571702526,-8.348161215059768,-15.358601358110413,-0.1380780250905378,18.90005212057766,2.8173165483858176,21.79458180831557,-7.618927468252856,-27.17747676132537,-19.53735661504149,7.873867916177208,-0.3192370629107492,0,1,0,2
NYA,2009-02,4617.029785,-11.139023125564773,67.12189470018659,63.14009993416922,65.29873490333557,-22.16144710421756,-30.64210643742353,-25.40565815506419,-8.348161215059768,-9.749086511507077,18.90005212057766,2.8173165483858176,21.79458180831557,-7.618927468252856,7.1930871447438856,-0.7007639435825536,0,1,1,2
NYA,2009-03,4978.97998,7.839459822761374,72.05849173761183,73.33846209126133,69.22285332218293,7.35467474432232,16.151957579612763,6.0094861327044,-22.16144710421756,-11.139023125564773,-8.348161215059768,-9.749086511507077,18.90005212057766,2.8173165483858176,9.952898716204048,-0.6022074484814606,0,0,1,2
NYA,2009-04,5513.359863,10.732718049611425,85.95789963404337,83.50890401204427,85.18863232930501,19.28906303929281,13.86781455565156,23.06431798298285,7.35467474432232,7.839459822761374,-22.16144710421756,-11.139023125564773,-8.348161215059768,-9.749086511507077,9.521690855113189,-0.3247132726620728,0,0,1,2
NYA,2009-05,6004.069824,8.900379681238313,91.18033575242563,93.24943800895444,89.41171313870338,6.075574369099579,11.664066379682492,4.957329040186531,19.28906303929281,10.732718049611425,7.35467474432232,7.839459822761374,-22.16144710421756,-11.139023125564773,9.676701154913774,-0.2204501546042201,0,0,0,2
NYA,2009-06,5905.149902,-1.647547828384488,81.25230356852214,73.67756567001342,81.75211544036866,-10.88834791183514,-20.988729537503048,-8.566660261226033,6.075574369099579,8.900379681238313,19.28906303929281,10.732718049611425,7.35467474432232,7.839459822761374,9.732830005873296,-0.4186579580523049,0,1,0,2
NYA,2009-07,6424.279785,8.79113810174703,81.08385159892421,76.3114563111336,80.97563048331968,-0.2073196231979657,3.5748882542032234,-0.9498041156076996,-10.88834791183514,-1.647547828384488,6.075574369099579,8.900379681238313,19.28906303929281,10.732718049611425,8.579964109914412,-0.4220210106957725,0,0,0,2
NYA,2009-08,6643.240234,3.408326790362537,73.76000755063949,78.4546751206921,65.25164118120748,-9.03243235719934,2.808515147214941,-19.41817458939232,-0.2073196231979657,8.79113810174703,-10.88834791183514,-1.647547828384488,6.075574369099579,8.900379681238313,4.615269475887831,-0.5682376037443344,0,0,1,2
NYA,2009-09,6910.879883,4.028751626807425,91.13029925028484,75.68046391805014,96.45980974833172,23.54974230136824,-3.536068689818938,47.82740786619817,-9.03243235719934,3.408326790362537,-0.2073196231979657,8.79113810174703,-10.88834791183514,-1.647547828384488,4.629407749688511,-0.2214491063600006,0,0,0,2
NYA,2009-10,6739.450195,-2.4805768715745917,90.38770306494928,89.20428694448164,89.28504986916819,-0.8148729801666255,17.869635473000866,-7.4380821379212865,23.54974230136824,4.028751626807425,-9.03243235719934,3.408326790362537,-0.2073196231979657,8.79113810174703,4.893112990699772,-0.2362746383504112,0,1,0,2
NYA,2009-11,7092.359863,5.236475643989813,81.02965710957845,82.64781697591145,73.95016460418701,-10.353229076577463,-7.349949417398238,-17.175199305428855,-0.8148729801666255,-2.4805768715745917,23.54974230136824,4.028751626807425,-9.03243235719934,3.408326790362537,4.27380933214252,-0.4231029744216385,0,0,1,2
NYA,2009-12,7184.959961,1.3056316908436116,95.82213678667624,100.3492317199707,92.03632293208952,18.25563652218536,21.41788542245284,24.457225247174776,-10.353229076577463,5.236475643989813,-0.8148729801666255,-2.4805768715745917,23.54974230136824,4.028751626807425,3.789404907606662,-0.1277791025770587,0,0,0,2
NYA,2010-01,6883.779785,-4.191814256931248,93.6784295112856,102.653564453125,87.86365244465489,-2.237173316394569,2.296313278794848,-4.53372142052385,18.25563652218536,1.3056316908436116,-10.353229076577463,5.236475643989813,-0.8148729801666255,-2.4805768715745917,3.789439085090238,-0.170577061167458,0,1,0,2
NYA,2010-02,7035.040039,2.1973430110243,81.47286292484829,81.01815795898438,80.05752774647304,-13.029217772023904,-21.07613759872904,-8.88436171384852,-2.237173316394569,-4.191814256931248,18.25563652218536,1.3056316908436116,-10.353229076577463,5.236475643989813,3.68010662888842,-0.4142546095601225,0,0,0,2
NYA,2010-03,7447.799805,5.867198533509277,72.72510971561555,67.32707777330953,73.52030064982753,-10.73701462694614,-16.898779891547267,-8.165661969162553,-13.029217772023904,2.1973430110243,-2.237173316394569,-4.191814256931248,18.25563652218536,1.3056316908436116,4.040053966458799,-0.5888987803877629,0,0,1,2
NYA,2010-04,7474.399902,0.3571537594517782,88.62468554178874,79.6067726135254,92.83870468139648,21.86256698456273,18.238865024799743,26.2762854080008,-10.73701462694614,5.867198533509277,-13.029217772023904,2.1973430110243,-2.237173316394569,-4.191814256931248,3.653416561098041,-0.2714723315320161,0,0,0,2
NYA,2010-05,6791.569824,-9.135583952596493,87.13836805282101,83.16650359861312,86.94786573225453,-1.6770919748616664,4.471643389400404,-6.345240349225156,21.86256698456273,0.3571537594517782,-10.73701462694614,5.867198533509277,-13.029217772023904,2.1973430110243,5.290646148076877,-0.3011458578922958,0,1,1,2
NYA,2010-06,6469.649902,-4.739992819663019,96.34650853474936,69.67944971720378,111.88416697184245,10.567262949366471,-16.216930251753723,28.67960131002669,-1.6770919748616664,-9.135583952596493,21.86256698456273,0.3571537594517782,-10.73701462694614,5.867198533509277,5.429015606173949,-0.1173103036801013,0,1,0,2
NYA,2010-07,6998.990234,8.181900721341373,79.39271330064342,81.76249122619629,76.34224307152533,-17.59668875597209,17.340896861315503,-31.766714506854075,10.567262949366471,-4.739992819663019,-1.6770919748616664,-9.135583952596493,21.86256698456273,0.3571537594517782,6.49629850103425,-0.4557836739527096,0,0,1,2
NYA,2010-08,6704.149902,-4.212612421827822,81.61330942953786,84.75737048733619,74.11711311340332,2.79697724964445,3.662901186382084,-2.9146772070048788,-17.59668875597209,8.181900721341373,10.567262949366471,-4.739992819663019,-1.6770919748616664,-9.135583952596493,6.676947865853919,-0.4114506709063362,0,1,0,2
NYA,2010-09,7281.069824,8.60541501060248,71.82437750498454,70.37432320912679,69.72902139027913,-11.994283766920088,-16.969671422685785,-5.920483865055792,2.79697724964445,-4.212612421827822,-17.59668875597209,8.181900721341373,10.567262949366471,-4.739992819663019,7.275277599499168,-0.6068814127621388,0,0,0,2
NYA,2010-10,7513.350098,3.1901942930742555,65.55662228984218,74.25972569373346,63.16021014798072,-8.726501270000398,5.521051297446489,-9.4204839123329,-11.994283766920088,8.60541501060248,2.79697724964445,-4.212612421827822,-17.59668875597209,8.181900721341373,7.406100375335477,-0.7320137623286357,0,0,1,2
NYA,2010-11,7430.939941,-1.096849686559087,95.60385462443034,80.85895284016927,102.02185897827148,45.83401536726808,8.886683979486731,61.52868829796508,-8.726501270000398,3.1901942930742555,-11.994283766920088,8.60541501060248,2.79697724964445,-4.212612421827822,5.935705655213144,-0.1321369881186469,1,1,1,2
NYA,2010-12,7964.02002,7.173790707939198,97.89414264309792,94.39043466506466,98.9651261606524,2.3956021728043453,16.73467358851721,-2.9961547929352017,45.83401536726808,-1.096849686559087,-8.726501270000398,3.1901942930742555,-11.994283766920088,8.60541501060248,5.330581142213564,-0.0864126241122966,0,0,0,2
NYA,2011-01,8139.160156,2.19914233716354,78.83949353618007,77.48969244187877,77.08557048920662,-19.46454465246935,-17.9051429132163,-22.108349193561573,2.3956021728043453,7.173790707939198,45.83401536726808,-1.096849686559087,-8.726501270000398,3.1901942930742555,4.8489336060401405,-0.4668284079248787,0,0,1,2
NYA,2011-02,8438.549805,3.678385033120368,88.93610232216972,84.70568302699498,89.67357962472099,12.806536842294957,9.312194122500305,16.329916293837265,-19.46454465246935,2.19914233716354,2.3956021728043453,7.173790707939198,45.83401536726808,-1.096849686559087,3.500073462191548,-0.2652550636129752,0,0,1,2
NYA,2011-03,8404.980469,-0.3978093010733929,136.0791222356981,156.13775290212322,126.68266185637444,53.00774228080458,84.32972537670638,41.27088757528632,12.806536842294957,3.678385033120368,-19.46454465246935,2.19914233716354,2.3956021728043453,7.173790707939198,3.004121843120705,0.6759298813874604,1,1,0,2
NYA,2011-04,8671.410156,3.169902511762745,90.6722047805786,111.14294446309408,73.5580285390218,-33.36802641662523,-28.8173792710048,-41.93520450145128,53.00774228080458,-0.3978093010733929,12.806536842294957,3.678385033120368,-19.46454465246935,2.19914233716354,3.00314370496399,-0.2305947151705158,0,0,1,2
NYA,2011-05,8477.280273,-2.2387348713481803,104.47366776004914,120.63443325411887,96.0221432101342,15.221272067740331,8.53989323107822,30.539310415579468,-33.36802641662523,3.169902511762745,53.00774228080458,-0.3978093010733929,12.806536842294957,3.678385033120368,3.295185751838786,0.0449440432519357,0,1,0,2
NYA,2011-06,8319.099609,-1.8659364667203748,84.53678283691406,97.33198216756185,72.88245728810628,-19.08316741489856,-19.316583547476828,-24.098281030229863,15.221272067740331,-2.2387348713481803,-33.36802641662523,3.169902511762745,53.00774228080458,-0.3978093010733929,2.593228480627448,-0.3530851024048154,0,1,0,2
NYA,2011-07,8079.439941,-2.880836620116023,78.2851328695974,99.24549016644876,60.41787485922536,-7.395183206081024,1.9659601667134647,-17.102308144754364,-19.08316741489856,-1.8659364667203748,15.221272067740331,-2.2387348713481803,-33.36802641662523,3.169902511762745,2.84542487210384,-0.4778959193920065,0,1,1,2
NYA,2011-08,7528.390137,-6.820396067351608,86.39183038280856,111.57653574789724,62.886020106654016,10.35534745366633,12.424791857813933,4.085124233812376,-7.395183206081024,-2.880836620116023,-19.08316741489856,-1.8659364667203748,15.221272067740331,-2.2387348713481803,3.2627098816935187,-0.3160500794966862,0,1,0,2
NYA,2011-09,6791.649902,-9.786159080400491,83.14460322062175,93.88602275848388,70.98976675669353,-3.758720179672215,-15.85504772202676,12.886404062931067,10.35534745366633,-6.820396067351608,-7.395183206081024,-2.880836620116023,-19.08316741489856,-1.8659364667203748,4.463565670208529,-0.3808792169522968,0,1,0,2
NYA,2011-10,7563.379883,11.362923474202358,75.16556069158739,90.5741471321352,63.65037210526005,-9.59658500968753,-3.527549180423029,-10.338665679221236,-3.758720179672215,-9.786159080400491,10.35534745366633,-6.820396067351608,-7.395183206081024,-2.880836620116023,7.256311803408796,-0.5401764939960677,0,0,1,2
NYA,2011-11,7484.5,-1.0429184335603137,83.25008093516031,70.99307772318522,95.16603965759278,10.75561755834511,-21.6188283621196,49.51372083137953,-9.59658500968753,11.362923474202358,-3.758720179672215,-9.786159080400491,10.35534745366633,-6.820396067351608,7.266117567835637,-0.3787734113178923,0,1,1,2
NYA,2011-12,7477.029785,-0.0998091388870414,84.81960911904612,77.63644483012538,86.84766141829952,1.885317306908374,9.357767433106437,-8.740910380659695,10.75561755834511,-1.0429184335603137,-9.59658500968753,11.362923474202358,-3.758720179672215,-9.786159080400491,7.300494719692343,-0.347438628350302,0,1,0,2
NYA,2012-01,7838.47998,4.834141435749273,77.90155767625377,61.71806113950668,91.26849322165212,-8.156193496580155,-20.503751460347488,5.090329124764548,1.885317306908374,-0.0998091388870414,10.75561755834511,-1.0429184335603137,-9.59658500968753,11.362923474202358,7.687232827644128,-0.4855537910750859,0,0,1,2
NYA,2012-02,8113.240234,3.5052746795431577,91.4857845964103,77.98118065143454,103.34518873280491,17.437683308734808,26.350664962022897,13.232053126837195,-8.156193496580155,4.834141435749273,1.885317306908374,-0.0998091388870414,10.75561755834511,-1.0429184335603137,7.054212095082352,-0.2143520333138689,0,0,0,2
NYA,2012-03,8206.929688,1.1547723387676625,88.0797755333685,86.14695296748992,86.66009946023264,-3.722992679209569,10.47146535592387,-16.145008274851524,17.437683308734808,3.5052746795431577,-8.156193496580155,4.834141435749273,1.885317306908374,-0.0998091388870414,4.526077448224543,-0.2823511657103503,0,0,1,2
NYA,2012-04,8119.060059,-1.070676030385409,98.3707051595052,88.1813424428304,104.64068247477212,11.683646516830692,2.361533873529132,20.748398774675515,-3.722992679209569,1.1547723387676625,17.437683308734808,3.5052746795431577,-8.156193496580155,4.834141435749273,2.4657002939498187,-0.0768983107183564,0,1,0,2
NYA,2012-05,7463.959961,-8.0686691961814,77.68080416033345,69.08255398658014,79.93533497471964,-21.032583801878506,-21.65853674617435,-23.60969645434864,11.683646516830692,-1.070676030385409,-3.722992679209569,1.1547723387676625,17.437683308734808,3.5052746795431577,4.543968846288147,-0.4899610158587595,0,1,0,2
NYA,2012-06,7801.839844,4.526817999633703,77.59097859064738,81.92765919367473,70.51085557937623,-0.115634191299907,18.59384817994694,-11.790129356840753,-21.032583801878506,-8.0686691961814,11.683646516830692,-1.070676030385409,-3.722992679209569,1.1547723387676625,4.894066912622014,-0.4917543348701357,0,0,1,2
NYA,2012-07,7863.930176,0.7958421762239931,81.20776933239353,89.00009404459307,77.46019707956621,4.661354718603983,8.632536216126097,9.8557044062058,-0.115634191299907,4.526817999633703,-21.032583801878506,-8.0686691961814,11.683646516830692,-1.070676030385409,4.4917061842780805,-0.4195470600372483,0,0,0,2
NYA,2012-08,8014.930176,1.9201594701443003,74.8681123795048,78.25724669425718,70.49690803404778,-7.806712344159738,-12.070602245603512,-8.989505976038025,4.661354718603983,0.7958421762239931,-0.115634191299907,4.526817999633703,-21.032583801878506,-8.0686691961814,4.296603952672272,-0.5461148889856426,0,0,0,2
NYA,2012-09,8251.0,2.945375927377269,68.97198734283447,65.10240313212077,68.31967938741049,-7.87534886252107,-16.80974493458861,-3.0884030340532886,-7.806712344159738,1.9201594701443003,4.661354718603983,0.7958421762239931,-0.115634191299907,4.526817999633703,4.462154628280008,-0.6638278426431106,0,0,1,2
NYA,2012-10,8221.400391,-0.3587396557993116,81.94055532640026,86.90206847652313,75.07558896464687,18.8026595770016,33.48519301224788,9.888672836016443,-7.87534886252107,2.945375927377269,-7.806712344159738,1.9201594701443003,4.661354718603983,0.7958421762239931,4.431773598473426,-0.404917383221224,0,1,0,2
NYA,2012-11,8260.429688,0.4747280894229044,79.75129572550456,87.46022033691406,73.34758491516114,-2.6717656381202715,0.6422768412488677,-2.301685638855866,18.8026595770016,-0.3587396557993116,-7.87534886252107,2.945375927377269,-7.806712344159738,1.9201594701443003,1.796982133474028,-0.4486247694014081,0,0,0,2
NYA,2012-12,8443.509766,2.216350540044676,74.97084549934634,85.26028196273312,64.21883093926215,-5.994197564654025,-2.515358829084069,-12.44588214657365,-2.6717656381202715,0.4747280894229044,18.8026595770016,-0.3587396557993116,-7.87534886252107,2.945375927377269,1.2338532940590865,-0.5440638777028454,0,0,1,2
NYA,2013-01,8894.709961,5.343751680336495,90.2403597062634,109.75873522604664,83.89209476594002,20.367269576878645,28.73372301773727,30.63472744510833,-5.994197564654025,2.216350540044676,-2.6717656381202715,0.4747280894229044,18.8026595770016,-0.3587396557993116,1.9984397436645456,-0.2392162689713456,0,0,0,2
NYA,2013-02,8868.719727,-0.2921987801059122,82.87265164511544,87.37166687420437,78.62591293879917,-8.164537558505069,-20.3966165478642,-6.277327848152503,20.367269576878645,5.343751680336495,-5.994197564654025,2.216350540044676,-2.6717656381202715,0.4747280894229044,2.2271181632732477,-0.3863085833591407,0,1,0,2
NYA,2013-03,9107.040039,2.687200851262173,74.79130831072408,70.25588681620937,79.46081779849145,-9.751520162523589,-19.589622895300696,1.0618698447955044,-8.164537558505069,-0.2921987801059122,20.367269576878645,5.343751680336495,-5.994197564654025,2.216350540044676,2.2010859319575284,-0.5476482407603864,0,0,1,2
NYA,2013-04,9276.879883,1.864929145723293,93.84421526590982,83.1100798924764,99.8020144144694,25.47476088535521,18.296250547507608,25.599027520157392,-9.751520162523589,2.687200851262173,-8.164537558505069,-0.2921987801059122,20.367269576878645,5.343751680336495,1.9638798804421376,-0.1672672380667305,0,0,0,2
NYA,2013-05,9302.269531,0.2736873638574,83.38529759068643,96.31220405332505,76.66901059304514,-11.144978564302331,15.885105847484285,-23.178894691799336,25.47476088535521,1.864929145723293,-9.751520162523589,2.687200851262173,-8.164537558505069,-0.2921987801059122,1.99754041938475,-0.3760738837796071,0,0,0,2
NYA,2013-06,9112.69043,-2.0379876154762333,82.57989651362101,85.31224797566732,78.08507897059123,-0.965878998260461,-11.421144584716792,1.8469892419278768,-11.144978564302331,0.2736873638574,25.47476088535521,1.864929145723293,-9.751520162523589,2.687200851262173,2.581693870249076,-0.3921532815316291,0,1,0,2
NYA,2013-07,9558.830078,4.895806034749728,77.08005560598066,75.28471995938209,75.0804361527966,-6.660023976577866,-11.753913716053145,-3.847909046651865,-0.965878998260461,-2.0379876154762333,-11.144978564302331,0.2736873638574,25.47476088535521,1.864929145723293,2.4444241638347286,-0.5019546364652614,0,0,1,2
NYA,2013-08,9270.660156,-3.014698657142512,88.84743185966245,104.4280973249866,78.84740774093136,15.266434567502763,38.71087968624718,5.017247875956099,-6.660023976577866,4.895806034749728,-0.965878998260461,-2.0379876154762333,-11.144978564302331,0.2736873638574,2.9783038743928416,-0.2670253215330478,0,1,1,2
NYA,2013-09,9621.240234,3.781608559700089,98.07846705118816,97.374010403951,98.14722569783528,10.38976028717007,-6.754970263494176,24.47742863064981,15.266434567502763,-3.014698657142512,-6.660023976577866,4.895806034749728,-0.965878998260461,-2.0379876154762333,3.1473202281828163,-0.0827326868021949,0,0,0,2
NYA,2013-10,10009.63965,4.036895520262074,73.56673326799947,80.33374651016727,65.35439909658125,-24.99196257869301,-17.499807005065403,-33.411873201809016,10.38976028717007,3.781608559700089,15.266434567502763,-3.014698657142512,-6.660023976577866,4.895806034749728,3.387856286847683,-0.5720962204687234,0,0,1,2
NYA,2013-11,10183.23047,1.734236456753968,76.75024941762288,52.19944121042887,91.32140051523844,4.327385501849101,-35.02177667784688,39.73259914804351,-24.99196257869301,4.036895520262074,10.38976028717007,3.781608559700089,15.266434567502763,-3.014698657142512,3.3496771370717218,-0.508539038988046,0,0,0,2
NYA,2013-12,10400.32031,2.13183665674217,70.2421502144106,68.61865160542149,68.88867827384702,-8.47958052592066,31.45476276039567,-24.564584111528333,4.327385501849101,1.734236456753968,-24.99196257869301,4.036895520262074,10.38976028717007,3.781608559700089,2.847294064040496,-0.6384697265398416,0,0,1,2
NYA,2014-01,9967.650391,-4.160159553778209,78.61989428920131,86.78251980197045,68.41249278283888,11.926947066993351,26.4707448654002,-0.6912391164121345,-8.47958052592066,2.13183665674217,4.327385501849101,1.734236456753968,-24.99196257869301,4.036895520262074,3.4972884824856054,-0.4712125883522027,0,1,0,2
NYA,2014-02,10425.86035,4.596970610182405,70.26414687292916,61.49816117967878,73.86041593551636,-10.628031863710918,-29.135312825656825,7.963345481315476,11.926947066993351,-4.160159553778209,-8.47958052592066,2.13183665674217,4.327385501849101,1.734236456753968,3.228016412981677,-0.6380305751262079,0,0,1,2
NYA,2014-03,10527.76953,0.977465423273194,119.53876396917528,75.00083989481772,150.81426780454575,70.12768145517792,21.956231627297345,104.18821894560378,-10.628031863710918,4.596970610182405,11.926947066993351,-4.160159553778209,-8.47958052592066,2.13183665674217,3.123293921507782,0.3457105570013821,1,0,0,2
NYA,2014-04,10627.16992,0.9441733096146264,92.7823445002238,61.30099623998006,112.3606637954712,-22.3830484610423,-18.26625365002648,-25.49732500038402,70.12768145517792,0.977465423273194,-10.628031863710918,4.596970610182405,11.926947066993351,-4.160159553778209,2.8768324335559816,-0.1884669147109705,0,0,0,2
NYA,2014-05,10756.30957,1.2151838257235648,83.18502376925561,75.96359517497402,92.24833537686256,-10.343908404842097,23.91902225796312,-17.89979494533681,-22.3830484610423,0.9441733096146264,70.12768145517792,0.977465423273194,-10.628031863710918,4.596970610182405,2.8594394189677885,-0.3800722425176376,0,0,1,2
NYA,2014-06,10979.41992,2.074227675840312,98.1738182067871,105.45366484324136,96.13338797887168,18.01862133153733,38.82131908098889,4.211515130476329,-10.343908404842097,1.2151838257235648,-22.3830484610423,0.9441733096146264,70.12768145517792,0.977465423273194,2.854773926278121,-0.0808290524507526,0,0,1,2
NYA,2014-07,10726.42969,-2.3042221888166847,136.12800659671908,115.96761592741936,161.79567853866084,38.660193810520525,9.970209285573103,68.30331473828896,18.01862133153733,2.074227675840312,-10.343908404842097,1.2151838257235648,-22.3830484610423,0.9441733096146264,2.2218493970390325,0.6769058312677037,0,1,0,2
NYA,2014-08,11046.29004,2.981983374190178,132.44592408211,107.58255644767516,154.0424594263877,-2.7048677246242936,-7.230518117223495,-4.791981579669047,38.660193810520525,-2.3042221888166847,18.01862133153733,2.074227675840312,-10.343908404842097,1.2151838257235648,1.7915342860321353,0.6033950414337895,0,0,0,2
NYA,2014-09,10702.92969,-3.108377099973369,130.56609942118328,121.00510635375976,142.43847586313885,-1.419314844118058,12.476511387431977,-7.53297734044166,-2.7048677246242936,2.981983374190178,38.660193810520525,-2.3042221888166847,18.01862133153733,2.074227675840312,2.4491813141589382,0.5658653567986086,0,1,0,2
NYA,2014-10,10845.0,1.3273964616691725,80.79179345407793,74.09397866649013,83.08987451368763,-38.12192153075063,-38.76789096000993,-41.66613058010812,-1.419314844118058,-3.108377099973369,-2.7048677246242936,2.981983374190178,38.660193810520525,-2.3042221888166847,2.474193762450449,-0.4278517939060605,0,0,1,2
NYA,2014-11,10955.41016,1.0180743199631026,84.14203809102376,77.99142316182454,87.09242757161458,4.1467635433172,5.26013660688609,4.817136963262114,-38.12192153075063,1.3273964616691725,-1.419314844118058,-3.108377099973369,-2.7048677246242936,2.981983374190178,2.461915589397927,-0.3609659681752187,0,0,1,2
NYA,2014-12,10839.24023,-1.0603886874464563,85.45243663172567,94.30592924548732,80.33614915417087,1.5573648683008257,20.918333609340344,-7.757595701288888,4.1467635433172,1.0180743199631026,-38.12192153075063,1.3273964616691725,-1.419314844118058,-3.108377099973369,2.3480990539279496,-0.3348045686568722,0,1,1,2
NYA,2015-01,10537.21973,-2.7863622688617085,108.33973257003292,146.6483586834323,81.6583960748488,26.783666844919374,55.50279802841731,1.645892832304474,1.5573648683008257,-1.0603886874464563,4.1467635433172,1.0180743199631026,-38.12192153075063,1.3273964616691725,2.441285516598464,0.1221279403002564,0,1,1,2
NYA,2015-02,11062.79004,4.987751261404116,112.50795323508126,110.6266494478498,116.82035664149691,3.8473610430540095,-24.56332246673284,43.05982269651534,26.783666844919374,-2.7863622688617085,1.5573648683008257,-1.0603886874464563,4.1467635433172,1.0180743199631026,3.0398204074153714,0.205344215892678,0,0,0,2
NYA,2015-03,10899.19043,-1.4788277587160947,103.47884836504537,80.65029876462874,119.2300068024666,-8.025303643352133,-27.09686213298193,2.062697144783177,3.8473610430540095,4.987751261404116,26.783666844919374,-2.7863622688617085,1.5573648683008257,-1.0603886874464563,2.759692656053929,0.0250830110293626,0,1,0,2
NYA,2015-04,11049.74023,1.3812934177717562,99.56071904500324,92.08395849863687,107.84801419576009,-3.786405996924136,14.17683493941706,-9.546248391618018,-8.025303643352133,-1.4788277587160947,3.8473610430540095,4.987751261404116,26.783666844919374,-2.7863622688617085,2.7636553746984567,-0.0531403258581029,0,0,0,2
NYA,2015-05,11056.29981,0.0593641104990938,74.41008684712071,71.70904147240424,75.1276002699329,-25.261601602650146,-22.12645650603112,-30.3393754347992,-3.786405996924136,1.3812934177717562,-8.025303643352133,-1.4788277587160947,3.8473610430540095,4.987751261404116,2.744508078158669,-0.5552591214997333,0,0,1,2
NYA,2015-06,10805.2002,-2.27109986446723,85.28621266682943,88.44556840260823,80.42666390736898,14.61646704169861,23.33949330035976,7.053417942802098,-25.261601602650146,0.0593641104990938,-3.786405996924136,1.3812934177717562,-8.025303643352133,-1.4788277587160947,2.8946799254791724,-0.3381231403891369,0,1,1,2
NYA,2015-07,10882.28027,0.7133608685936155,106.23084825085056,89.69054517438335,118.30285398421748,24.558055668202016,1.4076191653921155,47.09407084256565,14.61646704169861,-2.27109986446723,-25.261601602650146,0.0593641104990938,-3.786405996924136,1.3812934177717562,2.5583368053188207,0.0800252032332923,0,0,0,2
NYA,2015-08,10176.5,-6.485591737107499,80.77308187177104,72.6687409493231,83.29964871560374,-23.96457036562888,-18.978370788097155,-29.58779445277242,24.558055668202016,0.7133608685936155,14.61646704169861,-2.27109986446723,-25.261601602650146,0.0593641104990938,2.8615728545758987,-0.4282253605463964,0,1,1,2
NYA,2015-09,9799.69043,-3.70274229843266,96.26670481363932,79.88457260131835,111.3503412882487,19.18166619724222,9.929760111059792,33.674442815976114,-23.96457036562888,-6.485591737107499,24.558055668202016,0.7133608685936155,14.61646704169861,-2.27109986446723,3.0216290259986747,-0.118903541894402,0,1,0,2
NYA,2015-10,10460.95996,6.747861421985757,86.38631562263735,101.0595084159605,75.2390812904604,-10.263558111944526,26.506915071474868,-32.43030922043458,19.18166619724222,-3.70274229843266,-23.96457036562888,-6.485591737107499,24.558055668202016,0.7133608685936155,4.536777882975014,-0.3161601787066636,0,0,1,2
NYA,2015-11,10409.58984,-0.4910650666518745,146.2837247212728,206.724671681722,112.25876941680907,69.33668679688365,104.55736914021404,49.20273811350009,-10.263558111944526,6.747861421985757,19.18166619724222,-3.70274229843266,-23.96457036562888,-6.485591737107499,4.5209010450981335,0.879659261617105,1,1,0,2
NYA,2015-12,10143.41992,-2.556968373309132,140.49793341852003,194.36913816390495,108.1629870014806,-3.955184566004821,-5.976806453387384,-3.648518896658426,69.33668679688365,-0.4910650666518745,-10.263558111944526,6.747861421985757,19.18166619724222,-3.70274229843266,4.539520533834059,0.7641490613996877,0,1,0,2
NYA,2016-01,9632.700195,-5.03498552783962,115.96384011545489,110.91858869983304,120.46343551143524,-17.462244964117836,-42.93405334426132,11.37214203393464,-3.955184566004821,-2.556968373309132,69.33668679688365,-0.4910650666518745,-10.263558111944526,6.747861421985757,4.718163545330887,0.2743391319883859,0,1,0,2
NYA,2016-02,9559.530273,-0.7595992869992907,101.22297576378132,113.22725730106748,90.85711604151231,-12.711604183681224,2.0814082006417767,-24.57701736981631,-17.462244964117836,-5.03498552783962,-3.955184566004821,-2.556968373309132,69.33668679688365,-0.4910650666518745,4.15570461190265,-0.0199542677458014,0,1,1,2
NYA,2016-03,10207.37012,6.776900417688547,105.2873266896894,122.0475801037204,93.74349009606146,4.015245447232085,7.78992886774601,3.1768277272089085,-12.711604183681224,-0.7595992869992907,-17.462244964117836,-5.03498552783962,-3.955184566004821,-2.556968373309132,4.909451512898649,0.0611883045730654,0,0,0,2
NYA,2016-04,10436.91992,2.2488632948679754,83.62793006896973,90.3290501912435,79.78639167149862,-20.571703453499047,-25.98865941096199,-14.888605502377429,4.015245447232085,6.776900417688547,-12.711604183681224,-0.7595992869992907,-17.462244964117836,-5.03498552783962,4.091099547016071,-0.3712298573225143,0,0,1,2
NYA,2016-05,10441.0,0.0390927594661416,84.68827352216167,88.0693675010435,82.82368420016381,1.2679298080407353,-2.5016123665817624,3.806780160168821,-20.571703453499047,2.2488632948679754,4.015245447232085,6.776900417688547,-12.711604183681224,-0.7595992869992907,4.08329893532466,-0.3500606726477829,0,0,1,2
NYA,2016-06,10489.75977,0.4670028732880027,88.54716021219889,97.87790400187174,80.03160365422566,4.556577350732516,11.137285050573364,-3.3711136770858907,1.2679298080407353,0.0390927594661416,-20.571703453499047,2.2488632948679754,4.015245447232085,6.776900417688547,3.867908621140176,-0.273020082889481,0,0,1,2
NYA,2016-07,10785.50977,2.819416330637292,112.01366116923673,143.21993846278036,94.82303280984202,26.501697966147653,46.32509750110867,18.481985216143254,4.556577350732516,0.4670028732880027,1.2679298080407353,0.0390927594661416,-20.571703453499047,2.2488632948679754,2.732580877328103,0.1954759416145478,0,0,0,2
NYA,2016-08,10764.75,-0.1924783384624429,98.61115221823415,123.22047128985004,80.60763149876749,-11.96506641342012,-13.964164059550775,-14.9915066939296,26.501697966147653,2.819416330637292,4.556577350732516,0.4670028732880027,1.2679298080407353,0.0390927594661416,2.628693575080256,-0.0720979149829873,0,1,1,2
NYA,2016-09,10721.74023,-0.3995426740054375,103.71691958109538,119.65013109842936,94.2956667582194,5.177677420867943,-2.897521940994874,16.98106619056434,-11.96506641342012,-0.1924783384624429,26.501697966147653,2.819416330637292,4.556577350732516,0.4670028732880027,1.362753666613299,0.0298359743481151,0,1,0,2
NYA,2016-10,10481.88965,-2.237048975770606,86.16627822383758,100.4282025367983,80.40413419661984,-16.921676258939698,-16.065112829519823,-14.731888578950723,5.177677420867943,-0.3995426740054375,-11.96506641342012,-0.1924783384624429,26.501697966147653,2.819416330637292,1.6327108120939453,-0.320553106598582,0,1,0,2
NYA,2016-11,10838.45996,3.401775079744329,83.57939580281575,85.52786210378011,80.94508310953776,-3.0021981619094418,-14.836808841180336,0.6727874360229924,-16.921676258939698,-2.237048975770606,5.177677420867943,-0.3995426740054375,-11.96506641342012,-0.1924783384624429,2.119349152302204,-0.3721988177477174,0,0,1,2
NYA,2016-12,11056.90039,2.0154194489454103,101.61987716920916,112.50576536117062,94.95736854307113,21.58484300240133,31.54282428415589,17.310854341296356,-3.0021981619094418,3.401775079744329,-16.921676258939698,-2.237048975770606,5.177677420867943,-0.3995426740054375,2.1868052052037386,-0.0120303454318856,0,0,1,2
NYA,2017-01,11222.95996,1.5018636701311427,104.88912440884498,102.22949655594364,108.44574915978215,3.217133626516944,-9.133993064477783,14.204669762508138,21.58484300240133,2.0154194489454103,-3.0021981619094418,3.401775079744329,-16.921676258939698,-2.237048975770606,2.0150758555130395,0.0532384109836636,0,0,1,2
NYA,2017-02,11512.38965,2.578906910757617,113.19088404519218,94.91658476420812,125.99899278368268,7.91479544055298,-7.153426396591556,16.186197946807358,3.217133626516944,1.5018636701311427,21.58484300240133,2.0154194489454103,-3.0021981619094418,3.401775079744329,2.0908352124882734,0.2189785608738084,0,0,0,2
NYA,2017-03,11492.84961,-0.1697305302726603,98.49747651623142,99.26259293094758,97.23793039014262,-12.981087348955,4.578765847439437,-22.826422464279197,7.91479544055298,2.578906910757617,3.217133626516944,1.5018636701311427,21.58484300240133,2.0154194489454103,2.058772560628088,-0.0743673890118802,0,1,1,2
NYA,2017-04,11536.08008,0.3761510109937083,115.10228830973308,101.26866887410482,124.87095286051432,16.858108837707487,2.020978783571348,28.417945918327536,-12.981087348955,-0.1697305302726603,7.91479544055298,2.578906910757617,3.217133626516944,1.5018636701311427,1.3427429146946128,0.2571387152486297,0,0,0,2
NYA,2017-05,11598.03027,0.5370124823197209,101.37748035307854,98.86025521063036,100.89005654858003,-11.924009642381684,-2.378241651885993,-19.20454338065464,16.858108837707487,0.3761510109937083,-12.981087348955,-0.1697305302726603,7.91479544055298,2.578906910757617,1.0611513452757089,-0.0168696670213093,0,0,1,2
NYA,2017-06,11761.7002,1.411187298099725,126.94453862508138,146.7019323984782,113.13888193766276,25.21966237763813,48.393236580177735,12.140765708843391,-11.924009642381684,0.5370124823197209,16.858108837707487,0.3761510109937083,-12.981087348955,-0.1697305302726603,0.9875696307940036,0.4935628504053606,0,0,0,2
NYA,2017-07,11967.66992,1.7511900192797023,101.5980480563256,69.98286450293756,124.43094007430538,-19.96658607237466,-43.81668896391011,9.9807050796775,25.21966237763813,1.411187298099725,-11.924009642381684,0.5370124823197209,16.858108837707487,0.3761510109937083,1.0157720737300224,-0.0124661518873564,0,0,1,2
NYA,2017-08,11875.69043,-0.7685664011027438,137.11038946336316,109.75087941077447,156.3583743187689,34.9537634693037,56.82536030826179,25.65875836459781,-19.96658607237466,1.7511900192797023,25.21966237763813,1.411187298099725,-11.924009642381684,0.5370124823197209,0.9452097794606188,0.6965185749147532,0,1,0,2
NYA,2017-09,12209.16016,2.8080028859425177,118.73107655843098,86.45641419092814,146.35588200887045,-13.40475581527194,-21.22485518558812,-6.397158037411099,34.9537634693037,-0.7685664011027438,-19.96658607237466,1.7511900192797023,25.21966237763813,1.411187298099725,1.2434954520276595,0.3295855138316133,0,0,0,2
NYA,2017-10,12341.00977,1.0799236661008793,91.91498454924552,71.24007597277242,109.52413552807224,-22.585571348701183,-17.60001078063723,-25.16588057497128,-13.40475581527194,2.8080028859425177,34.9537634693037,-0.7685664011027438,-19.96658607237466,1.7511900192797023,1.2032525069041342,-0.2057832879355632,0,0,1,2
NYA,2017-11,12627.79981,2.323878234803467,93.25364055633544,80.09026870727538,105.41860446929932,1.45640671502556,12.423053476087633,-3.748517200321233,-22.585571348701183,1.0799236661008793,-13.40475581527194,2.8080028859425177,34.9537634693037,-0.7685664011027438,1.24559748694877,-0.1790577433540232,0,0,0,2
NYA,2017-12,12808.83984,1.4336624964281786,84.61367348701724,64.52695954230524,98.77827345940376,-9.265018521286285,-19.432209950316203,-6.29901244028458,1.45640671502556,2.323878234803467,-22.585571348701183,1.0799236661008793,-13.40475581527194,2.8080028859425177,1.245547983700355,-0.3515500220807048,0,0,1,2
NYA,2018-01,13367.95996,4.365111337046734,91.99991103141538,75.9898567199707,106.7695834867416,8.729366354164325,17.76450844572981,8.09014953133611,-9.265018521286285,1.4336624964281786,1.45640671502556,2.323878234803467,-22.585571348701183,1.0799236661008793,1.7371239666450964,-0.2040877765619447,0,0,0,2
NYA,2018-02,12652.54981,-5.351677833720858,65.82219927651542,53.66386883599417,76.22563787869045,-28.45406203269154,-29.380221055357104,-28.60734734611382,8.729366354164325,4.365111337046734,-9.265018521286285,1.4336624964281786,1.45640671502556,2.323878234803467,3.3707983092746763,-0.7267116611468718,0,1,1,2
NYA,2018-03,12452.05957,-1.5845836847964256,109.2456529678837,64.72115756619361,142.5100219480453,65.97083380479091,20.60471779251023,86.95812316433921,-28.45406203269154,-5.351677833720858,8.729366354164325,4.365111337046734,-9.265018521286285,1.4336624964281786,3.405042184246845,0.1402141520319168,1,1,1,2
NYA,2018-04,12515.36035,0.5083559040506724,122.0270450592041,94.80569979349772,144.06638272603354,11.699680256456425,46.483319147274415,1.092106194858089,65.97083380479091,-1.5845836847964256,-28.45406203269154,-5.351677833720858,8.729366354164325,4.365111337046734,3.389427318789989,0.3953877458017615,0,0,1,2
NYA,2018-05,12527.13965,0.0941187442517144,122.07622054315382,62.3412499273977,166.9032696139428,0.0402988402496085,-34.24314143222706,15.851641761102208,11.699680256456425,0.5083559040506724,65.97083380479091,-1.5845836847964256,-28.45406203269154,-5.351677833720858,3.2397692448741884,0.3963695077941304,0,0,0,2
NYA,2018-06,12504.25,-0.1827204824047745,103.35734113057454,56.24654754002889,136.8462231318156,-15.333763880707776,-9.776355774814691,-18.008662473569824,0.0402988402496085,0.0941187442517144,11.699680256456425,0.5083559040506724,65.97083380479091,-1.5845836847964256,3.153880512748235,0.0226571846821675,0,1,1,2
NYA,2018-07,12963.28027,3.6709940220325032,109.5580127469955,85.10936841657085,127.5609563396823,5.999256123072527,51.3148311120806,-6.785183090650127,-15.333763880707776,-0.1827204824047745,0.0402988402496085,0.0941187442517144,11.699680256456425,0.5083559040506724,2.9522445027017024,0.1464502464115924,0,0,1,2
NYA,2018-08,13016.88965,0.4135479514707718,113.0449313502158,67.86267332876882,146.81783097790134,3.182714359079064,-20.264155883976787,15.096213755986486,5.999256123072527,3.6709940220325032,-15.333763880707776,-0.1827204824047745,0.0402988402496085,0.0941187442517144,1.7342438413932109,0.2160646941031607,0,0,0,2
NYA,2018-09,13082.51953,0.5041901849417663,73.96346220970153,49.602893877029416,88.1794579188029,-34.571624462700555,-26.906955703436157,-39.93954458292232,3.182714359079064,0.4135479514707718,5.999256123072527,3.6709940220325032,-15.333763880707776,-0.1827204824047745,1.4157171366432983,-0.5641757412999974,0,0,1,2
NYA,2018-10,12208.05957,-6.684186161501571,92.58265267649004,61.918164991563366,115.57533417978594,25.17349771161239,24.8277270779095,31.06832011397669,-34.571624462700555,0.5041901849417663,3.182714359079064,0.4135479514707718,5.999256123072527,3.6709940220325032,3.4007940230115743,-0.1924536541791385,0,1,0,2
NYA,2018-11,12457.54981,2.0436518888972133,79.83305384318034,48.951593685150144,103.46333103179931,-13.771045076727717,-20.94146573655724,-10.479747459908284,25.17349771161239,-6.684186161501571,-34.571624462700555,0.5041901849417663,3.182714359079064,0.4135479514707718,3.5434588867884,-0.446992512714646,0,0,1,2
NYA,2018-12,11374.38965,-8.69480898346897,86.58019570381411,64.75931516770393,99.9929014944261,8.45156427798377,32.292557386848046,-3.3542603961847828,-13.771045076727717,2.0436518888972133,25.17349771161239,-6.684186161501571,-34.571624462700555,0.5041901849417663,5.012094440889525,-0.3122894675414957,0,1,1,2
NYA,2019-01,12299.03027,8.129144933943767,87.5074286307058,54.891605531015706,113.59607076644896,1.0709526807535674,-15.237513879098808,13.60413496230144,8.45156427798377,-8.69480898346897,-13.771045076727717,2.0436518888972133,25.17349771161239,-6.684186161501571,6.130214343572161,-0.2937777626719332,0,0,1,2
NYA,2019-02,12644.80957,2.811435474253865,98.55523300170898,57.736959321158274,130.96962765284948,12.624990293825844,5.183586383777472,15.294153018831214,1.0709526807535674,8.129144933943767,8.45156427798377,-8.69480898346897,-13.771045076727717,2.0436518888972133,6.294445561554376,-0.0732143119559909,0,0,0,2
NYA,2019-03,12696.87988,0.4117919665910907,79.65598315577353,67.75160512616557,85.8987022830594,-19.17630273940678,17.345294803804002,-34.41326525662569,12.624990293825844,2.811435474253865,1.0709526807535674,8.129144933943767,8.45156427798377,-8.69480898346897,6.292152860470735,-0.450527633406826,0,0,0,2
NYA,2019-04,13060.65039,2.8650386034840603,78.96416734059652,57.763711071014406,93.91384995778402,-0.8685045212788456,-14.741929783880291,9.330929876347316,-19.17630273940678,0.4117919665910907,12.624990293825844,2.811435474253865,1.0709526807535674,8.129144933943767,5.524491571225875,-0.4643393627180184,0,0,1,2
NYA,2019-05,12264.49023,-6.0958691659765085,105.1034455453196,63.40447973435925,133.1031727944651,33.10270858929771,9.765246309071296,41.72901319059692,-0.8685045212788456,2.8650386034840603,-19.17630273940678,0.4117919665910907,12.624990293825844,2.811435474253865,6.246114587682246,0.0575172167838708,0,1,0,2
NYA,2019-06,13049.70996,6.402383754029062,103.3317710240682,51.50454092025757,138.8043354034424,-1.685648374379367,-18.768293445444108,4.283265747376963,33.10270858929771,-6.0958691659765085,-0.8685045212788456,2.8650386034840603,-19.17630273940678,0.4117919665910907,5.007153321386479,0.0221466913083878,0,0,0,2
NYA,2019-07,13066.59961,0.1294254818825058,93.06078184804608,47.329337519984094,126.32542345600744,-9.939817225846037,-8.10647629446455,-8.990289756558633,-1.685648374379367,6.402383754029062,33.10270858929771,-6.0958691659765085,-0.8685045212788456,2.8650386034840603,4.179829348752127,-0.1829080633608263,0,0,1,2
NYA,2019-08,12736.87988,-2.523378230306084,106.01592488442698,74.11447860348609,125.86253258489792,13.921162899248628,56.59310374287909,-0.3664273259061712,-9.939817225846037,0.1294254818825058,-1.685648374379367,6.402383754029062,33.10270858929771,-6.0958691659765085,4.305265854205234,0.0757343742372348,0,1,0,2
NYA,2019-09,13004.74023,2.103029568651316,92.55197461446126,70.08315865198772,112.63771381378174,-12.699931906120154,-5.439314999523937,-10.507351552135392,13.921162899248628,-2.523378230306084,-9.939817225846037,0.1294254818825058,-1.685648374379367,6.402383754029062,4.376813954458908,-0.1930661251276743,0,0,1,2
NYA,2019-10,13171.80957,1.284680332288346,95.20806701721683,69.20361838802215,118.00913903021043,2.8698387190764008,-1.2549951812718674,4.768762641355617,-12.699931906120154,2.103029568651316,13.921162899248628,-2.523378230306084,-9.939817225846037,0.1294254818825058,4.250310100702577,-0.1400386740524366,0,0,0,2
NYA,2019-11,13545.20996,2.8348450379244383,73.70891914367675,52.628954823811846,86.17964719136556,-22.58122504435712,-23.95057361202817,-26.97205665630397,2.8698387190764008,1.284680332288346,-12.699931906120154,2.103029568651316,13.921162899248628,-2.523378230306084,2.9677829254033368,-0.5692575562120714,0,0,0,2
NYA,2019-12,13913.03027,2.7155009858555124,72.31251805828464,60.52569272441249,79.17934866874448,-1.8944804802661477,15.004550113215975,-8.122913879046889,-22.58122504435712,2.8348450379244383,2.8698387190764008,1.284680332288346,-12.699931906120154,2.103029568651316,2.0361763103536,-0.597135950111402,0,0,1,2
NYA,2020-01,13614.09961,-2.1485661584778493,139.8703630508915,84.9525350447624,191.54257983546103,93.42482713456964,40.35780710775339,104.18821894560378,-1.8944804802661477,2.7155009858555124,-22.58122504435712,2.8348450379244383,2.8698387190764008,1.284680332288346,2.4262695044195923,0.7516199577694204,1,1,0,2
NYA,2020-02,12380.96973,-9.057740984164864,75.72699855935984,56.10202249987372,87.16311290346343,-39.28844654475468,-33.960743525413385,-44.52829942694827,93.42482713456964,-2.1485661584778493,-1.8944804802661477,2.7155009858555124,-22.58122504435712,2.8348450379244383,4.632168892826024,-0.5289676900274246,1,1,1,2
NYA,2020-03,10301.87012,-16.199297081301566,82.76741433912709,64.03543063132993,98.19669649677893,9.297101316181845,14.141037663079016,12.658546976787765,-45.859153499296525,-9.057740984164864,93.42482713456964,-2.1485661584778493,-1.8944804802661477,2.7155009858555124,7.887486779091507,-0.3884095893666116,0,1,0,2
NYA,2020-04,11372.33984,10.391023256270682,69.76431941986084,47.72460098266602,82.26346549987792,-15.71040369340041,-25.47157017272198,-16.225831993669605,9.297101316181845,-16.792704088131238,-45.859153499296525,-9.057740984164864,93.42482713456964,-2.1485661584778493,9.672708551404416,-0.6480093604222856,0,0,0,2
NYA,2020-05,11802.9502,3.786471087378263,69.50140085527974,42.10684902437272,85.36720494301089,-0.3768668092335003,-11.771186856719284,3.772925714073616,-15.71040369340041,10.391023256270682,9.297101316181845,-16.792704088131238,-45.859153499296525,-9.057740984164864,9.77528850940642,-0.6532583876419832,0,0,1,2
NYA,2020-06,11893.78027,0.769553954400326,71.60573234558106,51.32019710540772,86.46775321960449,3.027754065969246,21.88087756388999,1.289193288369117,-0.3768668092335003,3.786471087378263,-15.71040369340041,10.391023256270682,9.297101316181845,-16.792704088131238,9.624599423999133,-0.6112465453460343,0,0,0,2
NYA,2020-07,12465.04981,4.803094785943962,68.53134112204275,36.44394225458945,92.3572107745755,-4.293498750492198,-28.98713506548618,6.811160618471734,3.027754065969246,0.769553954400326,-0.3768668092335003,3.786471087378263,-15.71040369340041,10.391023256270682,10.038007392131329,-0.6726251065825277,0,0,0,2
NYA,2020-08,13045.59961,4.657420618843067,64.93029563657699,27.294767964270807,89.9976692199707,-5.254596548829982,-25.104787584187527,-2.5547994951514386,-4.293498750492198,4.803094785943962,3.027754065969246,0.769553954400326,-0.3768668092335003,3.786471087378263,9.38077598076504,-0.7445180358729901,0,0,1,2
NYA,2020-09,12701.88965,-2.6346811973022133,83.04108727773031,49.94818175633748,105.76334724426268,27.8926677656324,82.9954437484879,17.517873697104093,-5.254596548829982,4.657420618843067,-4.293498750492198,4.803094785943962,3.027754065969246,0.769553954400326,4.372551585021011,-0.3829458568747211,0,1,0,2
NYA,2020-10,12429.33008,-2.145819067165333,76.71051840628347,43.048690057569935,98.63585779743808,-7.62341761045866,-13.813299015418378,-6.739092164285898,27.8926677656324,-2.6346811973022133,-5.254596548829982,4.657420618843067,-4.293498750492198,4.803094785943962,3.376967309112658,-0.5093322471828304,0,1,0,2
NYA,2020-11,14006.45996,12.688776224052134,70.364892578125,62.07505849202474,79.94887498219808,-8.272171743840929,44.197322633999846,-18.94542535800341,-7.62341761045866,-2.145819067165333,27.8926677656324,-2.6346811973022133,-5.254596548829982,4.657420618843067,5.710890724915852,-0.6360192415040153,0,0,0,2
NYA,2020-12,14524.79981,3.700719892680149,62.28910067773634,29.27726056498866,85.56250313789614,-11.4770187297909,-43.81668896391011,7.021522387836021,-8.272171743840929,12.688776224052134,-7.62341761045866,-2.145819067165333,27.8926677656324,-2.6346811973022133,5.603933556178655,-0.797248067522034,0,0,1,2
NYA,2021-01,14397.2002,-0.8784947928311637,74.98195703567997,47.25387308674474,95.04665202479208,20.37733121820517,61.40127926877659,11.08446870892834,-11.4770187297909,3.700719892680149,-8.272171743840929,12.688776224052134,-7.62341761045866,-2.145819067165333,5.817990808878456,-0.5438420418778978,0,1,0,2
NYA,2021-02,15010.46973,4.25964438557993,72.32457787649972,46.01375893184117,91.3971277645656,-3.544024808415902,-2.624365102574921,-3.8397188985410335,20.37733121820517,-0.8784947928311637,-11.4770187297909,3.700719892680149,-8.272171743840929,12.688776224052134,5.791580686665231,-0.5968951823505692,0,0,1,2
NYA,2021-03,15601.74023,3.939053944582982,77.55295372009277,49.825385385944,99.19816903145085,7.229044395559336,8.283666760954866,8.535324312357284,-3.544024808415902,4.25964438557993,20.37733121820517,-0.8784947928311637,-11.4770187297909,3.700719892680149,5.219908446843186,-0.4925134808851181,0,0,1,2
NYA,2021-04,16219.33008,3.9584677151107694,84.63264045715331,65.75086024602254,105.25555461247762,9.128842161979843,31.96257236491182,6.106348171715048,7.229044395559336,3.939053944582982,-3.544024808415902,4.25964438557993,20.37733121820517,-0.8784947928311637,4.4094079318939805,-0.3511713567602164,0,0,1,2
NYA,2021-05,16555.66016,2.0736373101792216,90.02756192607265,52.68410350430396,115.80485919214064,6.3745163092844725,-19.87313427204783,10.02256329226774,9.128842161979843,3.9584677151107694,7.229044395559336,3.939053944582982,-3.544024808415902,4.25964438557993,1.9813937278878493,-0.2434646617856457,0,0,0,2
SSMI,2000-07,8023.200195,3.37044029191107,51.13137294400123,40.80166629052931,56.5029530679026,-20.264885157915803,-21.61971460324582,-22.58825043151742,-19.521279515661185,0.0980151921588845,60.478668524912834,4.391612638515374,-2.0144699660817,-0.0040426622694655,3.0484828971756444,-1.020006078838822,0,0,0,2
SSMI,2000-08,8219.900391,2.4516426266239844,47.5130286985828,41.88413973777525,50.82666443240258,-7.076563833678429,2.6530128439808287,-10.046003487071763,-20.264885157915803,3.37044029191107,-19.521279515661185,0.0980151921588845,60.478668524912834,4.391612638515374,2.8295004603517118,-1.092244368533953,0,0,1,2
SSMI,2000-09,7713.299805,-6.163098844295956,52.75809377034505,36.65586573282878,63.30135205586751,11.039214328003254,-12.482705954280584,24.54358900544371,-7.076563833678429,2.4516426266239844,-20.264885157915803,3.37044029191107,-19.521279515661185,0.0980151921588845,3.789120809577018,-0.9875294756368682,0,1,1,2
SSMI,2000-10,7977.5,3.425255100660518,74.84650722626716,74.61284114468482,80.27979493910267,41.86734560970407,103.54952653010729,26.82161175364879,11.039214328003254,-6.163098844295956,-7.076563833678429,2.4516426266239844,-20.264885157915803,3.37044029191107,3.919741594565187,-0.5465462242076752,0,0,0,2
SSMI,2000-11,7981.899902,0.0551538953306174,45.440477244059245,47.08891073862711,44.53256746927897,-39.28844654475468,-36.88899924435919,-44.52829942694827,41.86734560970407,3.425255100660518,11.039214328003254,-6.163098844295956,-7.076563833678429,2.4516426266239844,3.615312602980464,-1.1336217395703077,0,0,1,2
SSMI,2000-12,8135.399902,1.9231010396602244,46.01157077666252,44.53382098290228,46.60758584545505,1.2567947504951382,-5.426096538752367,4.659552534462641,-39.28844654475468,0.0551538953306174,41.86734560970407,3.425255100660518,11.039214328003254,-6.163098844295956,3.647367936598852,-1.1222201654653985,0,0,1,2
SSMI,2001-01,8057.399902,-0.9587727824027948,47.34544200281943,39.250703688590754,53.58126591097924,2.8989908486964038,-11.863157433402929,14.962542983127358,1.2567947504951382,1.9231010396602244,-39.28844654475468,0.0551538953306174,41.86734560970407,3.425255100660518,3.471532785408837,-1.0955901464523845,0,1,1,2
SSMI,2001-02,7701.799805,-4.413335583749955,56.3363071169172,45.95857455049242,65.78157465798515,18.989927506775352,17.089810453134604,22.769728448140224,2.8989908486964038,-0.9587727824027948,1.2567947504951382,1.9231010396602244,-39.28844654475468,0.0551538953306174,3.675541065273949,-0.916092377674739,0,1,1,2
SSMI,2001-03,7167.799805,-6.933444305489845,61.72149381329936,57.44915543833086,65.804611175291,9.558998400811111,25.00203933699969,0.0350197109534544,18.989927506775352,-4.413335583749955,2.8989908486964038,-0.9587727824027948,1.2567947504951382,1.9231010396602244,3.897780380363658,-0.80858003217909,0,1,0,2
SSMI,2001-04,7327.200195,2.223839871878241,49.02697035471599,47.12476806640625,50.69535102844238,-20.567427445911942,-17.97134752138766,-22.96079237760469,9.558998400811111,-6.933444305489845,18.989927506775352,-4.413335583749955,2.8989908486964038,-0.9587727824027948,3.637909049698028,-1.0620193405876062,0,0,1,2
SSMI,2001-05,7487.600098,2.1891022318382136,59.95146006922568,56.56440058062154,60.64858498111848,22.282612275385794,20.0311490147036,19.63342545373024,-20.567427445911942,2.223839871878241,9.558998400811111,-6.933444305489845,18.989927506775352,-4.413335583749955,3.897850744320344,-0.8439178004239036,0,0,1,2
SSMI,2001-06,7240.200195,-3.3041281553762736,70.94172350565593,62.602798779805504,78.85646438598633,18.33193624265337,10.675262421595733,30.02193606089316,22.282612275385794,2.1891022318382136,-20.567427445911942,2.223839871878241,9.558998400811111,-6.933444305489845,3.694044622860628,-0.624503123406393,0,1,0,2
SSMI,2001-07,6847.299805,-5.426650913207254,59.984781203731416,53.3461978666244,62.87733785567745,-15.444990282835402,-14.786241340007166,-20.26355943641387,18.33193624265337,-3.3041281553762736,22.282612275385794,2.1891022318382136,-20.567427445911942,2.223839871878241,3.918084040428079,-0.8432525619600832,0,1,1,2
SSMI,2001-08,6582.399902,-3.868676858673048,64.13564220551521,73.31873946036062,56.88255968401509,6.919856867837648,37.43948471017813,-9.53408394201134,-15.444990282835402,-5.426650913207254,18.33193624265337,-3.3041281553762736,22.282612275385794,2.1891022318382136,3.87403038092673,-0.7603828626740763,0,1,1,2
SSMI,2001-09,6014.200195,-8.632105545993307,472.49111404418943,791.8359584172566,249.4176373163859,93.42482713456964,104.55736914021404,104.18821894560378,6.919856867837648,-3.868676858673048,-15.444990282835402,-5.426650913207254,18.33193624265337,-3.3041281553762736,4.299744548286974,7.392213704284887,1,1,1,0
SSMI,2001-10,6081.0,1.1107013872856175,504.05423072076616,840.6995652721774,257.8192534908172,6.680150322070344,6.170925472062505,3.368493208751655,636.705984061322,-8.632105545993307,6.919856867837648,-3.868676858673048,-15.444990282835402,-5.426650913207254,4.056604803484957,8.022354291115674,0,0,0,0
SSMI,2001-11,6237.0,2.5653675382338426,296.1777104695638,494.21396484375,141.4245381673177,-39.28844654475468,-41.21396212644078,-44.52829942694827,6.680150322070344,1.1107013872856175,636.705984061322,-8.632105545993307,6.919856867837648,-3.868676858673048,4.154385430859055,3.872211775036317,0,0,0,0
SSMI,2001-12,6417.799805,2.8988264389931078,231.22251793646043,376.6929409888483,121.45619632351784,-21.93115492388762,-23.77938144505022,-14.11943224461908,-41.24090377218973,2.5653675382338426,6.680150322070344,1.1107013872856175,636.705984061322,-8.632105545993307,4.767942746414034,2.5754164186103274,0,0,0,1
SSMI,2002-01,6237.299805,-2.812490346915708,169.9862031013735,259.16573752126385,104.05673919185516,-26.483715938044828,-31.199736092496558,-14.325705611030717,-21.93115492388762,2.8988264389931078,-41.24090377218973,2.5653675382338426,6.680150322070344,1.1107013872856175,4.491802127291476,1.3528664479931174,0,1,0,2
SSMI,2002-02,6352.799805,1.851762839865612,143.41856629507882,209.3824323926653,93.08014828818185,-15.629290096238414,-19.20906119950132,-10.548659307337282,-26.483715938044828,-2.812490346915708,-21.93115492388762,2.8988264389931078,-41.24090377218973,2.5653675382338426,4.48446976374706,0.8224579202367436,0,0,1,2
SSMI,2002-03,6655.200195,4.760112065266009,150.27259728216356,217.83082137569303,97.68620583318896,4.779040234569632,4.034908223429179,4.948485396420366,-15.629290096238414,1.851762839865612,-26.483715938044828,-2.812490346915708,-21.93115492388762,2.8988264389931078,2.5407929217464877,0.959294949121256,0,0,1,2
SSMI,2002-04,6557.600098,-1.4665238330971109,154.13523864746094,219.28201649983723,99.5971280415853,2.570422974752073,0.6662028426368982,1.956184286304952,4.779040234569632,4.760112065266009,-15.629290096238414,1.851762839865612,-26.483715938044828,-2.812490346915708,2.863579866225774,1.0364104989443716,0,1,1,2
SSMI,2002-05,6574.799805,0.2622866100853827,159.16512766192037,205.2949966922883,137.87667772846837,3.263295959182844,-6.378553075536553,38.434391070895146,2.570422974752073,-1.4665238330971109,4.779040234569632,4.760112065266009,-15.629290096238414,1.851762839865612,2.813888801789259,1.136829518008396,0,0,0,2
SSMI,2002-06,5979.700195,-9.051220229510836,147.7977030436198,185.49468332926432,127.91307754516602,-7.141906512616192,-9.644810483473298,-7.226457982200928,3.263295959182844,0.2622866100853827,2.570422974752073,-1.4665238330971109,4.779040234569632,4.760112065266009,4.715825603922113,0.9098850215846186,0,1,0,2
SSMI,2002-07,5196.700195,-13.09430196274246,119.3782693186114,161.98243344214654,92.84361993112871,-19.228603110713397,-12.675430618883077,-27.416631893368603,-7.141906512616192,-9.051220229510836,3.263295959182844,0.2622866100853827,2.570422974752073,-1.4665238330971109,6.855650430557702,0.3425063679371067,0,1,1,2
SSMI,2002-08,5230.5,0.6504089851579353,127.00253000567037,157.38569099672378,101.1353489045174,6.386640324555559,-2.837803055393984,8.930854892925822,-19.228603110713397,-13.09430196274246,-7.141906512616192,-9.051220229510836,3.263295959182844,0.2622866100853827,6.708956269896135,0.4947206170153542,0,0,1,2
SSMI,2002-09,4783.0,-8.555587419940736,170.25116170247395,185.25534108479815,167.8897672017415,34.05336231874485,17.707867793810127,66.00503090195247,6.386640324555559,0.6504089851579353,-19.228603110713397,-13.09430196274246,-7.141906512616192,-9.051220229510836,5.769125917039591,1.3581562034407222,0,1,0,2
SSMI,2002-10,4949.100098,3.4727179176249123,168.296264894547,195.84739069784845,161.10799457180886,-1.1482428597716532,5.717540747287764,-4.039419878272565,34.05336231874485,-8.555587419940736,6.386640324555559,0.6504089851579353,-19.228603110713397,-13.09430196274246,6.689031219621482,1.319127743914262,0,0,0,2
SSMI,2002-11,5117.5,3.402636816096183,156.04842834472657,175.04123814900717,151.88629328409831,-7.277545082473935,-10.623655732508986,-5.723925316195444,-1.1482428597716532,3.4727179176249123,34.05336231874485,-8.555587419940736,6.386640324555559,0.6504089851579353,7.226728678657544,1.0746062985197744,0,0,1,2
SSMI,2002-12,4630.799805,-9.510506985832931,175.05461046772618,174.67416357224988,183.75799191382623,12.179669045440855,-0.2097074841557078,20.983920234403875,-7.277545082473935,3.402636816096183,-1.1482428597716532,3.4727179176249123,34.05336231874485,-8.555587419940736,7.294792552559366,1.4540544651606715,0,1,1,2
SSMI,2003-01,4422.5,-4.498138847960842,205.2729772752331,176.48827115951045,244.28261073943108,17.26225132075463,1.0385666375383629,32.93713552006381,12.179669045440855,-9.510506985832931,-7.277545082473935,3.402636816096183,-1.1482428597716532,3.4727179176249123,5.8352243638758345,2.057347846744926,0,1,1,2
SSMI,2003-02,4148.200195,-6.202369813453923,236.19078636169436,210.63462039402552,291.2838772365025,15.061801848864963,19.34765920147381,19.240528973716557,17.26225132075463,-4.498138847960842,12.179669045440855,-9.510506985832931,-7.277545082473935,3.402636816096183,5.7639751051554855,2.6746052158729587,0,1,1,2
SSMI,2003-03,4085.600098,-1.5090905466774496,349.2410371841923,413.4505669378465,352.7903245495212,47.86395462919402,96.28803952760548,21.115637396943757,15.061801848864963,-6.202369813453923,17.26225132075463,-4.498138847960842,12.179669045440855,-9.510506985832931,5.26003183493158,4.931592449567863,1,1,0,0
SSMI,2003-04,4542.700195,11.188077296741849,252.85915400187176,326.76046600341795,210.79934641520185,-27.59752518186688,-20.967464520966683,-40.2479796790425,47.86395462919402,-1.5090905466774496,15.061801848864963,-6.202369813453923,17.26225132075463,-4.498138847960842,7.479430202849761,3.0073801783052136,0,0,0,2
SSMI,2003-05,4630.799805,1.9393665929564816,159.68020999047064,183.58484895767705,150.55725589875252,-36.85013674083216,-43.81668896391011,-28.5779304067638,-27.59752518186688,11.188077296741849,47.86395462919402,-1.5090905466774496,15.061801848864963,-6.202369813453923,7.321998596986478,1.1471128586589634,0,0,0,2
SSMI,2003-06,4813.700195,3.9496501188092337,145.7216801961263,176.93343124389648,127.7050184249878,-8.741552754206271,-3.623075516059593,-15.17843649404218,-36.85013674083216,1.9393665929564816,-27.59752518186688,11.188077296741849,47.86395462919402,-1.5090905466774496,6.349255077227997,0.8684383460614599,0,0,0,2
SSMI,2003-07,5079.100098,5.513428178922952,133.95684691398375,166.529414761451,106.6518937387774,-8.073495492440319,-5.880186920754349,-16.485745780285622,-8.741552754206271,3.9496501188092337,-36.85013674083216,1.9393665929564816,-27.59752518186688,11.188077296741849,5.979646168390143,0.6335598001833436,0,0,1,2
SSMI,2003-08,5124.200195,0.8879544826801089,137.39681588449787,179.2770211004442,108.98332251271894,2.5679680059377485,7.654867674430843,2.186017230647508,-8.073495492440319,5.513428178922952,-8.741552754206271,3.9496501188092337,-36.85013674083216,1.9393665929564816,4.417133438317901,0.7022369238011168,0,0,0,2
SSMI,2003-09,5043.5,-1.574883726805687,118.71830571492514,145.99144999186197,97.7679594039917,-13.59457280674885,-18.56655744515813,-10.290898506437395,2.5679680059377485,0.8879544826801089,-8.073495492440319,5.513428178922952,-8.741552754206271,3.9496501188092337,4.4325914317360695,0.3293305508346584,0,1,0,2
SSMI,2003-10,5211.399902,3.329035431743832,107.55338336575416,129.5931615521831,91.48407450029929,-9.404549940243411,-11.232362196959455,-6.427345872819624,-13.59457280674885,-1.574883726805687,2.5679680059377485,0.8879544826801089,-8.073495492440319,5.513428178922952,2.499402546632822,0.1064289029043117,0,0,1,2
SSMI,2003-11,5317.5,2.0359231683463985,117.27323557535809,152.34808400472005,93.18425509134929,9.037235190035677,17.55873703519013,1.85844432524096,-9.404549940243411,3.329035431743832,-13.59457280674885,-1.574883726805687,2.5679680059377485,0.8879544826801089,2.4966105303949724,0.300480505540044,0,0,1,2
SSMI,2003-12,5487.799805,3.202629149036196,131.9601605323053,166.63024114793348,112.74830061389554,12.52368017722989,9.374687733369155,20.995011982837084,9.037235190035677,2.0359231683463985,-9.404549940243411,3.329035431743832,-13.59457280674885,-1.574883726805687,2.418704034690406,0.5936970343747436,0,0,0,2
SSMI,2004-01,5736.399902,4.530050399679264,114.1432640321793,127.11111671693864,107.96992640341482,-13.501723875035932,-23.716658008020264,-4.238089784469723,12.52368017722989,3.202629149036196,9.037235190035677,2.0359231683463985,-9.404549940243411,3.329035431743832,2.172713639971481,0.2379923132239155,0,0,1,2
SSMI,2004-02,5798.399902,1.080817255756239,114.83697246683056,130.29377562424233,103.49829351490942,0.6077524070589702,2.503839939028385,-4.141554076639597,-13.501723875035932,4.530050399679264,12.52368017722989,3.202629149036196,9.037235190035677,2.0359231683463985,2.153094130022211,0.2518418276612841,0,0,1,2
SSMI,2004-03,5618.600098,-3.100852080553862,137.0413291685043,182.14090384206463,107.18084593742124,19.33554692769983,39.792482771660254,3.558080329103519,0.6077524070589702,1.080817255756239,-13.501723875035932,4.530050399679264,12.52368017722989,3.202629149036196,2.6958072560271247,0.6951398234063075,0,1,1,2
SSMI,2004-04,5774.399902,2.772929222271192,148.72968673706055,203.51488087972004,120.71956570943196,8.529074870679644,11.73485833593364,12.631659746290346,19.33554692769983,-3.100852080553862,0.6077524070589702,1.080817255756239,-13.501723875035932,4.530050399679264,2.6436884216177354,0.9284915729438924,0,0,0,2
SSMI,2004-05,5627.100098,-2.550911029715519,121.83138078258884,160.97313985516948,91.7239502937563,-18.08536449217786,-20.9035038817104,-24.01898585807304,8.529074870679644,2.772929222271192,19.33554692769983,-3.100852080553862,0.6077524070589702,1.080817255756239,3.158730310961297,0.391481414137764,0,1,1,2
SSMI,2004-06,5619.100098,-0.1421691432651695,136.9921531677246,177.06919593811034,107.51701380411784,12.444061856436273,9.9992185636826,17.21803679386078,-18.08536449217786,-2.550911029715519,8.529074870679644,2.772929222271192,19.33554692769983,-3.100852080553862,2.980047047036001,0.6941580510957076,0,1,0,2
SSMI,2004-07,5547.200195,-1.2795625944729272,130.39895802159464,159.34060545890563,120.38267381729618,-4.812826861738328,-10.012238653526872,11.96616196634508,12.444061856436273,-0.1421691432651695,-18.08536449217786,-2.550911029715519,8.529074870679644,2.772929222271192,2.232013845082724,0.562528468977937,0,1,1,2
SSMI,2004-08,5421.700195,-2.262402574061062,139.9520955239573,177.53836158014113,126.08562567926222,7.326084232038577,11.420664600103292,4.737352711255904,-4.812826861738328,-1.2795625944729272,12.444061856436273,-0.1421691432651695,-18.08536449217786,-2.550911029715519,2.1637359582778184,0.7532517024753868,0,1,1,2
SSMI,2004-09,5465.299805,0.8041685897757223,152.970458984375,188.2974100748698,129.69852345784506,9.30201395818986,6.060126047672232,2.8654319309747045,7.326084232038577,-2.262402574061062,-4.812826861738328,-1.2795625944729272,12.444061856436273,-0.1421691432651695,2.0219535636632897,1.0131563017132652,0,0,0,2
SSMI,2004-10,5363.399902,-1.8644888045624697,118.0625233804026,147.26095236501385,96.845272556428,-22.82005024743897,-21.793426523253423,-25.33047410681982,9.30201395818986,0.8041685897757223,7.326084232038577,-2.262402574061062,-4.812826861738328,-1.2795625944729272,1.3065770172647622,0.3162382105140346,0,1,1,2
SSMI,2004-11,5444.200195,1.5065125568926918,124.46195271809896,154.47430343627929,99.13031984965006,5.420373167086323,4.898346068946902,2.3594825363217,-22.82005024743897,-1.8644888045624697,9.30201395818986,0.8041685897757223,7.326084232038577,-2.262402574061062,1.5113679617883633,0.4439993628602703,0,0,0,2
SSMI,2004-12,5693.200195,4.573674572597164,107.17075778592016,141.9146915558846,79.30897829609532,-13.892755620942731,-8.130550907824963,-19.995236153396423,5.420373167086323,1.5065125568926918,-22.82005024743897,-1.8644888045624697,9.30201395818986,0.8041685897757223,2.596258784544477,0.0987899897423557,0,0,0,2
SSMI,2005-01,5771.399902,1.3735632741086024,99.38704164566532,126.41269216229838,77.36354717131584,-7.26291042543833,-10.923463401589872,-2.4529771616982887,-13.892755620942731,4.573674572597164,5.420373167086323,1.5065125568926918,-22.82005024743897,-1.8644888045624697,2.5088640757393392,-0.0566077013856682,0,0,1,2
SSMI,2005-02,5931.299805,2.770556636433885,109.60796138218473,108.7996129989624,105.78578090667725,10.283956104618763,-13.932999022537196,36.73853484564569,-7.26291042543833,1.3735632741086024,-13.892755620942731,4.573674572597164,5.420373167086323,1.5065125568926918,2.139032609600566,0.1474474439511143,0,0,0,2
SSMI,2005-03,5929.700195,-0.0269689621598789,90.47840487572456,87.14632021996283,87.85526915519468,-17.45270714392596,-19.901994301400748,-16.94983162935727,10.283956104618763,2.770556636433885,-7.26291042543833,1.3735632741086024,-13.892755620942731,4.573674572597164,2.2205880144265,-0.2344638256586798,0,1,0,2
SSMI,2005-04,5870.799805,-0.9933114333447456,86.93658548990885,102.42798690795898,72.97031523386637,-3.9145466707558807,17.535641951862413,-16.942585304740586,-17.45270714392596,-0.0269689621598789,10.283956104618763,2.770556636433885,-7.26291042543833,1.3735632741086024,1.9808642814069248,-0.3051743378395897,0,1,1,2
SSMI,2005-05,6127.200195,4.367384317578527,98.79405889203473,105.33132522336898,90.99365062098347,13.63922143399825,2.834516622902017,24.69954436862878,-3.9145466707558807,-0.9933114333447456,-17.45270714392596,-0.0269689621598789,10.283956104618763,2.770556636433885,2.2926972917344743,-0.0684462819726932,0,0,0,2
SSMI,2005-06,6253.100098,2.054770514969273,81.75722109476725,95.1893081665039,69.31578687032064,-17.244799928592734,-9.628680770281385,-23.82349054326638,13.63922143399825,4.367384317578527,-3.9145466707558807,-0.9933114333447456,-17.45270714392596,-0.0269689621598789,1.9317616159762605,-0.4085775521928494,0,0,1,2
SSMI,2005-07,6600.899902,5.5620380059363095,164.77051716466104,237.00151295815743,116.65942007495512,93.42482713456964,104.55736914021404,68.30137165319535,-17.244799928592734,2.054770514969273,13.63922143399825,4.367384317578527,-3.9145466707558807,-0.9933114333447456,2.508246397309961,1.2487380936685877,1,0,0,2
SSMI,2005-08,6517.200195,-1.2680044879129215,116.88755367648216,143.2987120843703,94.36514368364888,-29.06039521641346,-39.53679438760814,-19.11056679090457,101.53634744222848,5.5620380059363095,-17.244799928592734,2.054770514969273,13.63922143399825,4.367384317578527,2.869117851319854,0.2927805746182023,0,1,0,2
SSMI,2005-09,6898.899902,5.856805001829457,103.76748135884604,130.99529851277669,78.09897527694702,-11.224524686306191,-8.585850767695435,-17.237475376748023,-29.06039521641346,-1.2680044879129215,101.53634744222848,5.5620380059363095,-17.244799928592734,2.054770514969273,3.183540402048432,0.0308454129479047,0,0,0,2
SSMI,2005-10,7036.600098,1.9959732414740472,87.41865994853359,105.815919445407,73.7711932274603,-15.755245474037638,-19.221589899208325,-5.541406957184714,-11.224524686306191,5.856805001829457,-29.06039521641346,-1.2680044879129215,101.53634744222848,5.5620380059363095,2.707713072817268,-0.295549981494598,0,0,0,2
SSMI,2005-11,7407.5,5.271010101958473,82.0722770690918,93.67955487569174,70.19666430155436,-6.115837148029257,-11.469318258843575,-4.84542647274867,-15.755245474037638,1.9959732414740472,-11.224524686306191,5.856805001829457,-29.06039521641346,-1.2680044879129215,2.8156288775395817,-0.4022876297311443,0,0,1,2
SSMI,2005-12,7583.899902,2.381368909888626,95.3541398817493,131.53387844947076,69.47696587347215,16.183129415888263,40.40830854075885,-1.0252601533749406,-6.115837148029257,5.271010101958473,-15.755245474037638,1.9959732414740472,-11.224524686306191,5.856805001829457,2.791056514613232,-0.1371224081614686,0,0,0,2
SSMI,2006-01,7810.899902,2.993182965668306,93.70335646598568,99.09636282151745,89.04377758887506,-1.73121315740542,-24.660958842184765,28.163019886385037,16.183129415888263,2.381368909888626,-6.115837148029257,5.271010101958473,-15.755245474037638,1.9959732414740472,2.562294835726702,-0.1700794079723198,0,0,1,2
SSMI,2006-02,7892.600098,1.0459767379566554,96.56065307344709,102.5961035319737,90.61754550252644,3.049300169411317,3.5316540494625848,1.76740919608962,-1.73121315740542,2.993182965668306,16.183129415888263,2.381368909888626,-6.115837148029257,5.271010101958473,1.9042249566792389,-0.1130350235591828,0,0,0,2
SSMI,2006-03,8023.299805,1.6559778194402464,91.851620704897,96.4645538330078,86.54391436423025,-4.876761101613781,-5.976396264459504,-4.495411032935781,3.049300169411317,1.0459767379566554,-1.73121315740542,2.993182965668306,16.183129415888263,2.381368909888626,1.483019596300649,-0.2070483128844865,0,0,0,2
SSMI,2006-04,8047.299805,0.2991287946767729,89.32775522867838,92.8047290802002,86.14640655517579,-2.7477636832640484,-3.793958098995864,-0.4593134155932654,-4.876761101613781,1.6559778194402464,3.049300169411317,1.0459767379566554,-1.73121315740542,2.993182965668306,1.7493386996955498,-0.2574359247468661,0,0,0,2
SSMI,2006-05,7604.399902,-5.503708246644601,84.38873118738974,80.68312811082409,83.90371753323463,-5.529103500524313,-13.06140440203304,-2.603345991576267,-2.7477636832640484,0.2991287946767729,-4.876761101613781,1.6559778194402464,3.049300169411317,1.0459767379566554,3.081298874232903,-0.3560408736700071,0,1,1,2
SSMI,2006-06,7652.100098,0.6272710090832412,102.32296142578124,114.45484237670898,90.22701250712076,21.25192544792216,41.85721978887212,7.536370449118013,-5.529103500524313,-5.503708246644601,-2.7477636832640484,0.2991287946767729,-4.876761101613781,1.6559778194402464,2.944858861955864,0.0020063522291096,0,0,1,2
SSMI,2006-07,7941.799805,3.785884963471897,137.44066902898973,144.6709271092569,133.83614447809035,34.3204566344385,26.40000554375559,48.33267860611912,21.25192544792216,0.6272710090832412,-5.529103500524313,-5.503708246644601,-2.7477636832640484,0.2991287946767729,3.1091687447601792,0.7031124281591824,0,0,1,2
SSMI,2006-08,8168.0,2.848223331663302,147.491208968624,160.77977629630797,141.31128421906502,7.312638981344266,11.134821286439632,5.585292201986869,34.3204566344385,3.785884963471897,21.25192544792216,0.6272710090832412,-5.529103500524313,-5.503708246644601,3.276091026037247,0.9037660328213402,0,0,0,2
SSMI,2006-09,8425.900391,3.1574484696375915,113.61922556559244,117.84904912312824,111.18667894999186,-22.965425288660548,-26.70157165417424,-21.317904961059643,7.312638981344266,2.848223331663302,34.3204566344385,3.785884963471897,21.25192544792216,0.6272710090832412,3.425117100690028,0.2275301681119277,0,0,0,2
SSMI,2006-10,8569.700195,1.7066402084885637,112.73245288479713,100.46679675194524,124.12324234747118,-0.7804776668569935,-14.749590684454382,11.634993975580254,-22.965425288660548,3.1574484696375915,7.312638981344266,2.848223331663302,34.3204566344385,3.785884963471897,3.42647707692466,0.2098262302154349,0,0,0,2
SSMI,2006-11,8484.599609,-0.9930404105577773,87.80542017618815,84.66829687754313,86.73696505228678,-22.11167420803153,-15.7250956387203,-30.12028737577213,-0.7804776668569935,1.7066402084885637,-22.965425288660548,3.1574484696375915,7.312638981344266,2.848223331663302,1.791750186027291,-0.2878285223207669,0,1,1,2
SSMI,2006-12,8785.700195,3.5487895702303707,91.50775527954102,79.05746866041615,96.69359145625944,4.216522278378543,-6.626834865052256,11.479103975992969,-22.11167420803153,-0.9930404105577773,-0.7804776668569935,1.7066402084885637,-22.965425288660548,3.1574484696375915,1.7882135832274302,-0.2139134004848321,0,0,1,2
SSMI,2007-01,9135.099609,3.9769102774397824,97.40868709933372,96.73051378803868,95.33105973274478,6.448559252455,22.35468125539841,-1.4091230897458562,4.216522278378543,3.5487895702303707,-22.11167420803153,-0.9930404105577773,-0.7804776668569935,1.7066402084885637,1.8204648431148427,-0.0961044819970039,0,0,0,2
SSMI,2007-02,8789.700195,-3.781014206563327,95.05105536324638,89.62849848611015,97.72646740504672,-2.420350593251641,-7.342063040718328,2.5127253164051178,6.448559252455,3.9769102774397824,4.216522278378543,3.5487895702303707,-22.11167420803153,-0.9930404105577773,3.062921968779881,-0.1431733269698287,0,1,0,2
SSMI,2007-03,8977.0,2.130900950484582,86.13590178951141,82.20472852645382,85.6678963938067,-9.379331496809671,-8.282823080882917,-12.339104575693804,-2.420350593251641,-3.781014206563327,6.448559252455,3.9769102774397824,4.216522278378543,3.5487895702303707,2.9634119042699725,-0.3211595557128524,0,0,0,2
SSMI,2007-04,9428.299805,5.027289796145706,75.71304588317871,82.1852602005005,68.55693855285645,-12.100478069879417,-0.023682732492769,-19.97359403141277,-9.379331496809671,2.130900950484582,-2.420350593251641,-3.781014206563327,6.448559252455,3.9769102774397824,3.3804978083685704,-0.5292462476757941,0,0,1,2
SSMI,2007-05,9450.799805,0.2386432386045633,91.82276621172504,103.15781870195944,82.37121458976499,21.277337532296347,25.518637344815765,20.15007718913517,-12.100478069879417,5.027289796145706,-9.379331496809671,2.130900950484582,-2.420350593251641,-3.781014206563327,3.221434879635511,-0.2076243772651489,0,0,1,2
SSMI,2007-06,9209.400391,-2.554274971228232,98.5847110748291,110.01365140279134,88.00655695597331,7.364126721593589,6.645965169775048,6.841397682763484,21.277337532296347,0.2386432386045633,-12.100478069879417,5.027289796145706,-9.379331496809671,2.130900950484582,3.529207605789829,-0.0726257981382684,0,1,1,2
SSMI,2007-07,8885.0,-3.5224919889141004,113.9830302576865,129.01673864549207,104.86104534518334,15.619378517191729,17.2733901660304,19.151400727609147,7.364126721593589,-2.554274971228232,21.277337532296347,0.2386432386045633,-12.100478069879417,5.027289796145706,3.523926621910495,0.2347933324095797,0,1,0,2
SSMI,2007-08,8881.5,-0.0393922341024199,83.12109104279548,100.07418700187436,73.35449858634702,-27.075906953096485,-22.433175685168337,-30.045997210043584,15.619378517191729,-3.5224919889141004,7.364126721593589,-2.554274971228232,21.277337532296347,0.2386432386045633,3.1155031595513867,-0.3813486248908387,0,1,1,2
SSMI,2007-09,8933.5,0.5854866858075791,92.71907399495444,90.46699282328288,93.58469161987304,11.546988654440726,-9.600072172868655,27.578667189324,-27.075906953096485,-0.0393922341024199,15.619378517191729,-3.5224919889141004,7.364126721593589,-2.554274971228232,2.9864871998022515,-0.1897300761955621,0,0,1,2
SSMI,2007-10,9019.599609,0.9637836122460496,100.96206135903635,95.91243030178931,103.749514179845,8.890282235271773,6.019253330486496,10.861629593502276,11.546988654440726,0.5854866858075791,-27.075906953096485,-0.0393922341024199,15.619378517191729,-3.5224919889141004,1.8514945971188763,-0.0251632829962064,0,0,0,2
SSMI,2007-11,8828.400391,-2.119819352171881,89.11012655893961,80.4546085993449,95.28441146214804,-11.738998432242251,-16.116598916121973,-8.159173355764459,8.890282235271773,0.9637836122460496,11.546988654440726,0.5854866858075791,-27.075906953096485,-0.0393922341024199,1.8572624254671823,-0.2617807636633019,0,1,1,2
SSMI,2007-12,8484.5,-3.895387338238354,94.64804052537488,85.06247354322865,97.48771335232642,6.2146853340762975,5.727285265696103,2.3123424454939867,-11.738998432242251,-2.119819352171881,8.890282235271773,0.9637836122460496,11.546988654440726,0.5854866858075791,2.126399195786714,-0.1512193006624815,0,1,0,2
SSMI,2008-01,7670.399902,-9.595145241322411,80.78886364352319,81.53163952981272,76.77330804640248,-14.642856634877798,-4.150871549275559,-21.24822153850388,6.2146853340762975,-3.895387338238354,-11.738998432242251,-2.119819352171881,8.890282235271773,0.9637836122460496,3.996760859631805,-0.4279102859922885,0,1,1,2
SSMI,2008-02,7533.899902,-1.7795682329992846,81.6396739565093,88.45064189516265,72.8041961275298,1.0531282092792749,8.48627895287195,-5.169911288013928,-14.642856634877798,-9.595145241322411,6.2146853340762975,-3.895387338238354,-11.738998432242251,-2.119819352171881,3.8562156071144433,-0.4109243173567951,0,1,0,2
SSMI,2008-03,7224.299805,-4.109426738173305,78.19353657384073,84.13256103761735,72.61432629246866,-4.221155249228914,-4.881910142227531,-0.2607951809928011,1.0531282092792749,-1.7795682329992846,-14.642856634877798,-9.595145241322411,6.2146853340762975,-3.895387338238354,3.533630585925053,-0.479724589993553,0,1,0,2
SSMI,2008-04,7529.0,4.217712487362646,71.86557184855143,70.36499150594075,69.58370641072591,-8.092695384500992,-16.364139355654284,-4.173583969554883,-4.221155249228914,-4.109426738173305,1.0531282092792749,-1.7795682329992846,-14.642856634877798,-9.595145241322411,4.4677068830093685,-0.6060589899293325,0,0,1,2
SSMI,2008-05,7511.299805,-0.2350935715234481,73.08874597857076,75.19145030360067,71.38500275150422,1.7020307479039154,6.85917626701118,2.588675472596913,-8.092695384500992,4.217712487362646,-4.221155249228914,-4.109426738173305,1.0531282092792749,-1.7795682329992846,4.596274019047175,-0.5816389786869506,0,1,1,2
SSMI,2008-06,6958.509766,-7.359445812987353,86.7860169728597,80.27725048065186,87.26098276774088,18.740602004999385,6.763801145630577,22.23993752791742,1.7020307479039154,-0.2350935715234481,-8.092695384500992,4.217712487362646,-4.221155249228914,-4.109426738173305,4.996749483086031,-0.3081803570063219,0,1,1,2
SSMI,2008-07,7141.209961,2.6255649721538266,89.47498493809854,87.2099857945596,84.52966382426601,3.0983884950956497,8.635989987697258,-3.130057508915207,18.740602004999385,-7.359445812987353,1.7020307479039154,-0.2350935715234481,-8.092695384500992,4.217712487362646,4.280299467292517,-0.2544965630721747,0,0,0,2
SSMI,2008-08,7238.740234,1.3657387688170264,88.47457368912235,105.41860654277188,75.39880838701802,-1.1180904357439236,20.879054826480868,-10.801954040927797,3.0983884950956497,2.6255649721538266,18.740602004999385,-7.359445812987353,1.7020307479039154,-0.2350935715234481,4.37301390540783,-0.2744692336408515,0,0,1,2
SSMI,2008-09,6654.890137,-8.06563128564395,89.21801058451335,95.21897468566894,82.42706019083658,0.8402831055205118,-9.675362055715087,9.321436179392803,-1.1180904357439236,1.3657387688170264,3.0983884950956497,2.6255649721538266,18.740602004999385,-7.359445812987353,5.226198778819793,-0.2596269173279952,0,1,0,2
SSMI,2008-10,6153.209961,-7.538519279390488,64.97080649099043,76.1353960960142,53.63574997071297,-27.17747676132537,-20.041781223387755,-34.929439620272106,0.8402831055205118,-8.06563128564395,-1.1180904357439236,1.3657387688170264,3.0983884950956497,2.6255649721538266,4.967332193511212,-0.7437092585321883,0,1,1,2
SSMI,2008-11,5816.600098,-5.4704758188569125,79.13092206319173,96.24985440572102,67.7355552037557,21.79458180831557,26.41932575531689,26.28807323611904,-27.17747676132537,-7.538519279390488,0.8402831055205118,-8.06563128564395,-1.1180904357439236,1.3657387688170264,4.79906744059356,-0.4610101946947942,0,1,1,2
SSMI,2008-12,5534.529785,-4.8494018541344825,94.08670757662864,107.55399310204292,87.6594942154423,18.90005212057766,11.744577450134797,29.414299405612443,21.79458180831557,-5.4704758188569125,-27.17747676132537,-7.538519279390488,0.8402831055205118,-8.06563128564395,4.558755345186081,-0.1624260099794005,0,1,0,2
SSMI,2009-01,5290.049805,-4.417357743066153,86.23219754618984,91.03520405677055,87.53845571702526,-8.348161215059768,-15.358601358110413,-0.1380780250905378,18.90005212057766,-4.8494018541344825,21.79458180831557,-5.4704758188569125,-27.17747676132537,-7.538519279390488,3.3696712473411523,-0.3192370629107492,0,1,0,2
SSMI,2009-02,4690.669922,-11.330325896619788,67.12189470018659,63.14009993416922,65.29873490333557,-22.16144710421756,-30.64210643742353,-25.40565815506419,-8.348161215059768,-4.417357743066153,18.90005212057766,-4.8494018541344825,21.79458180831557,-5.4704758188569125,2.5997650229697205,-0.7007639435825536,0,1,1,2
SSMI,2009-03,4927.430176,5.047472065547742,72.05849173761183,73.33846209126133,69.22285332218293,7.35467474432232,16.151957579612763,6.0094861327044,-22.16144710421756,-11.330325896619788,-8.348161215059768,-4.417357743066153,18.90005212057766,-4.8494018541344825,5.435182279638403,-0.6022074484814606,0,0,1,2
SSMI,2009-04,5225.919922,6.05771640263626,85.95789963404337,83.50890401204427,85.18863232930501,19.28906303929281,13.86781455565156,23.06431798298285,7.35467474432232,5.047472065547742,-22.16144710421756,-11.330325896619788,-8.348161215059768,-4.417357743066153,6.725963729593975,-0.3247132726620728,0,0,1,2
SSMI,2009-05,5349.740234,2.3693495852996627,91.18033575242563,93.24943800895444,89.41171313870338,6.075574369099579,11.664066379682492,4.957329040186531,19.28906303929281,6.05771640263626,7.35467474432232,5.047472065547742,-22.16144710421756,-11.330325896619788,6.793197166990329,-0.2204501546042201,0,0,0,2
SSMI,2009-06,5403.970215,1.0136937239558774,81.25230356852214,73.67756567001342,81.75211544036866,-10.88834791183514,-20.988729537503048,-8.566660261226033,6.075574369099579,2.3693495852996627,19.28906303929281,6.05771640263626,7.35467474432232,5.047472065547742,6.5793504118905295,-0.4186579580523049,0,0,0,2
SSMI,2009-07,5950.689941,10.1170010982379,81.08385159892421,76.3114563111336,80.97563048331968,-0.2073196231979657,3.5748882542032234,-0.9498041156076996,-10.88834791183514,1.0136937239558774,6.075574369099579,2.3693495852996627,19.28906303929281,6.05771640263626,7.350833489505632,-0.4220210106957725,0,0,0,2
SSMI,2009-08,6217.120117,4.477298912253991,73.76000755063949,78.4546751206921,65.25164118120748,-9.03243235719934,2.808515147214941,-19.41817458939232,-0.2073196231979657,10.1170010982379,-10.88834791183514,1.0136937239558774,6.075574369099579,2.3693495852996627,3.1701294062759464,-0.5682376037443344,0,0,1,2
SSMI,2009-09,6323.180176,1.7059354975302865,91.13029925028484,75.68046391805014,96.45980974833172,23.54974230136824,-3.536068689818938,47.82740786619817,-9.03243235719934,4.477298912253991,-0.2073196231979657,10.1170010982379,-10.88834791183514,1.0136937239558774,3.412163946217353,-0.2214491063600006,0,0,0,2
SSMI,2009-10,6285.759766,-0.5917973070264759,90.38770306494928,89.20428694448164,89.28504986916819,-0.8148729801666255,17.869635473000866,-7.4380821379212865,23.54974230136824,1.7059354975302865,-9.03243235719934,4.477298912253991,-0.2073196231979657,10.1170010982379,3.782969859595981,-0.2362746383504112,0,1,0,2
SSMI,2009-11,6260.950195,-0.394694864639844,81.02965710957845,82.64781697591145,73.95016460418701,-10.353229076577463,-7.349949417398238,-17.175199305428855,-0.8148729801666255,-0.5917973070264759,23.54974230136824,1.7059354975302865,-9.03243235719934,4.477298912253991,4.059873124163091,-0.4231029744216385,0,1,1,2
SSMI,2009-12,6545.910156,4.551385207113912,95.82213678667624,100.3492317199707,92.03632293208952,18.25563652218536,21.41788542245284,24.457225247174776,-10.353229076577463,-0.394694864639844,-0.8148729801666255,-0.5917973070264759,23.54974230136824,1.7059354975302865,4.018972324961544,-0.1277791025770587,0,0,0,2
SSMI,2010-01,6440.720215,-1.606956687353589,93.6784295112856,102.653564453125,87.86365244465489,-2.237173316394569,2.296313278794848,-4.53372142052385,18.25563652218536,4.551385207113912,-10.353229076577463,-0.394694864639844,-0.8148729801666255,-0.5917973070264759,2.672579394789176,-0.170577061167458,0,1,0,2
SSMI,2010-02,6710.990234,4.196270137158864,81.47286292484829,81.01815795898438,80.05752774647304,-13.029217772023904,-21.07613759872904,-8.88436171384852,-2.237173316394569,-1.606956687353589,18.25563652218536,4.551385207113912,-10.353229076577463,-0.394694864639844,2.608652992440194,-0.4142546095601225,0,0,0,2
SSMI,2010-03,6873.370117,2.419611373852581,72.72510971561555,67.32707777330953,73.52030064982753,-10.73701462694614,-16.898779891547267,-8.165661969162553,-13.029217772023904,4.196270137158864,-2.237173316394569,-1.606956687353589,18.25563652218536,4.551385207113912,2.6463144939699776,-0.5888987803877629,0,0,1,2
SSMI,2010-04,6616.819824,-3.7325255098000776,88.62468554178874,79.6067726135254,92.83870468139648,21.86256698456273,18.238865024799743,26.2762854080008,-10.73701462694614,2.419611373852581,-13.029217772023904,4.196270137158864,-2.237173316394569,-1.606956687353589,3.3445001483503733,-0.2714723315320161,0,1,0,2
SSMI,2010-05,6312.600098,-4.5976728109863085,87.13836805282101,83.16650359861312,86.94786573225453,-1.6770919748616664,4.471643389400404,-6.345240349225156,21.86256698456273,-3.7325255098000776,-10.73701462694614,2.419611373852581,-13.029217772023904,4.196270137158864,4.039276309391841,-0.3011458578922958,0,1,1,2
SSMI,2010-06,6128.060059,-2.923360202374714,96.34650853474936,69.67944971720378,111.88416697184245,10.567262949366471,-16.216930251753723,28.67960131002669,-1.6770919748616664,-4.5976728109863085,21.86256698456273,-3.7325255098000776,-10.73701462694614,2.419611373852581,3.5542269825390287,-0.1173103036801013,0,1,0,2
SSMI,2010-07,6200.779785,1.1866679715907713,79.39271330064342,81.76249122619629,76.34224307152533,-17.59668875597209,17.340896861315503,-31.766714506854075,10.567262949366471,-2.923360202374714,-1.6770919748616664,-4.5976728109863085,21.86256698456273,-3.7325255098000776,3.6469946367926047,-0.4557836739527096,0,0,1,2
SSMI,2010-08,6180.890137,-0.3207604315849655,81.61330942953786,84.75737048733619,74.11711311340332,2.79697724964445,3.662901186382084,-2.9146772070048788,-17.59668875597209,1.1866679715907713,10.567262949366471,-2.923360202374714,-1.6770919748616664,-4.5976728109863085,2.842546568068726,-0.4114506709063362,0,1,0,2
SSMI,2010-09,6296.330078,1.8676911972428376,71.82437750498454,70.37432320912679,69.72902139027913,-11.994283766920088,-16.969671422685785,-5.920483865055792,2.79697724964445,-0.3207604315849655,-17.59668875597209,1.1866679715907713,10.567262949366471,-2.923360202374714,2.702496237787822,-0.6068814127621388,0,0,0,2
SSMI,2010-10,6472.22998,2.793689336818783,65.55662228984218,74.25972569373346,63.16021014798072,-8.726501270000398,5.521051297446489,-9.4204839123329,-11.994283766920088,1.8676911972428376,2.79697724964445,-0.3207604315849655,-17.59668875597209,1.1866679715907713,2.892271275338273,-0.7320137623286357,0,0,1,2
SSMI,2010-11,6312.430176,-2.469006887792946,95.60385462443034,80.85895284016927,102.02185897827148,45.83401536726808,8.886683979486731,61.52868829796508,-8.726501270000398,2.793689336818783,-11.994283766920088,1.8676911972428376,2.79697724964445,-0.3207604315849655,2.3427776073568904,-0.1321369881186469,1,1,1,2
SSMI,2010-12,6436.040039,1.9581977075955328,97.89414264309792,94.39043466506466,98.9651261606524,2.3956021728043453,16.73467358851721,-2.9961547929352017,45.83401536726808,-2.469006887792946,-8.726501270000398,2.793689336818783,-11.994283766920088,1.8676911972428376,1.9256373061098828,-0.0864126241122966,0,0,0,2
SSMI,2011-01,6479.149902,0.6698196832022552,78.83949353618007,77.48969244187877,77.08557048920662,-19.46454465246935,-17.9051429132163,-22.108349193561573,2.3956021728043453,1.9581977075955328,45.83401536726808,-2.469006887792946,-8.726501270000398,2.793689336818783,1.918364069952627,-0.4668284079248787,0,0,1,2
SSMI,2011-02,6610.439941,2.026346681058766,88.93610232216972,84.70568302699498,89.67357962472099,12.806536842294957,9.312194122500305,16.329916293837265,-19.46454465246935,0.6698196832022552,2.3956021728043453,1.9581977075955328,45.83401536726808,-2.469006887792946,1.8955354657347452,-0.2652550636129752,0,0,1,2
SSMI,2011-03,6357.549805,-3.8256173304214935,136.0791222356981,156.13775290212322,126.68266185637444,53.00774228080458,84.32972537670638,41.27088757528632,12.806536842294957,2.026346681058766,-19.46454465246935,0.6698196832022552,2.3956021728043453,1.9581977075955328,2.709375849665478,0.6759298813874604,1,1,0,2
SSMI,2011-04,6539.700195,2.865103626191745,90.6722047805786,111.14294446309408,73.5580285390218,-33.36802641662523,-28.8173792710048,-41.93520450145128,53.00774228080458,-3.8256173304214935,12.806536842294957,2.026346681058766,-19.46454465246935,0.6698196832022552,2.72321130443945,-0.2305947151705158,0,0,1,2
SSMI,2011-05,6554.709961,0.2295176468712689,104.47366776004914,120.63443325411887,96.0221432101342,15.221272067740331,8.53989323107822,30.539310415579468,-33.36802641662523,2.865103626191745,53.00774228080458,-3.8256173304214935,12.806536842294957,2.026346681058766,2.396691603448715,0.0449440432519357,0,0,0,2
SSMI,2011-06,6187.069824,-5.608793359087261,84.53678283691406,97.33198216756185,72.88245728810628,-19.08316741489856,-19.316583547476828,-24.098281030229863,15.221272067740331,0.2295176468712689,-33.36802641662523,2.865103626191745,53.00774228080458,-3.8256173304214935,3.367416888306108,-0.3530851024048154,0,1,0,2
SSMI,2011-07,5783.350098,-6.525216903710184,78.2851328695974,99.24549016644876,60.41787485922536,-7.395183206081024,1.9659601667134647,-17.102308144754364,-19.08316741489856,-5.608793359087261,15.221272067740331,0.2295176468712689,-33.36802641662523,2.865103626191745,4.036347873009517,-0.4778959193920065,0,1,1,2
SSMI,2011-08,5528.52002,-4.406270996599792,86.39183038280856,111.57653574789724,62.886020106654016,10.35534745366633,12.424791857813933,4.085124233812376,-7.395183206081024,-6.525216903710184,-19.08316741489856,-5.608793359087261,15.221272067740331,0.2295176468712689,3.650559347644315,-0.3160500794966862,0,1,0,2
SSMI,2011-09,5531.740234,0.0582473064825839,83.14460322062175,93.88602275848388,70.98976675669353,-3.758720179672215,-15.85504772202676,12.886404062931067,10.35534745366633,-4.406270996599792,-7.395183206081024,-6.525216903710184,-19.08316741489856,-5.608793359087261,3.790690250034392,-0.3808792169522968,0,0,0,2
SSMI,2011-10,5731.27002,3.6069984771450514,75.16556069158739,90.5741471321352,63.65037210526005,-9.59658500968753,-3.527549180423029,-10.338665679221236,-3.758720179672215,0.0582473064825839,10.35534745366633,-4.406270996599792,-7.395183206081024,-6.525216903710184,3.996679411722932,-0.5401764939960677,0,0,1,2
SSMI,2011-11,5652.310059,-1.3777044306839237,83.25008093516031,70.99307772318522,95.16603965759278,10.75561755834511,-21.6188283621196,49.51372083137953,-9.59658500968753,3.6069984771450514,-3.758720179672215,0.0582473064825839,10.35534745366633,-4.406270996599792,3.860242923320052,-0.3787734113178923,0,1,1,2
SSMI,2011-12,5936.22998,5.023077609621263,84.81960911904612,77.63644483012538,86.84766141829952,1.885317306908374,9.357767433106437,-8.740910380659695,10.75561755834511,-1.3777044306839237,-9.59658500968753,3.6069984771450514,-3.758720179672215,0.0582473064825839,4.471057444468013,-0.347438628350302,0,0,0,2
SSMI,2012-01,5970.490234,0.5771382529893065,77.90155767625377,61.71806113950668,91.26849322165212,-8.156193496580155,-20.503751460347488,5.090329124764548,1.885317306908374,5.023077609621263,10.75561755834511,-1.3777044306839237,-9.59658500968753,3.6069984771450514,3.402099269858402,-0.4855537910750859,0,0,1,2
SSMI,2012-02,6109.930176,2.3354856391177847,91.4857845964103,77.98118065143454,103.34518873280491,17.437683308734808,26.350664962022897,13.232053126837195,-8.156193496580155,0.5771382529893065,1.885317306908374,5.023077609621263,10.75561755834511,-1.3777044306839237,2.3879562358956807,-0.2143520333138689,0,0,0,2
SSMI,2012-03,6235.509766,2.055335926640889,88.0797755333685,86.14695296748992,86.66009946023264,-3.722992679209569,10.47146535592387,-16.145008274851524,17.437683308734808,2.3354856391177847,-8.156193496580155,0.5771382529893065,1.885317306908374,5.023077609621263,2.247771643081472,-0.2823511657103503,0,0,1,2
SSMI,2012-04,6096.339844,-2.2318932568888505,98.3707051595052,88.1813424428304,104.64068247477212,11.683646516830692,2.361533873529132,20.748398774675515,-3.722992679209569,2.055335926640889,17.437683308734808,2.3354856391177847,-8.156193496580155,0.5771382529893065,2.6584049475118467,-0.0768983107183564,0,1,0,2
SSMI,2012-05,5849.899902,-4.042424607324757,77.68080416033345,69.08255398658014,79.93533497471964,-21.032583801878506,-21.65853674617435,-23.60969645434864,11.683646516830692,-2.2318932568888505,-3.722992679209569,2.055335926640889,17.437683308734808,2.3354856391177847,3.294343829662061,-0.4899610158587595,0,1,0,2
SSMI,2012-06,6066.859863,3.70878074214267,77.59097859064738,81.92765919367473,70.51085557937623,-0.115634191299907,18.59384817994694,-11.790129356840753,-21.032583801878506,-4.042424607324757,11.683646516830692,-2.2318932568888505,-3.722992679209569,2.055335926640889,2.9707792640545923,-0.4917543348701357,0,0,1,2
SSMI,2012-07,6399.27002,5.479113816807812,81.20776933239353,89.00009404459307,77.46019707956621,4.661354718603983,8.632536216126097,9.8557044062058,-0.115634191299907,3.70878074214267,-21.032583801878506,-4.042424607324757,11.683646516830692,-2.2318932568888505,3.630008640322615,-0.4195470600372483,0,0,0,2
SSMI,2012-08,6388.009766,-0.1759615388131408,74.8681123795048,78.25724669425718,70.49690803404778,-7.806712344159738,-12.070602245603512,-8.989505976038025,4.661354718603983,5.479113816807812,-0.115634191299907,3.70878074214267,-21.032583801878506,-4.042424607324757,3.620080807055163,-0.5461148889856426,0,1,0,2
SSMI,2012-09,6495.879883,1.688634190481908,68.97198734283447,65.10240313212077,68.31967938741049,-7.87534886252107,-16.80974493458861,-3.0884030340532886,-7.806712344159738,-0.1759615388131408,4.661354718603983,5.479113816807812,-0.115634191299907,3.70878074214267,3.597650743837883,-0.6638278426431106,0,0,1,2
SSMI,2012-10,6595.129883,1.5278915526092396,81.94055532640026,86.90206847652313,75.07558896464687,18.8026595770016,33.48519301224788,9.888672836016443,-7.87534886252107,1.688634190481908,-7.806712344159738,-0.1759615388131408,4.661354718603983,5.479113816807812,3.291361850016821,-0.404917383221224,0,0,0,2
SSMI,2012-11,6820.600098,3.418738053683912,79.75129572550456,87.46022033691406,73.34758491516114,-2.6717656381202715,0.6422768412488677,-2.301685638855866,18.8026595770016,1.5278915526092396,-7.87534886252107,1.688634190481908,-7.806712344159738,-0.1759615388131408,1.9937210674985264,-0.4486247694014081,0,0,0,2
SSMI,2012-12,6822.439941,0.0269747965510935,74.97084549934634,85.26028196273312,64.21883093926215,-5.994197564654025,-2.515358829084069,-12.44588214657365,-2.6717656381202715,3.418738053683912,18.8026595770016,1.5278915526092396,-7.87534886252107,1.688634190481908,2.147758045431667,-0.5440638777028454,0,0,1,2
SSMI,2013-01,7390.859863,8.331622218966483,90.2403597062634,109.75873522604664,83.89209476594002,20.367269576878645,28.73372301773727,30.63472744510833,-5.994197564654025,0.0269747965510935,-2.6717656381202715,3.418738053683912,18.8026595770016,1.5278915526092396,3.153610745205393,-0.2392162689713456,0,0,0,2
SSMI,2013-02,7593.669922,2.7440658158775832,82.87265164511544,87.37166687420437,78.62591293879917,-8.164537558505069,-20.3966165478642,-6.277327848152503,20.367269576878645,8.331622218966483,-5.994197564654025,0.0269747965510935,-2.6717656381202715,3.418738053683912,2.876847396098954,-0.3863085833591407,0,0,0,2
SSMI,2013-03,7813.669922,2.8971498927366834,74.79130831072408,70.25588681620937,79.46081779849145,-9.751520162523589,-19.589622895300696,1.0618698447955044,-8.164537558505069,2.7440658158775832,20.367269576878645,8.331622218966483,-5.994197564654025,0.0269747965510935,2.8119142040597427,-0.5476482407603864,0,0,1,2
SSMI,2013-04,7906.209961,1.184335144993076,93.84421526590982,83.1100798924764,99.8020144144694,25.47476088535521,18.296250547507608,25.599027520157392,-9.751520162523589,2.8971498927366834,-8.164537558505069,2.7440658158775832,20.367269576878645,8.331622218966483,2.854910038790807,-0.1672672380667305,0,0,0,2
SSMI,2013-05,7947.009766,0.5160475778060336,83.38529759068643,96.31220405332505,76.66901059304514,-11.144978564302331,15.885105847484285,-23.178894691799336,25.47476088535521,1.184335144993076,-9.751520162523589,2.8971498927366834,-8.164537558505069,2.7440658158775832,3.030719270019255,-0.3760738837796071,0,0,0,2
SSMI,2013-06,7683.040039,-3.321623286904108,82.57989651362101,85.31224797566732,78.08507897059123,-0.965878998260461,-11.421144584716792,1.8469892419278768,-11.144978564302331,0.5160475778060336,25.47476088535521,1.184335144993076,-9.751520162523589,2.8971498927366834,3.810890885235454,-0.3921532815316291,0,1,0,2
SSMI,2013-07,7820.430176,1.7882262268918536,77.08005560598066,75.28471995938209,75.0804361527966,-6.660023976577866,-11.753913716053145,-3.847909046651865,-0.965878998260461,-3.321623286904108,-11.144978564302331,0.5160475778060336,25.47476088535521,1.184335144993076,2.2891365174639,-0.5019546364652614,0,0,1,2
SSMI,2013-08,7745.970215,-0.9521210384117796,88.84743185966245,104.4280973249866,78.84740774093136,15.266434567502763,38.71087968624718,5.017247875956099,-6.660023976577866,1.7882262268918536,-0.965878998260461,-3.321623286904108,-11.144978564302331,0.5160475778060336,2.211626862269553,-0.2670253215330478,0,1,1,2
SSMI,2013-09,8022.600098,3.57127480898789,98.07846705118816,97.374010403951,98.14722569783528,10.38976028717007,-6.754970263494176,24.47742863064981,15.266434567502763,-0.9521210384117796,-6.660023976577866,1.7882262268918536,-0.965878998260461,-3.321623286904108,2.3776738722098583,-0.0827326868021949,0,0,0,2
SSMI,2013-10,8234.290039,2.638669987461717,73.56673326799947,80.33374651016727,65.35439909658125,-24.99196257869301,-17.499807005065403,-33.411873201809016,10.38976028717007,3.57127480898789,15.266434567502763,-0.9521210384117796,-6.660023976577866,1.7882262268918536,2.5346960339669,-0.5720962204687234,0,0,1,2
SSMI,2013-11,8264.200195,0.363239038925478,76.75024941762288,52.19944121042887,91.32140051523844,4.327385501849101,-35.02177667784688,39.73259914804351,-24.99196257869301,2.638669987461717,10.38976028717007,3.57127480898789,15.266434567502763,-0.9521210384117796,2.5377611880435875,-0.508539038988046,0,0,0,2
SSMI,2013-12,8202.980469,-0.7407822239959616,70.2421502144106,68.61865160542149,68.88867827384702,-8.47958052592066,31.45476276039567,-24.564584111528333,4.327385501849101,0.363239038925478,-24.99196257869301,2.638669987461717,10.38976028717007,3.57127480898789,1.848787403707232,-0.6384697265398416,0,1,1,2
SSMI,2014-01,8191.330078,-0.1420263164593427,78.61989428920131,86.78251980197045,68.41249278283888,11.926947066993351,26.4707448654002,-0.6912391164121345,-8.47958052592066,-0.7407822239959616,4.327385501849101,0.363239038925478,-24.99196257869301,2.638669987461717,1.8752145306585304,-0.4712125883522027,0,1,0,2
SSMI,2014-02,8475.330078,3.4670804044725223,70.26414687292916,61.49816117967878,73.86041593551636,-10.628031863710918,-29.135312825656825,7.963345481315476,11.926947066993351,-0.1420263164593427,-8.47958052592066,-0.7407822239959616,4.327385501849101,0.363239038925478,1.921541195225996,-0.6380305751262079,0,0,1,2
SSMI,2014-03,8453.820313,-0.2537926523455969,119.53876396917528,75.00083989481772,150.81426780454575,70.12768145517792,21.956231627297345,104.18821894560378,-10.628031863710918,3.4670804044725223,11.926947066993351,-0.1420263164593427,-8.47958052592066,-0.7407822239959616,1.7325962138546096,0.3457105570013821,1,1,0,2
SSMI,2014-04,8476.660156,0.2701718531310293,92.7823445002238,61.30099623998006,112.3606637954712,-22.3830484610423,-18.26625365002648,-25.49732500038402,70.12768145517792,-0.2537926523455969,-10.628031863710918,3.4670804044725223,11.926947066993351,-0.1420263164593427,1.5096234646126008,-0.1884669147109705,0,0,0,2
SSMI,2014-05,8674.519531,2.334166657134995,83.18502376925561,75.96359517497402,92.24833537686256,-10.343908404842097,23.91902225796312,-17.89979494533681,-22.3830484610423,0.2701718531310293,70.12768145517792,-0.2537926523455969,-10.628031863710918,3.4670804044725223,1.6802723692781054,-0.3800722425176376,0,0,1,2
SSMI,2014-06,8554.519531,-1.3833619207514358,98.1738182067871,105.45366484324136,96.13338797887168,18.01862133153733,38.82131908098889,4.211515130476329,-10.343908404842097,2.334166657134995,-22.3830484610423,0.2701718531310293,70.12768145517792,-0.2537926523455969,1.814921184102256,-0.0808290524507526,0,1,1,2
SSMI,2014-07,8410.269531,-1.686243154595235,136.12800659671908,115.96761592741936,161.79567853866084,38.660193810520525,9.970209285573103,68.30331473828896,18.01862133153733,-1.3833619207514358,-10.343908404842097,2.334166657134995,-22.3830484610423,0.2701718531310293,2.0545017316985663,0.6769058312677037,0,1,0,2
SSMI,2014-08,8658.969727,2.9571013756847897,132.44592408211,107.58255644767516,154.0424594263877,-2.7048677246242936,-7.230518117223495,-4.791981579669047,38.660193810520525,-1.686243154595235,18.01862133153733,-1.3833619207514358,-10.343908404842097,2.334166657134995,1.9106274780717287,0.6033950414337895,0,0,0,2
SSMI,2014-09,8835.139648,2.034536746914317,130.56609942118328,121.00510635375976,142.43847586313885,-1.419314844118058,12.476511387431977,-7.53297734044166,-2.7048677246242936,2.9571013756847897,38.660193810520525,-1.686243154595235,18.01862133153733,-1.3833619207514358,1.9873373175287667,0.5658653567986086,0,0,0,2
SSMI,2014-10,8837.780273,0.0298877562235011,80.79179345407793,74.09397866649013,83.08987451368763,-38.12192153075063,-38.76789096000993,-41.66613058010812,-1.419314844118058,2.034536746914317,-2.7048677246242936,2.9571013756847897,38.660193810520525,-1.686243154595235,2.001417704632275,-0.4278517939060605,0,0,1,2
SSMI,2014-11,9150.459961,3.537988933208225,84.14203809102376,77.99142316182454,87.09242757161458,4.1467635433172,5.26013660688609,4.817136963262114,-38.12192153075063,0.0298877562235011,-1.419314844118058,2.034536746914317,-2.7048677246242936,2.9571013756847897,2.2421404349777854,-0.3609659681752187,0,0,1,2
SSMI,2014-12,8983.370117,-1.8260267211938075,85.45243663172567,94.30592924548732,80.33614915417087,1.5573648683008257,20.918333609340344,-7.757595701288888,4.1467635433172,3.537988933208225,-38.12192153075063,0.0298877562235011,-1.419314844118058,2.034536746914317,2.338121323283322,-0.3348045686568722,0,1,1,2
SSMI,2015-01,8385.129883,-6.659418750518798,108.33973257003292,146.6483586834323,81.6583960748488,26.783666844919374,55.50279802841731,1.645892832304474,1.5573648683008257,-1.8260267211938075,4.1467635433172,3.537988933208225,-38.12192153075063,0.0298877562235011,3.8231757635115344,0.1221279403002564,0,1,1,2
SSMI,2015-02,9014.530273,7.50614956216773,112.50795323508126,110.6266494478498,116.82035664149691,3.8473610430540095,-24.56332246673284,43.05982269651534,26.783666844919374,-6.659418750518798,1.5573648683008257,-1.8260267211938075,4.1467635433172,3.537988933208225,4.839832829010188,0.205344215892678,0,0,0,2
SSMI,2015-03,9128.980469,1.269619076468098,103.47884836504537,80.65029876462874,119.2300068024666,-8.025303643352133,-27.09686213298193,2.062697144783177,3.8473610430540095,7.50614956216773,26.783666844919374,-6.659418750518798,1.5573648683008257,-1.8260267211938075,4.809859737617802,0.0250830110293626,0,0,0,2
SSMI,2015-04,9077.120117,-0.5680848170954711,99.56071904500324,92.08395849863687,107.84801419576009,-3.786405996924136,14.17683493941706,-9.546248391618018,-8.025303643352133,1.269619076468098,3.8473610430540095,7.50614956216773,26.783666844919374,-6.659418750518798,4.831252796635268,-0.0531403258581029,0,1,0,2
SSMI,2015-05,9237.790039,1.7700539370310908,74.41008684712071,71.70904147240424,75.1276002699329,-25.261601602650146,-22.12645650603112,-30.3393754347992,-3.786405996924136,-0.5680848170954711,-8.025303643352133,1.269619076468098,3.8473610430540095,7.50614956216773,4.663069821153188,-0.5552591214997333,0,0,1,2
SSMI,2015-06,8780.910156,-4.945770374420166,85.28621266682943,88.44556840260823,80.42666390736898,14.61646704169861,23.33949330035976,7.053417942802098,-25.261601602650146,1.7700539370310908,-3.786405996924136,-0.5680848170954711,-8.025303643352133,1.269619076468098,5.094646108376538,-0.3381231403891369,0,1,1,2
SSMI,2015-07,9428.169922,7.371214993672681,106.23084825085056,89.69054517438335,118.30285398421748,24.558055668202016,1.4076191653921155,47.09407084256565,14.61646704169861,-4.945770374420166,-25.261601602650146,1.7700539370310908,-3.786405996924136,-0.5680848170954711,4.786766299807962,0.0800252032332923,0,0,0,2
SSMI,2015-08,8824.55957,-6.402200607262243,80.77308187177104,72.6687409493231,83.29964871560374,-23.96457036562888,-18.978370788097155,-29.58779445277242,24.558055668202016,7.371214993672681,14.61646704169861,-4.945770374420166,-25.261601602650146,1.7700539370310908,4.989464565401717,-0.4282253605463964,0,1,1,2
SSMI,2015-09,8513.410156,-3.5259483663953484,96.26670481363932,79.88457260131835,111.3503412882487,19.18166619724222,9.929760111059792,33.674442815976114,-23.96457036562888,-6.402200607262243,24.558055668202016,7.371214993672681,14.61646704169861,-4.945770374420166,5.080456806124523,-0.118903541894402,0,1,0,2
SSMI,2015-10,8938.650391,4.994945940673401,86.38631562263735,101.0595084159605,75.2390812904604,-10.263558111944526,26.506915071474868,-32.43030922043458,19.18166619724222,-3.5259483663953484,-23.96457036562888,-6.402200607262243,24.558055668202016,7.371214993672681,5.660526727292735,-0.3161601787066636,0,0,1,2
SSMI,2015-11,8993.099609,0.6091436136133499,146.2837247212728,206.724671681722,112.25876941680907,69.33668679688365,104.55736914021404,49.20273811350009,-10.263558111944526,4.994945940673401,19.18166619724222,-3.5259483663953484,-23.96457036562888,-6.402200607262243,5.60242252559735,0.879659261617105,1,0,0,2
SSMI,2015-12,8818.089844,-1.9460449968201956,140.49793341852003,194.36913816390495,108.1629870014806,-3.955184566004821,-5.976806453387384,-3.648518896658426,69.33668679688365,0.6091436136133499,-10.263558111944526,4.994945940673401,19.18166619724222,-3.5259483663953484,5.228017844632721,0.7641490613996877,0,1,0,2
SSMI,2016-01,8319.80957,-5.650659982093975,115.96384011545489,110.91858869983304,120.46343551143524,-17.462244964117836,-42.93405334426132,11.37214203393464,-3.955184566004821,-1.9460449968201956,69.33668679688365,0.6091436136133499,-10.263558111944526,4.994945940673401,4.260844300840414,0.2743391319883859,0,1,0,2
SSMI,2016-02,7843.629883,-5.723444545137591,101.22297576378132,113.22725730106748,90.85711604151231,-12.711604183681224,2.0814082006417767,-24.57701736981631,-17.462244964117836,-5.650659982093975,-3.955184566004821,-1.9460449968201956,69.33668679688365,0.6091436136133499,4.127079541124551,-0.0199542677458014,0,1,1,2
SSMI,2016-03,7807.890137,-0.4556531418885567,105.2873266896894,122.0475801037204,93.74349009606146,4.015245447232085,7.78992886774601,3.1768277272089085,-12.711604183681224,-5.723444545137591,-17.462244964117836,-5.650659982093975,-3.955184566004821,-1.9460449968201956,4.07120485783408,0.0611883045730654,0,1,0,2
SSMI,2016-04,7960.850098,1.959043458810372,83.62793006896973,90.3290501912435,79.78639167149862,-20.571703453499047,-25.98865941096199,-14.888605502377429,4.015245447232085,-0.4556531418885567,-12.711604183681224,-5.723444545137591,-17.462244964117836,-5.650659982093975,3.223547298966554,-0.3712298573225143,0,0,1,2
SSMI,2016-05,8216.419922,3.210333329404169,84.68827352216167,88.0693675010435,82.82368420016381,1.2679298080407353,-2.5016123665817624,3.806780160168821,-20.571703453499047,1.959043458810372,4.015245447232085,-0.4556531418885567,-12.711604183681224,-5.723444545137591,3.754503524332476,-0.3500606726477829,0,0,1,2
SSMI,2016-06,8020.149902,-2.3887535187250286,88.54716021219889,97.87790400187174,80.03160365422566,4.556577350732516,11.137285050573364,-3.3711136770858907,1.2679298080407353,3.210333329404169,-20.571703453499047,1.959043458810372,4.015245447232085,-0.4556531418885567,3.770883839342323,-0.273020082889481,0,1,1,2
SSMI,2016-07,8127.200195,1.334766735136772,112.01366116923673,143.21993846278036,94.82303280984202,26.501697966147653,46.32509750110867,18.481985216143254,4.556577350732516,-2.3887535187250286,1.2679298080407353,3.210333329404169,-20.571703453499047,1.959043458810372,3.282909055002444,0.1954759416145478,0,0,0,2
SSMI,2016-08,8202.129883,0.9219618835782706,98.61115221823415,123.22047128985004,80.60763149876749,-11.96506641342012,-13.964164059550775,-14.9915066939296,26.501697966147653,1.334766735136772,4.556577350732516,-2.3887535187250286,1.2679298080407353,3.210333329404169,1.9591227579365675,-0.0720979149829873,0,0,1,2
SSMI,2016-09,8139.009766,-0.7695576380815972,103.71691958109538,119.65013109842936,94.2956667582194,5.177677420867943,-2.897521940994874,16.98106619056434,-11.96506641342012,0.9219618835782706,26.501697966147653,1.334766735136772,4.556577350732516,-2.3887535187250286,2.0019186638178,0.0298359743481151,0,1,0,2
SSMI,2016-10,7827.740234,-3.824415266096637,86.16627822383758,100.4282025367983,80.40413419661984,-16.921676258939698,-16.065112829519823,-14.731888578950723,5.177677420867943,-0.7695576380815972,-11.96506641342012,0.9219618835782706,26.501697966147653,1.334766735136772,2.5876436139326544,-0.320553106598582,0,1,0,2
SSMI,2016-11,7875.189941,0.6061737561742442,83.57939580281575,85.52786210378011,80.94508310953776,-3.0021981619094418,-14.836808841180336,0.6727874360229924,-16.921676258939698,-3.824415266096637,5.177677420867943,-0.7695576380815972,-11.96506641342012,0.9219618835782706,2.054008374017889,-0.3721988177477174,0,0,1,2
SSMI,2016-12,8219.870117,4.376785557965013,101.61987716920916,112.50576536117062,94.95736854307113,21.58484300240133,31.54282428415589,17.310854341296356,-3.0021981619094418,0.6061737561742442,-16.921676258939698,-3.824415266096637,5.177677420867943,-0.7695576380815972,2.6909868380257804,-0.0120303454318856,0,0,1,2
SSMI,2017-01,8291.69043,0.8737402413629969,104.88912440884498,102.22949655594364,108.44574915978215,3.217133626516944,-9.133993064477783,14.204669762508138,21.58484300240133,4.376785557965013,-3.0021981619094418,0.6061737561742442,-16.921676258939698,-3.824415266096637,2.6668343750857173,0.0532384109836636,0,0,1,2
SSMI,2017-02,8545.80957,3.0647446638935705,113.19088404519218,94.91658476420812,125.99899278368268,7.91479544055298,-7.153426396591556,16.186197946807358,3.217133626516944,0.8737402413629969,21.58484300240133,4.376785557965013,-3.0021981619094418,0.6061737561742442,2.8905703034477748,0.2189785608738084,0,0,0,2
SSMI,2017-03,8658.889648,1.3232225346673676,98.49747651623142,99.26259293094758,97.23793039014262,-12.981087348955,4.578765847439437,-22.826422464279197,7.91479544055298,3.0647446638935705,3.217133626516944,0.8737402413629969,21.58484300240133,4.376785557965013,2.7995325365618333,-0.0743673890118802,0,0,1,2
SSMI,2017-04,8812.669922,1.7759814508724991,115.10228830973308,101.26866887410482,124.87095286051432,16.858108837707487,2.020978783571348,28.417945918327536,-12.981087348955,1.3232225346673676,7.91479544055298,3.0647446638935705,3.217133626516944,0.8737402413629969,1.4492856460765324,0.2571387152486297,0,0,0,2
SSMI,2017-05,9016.639648,2.3145054541394927,101.37748035307854,98.86025521063036,100.89005654858003,-11.924009642381684,-2.378241651885993,-19.20454338065464,16.858108837707487,1.7759814508724991,-12.981087348955,1.3232225346673676,7.91479544055298,3.0647446638935705,1.277509215331046,-0.0168696670213093,0,0,1,2
SSMI,2017-06,8906.889648,-1.217194035522351,126.94453862508138,146.7019323984782,113.13888193766276,25.21966237763813,48.393236580177735,12.140765708843391,-11.924009642381684,2.3145054541394927,16.858108837707487,1.7759814508724991,-12.981087348955,1.3232225346673676,1.4744423804269384,0.4935628504053606,0,1,0,2
SSMI,2017-07,9055.0,1.6628739981443097,101.5980480563256,69.98286450293756,124.43094007430538,-19.96658607237466,-43.81668896391011,9.9807050796775,25.21966237763813,-1.217194035522351,-11.924009642381684,2.3145054541394927,16.858108837707487,1.7759814508724991,1.4579419140769956,-0.0124661518873564,0,0,1,2
SSMI,2017-08,8925.450195,-1.4306991165102256,137.11038946336316,109.75087941077447,156.3583743187689,34.9537634693037,56.82536030826179,25.65875836459781,-19.96658607237466,1.6628739981443097,25.21966237763813,-1.217194035522351,-11.924009642381684,2.3145054541394927,1.630134458373998,0.6965185749147532,0,1,0,2
SSMI,2017-09,9157.459961,2.5994180789891352,118.73107655843098,86.45641419092814,146.35588200887045,-13.40475581527194,-21.22485518558812,-6.397158037411099,34.9537634693037,-1.4306991165102256,-19.96658607237466,1.6628739981443097,25.21966237763813,-1.217194035522351,1.796515745574664,0.3295855138316133,0,0,0,2
SSMI,2017-10,9242.179688,0.9251443889550792,91.91498454924552,71.24007597277242,109.52413552807224,-22.585571348701183,-17.60001078063723,-25.16588057497128,-13.40475581527194,2.5994180789891352,34.9537634693037,-1.4306991165102256,-19.96658607237466,1.6628739981443097,1.7513679393830492,-0.2057832879355632,0,0,1,2
SSMI,2017-11,9318.769531,0.8286989171985448,93.25364055633544,80.09026870727538,105.41860446929932,1.45640671502556,12.423053476087633,-3.748517200321233,-22.585571348701183,0.9251443889550792,-13.40475581527194,2.5994180789891352,34.9537634693037,-1.4306991165102256,1.5938868830349469,-0.1790577433540232,0,0,0,2
SSMI,2017-12,9381.870117,0.6771343125300922,84.61367348701724,64.52695954230524,98.77827345940376,-9.265018521286285,-19.432209950316203,-6.29901244028458,1.45640671502556,0.8286989171985448,-22.585571348701183,0.9251443889550792,-13.40475581527194,2.5994180789891352,1.3382372216976526,-0.3515500220807048,0,0,1,2
SSMI,2018-01,9335.400391,-0.495314104975697,91.99991103141538,75.9898567199707,106.7695834867416,8.729366354164325,17.76450844572981,8.09014953133611,-9.265018521286285,0.6771343125300922,1.45640671502556,0.8286989171985448,-22.585571348701183,0.9251443889550792,1.374347616909475,-0.2040877765619447,0,1,0,2
SSMI,2018-02,8906.379883,-4.595630503578684,65.82219927651542,53.66386883599417,76.22563787869045,-28.45406203269154,-29.380221055357104,-28.60734734611382,8.729366354164325,-0.495314104975697,-9.265018521286285,0.6771343125300922,1.45640671502556,0.8286989171985448,2.4544923720369587,-0.7267116611468718,0,1,1,2
SSMI,2018-03,8740.969727,-1.8572097549502176,109.2456529678837,64.72115756619361,142.5100219480453,65.97083380479091,20.60471779251023,86.95812316433921,-28.45406203269154,-4.595630503578684,8.729366354164325,-0.495314104975697,-9.265018521286285,0.6771343125300922,2.164010835657768,0.1402141520319168,1,1,1,2
SSMI,2018-04,8886.259766,1.6621730029702908,122.0270450592041,94.80569979349772,144.06638272603354,11.699680256456425,46.483319147274415,1.092106194858089,65.97083380479091,-1.8572097549502176,-28.45406203269154,-4.595630503578684,8.729366354164325,-0.495314104975697,2.295250272967875,0.3953877458017615,0,0,1,2
SSMI,2018-05,8456.950195,-4.831161616978552,122.07622054315382,62.3412499273977,166.9032696139428,0.0402988402496085,-34.24314143222706,15.851641761102208,11.699680256456425,1.6621730029702908,65.97083380479091,-1.8572097549502176,-28.45406203269154,-4.595630503578684,2.702722422587156,0.3963695077941304,0,1,0,2
SSMI,2018-06,8609.299805,1.80147223865732,103.35734113057454,56.24654754002889,136.8462231318156,-15.333763880707776,-9.776355774814691,-18.008662473569824,0.0402988402496085,-4.831161616978552,11.699680256456425,1.6621730029702908,65.97083380479091,-1.8572097549502176,2.9201905569171203,0.0226571846821675,0,0,1,2
SSMI,2018-07,9174.330078,6.563022380424588,109.5580127469955,85.10936841657085,127.5609563396823,5.999256123072527,51.3148311120806,-6.785183090650127,-15.333763880707776,1.80147223865732,0.0402988402496085,-4.831161616978552,11.699680256456425,1.6621730029702908,4.398342253219126,0.1464502464115924,0,0,1,2
SSMI,2018-08,8973.55957,-2.1883942074577,113.0449313502158,67.86267332876882,146.81783097790134,3.182714359079064,-20.264155883976787,15.096213755986486,5.999256123072527,6.563022380424588,-15.333763880707776,1.80147223865732,0.0402988402496085,-4.831161616978552,4.010970576230626,0.2160646941031607,0,1,0,2
SSMI,2018-09,9087.990234,1.2751981318824823,73.96346220970153,49.602893877029416,88.1794579188029,-34.571624462700555,-26.906955703436157,-39.93954458292232,3.182714359079064,-2.1883942074577,5.999256123072527,6.563022380424588,-15.333763880707776,1.80147223865732,3.893079580003159,-0.5641757412999974,0,0,1,2
SSMI,2018-10,9022.160156,-0.7243634324530568,92.58265267649004,61.918164991563366,115.57533417978594,25.17349771161239,24.8277270779095,31.06832011397669,-34.571624462700555,1.2751981318824823,3.182714359079064,-2.1883942074577,5.999256123072527,6.563022380424588,3.898707390154682,-0.1924536541791385,0,1,0,2
SSMI,2018-11,9037.759766,0.1729032707275202,79.83305384318034,48.951593685150144,103.46333103179931,-13.771045076727717,-20.94146573655724,-10.479747459908284,25.17349771161239,-0.7243634324530568,-34.571624462700555,1.2751981318824823,3.182714359079064,-2.1883942074577,3.0117680560179703,-0.446992512714646,0,0,1,2
SSMI,2018-12,8429.299805,-6.732420165548348,86.58019570381411,64.75931516770393,99.9929014944261,8.45156427798377,32.292557386848046,-3.3542603961847828,-13.771045076727717,0.1729032707275202,25.17349771161239,-0.7243634324530568,-34.571624462700555,1.2751981318824823,4.357144004188144,-0.3122894675414957,0,1,1,2
SSMI,2019-01,8969.269531,6.4058668986919365,87.5074286307058,54.891605531015706,113.59607076644896,1.0709526807535674,-15.237513879098808,13.60413496230144,8.45156427798377,-6.732420165548348,-13.771045076727717,0.1729032707275202,25.17349771161239,-0.7243634324530568,4.308031356293411,-0.2937777626719332,0,0,1,2
SSMI,2019-02,9388.94043,4.678986371738692,98.55523300170898,57.736959321158274,130.96962765284948,12.624990293825844,5.183586383777472,15.294153018831214,1.0709526807535674,6.4058668986919365,8.45156427798377,-6.732420165548348,-13.771045076727717,0.1729032707275202,4.607378174432207,-0.0732143119559909,0,0,0,2
SSMI,2019-03,9477.839844,0.9468524660774637,79.65598315577353,67.75160512616557,85.8987022830594,-19.17630273940678,17.345294803804002,-34.41326525662569,12.624990293825844,4.678986371738692,1.0709526807535674,6.4058668986919365,8.45156427798377,-6.732420165548348,4.603209285687848,-0.450527633406826,0,0,0,2
SSMI,2019-04,9769.740234,3.0798198197534488,78.96416734059652,57.763711071014406,93.91384995778402,-0.8685045212788456,-14.741929783880291,9.330929876347316,-19.17630273940678,0.9468524660774637,12.624990293825844,4.678986371738692,1.0709526807535674,6.4058668986919365,4.61466716837276,-0.4643393627180184,0,0,1,2
SSMI,2019-05,9523.980469,-2.5155199535881634,105.1034455453196,63.40447973435925,133.1031727944651,33.10270858929771,9.765246309071296,41.72901319059692,-0.8685045212788456,3.0798198197534488,-19.17630273940678,0.9468524660774637,12.624990293825844,4.678986371738692,4.883296293788475,0.0575172167838708,0,1,0,2
SSMI,2019-06,9898.240234,3.929656998123776,103.3317710240682,51.50454092025757,138.8043354034424,-1.685648374379367,-18.768293445444108,4.283265747376963,33.10270858929771,-2.5155199535881634,-0.8685045212788456,3.0798198197534488,-19.17630273940678,0.9468524660774637,3.148448970500943,0.0221466913083878,0,0,0,2
SSMI,2019-07,9919.269531,0.2124549061535585,93.06078184804608,47.329337519984094,126.32542345600744,-9.939817225846037,-8.10647629446455,-8.990289756558633,-1.685648374379367,3.929656998123776,33.10270858929771,-2.5155199535881634,-0.8685045212788456,3.0798198197534488,2.6943402874626243,-0.1829080633608263,0,0,1,2
SSMI,2019-08,9895.650391,-0.2381137030926017,106.01592488442698,74.11447860348609,125.86253258489792,13.921162899248628,56.59310374287909,-0.3664273259061712,-9.939817225846037,0.2124549061535585,-1.685648374379367,3.929656998123776,33.10270858929771,-2.5155199535881634,2.3395038140854685,0.0757343742372348,0,1,0,2
SSMI,2019-09,10078.32031,1.8459617284593663,92.55197461446126,70.08315865198772,112.63771381378174,-12.699931906120154,-5.439314999523937,-10.507351552135392,13.921162899248628,-0.2381137030926017,-9.939817225846037,0.2124549061535585,-1.685648374379367,3.929656998123776,2.3714875224693683,-0.1930661251276743,0,0,1,2
SSMI,2019-10,10219.82031,1.4040037987242735,95.20806701721683,69.20361838802215,118.00913903021043,2.8698387190764008,-1.2549951812718674,4.768762641355617,-12.699931906120154,1.8459617284593663,13.921162899248628,-0.2381137030926017,-9.939817225846037,0.2124549061535585,2.175537691867849,-0.1400386740524366,0,0,0,2
SSMI,2019-11,10493.24023,2.6753887221721677,73.70891914367675,52.628954823811846,86.17964719136556,-22.58122504435712,-23.95057361202817,-26.97205665630397,2.8698387190764008,1.4040037987242735,-12.699931906120154,1.8459617284593663,13.921162899248628,-0.2381137030926017,1.5477629403317943,-0.5692575562120714,0,0,0,2
SSMI,2019-12,10616.94043,1.1788560758033917,72.31251805828464,60.52569272441249,79.17934866874448,-1.8944804802661477,15.004550113215975,-8.122913879046889,-22.58122504435712,2.6753887221721677,2.8698387190764008,1.4040037987242735,-12.699931906120154,1.8459617284593663,1.0655572343543622,-0.597135950111402,0,0,1,2
SSMI,2020-01,10627.87988,0.1030376884199935,139.8703630508915,84.9525350447624,191.54257983546103,93.42482713456964,40.35780710775339,104.18821894560378,-1.8944804802661477,1.1788560758033917,-22.58122504435712,2.6753887221721677,2.8698387190764008,1.4040037987242735,1.0861599538301792,0.7516199577694204,1,0,0,2
SSMI,2020-02,9831.030273,-7.4977287662005505,75.72699855935984,56.10202249987372,87.16311290346343,-39.28844654475468,-33.960743525413385,-44.52829942694827,93.42482713456964,0.1030376884199935,-1.8944804802661477,1.1788560758033917,-22.58122504435712,2.6753887221721677,3.74536241426004,-0.5289676900274246,1,1,1,2
SSMI,2020-03,9311.919922,-5.280325017670718,82.76741433912709,64.03543063132993,98.19669649677893,9.297101316181845,14.141037663079016,12.658546976787765,-45.859153499296525,-7.4977287662005505,93.42482713456964,0.1030376884199935,-1.8944804802661477,1.1788560758033917,4.134221703849778,-0.3884095893666116,0,1,0,2
SSMI,2020-04,9629.400391,3.409398616604653,69.76431941986084,47.72460098266602,82.26346549987792,-15.71040369340041,-25.47157017272198,-16.225831993669605,9.297101316181845,-5.280325017670718,-45.859153499296525,-7.4977287662005505,93.42482713456964,0.1030376884199935,4.458683633454969,-0.6480093604222856,0,0,0,2
SSMI,2020-05,9831.490234,2.098675252811,69.50140085527974,42.10684902437272,85.36720494301089,-0.3768668092335003,-11.771186856719284,3.772925714073616,-15.71040369340041,3.409398616604653,9.297101316181845,-5.280325017670718,-45.859153499296525,-7.4977287662005505,4.37150610529164,-0.6532583876419832,0,0,1,2
SSMI,2020-06,10045.29981,2.1747422914645043,71.60573234558106,51.32019710540772,86.46775321960449,3.027754065969246,21.88087756388999,1.289193288369117,-0.3768668092335003,2.098675252811,-15.71040369340041,3.409398616604653,9.297101316181845,-5.280325017670718,4.488042998660953,-0.6112465453460343,0,0,0,2
SSMI,2020-07,10005.90039,-0.3922174623476993,68.53134112204275,36.44394225458945,92.3572107745755,-4.293498750492198,-28.98713506548618,6.811160618471734,3.027754065969246,2.1747422914645043,-0.3768668092335003,2.098675252811,-15.71040369340041,3.409398616604653,4.471931358459572,-0.6726251065825277,0,1,0,2
SSMI,2020-08,10135.55957,1.295827211407996,64.93029563657699,27.294767964270807,89.9976692199707,-5.254596548829982,-25.104787584187527,-2.5547994951514386,-4.293498750492198,-0.3922174623476993,3.027754065969246,2.1747422914645043,-0.3768668092335003,2.098675252811,3.119328728582756,-0.7445180358729901,0,0,1,2
SSMI,2020-09,10187.0,0.5075243221129844,83.04108727773031,49.94818175633748,105.76334724426268,27.8926677656324,82.9954437484879,17.517873697104093,-5.254596548829982,1.295827211407996,-4.293498750492198,-0.3922174623476993,3.027754065969246,2.1747422914645043,1.346491931742572,-0.3829458568747211,0,0,0,2
SSMI,2020-10,9587.150391,-5.888383321880841,76.71051840628347,43.048690057569935,98.63585779743808,-7.62341761045866,-13.813299015418378,-6.739092164285898,27.8926677656324,0.5075243221129844,-5.254596548829982,1.295827211407996,-4.293498750492198,-0.3922174623476993,3.0295431692855685,-0.5093322471828304,0,1,0,2
SSMI,2020-11,10476.42969,9.275741620104538,70.364892578125,62.07505849202474,79.94887498219808,-8.272171743840929,44.197322633999846,-18.94542535800341,-7.62341761045866,-5.888383321880841,27.8926677656324,0.5075243221129844,-5.254596548829982,1.295827211407996,4.887293623547774,-0.6360192415040153,0,0,0,2
SSMI,2020-12,10703.50977,2.167533088269113,62.28910067773634,29.27726056498866,85.56250313789614,-11.4770187297909,-43.81668896391011,7.021522387836021,-8.272171743840929,9.275741620104538,-7.62341761045866,-5.888383321880841,27.8926677656324,0.5075243221129844,4.886995783943521,-0.797248067522034,0,0,1,2
SSMI,2021-01,10591.05957,-1.0505918377836987,74.98195703567997,47.25387308674474,95.04665202479208,20.37733121820517,61.40127926877659,11.08446870892834,-11.4770187297909,2.167533088269113,-8.272171743840929,9.275741620104538,-7.62341761045866,-5.888383321880841,4.935991404305151,-0.5438420418778978,0,1,0,2
SSMI,2021-02,10522.21973,-0.6499806704420075,72.32457787649972,46.01375893184117,91.3971277645656,-3.544024808415902,-2.624365102574921,-3.8397188985410335,20.37733121820517,-1.0505918377836987,-11.4770187297909,2.167533088269113,-8.272171743840929,9.275741620104538,4.980431576454739,-0.5968951823505692,0,1,1,2
SSMI,2021-03,11047.37012,4.990870780836643,77.55295372009277,49.825385385944,99.19816903145085,7.229044395559336,8.283666760954866,8.535324312357284,-3.544024808415902,-0.6499806704420075,20.37733121820517,-1.0505918377836987,-11.4770187297909,2.167533088269113,5.268891464411484,-0.4925134808851181,0,0,1,2
SSMI,2021-04,11022.33984,-0.226572294836802,84.63264045715331,65.75086024602254,105.25555461247762,9.128842161979843,31.96257236491182,6.106348171715048,7.229044395559336,4.990870780836643,-3.544024808415902,-0.6499806704420075,20.37733121820517,-1.0505918377836987,4.053354537772257,-0.3511713567602164,0,1,1,2
SSMI,2021-05,11426.15039,3.66356468646134,90.02756192607265,52.68410350430396,115.80485919214064,6.3745163092844725,-19.87313427204783,10.02256329226774,9.128842161979843,-0.226572294836802,7.229044395559336,4.990870780836643,-3.544024808415902,-0.6499806704420075,2.506788192354397,-0.2434646617856457,0,0,0,2
TWII,2000-07,8114.919922,-1.8169182045736032,51.13137294400123,40.80166629052931,56.5029530679026,-20.264885157915803,-21.61971460324582,-22.58825043151742,-19.521279515661185,-7.544361692608281,60.478668524912834,1.3050144645770256,-2.0144699660817,-10.457585503809842,5.504460673968546,-1.020006078838822,0,1,0,2
TWII,2000-08,7616.97998,-6.1361041980224185,47.5130286985828,41.88413973777525,50.82666443240258,-7.076563833678429,2.6530128439808287,-10.046003487071763,-20.264885157915803,-1.8169182045736032,-19.521279515661185,-7.544361692608281,60.478668524912834,1.3050144645770256,5.66715699005868,-1.092244368533953,0,1,1,2
TWII,2000-09,6432.359863,-15.55235959803587,52.75809377034505,36.65586573282878,63.30135205586751,11.039214328003254,-12.482705954280584,24.54358900544371,-7.076563833678429,-6.1361041980224185,-20.264885157915803,-1.8169182045736032,-19.521279515661185,-7.544361692608281,6.02394203027762,-0.9875294756368682,0,1,1,2
TWII,2000-10,5544.180176,-13.807991249198547,74.84650722626716,74.61284114468482,80.27979493910267,41.86734560970407,103.54952653010729,26.82161175364879,11.039214328003254,-15.55235959803587,-7.076563833678429,-6.1361041980224185,-20.264885157915803,-1.8169182045736032,6.572214601287044,-0.5465462242076752,0,1,0,2
TWII,2000-11,5256.930176,-5.181108673983326,45.440477244059245,47.08891073862711,44.53256746927897,-39.28844654475468,-36.88899924435919,-44.52829942694827,41.86734560970407,-13.807991249198547,11.039214328003254,-15.55235959803587,-7.076563833678429,-6.1361041980224185,5.290301439263963,-1.1336217395703077,0,1,1,2
TWII,2000-12,4743.939941,-9.758361207497234,46.01157077666252,44.53382098290228,46.60758584545505,1.2567947504951382,-5.426096538752367,4.659552534462641,-39.28844654475468,-5.181108673983326,41.86734560970407,-13.807991249198547,11.039214328003254,-15.55235959803587,5.30092525053959,-1.1222201654653985,0,1,1,2
TWII,2001-01,5936.200195,15.37892042657657,47.34544200281943,39.250703688590754,53.58126591097924,2.8989908486964038,-11.863157433402929,14.962542983127358,1.2567947504951382,-9.758361207497234,-39.28844654475468,-5.181108673983326,41.86734560970407,-13.807991249198547,14.947754736758048,-1.0955901464523845,0,0,1,2
TWII,2001-02,5674.689941,-4.40534761985063,56.3363071169172,45.95857455049242,65.78157465798515,18.989927506775352,17.089810453134604,22.769728448140224,2.8989908486964038,25.13227968372378,1.2567947504951382,-9.758361207497234,-39.28844654475468,-5.181108673983326,14.919993755834094,-0.916092377674739,0,1,1,2
TWII,2001-03,5797.919922,2.171572055587667,61.72149381329936,57.44915543833086,65.804611175291,9.558998400811111,25.00203933699969,0.0350197109534544,18.989927506775352,-4.40534761985063,2.8989908486964038,25.13227968372378,1.2567947504951382,-9.758361207497234,13.876474346732484,-0.80858003217909,0,0,0,2
TWII,2001-04,5381.669922,-7.179298879595663,49.02697035471599,47.12476806640625,50.69535102844238,-20.567427445911942,-17.97134752138766,-22.96079237760469,9.558998400811111,2.171572055587667,18.989927506775352,-4.40534761985063,2.8989908486964038,25.13227968372378,12.87839117817572,-1.0620193405876062,0,1,1,2
TWII,2001-05,5048.859863,-6.1841410533093,59.95146006922568,56.56440058062154,60.64858498111848,22.282612275385794,20.0311490147036,19.63342545373024,-20.567427445911942,-7.179298879595663,9.558998400811111,2.171572055587667,18.989927506775352,-4.40534761985063,12.967324559145553,-0.8439178004239036,0,1,1,2
TWII,2001-06,4883.430176,-3.2765751375341767,70.94172350565593,62.602798779805504,78.85646438598633,18.33193624265337,10.675262421595733,30.02193606089316,22.282612275385794,-6.1841410533093,-20.567427445911942,-7.179298879595663,9.558998400811111,2.171572055587667,12.245391446179443,-0.624503123406393,0,1,0,2
TWII,2001-07,4352.97998,-10.86224593948202,59.984781203731416,53.3461978666244,62.87733785567745,-15.444990282835402,-14.786241340007166,-20.26355943641387,18.33193624265337,-3.2765751375341767,22.282612275385794,-6.1841410533093,-20.567427445911942,-7.179298879595663,4.364884850079938,-0.8432525619600832,0,1,1,2
TWII,2001-08,4509.439941,3.59431841448532,64.13564220551521,73.31873946036062,56.88255968401509,6.919856867837648,37.43948471017813,-9.53408394201134,-15.444990282835402,-10.86224593948202,18.33193624265337,-3.2765751375341767,22.282612275385794,-6.1841410533093,5.610706678031639,-0.7603828626740763,0,0,1,2
TWII,2001-09,3636.939941,-16.199297081301566,472.49111404418943,791.8359584172566,249.4176373163859,93.42482713456964,104.55736914021404,104.18821894560378,6.919856867837648,3.59431841448532,-15.444990282835402,-10.86224593948202,18.33193624265337,-3.2765751375341767,7.667277206399241,7.392213704284887,1,1,1,0
TWII,2001-10,3903.48999,7.328964825487616,504.05423072076616,840.6995652721774,257.8192534908172,6.680150322070344,6.170925472062505,3.368493208751655,636.705984061322,-19.348300707305054,6.919856867837648,3.59431841448532,-15.444990282835402,-10.86224593948202,9.697592148871603,8.022354291115674,0,0,0,0
TWII,2001-11,4441.120117,13.773062781698076,296.1777104695638,494.21396484375,141.4245381673177,-39.28844654475468,-41.21396212644078,-44.52829942694827,6.680150322070344,7.328964825487616,636.705984061322,-19.348300707305054,6.919856867837648,3.59431841448532,12.219096180353729,3.872211775036317,0,0,0,0
TWII,2001-12,5551.240234,15.37892042657657,231.22251793646043,376.6929409888483,121.45619632351784,-21.93115492388762,-23.77938144505022,-14.11943224461908,-41.24090377218973,13.773062781698076,6.680150322070344,7.328964825487616,636.705984061322,-19.348300707305054,16.18787119246795,2.5754164186103274,0,0,0,1
TWII,2002-01,5872.140137,5.780688449304838,169.9862031013735,259.16573752126385,104.05673919185516,-26.483715938044828,-31.199736092496558,-14.325705611030717,-21.93115492388762,24.996399281132064,-41.24090377218973,13.773062781698076,6.680150322070344,7.328964825487616,14.638435562899216,1.3528664479931174,0,0,0,2
TWII,2002-02,5696.109863,-2.997719228307316,143.41856629507882,209.3824323926653,93.08014828818185,-15.629290096238414,-19.20906119950132,-10.548659307337282,-26.483715938044828,5.780688449304838,-21.93115492388762,24.996399281132064,-41.24090377218973,13.773062781698076,15.097172538367769,0.8224579202367436,0,1,1,2
TWII,2002-03,6167.470215,8.27512747009671,150.27259728216356,217.83082137569303,97.68620583318896,4.779040234569632,4.034908223429179,4.948485396420366,-15.629290096238414,-2.997719228307316,-26.483715938044828,5.780688449304838,-21.93115492388762,24.996399281132064,9.32344725634251,0.959294949121256,0,0,1,2
TWII,2002-04,6065.72998,-1.6496266938193949,154.13523864746094,219.28201649983723,99.5971280415853,2.570422974752073,0.6662028426368982,1.956184286304952,4.779040234569632,8.27512747009671,-15.629290096238414,-2.997719228307316,-26.483715938044828,5.780688449304838,10.404486803368648,1.0364104989443716,0,1,1,2
TWII,2002-05,5675.649902,-6.430884317076046,159.16512766192037,205.2949966922883,137.87667772846837,3.263295959182844,-6.378553075536553,38.434391070895146,2.570422974752073,-1.6496266938193949,4.779040234569632,8.27512747009671,-15.629290096238414,-2.997719228307316,11.39608669746126,1.136829518008396,0,1,0,2
TWII,2002-06,5153.709961,-9.196126435072715,147.7977030436198,185.49468332926432,127.91307754516602,-7.141906512616192,-9.644810483473298,-7.226457982200928,3.263295959182844,-6.430884317076046,2.570422974752073,-1.6496266938193949,4.779040234569632,8.27512747009671,6.827615328714028,0.9098850215846186,0,1,0,2
TWII,2002-07,4940.379883,-4.139349703695904,119.3782693186114,161.98243344214654,92.84361993112871,-19.228603110713397,-12.675430618883077,-27.416631893368603,-7.141906512616192,-9.196126435072715,3.263295959182844,-6.430884317076046,2.570422974752073,-1.6496266938193949,5.997259358491511,0.3425063679371067,0,1,1,2
TWII,2002-08,4764.939941,-3.551142749238667,127.00253000567037,157.38569099672378,101.1353489045174,6.386640324555559,-2.837803055393984,8.930854892925822,-19.228603110713397,-4.139349703695904,-7.141906512616192,-9.196126435072715,3.263295959182844,-6.430884317076046,6.007190535780413,0.4947206170153542,0,1,1,2
TWII,2002-09,4191.810059,-12.028060984955848,170.25116170247395,185.25534108479815,167.8897672017415,34.05336231874485,17.707867793810127,66.00503090195247,6.386640324555559,-3.551142749238667,-19.228603110713397,-4.139349703695904,-7.141906512616192,-9.196126435072715,3.8718989269437047,1.3581562034407222,0,1,0,2
TWII,2002-10,4579.140137,9.2401629021426,168.296264894547,195.84739069784845,161.10799457180886,-1.1482428597716532,5.717540747287764,-4.039419878272565,34.05336231874485,-12.028060984955848,6.386640324555559,-3.551142749238667,-19.228603110713397,-4.139349703695904,7.3775702064208994,1.319127743914262,0,0,0,2
TWII,2002-11,4646.689941,1.4751635018589893,156.04842834472657,175.04123814900717,151.88629328409831,-7.277545082473935,-10.623655732508986,-5.723925316195444,-1.1482428597716532,9.2401629021426,34.05336231874485,-12.028060984955848,6.386640324555559,-3.551142749238667,7.633371425915729,1.0746062985197744,0,0,1,2
TWII,2002-12,4452.450195,-4.180174456791875,175.05461046772618,174.67416357224988,183.75799191382623,12.179669045440855,-0.2097074841557078,20.983920234403875,-7.277545082473935,1.4751635018589893,-1.1482428597716532,9.2401629021426,34.05336231874485,-12.028060984955848,7.077890161339404,1.4540544651606715,0,1,1,2
TWII,2003-01,5015.160156,12.63820899404804,205.2729772752331,176.48827115951045,244.28261073943108,17.26225132075463,1.0385666375383629,32.93713552006381,12.179669045440855,-4.180174456791875,-7.277545082473935,1.4751635018589893,-1.1482428597716532,9.2401629021426,9.163915914355696,2.057347846744926,0,0,1,2
TWII,2003-02,4432.459961,-11.618775410449732,236.19078636169436,210.63462039402552,291.2838772365025,15.061801848864963,19.34765920147381,19.240528973716557,17.26225132075463,12.63820899404804,12.179669045440855,-4.180174456791875,-7.277545082473935,1.4751635018589893,10.402785833980042,2.6746052158729587,0,1,1,2
TWII,2003-03,4321.220215,-2.509661609552427,349.2410371841923,413.4505669378465,352.7903245495212,47.86395462919402,96.28803952760548,21.115637396943757,15.061801848864963,-11.618775410449732,17.26225132075463,12.63820899404804,12.179669045440855,-4.180174456791875,8.96445614732083,4.931592449567863,1,1,0,0
TWII,2003-04,4148.069824,-4.00697910277642,252.85915400187176,326.76046600341795,210.79934641520185,-27.59752518186688,-20.967464520966683,-40.2479796790425,47.86395462919402,-2.509661609552427,15.061801848864963,-11.618775410449732,17.26225132075463,12.63820899404804,8.068603189375791,3.0073801783052136,0,1,0,2
TWII,2003-05,4555.899902,9.83180359309208,159.68020999047064,183.58484895767705,150.55725589875252,-36.85013674083216,-43.81668896391011,-28.5779304067638,-27.59752518186688,-4.00697910277642,47.86395462919402,-2.509661609552427,15.061801848864963,-11.618775410449732,9.286644146980182,1.1471128586589634,0,0,0,2
TWII,2003-06,4872.149902,6.941548471272796,145.7216801961263,176.93343124389648,127.7050184249878,-8.741552754206271,-3.623075516059593,-15.17843649404218,-36.85013674083216,9.83180359309208,-27.59752518186688,-4.00697910277642,47.86395462919402,-2.509661609552427,9.388632500822672,0.8684383460614599,0,0,0,2
TWII,2003-07,5318.339844,9.157968268111794,133.95684691398375,166.529414761451,106.6518937387774,-8.073495492440319,-5.880186920754349,-16.485745780285622,-8.741552754206271,6.941548471272796,-36.85013674083216,9.83180359309208,-27.59752518186688,-4.00697910277642,8.671086565059754,0.6335598001833436,0,0,1,2
TWII,2003-08,5650.830078,6.251767351330617,137.39681588449787,179.2770211004442,108.98332251271894,2.5679680059377485,7.654867674430843,2.186017230647508,-8.073495492440319,9.157968268111794,-8.741552754206271,6.941548471272796,-36.85013674083216,9.83180359309208,6.006035316607283,0.7022369238011168,0,0,0,2
TWII,2003-09,5611.410156,-0.6975952462890511,118.71830571492514,145.99144999186197,97.7679594039917,-13.59457280674885,-18.56655744515813,-10.290898506437395,2.5679680059377485,6.251767351330617,-8.073495492440319,9.157968268111794,-8.741552754206271,6.941548471272796,5.630278377313305,0.3293305508346584,0,1,0,2
TWII,2003-10,6045.120117,7.729072531549952,107.55338336575416,129.5931615521831,91.48407450029929,-9.404549940243411,-11.232362196959455,-6.427345872819624,-13.59457280674885,-0.6975952462890511,2.5679680059377485,6.251767351330617,-8.073495492440319,9.157968268111794,3.787627716494867,0.1064289029043117,0,0,1,2
TWII,2003-11,5771.77002,-4.521830694997919,117.27323557535809,152.34808400472005,93.18425509134929,9.037235190035677,17.55873703519013,1.85844432524096,-9.404549940243411,7.729072531549952,-13.59457280674885,-0.6975952462890511,2.5679680059377485,6.251767351330617,5.45525889577569,0.300480505540044,0,1,1,2
TWII,2003-12,5890.689941,2.0603717852222925,131.9601605323053,166.63024114793348,112.74830061389554,12.52368017722989,9.374687733369155,20.995011982837084,9.037235190035677,-4.521830694997919,-9.404549940243411,7.729072531549952,-13.59457280674885,-0.6975952462890511,5.316737763925765,0.5936970343747436,0,0,0,2
TWII,2004-01,6375.379883,8.228067456521382,114.1432640321793,127.11111671693864,107.96992640341482,-13.501723875035932,-23.716658008020264,-4.238089784469723,12.52368017722989,2.0603717852222925,9.037235190035677,-4.521830694997919,-9.404549940243411,7.729072531549952,5.122892882339354,0.2379923132239155,0,0,1,2
TWII,2004-02,6750.540039,5.88451453693557,114.83697246683056,130.29377562424233,103.49829351490942,0.6077524070589702,2.503839939028385,-4.141554076639597,-13.501723875035932,8.228067456521382,12.52368017722989,2.0603717852222925,9.037235190035677,-4.521830694997919,5.080799780219176,0.2518418276612841,0,0,1,2
TWII,2004-03,6522.189941,-3.382693779767987,137.0413291685043,182.14090384206463,107.18084593742124,19.33554692769983,39.792482771660254,3.558080329103519,0.6077524070589702,5.88451453693557,-13.501723875035932,8.228067456521382,12.52368017722989,2.0603717852222925,5.577607468710402,0.6951398234063075,0,1,1,2
TWII,2004-04,6117.810059,-6.20006294907135,148.72968673706055,203.51488087972004,120.71956570943196,8.529074870679644,11.73485833593364,12.631659746290346,19.33554692769983,-3.382693779767987,0.6077524070589702,5.88451453693557,-13.501723875035932,8.228067456521382,5.936178310706745,0.9284915729438924,0,1,0,2
TWII,2004-05,5977.839844,-2.2879137085024093,121.83138078258884,160.97313985516948,91.7239502937563,-18.08536449217786,-20.9035038817104,-24.01898585807304,8.529074870679644,-6.20006294907135,19.33554692769983,-3.382693779767987,0.6077524070589702,5.88451453693557,5.632170876147772,0.391481414137764,0,1,1,2
TWII,2004-06,5839.439941,-2.315215974528217,136.9921531677246,177.06919593811034,107.51701380411784,12.444061856436273,9.9992185636826,17.21803679386078,-18.08536449217786,-2.2879137085024093,8.529074870679644,-6.20006294907135,19.33554692769983,-3.382693779767987,5.7062401236057045,0.6941580510957076,0,1,0,2
TWII,2004-07,5420.569824,-7.1731214163026085,130.39895802159464,159.34060545890563,120.38267381729618,-4.812826861738328,-10.012238653526872,11.96616196634508,12.444061856436273,-2.315215974528217,-18.08536449217786,-2.2879137085024093,8.529074870679644,-6.20006294907135,4.618427517631109,0.562528468977937,0,1,1,2
TWII,2004-08,5765.540039,6.364095034300954,139.9520955239573,177.53836158014113,126.08562567926222,7.326084232038577,11.420664600103292,4.737352711255904,-4.812826861738328,-7.1731214163026085,12.444061856436273,-2.315215974528217,-18.08536449217786,-2.2879137085024093,4.794976123035233,0.7532517024753868,0,0,1,2
TWII,2004-09,5845.689941,1.3901542866381789,152.970458984375,188.2974100748698,129.69852345784506,9.30201395818986,6.060126047672232,2.8654319309747045,7.326084232038577,6.364095034300954,-4.812826861738328,-7.1731214163026085,12.444061856436273,-2.315215974528217,5.010156861867453,1.0131563017132652,0,0,0,2
TWII,2004-10,5705.930176,-2.3908172758148605,118.0625233804026,147.26095236501385,96.845272556428,-22.82005024743897,-21.793426523253423,-25.33047410681982,9.30201395818986,1.3901542866381789,7.326084232038577,6.364095034300954,-4.812826861738328,-7.1731214163026085,4.546309391617624,0.3162382105140346,0,1,1,2
TWII,2004-11,5844.759766,2.433075514732708,124.46195271809896,154.47430343627929,99.13031984965006,5.420373167086323,4.898346068946902,2.3594825363217,-22.82005024743897,-2.3908172758148605,9.30201395818986,1.3901542866381789,7.326084232038577,6.364095034300954,4.699083869973671,0.4439993628602703,0,0,0,2
TWII,2004-12,6139.689941,5.046061545859604,107.17075778592016,141.9146915558846,79.30897829609532,-13.892755620942731,-8.130550907824963,-19.995236153396423,5.420373167086323,2.433075514732708,-22.82005024743897,-2.3908172758148605,9.30201395818986,1.3901542866381789,5.0125721949272295,0.0987899897423557,0,0,0,2
TWII,2005-01,5994.22998,-2.369174378475336,99.38704164566532,126.41269216229838,77.36354717131584,-7.26291042543833,-10.923463401589872,-2.4529771616982887,-13.892755620942731,5.046061545859604,5.420373167086323,2.433075514732708,-22.82005024743897,-2.3908172758148605,3.6568790817979977,-0.0566077013856682,0,1,1,2
TWII,2005-02,6207.830078,3.5634284755954537,109.60796138218473,108.7996129989624,105.78578090667725,10.283956104618763,-13.932999022537196,36.73853484564569,-7.26291042543833,-2.369174378475336,-13.892755620942731,5.046061545859604,5.420373167086323,2.433075514732708,3.0831914174630746,0.1474474439511143,0,0,0,2
TWII,2005-03,6005.879883,-3.253152751646571,90.47840487572456,87.14632021996283,87.85526915519468,-17.45270714392596,-19.901994301400748,-16.94983162935727,10.283956104618763,3.5634284755954537,-7.26291042543833,-2.369174378475336,-13.892755620942731,5.046061545859604,3.590628022944791,-0.2344638256586798,0,1,0,2
TWII,2005-04,5818.069824,-3.127103149891608,86.93658548990885,102.42798690795898,72.97031523386637,-3.9145466707558807,17.535641951862413,-16.942585304740586,-17.45270714392596,-3.253152751646571,10.283956104618763,3.5634284755954537,-7.26291042543833,-2.369174378475336,3.719649679913231,-0.3051743378395897,0,1,1,2
TWII,2005-05,6011.560059,3.325677430027363,98.79405889203473,105.33132522336898,90.99365062098347,13.63922143399825,2.834516622902017,24.69954436862878,-3.9145466707558807,-3.127103149891608,-17.45270714392596,-3.253152751646571,10.283956104618763,3.5634284755954537,3.834166592037953,-0.0684462819726932,0,0,0,2
TWII,2005-06,6241.939941,3.832281133997717,81.75722109476725,95.1893081665039,69.31578687032064,-17.244799928592734,-9.628680770281385,-23.82349054326638,13.63922143399825,3.325677430027363,-3.9145466707558807,-3.127103149891608,-17.45270714392596,-3.253152751646571,3.571307701301526,-0.4085775521928494,0,0,1,2
TWII,2005-07,6311.97998,1.1220876788631706,164.77051716466104,237.00151295815743,116.65942007495512,93.42482713456964,104.55736914021404,68.30137165319535,-17.244799928592734,3.832281133997717,13.63922143399825,3.325677430027363,-3.9145466707558807,-3.127103149891608,3.31936527909476,1.2487380936685877,1,0,0,2
TWII,2005-08,6033.470215,-4.412399372027154,116.88755367648216,143.2987120843703,94.36514368364888,-29.06039521641346,-39.53679438760814,-19.11056679090457,101.53634744222848,1.1220876788631706,-17.244799928592734,3.832281133997717,13.63922143399825,3.325677430027363,3.6272423211399847,0.2927805746182023,0,1,0,2
TWII,2005-09,6118.609863,1.4111223718040522,103.76748135884604,130.99529851277669,78.09897527694702,-11.224524686306191,-8.585850767695435,-17.237475376748023,-29.06039521641346,-4.412399372027154,101.53634744222848,1.1220876788631706,-17.244799928592734,3.832281133997717,3.3903771864414507,0.0308454129479047,0,0,0,2
TWII,2005-10,5764.299805,-5.790695369262833,87.41865994853359,105.815919445407,73.7711932274603,-15.755245474037638,-19.221589899208325,-5.541406957184714,-11.224524686306191,1.4111223718040522,-29.06039521641346,-4.412399372027154,101.53634744222848,1.1220876788631706,4.048570097796742,-0.295549981494598,0,1,0,2
TWII,2005-11,6203.470215,7.618798897639922,82.0722770690918,93.67955487569174,70.19666430155436,-6.115837148029257,-11.469318258843575,-4.84542647274867,-15.755245474037638,-5.790695369262833,-11.224524686306191,1.4111223718040522,-29.06039521641346,-4.412399372027154,5.031924823563753,-0.4022876297311443,0,0,1,2
TWII,2005-12,6548.339844,5.55930176252164,95.3541398817493,131.53387844947076,69.47696587347215,16.183129415888263,40.40830854075885,-1.0252601533749406,-6.115837148029257,7.618798897639922,-15.755245474037638,-5.790695369262833,-11.224524686306191,1.4111223718040522,5.294279183925583,-0.1371224081614686,0,0,0,2
TWII,2006-01,6532.180176,-0.2467750358864928,93.70335646598568,99.09636282151745,89.04377758887506,-1.73121315740542,-24.660958842184765,28.163019886385037,16.183129415888263,5.55930176252164,-6.115837148029257,7.618798897639922,-15.755245474037638,-5.790695369262833,5.313187565154156,-0.1700794079723198,0,1,1,2
TWII,2006-02,6561.629883,0.4508403964146756,96.56065307344709,102.5961035319737,90.61754550252644,3.049300169411317,3.5316540494625848,1.76740919608962,-1.73121315740542,-0.2467750358864928,16.183129415888263,5.55930176252164,-6.115837148029257,7.618798897639922,4.716603157534424,-0.1130350235591828,0,0,0,2
TWII,2006-03,6613.970215,0.7976727266437944,91.851620704897,96.4645538330078,86.54391436423025,-4.876761101613781,-5.976396264459504,-4.495411032935781,3.049300169411317,0.4508403964146756,-1.73121315740542,-0.2467750358864928,16.183129415888263,5.55930176252164,4.725566659064156,-0.2070483128844865,0,0,0,2
TWII,2006-04,7171.77002,8.433660673810571,89.32775522867838,92.8047290802002,86.14640655517579,-2.7477636832640484,-3.793958098995864,-0.4593134155932654,-4.876761101613781,0.7976727266437944,3.049300169411317,0.4508403964146756,-1.73121315740542,-0.2467750358864928,3.892315741876408,-0.2574359247468661,0,0,0,2
TWII,2006-05,6846.950195,-4.529144466347512,84.38873118738974,80.68312811082409,83.90371753323463,-5.529103500524313,-13.06140440203304,-2.603345991576267,-2.7477636832640484,8.433660673810571,-4.876761101613781,0.7976727266437944,3.049300169411317,0.4508403964146756,4.5867507208064895,-0.3560408736700071,0,1,1,2
TWII,2006-06,6704.410156,-2.081803356830181,102.32296142578124,114.45484237670898,90.22701250712076,21.25192544792216,41.85721978887212,7.536370449118013,-5.529103500524313,-4.529144466347512,-2.7477636832640484,8.433660673810571,-4.876761101613781,0.7976727266437944,4.371373622819212,0.0020063522291096,0,1,1,2
TWII,2006-07,6454.580078,-3.726354327776604,137.44066902898973,144.6709271092569,133.83614447809035,34.3204566344385,26.40000554375559,48.33267860611912,21.25192544792216,-2.081803356830181,-5.529103500524313,-4.529144466347512,-2.7477636832640484,8.433660673810571,4.703773174785477,0.7031124281591824,0,1,1,2
TWII,2006-08,6611.77002,2.4353240660189623,147.491208968624,160.77977629630797,141.31128421906502,7.312638981344266,11.134821286439632,5.585292201986869,34.3204566344385,-3.726354327776604,21.25192544792216,-2.081803356830181,-5.529103500524313,-4.529144466347512,4.819376679825313,0.9037660328213402,0,0,0,2
TWII,2006-09,6883.049805,4.102982774346398,113.61922556559244,117.84904912312824,111.18667894999186,-22.965425288660548,-26.70157165417424,-21.317904961059643,7.312638981344266,2.4353240660189623,34.3204566344385,-3.726354327776604,21.25192544792216,-2.081803356830181,5.080249092297494,0.2275301681119277,0,0,0,2
TWII,2006-10,7021.319824,2.0088481547752,112.73245288479713,100.46679675194524,124.12324234747118,-0.7804776668569935,-14.749590684454382,11.634993975580254,-22.965425288660548,4.102982774346398,7.312638981344266,2.4353240660189623,34.3204566344385,-3.726354327776604,3.605534877892842,0.2098262302154349,0,0,0,2
TWII,2006-11,7567.720215,7.782018262895751,87.80542017618815,84.66829687754313,86.73696505228678,-22.11167420803153,-15.7250956387203,-30.12028737577213,-0.7804776668569935,2.0088481547752,-22.965425288660548,4.102982774346398,7.312638981344266,2.4353240660189623,4.174483052611239,-0.2878285223207669,0,0,1,2
TWII,2006-12,7823.720215,3.3827889077159723,91.50775527954102,79.05746866041615,96.69359145625944,4.216522278378543,-6.626834865052256,11.479103975992969,-22.11167420803153,7.782018262895751,-0.7804776668569935,2.0088481547752,-22.965425288660548,4.102982774346398,3.744317948166668,-0.2139134004848321,0,0,1,2
TWII,2007-01,7699.640137,-1.5859472807080666,97.40868709933372,96.73051378803868,95.33105973274478,6.448559252455,22.35468125539841,-1.4091230897458562,4.216522278378543,3.3827889077159723,-22.11167420803153,7.782018262895751,-0.7804776668569935,2.0088481547752,3.051566933297665,-0.0961044819970039,0,1,0,2
TWII,2007-02,7901.959961,2.6276529863748843,95.05105536324638,89.62849848611015,97.72646740504672,-2.420350593251641,-7.342063040718328,2.5127253164051178,6.448559252455,-1.5859472807080666,4.216522278378543,3.3827889077159723,-22.11167420803153,7.782018262895751,3.045187787058551,-0.1431733269698287,0,0,0,2
TWII,2007-03,7884.410156,-0.2220943295918487,86.13590178951141,82.20472852645382,85.6678963938067,-9.379331496809671,-8.282823080882917,-12.339104575693804,-2.420350593251641,2.6276529863748843,6.448559252455,-1.5859472807080666,4.216522278378543,3.3827889077159723,3.251842636701218,-0.3211595557128524,0,1,0,2
TWII,2007-04,7875.419922,-0.1140254479678248,75.71304588317871,82.1852602005005,68.55693855285645,-12.100478069879417,-0.023682732492769,-19.97359403141277,-9.379331496809671,-0.2220943295918487,-2.420350593251641,2.6276529863748843,6.448559252455,-1.5859472807080666,3.4059011633693017,-0.5292462476757941,0,1,1,2
TWII,2007-05,8144.950195,3.422424145880365,91.82276621172504,103.15781870195944,82.37121458976499,21.277337532296347,25.518637344815765,20.15007718913517,-12.100478069879417,-0.1140254479678248,-9.379331496809671,-0.2220943295918487,-2.420350593251641,2.6276529863748843,2.1557526586271227,-0.2076243772651489,0,0,1,2
TWII,2007-06,8883.209961,9.064018174760612,98.5847110748291,110.01365140279134,88.00655695597331,7.364126721593589,6.645965169775048,6.841397682763484,21.277337532296347,3.422424145880365,-12.100478069879417,-0.1140254479678248,-9.379331496809671,-0.2220943295918487,3.8560755778056417,-0.0726257981382684,0,0,1,2
TWII,2007-07,9287.25,4.5483562898305685,113.9830302576865,129.01673864549207,104.86104534518334,15.619378517191729,17.2733901660304,19.151400727609147,7.364126721593589,9.064018174760612,21.277337532296347,3.422424145880365,-12.100478069879417,-0.1140254479678248,3.443041148710452,0.2347933324095797,0,0,0,2
TWII,2007-08,8982.160156,-3.285039640367171,83.12109104279548,100.07418700187436,73.35449858634702,-27.075906953096485,-22.433175685168337,-30.045997210043584,15.619378517191729,4.5483562898305685,7.364126721593589,9.064018174760612,21.277337532296347,3.422424145880365,4.368595911291862,-0.3813486248908387,0,1,1,2
TWII,2007-09,9411.950195,4.784929588601283,92.71907399495444,90.46699282328288,93.58469161987304,11.546988654440726,-9.600072172868655,27.578667189324,-27.075906953096485,-3.285039640367171,15.619378517191729,4.5483562898305685,7.364126721593589,9.064018174760612,4.282604914819032,-0.1897300761955621,0,0,1,2
TWII,2007-10,9711.370117,3.1812739740066265,100.96206135903635,95.91243030178931,103.749514179845,8.890282235271773,6.019253330486496,10.861629593502276,11.546988654440726,4.784929588601283,-27.075906953096485,-3.285039640367171,15.619378517191729,4.5483562898305685,3.9941789318104064,-0.0251632829962064,0,0,0,2
TWII,2007-11,8586.400391,-11.584047487086435,89.11012655893961,80.4546085993449,95.28441146214804,-11.738998432242251,-16.116598916121973,-8.159173355764459,8.890282235271773,3.1812739740066265,11.546988654440726,4.784929588601283,-27.075906953096485,-3.285039640367171,7.393764795782439,-0.2617807636633019,0,1,1,2
TWII,2007-12,8506.280273,-0.933104844306798,94.64804052537488,85.06247354322865,97.48771335232642,6.2146853340762975,5.727285265696103,2.3123424454939867,-11.738998432242251,-11.584047487086435,8.890282235271773,3.1812739740066265,11.546988654440726,4.784929588601283,6.288950717755683,-0.1512193006624815,0,1,0,2
TWII,2008-01,7521.129883,-11.581447570296875,80.78886364352319,81.53163952981272,76.77330804640248,-14.642856634877798,-4.150871549275559,-21.24822153850388,6.2146853340762975,-0.933104844306798,-11.738998432242251,-11.584047487086435,8.890282235271773,3.1812739740066265,7.073313782927442,-0.4279102859922885,0,1,1,2
TWII,2008-02,8412.759766,11.85499914069228,81.6396739565093,88.45064189516265,72.8041961275298,1.0531282092792749,8.48627895287195,-5.169911288013928,-14.642856634877798,-11.581447570296875,6.2146853340762975,-0.933104844306798,-11.738998432242251,-11.584047487086435,9.377616691707876,-0.4109243173567951,0,0,0,2
TWII,2008-03,8572.589844,1.899853109391647,78.19353657384073,84.13256103761735,72.61432629246866,-4.221155249228914,-4.881910142227531,-0.2607951809928011,1.0531282092792749,11.85499914069228,-14.642856634877798,-11.581447570296875,6.2146853340762975,-0.933104844306798,9.109462637142382,-0.479724589993553,0,0,0,2
TWII,2008-04,8919.919922,4.051635320487157,71.86557184855143,70.36499150594075,69.58370641072591,-8.092695384500992,-16.364139355654284,-4.173583969554883,-4.221155249228914,1.899853109391647,1.0531282092792749,11.85499914069228,-14.642856634877798,-11.581447570296875,9.199549093578518,-0.6060589899293325,0,0,1,2
TWII,2008-05,8619.080078,-3.372674268723086,73.08874597857076,75.19145030360067,71.38500275150422,1.7020307479039154,6.85917626701118,2.588675472596913,-8.092695384500992,4.051635320487157,-4.221155249228914,1.899853109391647,1.0531282092792749,11.85499914069228,7.827232108112365,-0.5816389786869506,0,1,1,2
TWII,2008-06,7523.540039,-12.710637667659464,86.7860169728597,80.27725048065186,87.26098276774088,18.740602004999385,6.763801145630577,22.23993752791742,1.7020307479039154,-3.372674268723086,-8.092695384500992,4.051635320487157,-4.221155249228914,1.899853109391647,9.5019342989087,-0.3081803570063219,0,1,1,2
TWII,2008-07,7024.060059,-6.638895751346185,89.47498493809854,87.2099857945596,84.52966382426601,3.0983884950956497,8.635989987697258,-3.130057508915207,18.740602004999385,-12.710637667659464,1.7020307479039154,-3.372674268723086,-8.092695384500992,4.051635320487157,8.643482974205869,-0.2544965630721747,0,1,0,2
TWII,2008-08,7046.109863,0.3139182156016273,88.47457368912235,105.41860654277188,75.39880838701802,-1.1180904357439236,20.879054826480868,-10.801954040927797,3.0983884950956497,-6.638895751346185,18.740602004999385,-12.710637667659464,1.7020307479039154,-3.372674268723086,6.196711981928581,-0.2744692336408515,0,0,1,2
TWII,2008-09,5719.279785,-16.199297081301566,89.21801058451335,95.21897468566894,82.42706019083658,0.8402831055205118,-9.675362055715087,9.321436179392803,-1.1180904357439236,0.3139182156016273,3.0983884950956497,-6.638895751346185,18.740602004999385,-12.710637667659464,8.457374239913175,-0.2596269173279952,0,1,0,2
TWII,2008-10,4870.660156,-14.837875762358776,64.97080649099043,76.1353960960142,53.63574997071297,-27.17747676132537,-20.041781223387755,-34.929439620272106,0.8402831055205118,-18.830675419458757,-1.1180904357439236,0.3139182156016273,3.0983884950956497,-6.638895751346185,7.3179724972924785,-0.7437092585321883,0,1,1,2
TWII,2008-11,4460.490234,-8.421238782071994,79.13092206319173,96.24985440572102,67.7355552037557,21.79458180831557,26.41932575531689,26.28807323611904,-27.17747676132537,-14.837875762358776,0.8402831055205118,-18.830675419458757,-1.1180904357439236,0.3139182156016273,6.76296909748614,-0.4610101946947942,0,1,1,2
TWII,2008-12,4591.220215,2.9308433410191848,94.08670757662864,107.55399310204292,87.6594942154423,18.90005212057766,11.744577450134797,29.414299405612443,21.79458180831557,-8.421238782071994,-27.17747676132537,-14.837875762358776,0.8402831055205118,-18.830675419458757,8.409989153841948,-0.1624260099794005,0,0,0,2
TWII,2009-01,4247.970215,-7.476226012391351,86.23219754618984,91.03520405677055,87.53845571702526,-8.348161215059768,-15.358601358110413,-0.1380780250905378,18.90005212057766,2.9308433410191848,21.79458180831557,-8.421238782071994,-27.17747676132537,-14.837875762358776,8.398175167726656,-0.3192370629107492,0,1,0,2
TWII,2009-02,4557.149902,7.278292251397045,67.12189470018659,63.14009993416922,65.29873490333557,-22.16144710421756,-30.64210643742353,-25.40565815506419,-8.348161215059768,-7.476226012391351,18.90005212057766,2.9308433410191848,21.79458180831557,-8.421238782071994,10.049585269385704,-0.7007639435825536,0,0,1,2
TWII,2009-03,5210.839844,14.34427122340467,72.05849173761183,73.33846209126133,69.22285332218293,7.35467474432232,16.151957579612763,6.0094861327044,-22.16144710421756,7.278292251397045,-8.348161215059768,-7.476226012391351,18.90005212057766,2.9308433410191848,11.026566906698337,-0.6022074484814606,0,0,1,2
TWII,2009-04,5992.569824,15.001995904750752,85.95789963404337,83.50890401204427,85.18863232930501,19.28906303929281,13.86781455565156,23.06431798298285,7.35467474432232,14.34427122340467,-22.16144710421756,7.278292251397045,-8.348161215059768,-7.476226012391351,10.255823637038562,-0.3247132726620728,0,0,1,2
TWII,2009-05,6890.439941,14.983056407687824,91.18033575242563,93.24943800895444,89.41171313870338,6.075574369099579,11.664066379682492,4.957329040186531,19.28906303929281,15.001995904750752,7.35467474432232,14.34427122340467,-22.16144710421756,7.278292251397045,8.984709409940377,-0.2204501546042201,0,0,0,2
TWII,2009-06,6432.160156,-6.65095101218588,81.25230356852214,73.67756567001342,81.75211544036866,-10.88834791183514,-20.988729537503048,-8.566660261226033,6.075574369099579,14.983056407687824,19.28906303929281,15.001995904750752,7.35467474432232,14.34427122340467,10.71710848986192,-0.4186579580523049,0,1,0,2
TWII,2009-07,7077.709961,10.036283135733528,81.08385159892421,76.3114563111336,80.97563048331968,-0.2073196231979657,3.5748882542032234,-0.9498041156076996,-10.88834791183514,-6.65095101218588,6.075574369099579,14.983056407687824,19.28906303929281,15.001995904750752,8.357131773084042,-0.4220210106957725,0,0,0,2
TWII,2009-08,6825.950195,-3.5570794421820096,73.76000755063949,78.4546751206921,65.25164118120748,-9.03243235719934,2.808515147214941,-19.41817458939232,-0.2073196231979657,10.036283135733528,-10.88834791183514,-6.65095101218588,6.075574369099579,14.983056407687824,9.87869421716628,-0.5682376037443344,0,1,1,2
TWII,2009-09,7509.169922,10.009151949284025,91.13029925028484,75.68046391805014,96.45980974833172,23.54974230136824,-3.536068689818938,47.82740786619817,-9.03243235719934,-3.5570794421820096,-0.2073196231979657,10.036283135733528,-10.88834791183514,-6.65095101218588,9.413237980564562,-0.2214491063600006,0,0,0,2
TWII,2009-10,7340.080078,-2.2517781027248995,90.38770306494928,89.20428694448164,89.28504986916819,-0.8148729801666255,17.869635473000866,-7.4380821379212865,23.54974230136824,10.009151949284025,-9.03243235719934,-3.5570794421820096,-0.2073196231979657,10.036283135733528,8.971840849540893,-0.2362746383504112,0,1,0,2
TWII,2009-11,7582.209961,3.298736259373003,81.02965710957845,82.64781697591145,73.95016460418701,-10.353229076577463,-7.349949417398238,-17.175199305428855,-0.8148729801666255,-2.2517781027248995,23.54974230136824,10.009151949284025,-9.03243235719934,-3.5570794421820096,7.127486776803122,-0.4231029744216385,0,0,1,2
TWII,2009-12,8188.109863,7.991072591190673,95.82213678667624,100.3492317199707,92.03632293208952,18.25563652218536,21.41788542245284,24.457225247174776,-10.353229076577463,3.298736259373003,-0.8148729801666255,-2.2517781027248995,23.54974230136824,10.009151949284025,6.079028251488072,-0.1277791025770587,0,0,0,2
TWII,2010-01,7640.439941,-6.688600069654438,93.6784295112856,102.653564453125,87.86365244465489,-2.237173316394569,2.296313278794848,-4.53372142052385,18.25563652218536,7.991072591190673,-10.353229076577463,3.298736259373003,-0.8148729801666255,-2.2517781027248995,6.70032294889367,-0.170577061167458,0,1,0,2
TWII,2010-02,7436.100098,-2.674451269533251,81.47286292484829,81.01815795898438,80.05752774647304,-13.029217772023904,-21.07613759872904,-8.88436171384852,-2.237173316394569,-6.688600069654438,18.25563652218536,7.991072591190673,-10.353229076577463,3.298736259373003,6.576506517794189,-0.4142546095601225,0,1,0,2
TWII,2010-03,7920.060059,6.508249682251655,72.72510971561555,67.32707777330953,73.52030064982753,-10.73701462694614,-16.898779891547267,-8.165661969162553,-13.029217772023904,-2.674451269533251,-2.237173316394569,-6.688600069654438,18.25563652218536,7.991072591190673,5.79110917591462,-0.5888987803877629,0,0,1,2
TWII,2010-04,8004.25,1.0629962446349062,88.62468554178874,79.6067726135254,92.83870468139648,21.86256698456273,18.238865024799743,26.2762854080008,-10.73701462694614,6.508249682251655,-13.029217772023904,-2.674451269533251,-2.237173316394569,-6.688600069654438,5.569217047459464,-0.2714723315320161,0,0,0,2
TWII,2010-05,7373.97998,-7.874192085454601,87.13836805282101,83.16650359861312,86.94786573225453,-1.6770919748616664,4.471643389400404,-6.345240349225156,21.86256698456273,1.0629962446349062,-10.73701462694614,6.508249682251655,-13.029217772023904,-2.674451269533251,6.644846354031098,-0.3011458578922958,0,1,1,2
TWII,2010-06,7329.370117,-0.6049631694280744,96.34650853474936,69.67944971720378,111.88416697184245,10.567262949366471,-16.216930251753723,28.67960131002669,-1.6770919748616664,-7.874192085454601,21.86256698456273,1.0629962446349062,-10.73701462694614,6.508249682251655,5.2946031269218565,-0.1173103036801013,0,1,0,2
TWII,2010-07,7760.629883,5.883994928837333,79.39271330064342,81.76249122619629,76.34224307152533,-17.59668875597209,17.340896861315503,-31.766714506854075,10.567262949366471,-0.6049631694280744,-1.6770919748616664,-7.874192085454601,21.86256698456273,1.0629962446349062,5.417514599780094,-0.4557836739527096,0,0,1,2
TWII,2010-08,7616.279785,-1.860030695655324,81.61330942953786,84.75737048733619,74.11711311340332,2.79697724964445,3.662901186382084,-2.9146772070048788,-17.59668875597209,5.883994928837333,10.567262949366471,-0.6049631694280744,-1.6770919748616664,-7.874192085454601,5.335146993169818,-0.4114506709063362,0,1,0,2
TWII,2010-09,8237.780273,8.160158312776588,71.82437750498454,70.37432320912679,69.72902139027913,-11.994283766920088,-16.969671422685785,-5.920483865055792,2.79697724964445,-1.860030695655324,-17.59668875597209,5.883994928837333,10.567262949366471,-0.6049631694280744,5.733746139114817,-0.6068814127621388,0,0,0,2
TWII,2010-10,8287.089844,0.5985783714287152,65.55662228984218,74.25972569373346,63.16021014798072,-8.726501270000398,5.521051297446489,-9.4204839123329,-11.994283766920088,8.160158312776588,2.79697724964445,-1.860030695655324,-17.59668875597209,5.883994928837333,5.7325338346052925,-0.7320137623286357,0,0,1,2
TWII,2010-11,8372.480469,1.0304054451856226,95.60385462443034,80.85895284016927,102.02185897827148,45.83401536726808,8.886683979486731,61.52868829796508,-8.726501270000398,0.5985783714287152,-11.994283766920088,8.160158312776588,2.79697724964445,-1.860030695655324,3.9339411531883672,-0.1321369881186469,1,0,1,2
TWII,2010-12,8972.5,7.166568297431519,97.89414264309792,94.39043466506466,98.9651261606524,2.3956021728043453,16.73467358851721,-2.9961547929352017,45.83401536726808,1.0304054451856226,-8.726501270000398,0.5985783714287152,-11.994283766920088,8.160158312776588,4.10100561661719,-0.0864126241122966,0,0,0,2
TWII,2011-01,9145.349609,1.926437548063542,78.83949353618007,77.48969244187877,77.08557048920662,-19.46454465246935,-17.9051429132163,-22.108349193561573,2.3956021728043453,7.166568297431519,45.83401536726808,1.0304054451856226,-8.726501270000398,0.5985783714287152,3.95592499095368,-0.4668284079248787,0,0,1,2
TWII,2011-02,8599.650391,-5.966958523520793,88.93610232216972,84.70568302699498,89.67357962472099,12.806536842294957,9.312194122500305,16.329916293837265,-19.46454465246935,1.926437548063542,2.3956021728043453,7.166568297431519,45.83401536726808,1.0304054451856226,5.116313494175955,-0.2652550636129752,0,1,1,2
TWII,2011-03,8683.299805,0.9727071473457194,136.0791222356981,156.13775290212322,126.68266185637444,53.00774228080458,84.32972537670638,41.27088757528632,12.806536842294957,-5.966958523520793,-19.46454465246935,1.926437548063542,2.3956021728043453,7.166568297431519,4.185064311901829,0.6759298813874604,1,0,0,2
TWII,2011-04,9007.870117,3.7378683137613935,90.6722047805786,111.14294446309408,73.5580285390218,-33.36802641662523,-28.8173792710048,-41.93520450145128,53.00774228080458,0.9727071473457194,12.806536842294957,-5.966958523520793,-19.46454465246935,1.926437548063542,4.325528391227978,-0.2305947151705158,0,0,1,2
TWII,2011-05,8988.839844,-0.2112627375042364,104.47366776004914,120.63443325411887,96.0221432101342,15.221272067740331,8.53989323107822,30.539310415579468,-33.36802641662523,3.7378683137613935,53.00774228080458,0.9727071473457194,12.806536842294957,-5.966958523520793,4.3805681863297,0.0449440432519357,0,1,0,2
TWII,2011-06,8652.589844,-3.7407497055857,84.53678283691406,97.33198216756185,72.88245728810628,-19.08316741489856,-19.316583547476828,-24.098281030229863,15.221272067740331,-0.2112627375042364,-33.36802641662523,3.7378683137613935,53.00774228080458,0.9727071473457194,3.646264024227771,-0.3530851024048154,0,1,0,2
TWII,2011-07,8644.179688,-0.0971981354904061,78.2851328695974,99.24549016644876,60.41787485922536,-7.395183206081024,1.9659601667134647,-17.102308144754364,-19.08316741489856,-3.7407497055857,15.221272067740331,-0.2112627375042364,-33.36802641662523,3.7378683137613935,3.460582221188132,-0.4778959193920065,0,1,1,2
TWII,2011-08,7741.359863,-10.444251017286357,86.39183038280856,111.57653574789724,62.886020106654016,10.35534745366633,12.424791857813933,4.085124233812376,-7.395183206081024,-0.0971981354904061,-19.08316741489856,-3.7407497055857,15.221272067740331,-0.2112627375042364,4.941592367479011,-0.3160500794966862,0,1,0,2
TWII,2011-09,7225.379883,-6.665236975562106,83.14460322062175,93.88602275848388,70.98976675669353,-3.758720179672215,-15.85504772202676,12.886404062931067,10.35534745366633,-10.444251017286357,-7.395183206081024,-0.0971981354904061,-19.08316741489856,-3.7407497055857,5.117535007287633,-0.3808792169522968,0,1,0,2
TWII,2011-10,7587.689941,5.014408430654971,75.16556069158739,90.5741471321352,63.65037210526005,-9.59658500968753,-3.527549180423029,-10.338665679221236,-3.758720179672215,-6.665236975562106,10.35534745366633,-10.444251017286357,-7.395183206081024,-0.0971981354904061,5.463692138446977,-0.5401764939960677,0,0,1,2
TWII,2011-11,6904.120117,-9.008931958412491,83.25008093516031,70.99307772318522,95.16603965759278,10.75561755834511,-21.6188283621196,49.51372083137953,-9.59658500968753,5.014408430654971,-3.758720179672215,-6.665236975562106,10.35534745366633,-10.444251017286357,5.833215406571219,-0.3787734113178923,0,1,1,2
TWII,2011-12,7072.080078,2.43274969371452,84.81960911904612,77.63644483012538,86.84766141829952,1.885317306908374,9.357767433106437,-8.740910380659695,10.75561755834511,-9.008931958412491,-9.59658500968753,5.014408430654971,-3.758720179672215,-6.665236975562106,6.434771902454755,-0.347438628350302,0,0,0,2
TWII,2012-01,7517.080078,6.292349564653788,77.90155767625377,61.71806113950668,91.26849322165212,-8.156193496580155,-20.503751460347488,5.090329124764548,1.885317306908374,2.43274969371452,10.75561755834511,-9.008931958412491,-9.59658500968753,5.014408430654971,7.480444721760695,-0.4855537910750859,0,0,1,2
TWII,2012-02,8121.439941,8.039822068262392,91.4857845964103,77.98118065143454,103.34518873280491,17.437683308734808,26.350664962022897,13.232053126837195,-8.156193496580155,6.292349564653788,1.885317306908374,2.43274969371452,10.75561755834511,-9.008931958412491,7.1367925443684666,-0.2143520333138689,0,0,0,2
TWII,2012-03,7933.0,-2.3202774676530646,88.0797755333685,86.14695296748992,86.66009946023264,-3.722992679209569,10.47146535592387,-16.145008274851524,17.437683308734808,8.039822068262392,-8.156193496580155,6.292349564653788,1.885317306908374,2.43274969371452,6.381828447242742,-0.2823511657103503,0,1,1,2
TWII,2012-04,7501.720215,-5.43652823648052,98.3707051595052,88.1813424428304,104.64068247477212,11.683646516830692,2.361533873529132,20.748398774675515,-3.722992679209569,-2.3202774676530646,17.437683308734808,8.039822068262392,-8.156193496580155,6.292349564653788,6.726827702841401,-0.0768983107183564,0,1,0,2
TWII,2012-05,7301.5,-2.668990701621365,77.68080416033345,69.08255398658014,79.93533497471964,-21.032583801878506,-21.65853674617435,-23.60969645434864,11.683646516830692,-5.43652823648052,-3.722992679209569,-2.3202774676530646,17.437683308734808,8.039822068262392,5.394743621401558,-0.4899610158587595,0,1,0,2
TWII,2012-06,7296.279785,-0.0714951037458111,77.59097859064738,81.92765919367473,70.51085557937623,-0.115634191299907,18.59384817994694,-11.790129356840753,-21.032583801878506,-2.668990701621365,11.683646516830692,-5.43652823648052,-3.722992679209569,-2.3202774676530646,5.363758024266923,-0.4917543348701357,0,1,1,2
TWII,2012-07,7270.490234,-0.3534616511419841,81.20776933239353,89.00009404459307,77.46019707956621,4.661354718603983,8.632536216126097,9.8557044062058,-0.115634191299907,-0.0714951037458111,-21.032583801878506,-2.668990701621365,11.683646516830692,-5.43652823648052,4.593798750531949,-0.4195470600372483,0,1,0,2
TWII,2012-08,7397.060059,1.740870573047526,74.8681123795048,78.25724669425718,70.49690803404778,-7.806712344159738,-12.070602245603512,-8.989505976038025,4.661354718603983,-0.3534616511419841,-0.115634191299907,-0.0714951037458111,-21.032583801878506,-2.668990701621365,2.5056757600476462,-0.5461148889856426,0,0,0,2
TWII,2012-09,7715.160156,4.300358445960795,68.97198734283447,65.10240313212077,68.31967938741049,-7.87534886252107,-16.80974493458861,-3.0884030340532886,-7.806712344159738,1.740870573047526,4.661354718603983,-0.3534616511419841,-0.115634191299907,-0.0714951037458111,3.385273566550864,-0.6638278426431106,0,0,1,2
TWII,2012-10,7166.049805,-7.117290372422957,81.94055532640026,86.90206847652313,75.07558896464687,18.8026595770016,33.48519301224788,9.888672836016443,-7.87534886252107,4.300358445960795,-7.806712344159738,1.740870573047526,4.661354718603983,-0.3534616511419841,3.9124143740011856,-0.404917383221224,0,1,0,2
TWII,2012-11,7580.169922,5.778917650154414,79.75129572550456,87.46022033691406,73.34758491516114,-2.6717656381202715,0.6422768412488677,-2.301685638855866,18.8026595770016,-7.117290372422957,-7.87534886252107,4.300358445960795,-7.806712344159738,1.740870573047526,4.531123492221865,-0.4486247694014081,0,0,0,2
TWII,2012-12,7699.5,1.574240145378103,74.97084549934634,85.26028196273312,64.21883093926215,-5.994197564654025,-2.515358829084069,-12.44588214657365,-2.6717656381202715,5.778917650154414,18.8026595770016,-7.117290372422957,-7.87534886252107,4.300358445960795,4.523944080552669,-0.5440638777028454,0,0,1,2
TWII,2013-01,7850.02002,1.954932398207676,90.2403597062634,109.75873522604664,83.89209476594002,20.367269576878645,28.73372301773727,30.63472744510833,-5.994197564654025,1.574240145378103,-2.6717656381202715,5.778917650154414,18.8026595770016,-7.117290372422957,4.485109455685328,-0.2392162689713456,0,0,0,2
TWII,2013-02,7897.97998,0.6109533463329875,82.87265164511544,87.37166687420437,78.62591293879917,-8.164537558505069,-20.3966165478642,-6.277327848152503,20.367269576878645,1.954932398207676,-5.994197564654025,1.574240145378103,-2.6717656381202715,5.778917650154414,4.49024244399586,-0.3863085833591407,0,0,0,2
TWII,2013-03,7918.609863,0.2612045491662496,74.79130831072408,70.25588681620937,79.46081779849145,-9.751520162523589,-19.589622895300696,1.0618698447955044,-8.164537558505069,0.6109533463329875,20.367269576878645,1.954932398207676,-5.994197564654025,1.574240145378103,4.224442629466415,-0.5476482407603864,0,0,1,2
TWII,2013-04,8093.660156,2.210618985258117,93.84421526590982,83.1100798924764,99.8020144144694,25.47476088535521,18.296250547507608,25.599027520157392,-9.751520162523589,0.2612045491662496,-8.164537558505069,0.6109533463329875,20.367269576878645,1.954932398207676,1.9715617609932632,-0.1672672380667305,0,0,0,2
TWII,2013-05,8254.799805,1.9909366824667707,83.38529759068643,96.31220405332505,76.66901059304514,-11.144978564302331,15.885105847484285,-23.178894691799336,25.47476088535521,2.210618985258117,-9.751520162523589,0.2612045491662496,-8.164537558505069,0.6109533463329875,0.8071193387887567,-0.3760738837796071,0,0,0,2
TWII,2013-06,8062.209961,-2.333064987031519,82.57989651362101,85.31224797566732,78.08507897059123,-0.965878998260461,-11.421144584716792,1.8469892419278768,-11.144978564302331,1.9909366824667707,25.47476088535521,2.210618985258117,-9.751520162523589,0.2612045491662496,1.725245670248647,-0.3921532815316291,0,1,0,2
TWII,2013-07,8107.939941,0.5672139552456823,77.08005560598066,75.28471995938209,75.0804361527966,-6.660023976577866,-11.753913716053145,-3.847909046651865,-0.965878998260461,-2.333064987031519,-11.144978564302331,1.9909366824667707,25.47476088535521,2.210618985258117,1.6268633499097622,-0.5019546364652614,0,0,1,2
TWII,2013-08,8021.890137,-1.061302928070118,88.84743185966245,104.4280973249866,78.84740774093136,15.266434567502763,38.71087968624718,5.017247875956099,-6.660023976577866,0.5672139552456823,-0.965878998260461,-2.333064987031519,-11.144978564302331,1.9909366824667707,1.7529582326231428,-0.2670253215330478,0,1,1,2
TWII,2013-09,8173.870117,1.894565712125762,98.07846705118816,97.374010403951,98.14722569783528,10.38976028717007,-6.754970263494176,24.47742863064981,15.266434567502763,-1.061302928070118,-6.660023976577866,0.5672139552456823,-0.965878998260461,-2.333064987031519,1.8735158154394111,-0.0827326868021949,0,0,0,2
TWII,2013-10,8450.05957,3.3789312656874904,73.56673326799947,80.33374651016727,65.35439909658125,-24.99196257869301,-17.499807005065403,-33.411873201809016,10.38976028717007,1.894565712125762,15.266434567502763,-1.061302928070118,-6.660023976577866,0.5672139552456823,2.125092808763735,-0.5720962204687234,0,0,1,2
TWII,2013-11,8406.830078,-0.5115880147576135,76.75024941762288,52.19944121042887,91.32140051523844,4.327385501849101,-35.02177667784688,39.73259914804351,-24.99196257869301,3.3789312656874904,10.38976028717007,1.894565712125762,15.266434567502763,-1.061302928070118,2.075364370680329,-0.508539038988046,0,1,0,2
TWII,2013-12,8611.509766,2.434683300375351,70.2421502144106,68.61865160542149,68.88867827384702,-8.47958052592066,31.45476276039567,-24.564584111528333,4.327385501849101,-0.5115880147576135,-24.99196257869301,3.3789312656874904,10.38976028717007,1.894565712125762,1.7410800089884857,-0.6384697265398416,0,0,1,2
TWII,2014-01,8462.570313,-1.7295393844647622,78.61989428920131,86.78251980197045,68.41249278283888,11.926947066993351,26.4707448654002,-0.6912391164121345,-8.47958052592066,2.434683300375351,4.327385501849101,-0.5115880147576135,-24.99196257869301,3.3789312656874904,2.101357930244845,-0.4712125883522027,0,1,0,2
TWII,2014-02,8639.580078,2.0916785143644034,70.26414687292916,61.49816117967878,73.86041593551636,-10.628031863710918,-29.135312825656825,7.963345481315476,11.926947066993351,-1.7295393844647622,-8.47958052592066,2.434683300375351,4.327385501849101,-0.5115880147576135,1.9514088713655628,-0.6380305751262079,0,0,1,2
TWII,2014-03,8849.280273,2.4272035574273376,119.53876396917528,75.00083989481772,150.81426780454575,70.12768145517792,21.956231627297345,104.18821894560378,-10.628031863710918,2.0916785143644034,11.926947066993351,-1.7295393844647622,-8.47958052592066,2.434683300375351,1.9976293353849623,0.3457105570013821,1,0,0,2
TWII,2014-04,8791.44043,-0.6536107029684102,92.7823445002238,61.30099623998006,112.3606637954712,-22.3830484610423,-18.26625365002648,-25.49732500038402,70.12768145517792,2.4272035574273376,-10.628031863710918,2.0916785143644034,11.926947066993351,-1.7295393844647622,1.8508741080262936,-0.1884669147109705,0,1,0,2
TWII,2014-05,9075.910156,3.2357578745488835,83.18502376925561,75.96359517497402,92.24833537686256,-10.343908404842097,23.91902225796312,-17.89979494533681,-22.3830484610423,-0.6536107029684102,70.12768145517792,2.4272035574273376,-10.628031863710918,2.0916785143644034,1.9963318752387549,-0.3800722425176376,0,0,1,2
TWII,2014-06,9393.070313,3.494527287605731,98.1738182067871,105.45366484324136,96.13338797887168,18.01862133153733,38.82131908098889,4.211515130476329,-10.343908404842097,3.2357578745488835,-22.3830484610423,-0.6536107029684102,70.12768145517792,2.4272035574273376,2.157116417639041,-0.0808290524507526,0,0,1,2
TWII,2014-07,9315.849609,-0.8221029059382823,136.12800659671908,115.96761592741936,161.79567853866084,38.660193810520525,9.970209285573103,68.30331473828896,18.01862133153733,3.494527287605731,-10.343908404842097,3.2357578745488835,-22.3830484610423,-0.6536107029684102,1.904273104469051,0.6769058312677037,0,1,0,2
TWII,2014-08,9436.269531,1.2926348862873691,132.44592408211,107.58255644767516,154.0424594263877,-2.7048677246242936,-7.230518117223495,-4.791981579669047,38.660193810520525,-0.8221029059382823,18.01862133153733,3.494527287605731,-10.343908404842097,3.2357578745488835,1.893345877101391,0.6033950414337895,0,0,0,2
TWII,2014-09,8966.919922,-4.973889389849395,130.56609942118328,121.00510635375976,142.43847586313885,-1.419314844118058,12.476511387431977,-7.53297734044166,-2.7048677246242936,1.2926348862873691,38.660193810520525,-0.8221029059382823,18.01862133153733,3.494527287605731,3.155402868543977,0.5658653567986086,0,1,0,2
TWII,2014-10,8974.759766,0.0874307350594794,80.79179345407793,74.09397866649013,83.08987451368763,-38.12192153075063,-38.76789096000993,-41.66613058010812,-1.419314844118058,-4.973889389849395,-2.7048677246242936,1.2926348862873691,38.660193810520525,-0.8221029059382823,3.126759303752237,-0.4278517939060605,0,0,1,2
TWII,2014-11,9187.150391,2.366532704358515,84.14203809102376,77.99142316182454,87.09242757161458,4.1467635433172,5.26013660688609,4.817136963262114,-38.12192153075063,0.0874307350594794,-1.419314844118058,-4.973889389849395,-2.7048677246242936,1.2926348862873691,2.9852339122243663,-0.3609659681752187,0,0,1,2
TWII,2014-12,9307.259766,1.3073626738238977,85.45243663172567,94.30592924548732,80.33614915417087,1.5573648683008257,20.918333609340344,-7.757595701288888,4.1467635433172,2.366532704358515,-38.12192153075063,0.0874307350594794,-1.419314844118058,-4.973889389849395,2.6196138542677287,-0.3348045686568722,0,0,1,2
TWII,2015-01,9361.910156,0.5871802375135404,108.33973257003292,146.6483586834323,81.6583960748488,26.783666844919374,55.50279802841731,1.645892832304474,1.5573648683008257,1.3073626738238977,4.1467635433172,2.366532704358515,-38.12192153075063,0.0874307350594794,2.6076186610355965,0.1221279403002564,0,0,1,2
TWII,2015-02,9622.099609,2.779234671817976,112.50795323508126,110.6266494478498,116.82035664149691,3.8473610430540095,-24.56332246673284,43.05982269651534,26.783666844919374,0.5871802375135404,1.5573648683008257,1.3073626738238977,4.1467635433172,2.366532704358515,2.8054461504007726,0.205344215892678,0,0,0,2
TWII,2015-03,9586.44043,-0.3705966519682135,103.47884836504537,80.65029876462874,119.2300068024666,-8.025303643352133,-27.09686213298193,2.062697144783177,3.8473610430540095,2.779234671817976,26.783666844919374,0.5871802375135404,1.5573648683008257,1.3073626738238977,1.2580741524317167,0.0250830110293626,0,1,0,2
TWII,2015-04,9820.049805,2.4368729634926645,99.56071904500324,92.08395849863687,107.84801419576009,-3.786405996924136,14.17683493941706,-9.546248391618018,-8.025303643352133,-0.3705966519682135,3.8473610430540095,2.779234671817976,26.783666844919374,0.5871802375135404,1.2355273097012769,-0.0531403258581029,0,0,0,2
TWII,2015-05,9701.070313,-1.2115976432158226,74.41008684712071,71.70904147240424,75.1276002699329,-25.261601602650146,-22.12645650603112,-30.3393754347992,-3.786405996924136,2.4368729634926645,-8.025303643352133,-0.3705966519682135,3.8473610430540095,2.779234671817976,1.5638294216596464,-0.5552591214997333,0,1,1,2
TWII,2015-06,9323.019531,-3.897000741179968,85.28621266682943,88.44556840260823,80.42666390736898,14.61646704169861,23.33949330035976,7.053417942802098,-25.261601602650146,-1.2115976432158226,-3.786405996924136,2.4368729634926645,-8.025303643352133,-0.3705966519682135,2.481197102571345,-0.3381231403891369,0,1,1,2
TWII,2015-07,8665.339844,-7.05436350115054,106.23084825085056,89.69054517438335,118.30285398421748,24.558055668202016,1.4076191653921155,47.09407084256565,14.61646704169861,-3.897000741179968,-25.261601602650146,-1.2115976432158226,-3.786405996924136,2.4368729634926645,3.776090142660636,0.0800252032332923,0,1,0,2
TWII,2015-08,8174.919922,-5.659557857267117,80.77308187177104,72.6687409493231,83.29964871560374,-23.96457036562888,-18.978370788097155,-29.58779445277242,24.558055668202016,-7.05436350115054,14.61646704169861,-3.897000741179968,-25.261601602650146,-1.2115976432158226,3.553825555076318,-0.4282253605463964,0,1,1,2
TWII,2015-09,8181.240234,0.0773134423371013,96.26670481363932,79.88457260131835,111.3503412882487,19.18166619724222,9.929760111059792,33.674442815976114,-23.96457036562888,-5.659557857267117,24.558055668202016,-7.05436350115054,14.61646704169861,-3.897000741179968,3.61485929982866,-0.118903541894402,0,0,0,2
TWII,2015-10,8554.30957,4.560058442601167,86.38631562263735,101.0595084159605,75.2390812904604,-10.263558111944526,26.506915071474868,-32.43030922043458,19.18166619724222,0.0773134423371013,-23.96457036562888,-5.659557857267117,24.558055668202016,-7.05436350115054,4.249109229031922,-0.3161601787066636,0,0,1,2
TWII,2015-11,8320.610352,-2.731947167537452,146.2837247212728,206.724671681722,112.25876941680907,69.33668679688365,104.55736914021404,49.20273811350009,-10.263558111944526,4.560058442601167,19.18166619724222,0.0773134423371013,-23.96457036562888,-5.659557857267117,4.223812443936479,0.879659261617105,1,1,0,2
TWII,2015-12,8338.05957,0.2097107935814524,140.49793341852003,194.36913816390495,108.1629870014806,-3.955184566004821,-5.976806453387384,-3.648518896658426,69.33668679688365,-2.731947167537452,-10.263558111944526,4.560058442601167,19.18166619724222,0.0773134423371013,4.27504121502824,0.7641490613996877,0,0,0,2
TWII,2016-01,8080.600098,-3.0877624444700325,115.96384011545489,110.91858869983304,120.46343551143524,-17.462244964117836,-42.93405334426132,11.37214203393464,-3.955184566004821,0.2097107935814524,69.33668679688365,-2.731947167537452,-10.263558111944526,4.560058442601167,3.536707994210944,0.2743391319883859,0,1,0,2
TWII,2016-02,8411.160156,4.090786005878644,101.22297576378132,113.22725730106748,90.85711604151231,-12.711604183681224,2.0814082006417767,-24.57701736981631,-17.462244964117836,-3.0877624444700325,-3.955184566004821,0.2097107935814524,69.33668679688365,-2.731947167537452,3.2544107107344105,-0.0199542677458014,0,0,1,2
TWII,2016-03,8744.830078,3.966990472318877,105.2873266896894,122.0475801037204,93.74349009606146,4.015245447232085,7.78992886774601,3.1768277272089085,-12.711604183681224,4.090786005878644,-17.462244964117836,-3.0877624444700325,-3.955184566004821,0.2097107935814524,3.5248405998092904,0.0611883045730654,0,0,0,2
TWII,2016-04,8377.900391,-4.195961313452079,83.62793006896973,90.3290501912435,79.78639167149862,-20.571703453499047,-25.98865941096199,-14.888605502377429,4.015245447232085,3.966990472318877,-12.711604183681224,4.090786005878644,-17.462244964117836,-3.0877624444700325,3.649933371249991,-0.3712298573225143,0,1,1,2
TWII,2016-05,8535.589844,1.8822073030302369,84.68827352216167,88.0693675010435,82.82368420016381,1.2679298080407353,-2.5016123665817624,3.806780160168821,-20.571703453499047,-4.195961313452079,4.015245447232085,3.966990472318877,-12.711604183681224,4.090786005878644,3.516521860365549,-0.3500606726477829,0,0,1,2
TWII,2016-06,8666.580078,1.534635993458355,88.54716021219889,97.87790400187174,80.03160365422566,4.556577350732516,11.137285050573364,-3.3711136770858907,1.2679298080407353,1.8822073030302369,-20.571703453499047,-4.195961313452079,4.015245447232085,3.966990472318877,3.5378653320216684,-0.273020082889481,0,0,1,2
TWII,2016-07,8984.410156,3.667306770831158,112.01366116923673,143.21993846278036,94.82303280984202,26.501697966147653,46.32509750110867,18.481985216143254,4.556577350732516,1.534635993458355,1.2679298080407353,1.8822073030302369,-20.571703453499047,-4.195961313452079,3.145013831526546,0.1954759416145478,0,0,0,2
TWII,2016-08,9068.849609,0.9398441470708008,98.61115221823415,123.22047128985004,80.60763149876749,-11.96506641342012,-13.964164059550775,-14.9915066939296,26.501697966147653,3.667306770831158,4.556577350732516,1.534635993458355,1.2679298080407353,1.8822073030302369,2.9477550030268493,-0.0720979149829873,0,0,1,2
TWII,2016-09,9166.849609,1.080622176188073,103.71691958109538,119.65013109842936,94.2956667582194,5.177677420867943,-2.897521940994874,16.98106619056434,-11.96506641342012,0.9398441470708008,26.501697966147653,3.667306770831158,4.556577350732516,1.534635993458355,2.645308216073174,0.0298359743481151,0,0,0,2
TWII,2016-10,9290.120117,1.3447423406943717,86.16627822383758,100.4282025367983,80.40413419661984,-16.921676258939698,-16.065112829519823,-14.731888578950723,5.177677420867943,1.080622176188073,-11.96506641342012,0.9398441470708008,26.501697966147653,3.667306770831158,1.0008147884817629,-0.320553106598582,0,0,0,2
TWII,2016-11,9240.709961,-0.5318570199063899,83.57939580281575,85.52786210378011,80.94508310953776,-3.0021981619094418,-14.836808841180336,0.6727874360229924,-16.921676258939698,1.3447423406943717,5.177677420867943,1.080622176188073,-11.96506641342012,0.9398441470708008,1.355397287879875,-0.3721988177477174,0,1,1,2
TWII,2016-12,9253.5,0.1384097007046003,101.61987716920916,112.50576536117062,94.95736854307113,21.58484300240133,31.54282428415589,17.310854341296356,-3.0021981619094418,-0.5318570199063899,-16.921676258939698,1.3447423406943717,5.177677420867943,1.080622176188073,1.4327838020446666,-0.0120303454318856,0,0,1,2
TWII,2017-01,9447.950195,2.1013691576160287,104.88912440884498,102.22949655594364,108.44574915978215,3.217133626516944,-9.133993064477783,14.204669762508138,21.58484300240133,0.1384097007046003,-3.0021981619094418,-0.5318570199063899,-16.921676258939698,1.3447423406943717,0.9260369928268992,0.0532384109836636,0,0,1,2
TWII,2017-02,9750.469727,3.20195942777195,113.19088404519218,94.91658476420812,125.99899278368268,7.91479544055298,-7.153426396591556,16.186197946807358,3.217133626516944,2.1013691576160287,21.58484300240133,0.1384097007046003,-3.0021981619094418,-0.5318570199063899,1.3400569726250229,0.2189785608738084,0,0,0,2
TWII,2017-03,9811.519531,0.6261216711534123,98.49747651623142,99.26259293094758,97.23793039014262,-12.981087348955,4.578765847439437,-22.826422464279197,7.91479544055298,3.20195942777195,3.217133626516944,2.1013691576160287,21.58484300240133,0.1384097007046003,1.362344305107665,-0.0743673890118802,0,0,1,2
TWII,2017-04,9872.0,0.6164230607594412,115.10228830973308,101.26866887410482,124.87095286051432,16.858108837707487,2.020978783571348,28.417945918327536,-12.981087348955,0.6261216711534123,7.91479544055298,3.20195942777195,3.217133626516944,2.1013691576160287,1.3735797835189578,0.2571387152486297,0,0,0,2
TWII,2017-05,10040.71973,1.709073440032416,101.37748035307854,98.86025521063036,100.89005654858003,-11.924009642381684,-2.378241651885993,-19.20454338065464,16.858108837707487,0.6164230607594412,-12.981087348955,0.6261216711534123,7.91479544055298,3.20195942777195,1.1523008357768667,-0.0168696670213093,0,0,1,2
TWII,2017-06,10395.07031,3.529135256522076,126.94453862508138,146.7019323984782,113.13888193766276,25.21966237763813,48.393236580177735,12.140765708843391,-11.924009642381684,1.709073440032416,16.858108837707487,0.6164230607594412,-12.981087348955,0.6261216711534123,1.2387034981227594,0.4935628504053606,0,0,0,2
TWII,2017-07,10427.33008,0.3103371986716396,101.5980480563256,69.98286450293756,124.43094007430538,-19.96658607237466,-43.81668896391011,9.9807050796775,25.21966237763813,3.529135256522076,-11.924009642381684,1.709073440032416,16.858108837707487,0.6164230607594412,1.4037862045073772,-0.0124661518873564,0,0,1,2
TWII,2017-08,10585.78027,1.5195662627378814,137.11038946336316,109.75087941077447,156.3583743187689,34.9537634693037,56.82536030826179,25.65875836459781,-19.96658607237466,0.3103371986716396,25.21966237763813,3.529135256522076,-11.924009642381684,1.709073440032416,1.1867564675222346,0.6965185749147532,0,0,0,2
TWII,2017-09,10329.94043,-2.416825528913036,118.73107655843098,86.45641419092814,146.35588200887045,-13.40475581527194,-21.22485518558812,-6.397158037411099,34.9537634693037,1.5195662627378814,-19.96658607237466,0.3103371986716396,25.21966237763813,3.529135256522076,1.968621207021284,0.3295855138316133,0,1,0,2
TWII,2017-10,10793.79981,4.490436156368038,91.91498454924552,71.24007597277242,109.52413552807224,-22.585571348701183,-17.60001078063723,-25.16588057497128,-13.40475581527194,-2.416825528913036,34.9537634693037,1.5195662627378814,-19.96658607237466,0.3103371986716396,2.443672035415685,-0.2057832879355632,0,0,1,2
TWII,2017-11,10560.44043,-2.1619761725041653,93.25364055633544,80.09026870727538,105.41860446929932,1.45640671502556,12.423053476087633,-3.748517200321233,-22.585571348701183,4.490436156368038,-13.40475581527194,-2.416825528913036,34.9537634693037,1.5195662627378814,2.860398247171158,-0.1790577433540232,0,1,0,2
TWII,2017-12,10642.86035,0.780459115756793,84.61367348701724,64.52695954230524,98.77827345940376,-9.265018521286285,-19.432209950316203,-6.29901244028458,1.45640671502556,-2.1619761725041653,-22.585571348701183,4.490436156368038,-13.40475581527194,-2.416825528913036,2.554745879555503,-0.3515500220807048,0,0,1,2
TWII,2018-01,11103.79004,4.330881688210808,91.99991103141538,75.9898567199707,106.7695834867416,8.729366354164325,17.76450844572981,8.09014953133611,-9.265018521286285,0.780459115756793,1.45640671502556,-2.1619761725041653,-22.585571348701183,4.490436156368038,3.0073176135496955,-0.2040877765619447,0,0,0,2
TWII,2018-02,10815.46973,-2.5965936762255226,65.82219927651542,53.66386883599417,76.22563787869045,-28.45406203269154,-29.380221055357104,-28.60734734611382,8.729366354164325,4.330881688210808,-9.265018521286285,0.780459115756793,1.45640671502556,-2.1619761725041653,3.3408362296294034,-0.7267116611468718,0,1,1,2
TWII,2018-03,10906.21973,0.8390759002198322,109.2456529678837,64.72115756619361,142.5100219480453,65.97083380479091,20.60471779251023,86.95812316433921,-28.45406203269154,-2.5965936762255226,8.729366354164325,4.330881688210808,-9.265018521286285,0.780459115756793,3.0419982748692407,0.1402141520319168,1,0,1,2
TWII,2018-04,10657.87988,-2.2770479244690667,122.0270450592041,94.80569979349772,144.06638272603354,11.699680256456425,46.483319147274415,1.092106194858089,65.97083380479091,0.8390759002198322,-28.45406203269154,-2.5965936762255226,8.729366354164325,4.330881688210808,2.7009187711529656,0.3953877458017615,0,1,1,2
TWII,2018-05,10874.95996,2.0368035898711945,122.07622054315382,62.3412499273977,166.9032696139428,0.0402988402496085,-34.24314143222706,15.851641761102208,11.699680256456425,-2.2770479244690667,65.97083380479091,0.8390759002198322,-28.45406203269154,-2.5965936762255226,2.627918838744355,0.3963695077941304,0,0,0,2
TWII,2018-06,10836.91016,-0.3498845066092659,103.35734113057454,56.24654754002889,136.8462231318156,-15.333763880707776,-9.776355774814691,-18.008662473569824,0.0402988402496085,2.0368035898711945,11.699680256456425,-2.2770479244690667,65.97083380479091,0.8390759002198322,2.645875343771525,0.0226571846821675,0,1,1,2
TWII,2018-07,11057.50977,2.035631990511954,109.5580127469955,85.10936841657085,127.5609563396823,5.999256123072527,51.3148311120806,-6.785183090650127,-15.333763880707776,-0.3498845066092659,0.0402988402496085,2.0368035898711945,11.699680256456425,-2.2770479244690667,2.050846383683248,0.1464502464115924,0,0,1,2
TWII,2018-08,11063.94043,0.058156493946293,113.0449313502158,67.86267332876882,146.81783097790134,3.182714359079064,-20.264155883976787,15.096213755986486,5.999256123072527,2.035631990511954,-15.333763880707776,-0.3498845066092659,0.0402988402496085,2.0368035898711945,1.636607983349252,0.2160646941031607,0,0,0,2
TWII,2018-09,11006.33984,-0.5206155109423349,73.96346220970153,49.602893877029416,88.1794579188029,-34.571624462700555,-26.906955703436157,-39.93954458292232,3.182714359079064,0.058156493946293,5.999256123072527,2.035631990511954,-15.333763880707776,-0.3498845066092659,1.6560853204557913,-0.5641757412999974,0,1,1,2
TWII,2018-10,9802.129883,-10.941057376981744,92.58265267649004,61.918164991563366,115.57533417978594,25.17349771161239,24.8277270779095,31.06832011397669,-34.571624462700555,-0.5206155109423349,3.182714359079064,0.058156493946293,5.999256123072527,2.035631990511954,4.869560010347389,-0.1924536541791385,0,1,0,2
TWII,2018-11,9888.030273,0.8763441315849052,79.83305384318034,48.951593685150144,103.46333103179931,-13.771045076727717,-20.94146573655724,-10.479747459908284,25.17349771161239,-10.941057376981744,-34.571624462700555,-0.5206155109423349,3.182714359079064,0.058156493946293,4.7325868120483365,-0.446992512714646,0,0,1,2
TWII,2018-12,9727.410156,-1.6243894139218562,86.58019570381411,64.75931516770393,99.9929014944261,8.45156427798377,32.292557386848046,-3.3542603961847828,-13.771045076727717,0.8763441315849052,25.17349771161239,-10.941057376981744,-34.571624462700555,-0.5206155109423349,4.700558220443563,-0.3122894675414957,0,1,1,2
TWII,2019-01,9932.259766,2.10590081753308,87.5074286307058,54.891605531015706,113.59607076644896,1.0709526807535674,-15.237513879098808,13.60413496230144,8.45156427798377,-1.6243894139218562,-13.771045076727717,0.8763441315849052,25.17349771161239,-10.941057376981744,4.711759341430685,-0.2937777626719332,0,0,1,2
TWII,2019-02,10389.16992,4.6002638348635605,98.55523300170898,57.736959321158274,130.96962765284948,12.624990293825844,5.183586383777472,15.294153018831214,1.0709526807535674,2.10590081753308,8.45156427798377,-1.6243894139218562,-13.771045076727717,0.8763441315849052,5.365323086102186,-0.0732143119559909,0,0,0,2
TWII,2019-03,10641.04004,2.424352685916986,79.65598315577353,67.75160512616557,85.8987022830594,-19.17630273940678,17.345294803804002,-34.41326525662569,12.624990293825844,4.6002638348635605,1.0709526807535674,2.10590081753308,8.45156427798377,-1.6243894139218562,5.540704436681441,-0.450527633406826,0,0,0,2
TWII,2019-04,10967.73047,3.070098681820199,78.96416734059652,57.763711071014406,93.91384995778402,-0.8685045212788456,-14.741929783880291,9.330929876347316,-19.17630273940678,2.424352685916986,12.624990293825844,4.6002638348635605,1.0709526807535674,2.10590081753308,2.118802872053835,-0.4643393627180184,0,0,1,2
TWII,2019-05,10498.49023,-4.278371366651578,105.1034455453196,63.40447973435925,133.1031727944651,33.10270858929771,9.765246309071296,41.72901319059692,-0.8685045212788456,3.070098681820199,-19.17630273940678,2.424352685916986,12.624990293825844,4.6002638348635605,3.3236378627873777,0.0575172167838708,0,1,0,2
TWII,2019-06,10730.83008,2.2130786895059984,103.3317710240682,51.50454092025757,138.8043354034424,-1.685648374379367,-18.768293445444108,4.283265747376963,33.10270858929771,-4.278371366651578,-0.8685045212788456,3.070098681820199,-19.17630273940678,2.424352685916986,3.0653423873332444,0.0221466913083878,0,0,0,2
TWII,2019-07,10823.80957,0.8664706206959139,93.06078184804608,47.329337519984094,126.32542345600744,-9.939817225846037,-8.10647629446455,-8.990289756558633,-1.685648374379367,2.2130786895059984,33.10270858929771,-4.278371366651578,-0.8685045212788456,3.070098681820199,3.073398235645667,-0.1829080633608263,0,0,1,2
TWII,2019-08,10618.04981,-1.900992055239925,106.01592488442698,74.11447860348609,125.86253258489792,13.921162899248628,56.59310374287909,-0.3664273259061712,-9.939817225846037,0.8664706206959139,-1.685648374379367,2.2130786895059984,33.10270858929771,-4.278371366651578,2.895306485723486,0.0757343742372348,0,1,0,2
TWII,2019-09,10829.67969,1.993114402238816,92.55197461446126,70.08315865198772,112.63771381378174,-12.699931906120154,-5.439314999523937,-10.507351552135392,13.921162899248628,-1.900992055239925,-9.939817225846037,0.8664706206959139,-1.685648374379367,2.2130786895059984,2.8397972691709152,-0.1930661251276743,0,0,1,2
TWII,2019-10,11358.70996,4.885003851854441,95.20806701721683,69.20361838802215,118.00913903021043,2.8698387190764008,-1.2549951812718674,4.768762641355617,-12.699931906120154,1.993114402238816,13.921162899248628,-1.900992055239925,-9.939817225846037,0.8664706206959139,3.2564773888924097,-0.1400386740524366,0,0,0,2
TWII,2019-11,11489.57031,1.1520705296713007,73.70891914367675,52.628954823811846,86.17964719136556,-22.58122504435712,-23.95057361202817,-26.97205665630397,2.8698387190764008,4.885003851854441,-12.699931906120154,1.993114402238816,13.921162899248628,-1.900992055239925,2.204168458806225,-0.5692575562120714,0,0,0,2
TWII,2019-12,11997.13965,4.41765293483809,72.31251805828464,60.52569272441249,79.17934866874448,-1.8944804802661477,15.004550113215975,-8.122913879046889,-22.58122504435712,1.1520705296713007,2.8698387190764008,4.885003851854441,-12.699931906120154,1.993114402238816,2.50330130390232,-0.597135950111402,0,0,1,2
TWII,2020-01,11495.09961,-4.184664467084032,139.8703630508915,84.9525350447624,191.54257983546103,93.42482713456964,40.35780710775339,104.18821894560378,-1.8944804802661477,4.41765293483809,-22.58122504435712,1.1520705296713007,2.8698387190764008,4.885003851854441,3.551271482026345,0.7516199577694204,1,1,0,2
TWII,2020-02,11292.16992,-1.7653582559951309,75.72699855935984,56.10202249987372,87.16311290346343,-39.28844654475468,-33.960743525413385,-44.52829942694827,93.42482713456964,-4.184664467084032,-1.8944804802661477,4.41765293483809,-22.58122504435712,1.1520705296713007,3.529012783637556,-0.5289676900274246,1,1,1,2
TWII,2020-03,9708.05957,-14.028396324379798,82.76741433912709,64.03543063132993,98.19669649677893,9.297101316181845,14.141037663079016,12.658546976787765,-45.859153499296525,-1.7653582559951309,93.42482713456964,-4.184664467084032,-1.8944804802661477,4.41765293483809,7.028701337617406,-0.3884095893666116,0,1,0,2
TWII,2020-04,10992.13965,13.226948915394845,69.76431941986084,47.72460098266602,82.26346549987792,-15.71040369340041,-25.47157017272198,-16.225831993669605,9.297101316181845,-14.028396324379798,-45.859153499296525,-1.7653582559951309,93.42482713456964,-4.184664467084032,9.08830190166162,-0.6480093604222856,0,0,0,2
TWII,2020-05,10942.16016,-0.4546839067860575,69.50140085527974,42.10684902437272,85.36720494301089,-0.3768668092335003,-11.771186856719284,3.772925714073616,-15.71040369340041,13.226948915394845,9.297101316181845,-14.028396324379798,-45.859153499296525,-1.7653582559951309,9.064242119725373,-0.6532583876419832,0,1,1,2
TWII,2020-06,11621.24023,6.206087829736173,71.60573234558106,51.32019710540772,86.46775321960449,3.027754065969246,21.88087756388999,1.289193288369117,-0.3768668092335003,-0.4546839067860575,-15.71040369340041,13.226948915394845,9.297101316181845,-14.028396324379798,9.283658356346498,-0.6112465453460343,0,0,0,2
TWII,2020-07,12664.79981,8.979760846059026,68.53134112204275,36.44394225458945,92.3572107745755,-4.293498750492198,-28.98713506548618,6.811160618471734,3.027754065969246,6.206087829736173,-0.3768668092335003,-0.4546839067860575,-15.71040369340041,13.226948915394845,9.690830723307014,-0.6726251065825277,0,0,0,2
TWII,2020-08,12591.4502,-0.5791612271840663,64.93029563657699,27.294767964270807,89.9976692199707,-5.254596548829982,-25.104787584187527,-2.5547994951514386,-4.293498750492198,8.979760846059026,3.027754065969246,6.206087829736173,-0.3768668092335003,-0.4546839067860575,9.609741436548946,-0.7445180358729901,0,1,1,2
TWII,2020-09,12515.61035,-0.6023122737681019,83.04108727773031,49.94818175633748,105.76334724426268,27.8926677656324,82.9954437484879,17.517873697104093,-5.254596548829982,-0.5791612271840663,-4.293498750492198,8.979760846059026,3.027754065969246,6.206087829736173,5.9247055164775775,-0.3829458568747211,0,1,0,2
TWII,2020-10,12546.33984,0.2455292961401678,76.71051840628347,43.048690057569935,98.63585779743808,-7.62341761045866,-13.813299015418378,-6.739092164285898,27.8926677656324,-0.6023122737681019,-5.254596548829982,-0.5791612271840663,-4.293498750492198,8.979760846059026,4.204731679736472,-0.5093322471828304,0,0,0,2
TWII,2020-11,13722.88965,9.37763383587733,70.364892578125,62.07505849202474,79.94887498219808,-8.272171743840929,44.197322633999846,-18.94542535800341,-7.62341761045866,0.2455292961401678,27.8926677656324,-0.6023122737681019,-5.254596548829982,-0.5791612271840663,4.791799496216693,-0.6360192415040153,0,0,0,2
TWII,2020-12,14732.53027,7.357347073034282,62.28910067773634,29.27726056498866,85.56250313789614,-11.4770187297909,-43.81668896391011,7.021522387836021,-8.272171743840929,9.37763383587733,-7.62341761045866,0.2455292961401678,27.8926677656324,-0.6023122737681019,4.92206667158153,-0.797248067522034,0,0,1,2
TWII,2021-01,15138.30957,2.754308272668493,74.98195703567997,47.25387308674474,95.04665202479208,20.37733121820517,61.40127926877659,11.08446870892834,-11.4770187297909,7.357347073034282,-8.272171743840929,9.37763383587733,-7.62341761045866,0.2455292961401678,4.313795942633528,-0.5438420418778978,0,0,0,2
TWII,2021-02,15953.79981,5.3869306624306335,72.32457787649972,46.01375893184117,91.3971277645656,-3.544024808415902,-2.624365102574921,-3.8397188985410335,20.37733121820517,2.754308272668493,-11.4770187297909,7.357347073034282,-8.272171743840929,9.37763383587733,3.972364761832471,-0.5968951823505692,0,0,1,2
TWII,2021-03,16431.13086,2.9919583778455383,77.55295372009277,49.825385385944,99.19816903145085,7.229044395559336,8.283666760954866,8.535324312357284,-3.544024808415902,5.3869306624306335,20.37733121820517,2.754308272668493,-11.4770187297909,7.357347073034282,3.3453793856915675,-0.4925134808851181,0,0,1,2
TWII,2021-04,17566.66016,6.910840828152209,84.63264045715331,65.75086024602254,105.25555461247762,9.128842161979843,31.96257236491182,6.106348171715048,7.229044395559336,2.9919583778455383,-3.544024808415902,5.3869306624306335,20.37733121820517,2.754308272668493,2.599640354957158,-0.3511713567602164,0,0,1,2
TWII,2021-05,17068.42969,-2.8362276349746307,90.02756192607265,52.68410350430396,115.80485919214064,6.3745163092844725,-19.87313427204783,10.02256329226774,9.128842161979843,6.910840828152209,7.229044395559336,2.9919583778455383,-3.544024808415902,5.3869306624306335,3.758380652124693,-0.2434646617856457,0,1,0,2
