variable,median_anomaly_days,median_normal_days,mean_anomaly_days,mean_normal_days,mann_whitney_u,p_value,significant_5pct
conflict_count,24.0,26.0,38.87327145292669,46.72097809689755,219218020.5,0.00044121347509285924,True
total_deaths_sum,141.0,151.0,333.41238870998296,512.1048495550384,222151815.0,0.05408363294579776,False
total_deaths_max,33.0,33.0,130.24057586664142,149.04702209020851,226175882.0,0.8016092064625086,False
conflict_duration_mean,0.23076923076923078,0.21739130434782608,1.420293684470267,1.2739856978609116,229555207.0,0.03689875394041511,True
lethality_abs_mean,4.306451612903226,3.89564336372847,8.398637631130299,8.05983931181111,246459482.0,3.019468001365338e-29,True
