conflict_variable,n_non_conflict,n_conflict,anomaly_non_conflict,anomaly_conflict,anomaly_rate_non_conflict,anomaly_rate_conflict,difference_conflict_minus_non_conflict,chi2,p_value_chi2,fisher_odds_ratio,p_value_fisher,corrected_odds_ratio
is_conflict_day,19320,90792,203,5279,0.010507246376811594,0.05814388932945634,0.04763664295264475,763.1394563753082,5.57754980697895e-168,5.813574221624702,7.841365445278989e-229,5.7999573152443755
is_high_intensity_conflict_day,101029,9083,4986,496,0.04935216620970216,0.05460750853242321,0.0052553423227210475,4.754924302787277,0.029214577799511497,1.1126374063985658,0.02845551531417072,1.1135882953844376
is_conflict_window_3d,19280,90832,198,5284,0.010269709543568465,0.058173330984675004,0.04790362144110654,770.4629653473378,1.4259199146868605e-169,5.952667838907143,8.733088226223952e-232,5.93835645751289
is_high_intensity_conflict_window_3d,85356,24756,4358,1124,0.05105675055063499,0.04540313459363387,-0.005653615957001118,12.846781801403878,0.0003380601498856577,0.8840012981674338,0.00029633282875161785,0.8842798302430307
